Date,Symbol,Close,return_1d,return_lag_1,return_lag_2,sma_5_ratio,sma_10_ratio,volatility_5,volume_change,future_return,target
2020-01-15,AAPL,77.83499908447266,-0.004285519922216707,-0.013503277683875936,0.02136437073337283,0.9972836942415222,1.0174177275965512,0.01554662114848177,-0.2471732784042916,0.012526478905240834,1
2020-01-16,AAPL,78.80999755859375,0.012526478905240834,-0.004285519922216707,-0.013503277683875936,1.0061600294658128,1.0251740472785422,0.013708809407491382,-0.10739840359044517,0.011070996257037002,1
2020-01-17,AAPL,79.68250274658203,0.011070996257037002,0.012526478905240834,-0.004285519922216707,1.0118734394486153,1.0293932843763944,0.014044084584461318,0.26635498561047943,-0.006776907061324833,0
2020-01-21,AAPL,79.14250183105469,-0.006776907061324833,0.011070996257037002,0.012526478905240834,1.0052649877269548,1.0169094317889398,0.011466503354785832,-0.19571836153026778,0.003569526034268966,1
2020-01-22,AAPL,79.42500305175781,0.003569526034268966,-0.006776907061324833,0.011070996257037002,1.0056470985001105,1.0142480380742682,0.008726995992339042,-0.08129321419807445,0.004815859995308536,1
2020-01-23,AAPL,79.80750274658203,0.004815859995308536,0.003569526034268966,-0.006776907061324833,1.0054678343652603,1.013940403616467,0.007652974913101782,0.025921023171407098,-0.002881976618964499,0
2020-01-24,AAPL,79.57749938964844,-0.002881976618964499,0.004815859995308536,0.003569526034268966,1.0006349722142576,1.0082385929061946,0.006955843667179563,0.40264951374530966,-0.029405250929448234,0
2020-01-27,AAPL,77.23750305175781,-0.029405250929448234,-0.002881976618964499,0.004815859995308536,0.9772198320235908,0.9790190164998255,0.013843752575518597,0.10510885943266435,0.02828933448469395,1
2020-01-28,AAPL,79.42250061035156,0.02828933448469395,-0.029405250929448234,-0.002881976618964499,1.0041532712086967,1.0064819832600773,0.020647911648285486,0.001815487217488032,0.020932336067801982,1
2020-01-29,AAPL,81.08499908447266,0.020932336067801982,0.02828933448469395,-0.029405250929448234,1.020887342778339,1.0237681657420525,0.022583185568469496,0.3328229594289729,-0.0014491004070108504,0
2020-01-30,AAPL,80.96749877929688,-0.0014491004070108504,0.020932336067801982,0.02828933448469395,1.016439009179007,1.018257362574448,0.02272424055506713,-0.41384789843369907,-0.04433873334381144,0
2020-01-31,AAPL,77.37750244140625,-0.04433873334381144,-0.0014491004070108504,0.020932336067801982,0.9767666649799777,0.974865363981636,0.03136972352934456,0.5747464163757898,-0.0027462960056099384,0
2020-02-03,AAPL,77.16500091552734,-0.0027462960056099384,-0.04433873334381144,-0.0014491004070108504,0.974262508080347,0.9752814496167119,0.028345722360907884,-0.1292660294886877,0.03301367951955725,1
2020-02-04,AAPL,79.7125015258789,0.03301367951955725,-0.0027462960056099384,-0.04433873334381144,1.0056900383343346,1.0067537958375778,0.029570988042757738,-0.21389229660897968,0.008154323518098083,1
2020-02-05,AAPL,80.36250305175781,0.008154323518098083,0.03301367951955725,-0.0027462960056099384,1.015742529264832,1.013762851417338,0.027933444878693668,-0.13021569884728335,0.011696932976394514,1
2020-02-06,AAPL,81.30249786376953,0.011696932976394514,0.008154323518098083,0.03301367951955725,1.0267541002358518,1.0236901723281946,0.028548197055969178,-0.11277927201607718,-0.015928147387491265,0
2020-02-07,AAPL,80.00749969482422,-0.015928147387491265,0.011696932976394514,0.008154323518098083,1.0037322679989293,1.006839562419702,0.018170472835947006,0.11627536385849346,0.0047495204183034545,1
2020-02-10,AAPL,80.38749694824219,0.0047495204183034545,-0.015928147387491265,0.011696932976394514,1.000410644474458,1.0076272810638283,0.01747804636935207,-0.07082696033445501,-0.006033284139495332,0
2020-02-11,AAPL,79.90249633789062,-0.006033284139495332,0.0047495204183034545,-0.015928147387491265,0.9939048736033015,1.000945753615963,0.01134220376721789,-0.137409829828951,0.023747777614394394,1
2020-02-12,AAPL,81.80000305175781,0.023747777614394394,-0.006033284139495332,0.0047495204183034545,1.0138820561403916,1.0237989823247005,0.015386296892003241,0.20575213733206676,-0.007121078859769314,0
2020-02-13,AAPL,81.21749877929688,-0.007121078859769314,0.023747777614394394,-0.006033284139495332,1.0068742772278154,1.0161904660991263,0.015225493029450057,-0.16691051820797254,0.0002463049559713326,1
2020-02-14,AAPL,81.23750305175781,0.0002463049559713326,-0.007121078859769314,0.023747777614394394,1.0040601591844618,1.0115553319131227,0.012500809502822598,-0.1544524610649769,-0.018310546187148335,0
2020-02-18,AAPL,79.75,-0.018310546187148335,0.0002463049559713326,-0.007121078859769314,0.9872309843092392,0.989847085316655,0.015614427150837874,0.9039364102973777,0.014482743314067292,1
2020-02-19,AAPL,80.90499877929688,0.014482743314067292,-0.018310546187148335,0.0002463049559713326,0.9990491473113954,1.0026986794579857,0.01677585969835639,-0.3838375361893174,-0.010258968463974338,0
2020-02-20,AAPL,80.07499694824219,-0.010258968463974338,0.014482743314067292,-0.018310546187148335,0.9930304628535329,0.9927657692190256,0.012381089855089443,0.07003319713993861,-0.02263503052234317,0
2020-02-21,AAPL,78.26249694824219,-0.02263503052234317,-0.010258968463974338,0.014482743314067292,0.9777190338517286,0.9739653394602312,0.014971517020045356,0.2882485134140764,-0.047500385551912494,0
2020-02-24,AAPL,74.54499816894531,-0.047500385551912494,-0.02263503052234317,-0.010258968463974338,0.9471143144320862,0.9340512941346879,0.022361955713757563,0.7150778825817805,-0.033872179058296537,0
2020-02-25,AAPL,72.0199966430664,-0.033872179058296537,-0.047500385551912494,-0.02263503052234317,0.93336701565888,0.9119745436369173,0.0236621526825995,0.038157439944697336,0.015863675150069367,1
2020-02-26,AAPL,73.1624984741211,0.015863675150069367,-0.033872179058296537,-0.047500385551912494,0.9675915643410443,0.9344167991264756,0.024167295467095694,-0.14140673228319145,-0.06536820530254006,0
2020-02-27,AAPL,68.37999725341797,-0.06536820530254006,0.015863675150069367,-0.033872179058296537,0.9332095912427367,0.8885654512301835,0.030526298827085508,0.618772178205224,-0.0005849797767482068,0
2020-02-28,AAPL,68.33999633789062,-0.0005849797767482068,-0.06536820530254006,0.015863675150069367,0.9586264296118913,0.9031588478438596,0.03343709163629807,0.330326107840911,0.09310072274952952,1
2020-03-02,AAPL,74.70249938964844,0.09310072274952952,-0.0005849797767482068,-0.06536820530254006,1.0474124294790974,0.995844142767678,0.05984013151327163,-0.19955639961548377,-0.0317592795151177,0
2020-03-03,AAPL,72.33000183105469,-0.0317592795151177,0.09310072274952952,-0.0005849797767482068,1.013266508715549,0.97384963702305,0.05953166356289818,-0.06421142294078563,0.04638456577639127,1
2020-03-04,AAPL,75.68499755859375,0.04638456577639127,-0.0317592795151177,0.09310072274952952,1.0528255839343155,1.0262338047248811,0.06275403384651873,-0.3139432244590823,-0.03243699915243503,0
2020-03-05,AAPL,73.2300033569336,-0.03243699915243503,0.04638456577639127,-0.0317592795151177,1.0051127703211018,1.0022480404826886,0.05423164907905639,-0.14420034090950573,-0.013280125870939186,0
2020-03-06,AAPL,72.25749969482422,-0.013280125870939186,-0.03243699915243503,0.04638456577639127,0.9812129022622361,0.9971331199538741,0.05542432830571401,0.20580809157830982,-0.07909208541712087,0
2020-03-09,AAPL,66.5425033569336,-0.07909208541712087,-0.013280125870939186,-0.03243699915243503,0.9240859098904409,0.9285216482754235,0.04532151525729656,0.2677905072491962,0.07202157246522778,1
2020-03-10,AAPL,71.33499908447266,0.07202157246522778,-0.07909208541712087,-0.013280125870939186,0.9933853011858848,0.9963475791323044,0.060857443276693415,-0.005073500896964789,-0.03473051023093954,0
2020-03-11,AAPL,68.85749816894531,-0.03473051023093954,0.07202157246522778,-0.07909208541712087,0.9774715904438777,0.9675617366833128,0.05555517217363505,-0.10407374951803428,-0.09875466605505201,0
2020-03-12,AAPL,62.057498931884766,-0.09875466605505201,-0.03473051023093954,0.07202157246522778,0.9098006021215265,0.8798270208696005,0.06679189214576904,0.6372299087476154,0.11980826654731591,1
2020-03-13,AAPL,69.49250030517578,0.11980826654731591,-0.09875466605505201,-0.03473051023093954,1.0271294963791076,0.9836303435303642,0.09574613165547723,-0.11408594082308576,-0.12864695596573805,0
2020-03-16,AAPL,60.5525016784668,-0.12864695596573805,0.11980826654731591,-0.09875466605505201,0.9111256866960229,0.8746064264882208,0.1073095718404186,-0.1303054497588555,0.04397008216537346,1
2020-03-17,AAPL,63.21500015258789,0.04397008216537346,-0.12864695596573805,0.11980826654731591,0.9750135004451784,0.9252442451727657,0.10230032648922766,0.005062904824584713,-0.024479958975183402,0
2020-03-18,AAPL,61.66749954223633,-0.024479958975183402,0.04397008216537346,-0.12864695596573805,0.9727195202217164,0.9215004187569458,0.10202541924598003,-0.07351321993729476,-0.007662056203340817,0
2020-03-19,AAPL,61.19499969482422,-0.007662056203340817,-0.024479958975183402,0.04397008216537346,0.9679000929858286,0.9311862507635228,0.09150630628403901,-0.09451440478347528,-0.06348555177559367,0
2020-03-20,AAPL,57.310001373291016,-0.06348555177559367,-0.007662056203340817,-0.024479958975183402,0.9427847751685676,0.8923664007013827,0.064555905838785,0.4775889695031068,-0.02124415572883831,0
2020-03-23,AAPL,56.09249877929688,-0.02124415572883831,-0.06348555177559367,-0.007662056203340817,0.9364982447080916,0.8878556287050122,0.03876255674349686,-0.1616666650070253,0.100325401147636,1
2020-03-24,AAPL,61.720001220703125,0.100325401147636,-0.02124415572883831,-0.06348555177559367,1.035622616814342,0.992027794069697,0.06154294211714406,-0.1461653770956025,-0.0055087515531973,0
2020-03-25,AAPL,61.380001068115234,-0.0055087515531973,0.100325401147636,-0.02124415572883831,1.0309122620724391,0.9985643123702295,0.06048717423334913,0.05589236924549401,0.052622995862315225,1
2020-03-26,AAPL,64.61000061035156,0.052622995862315225,-0.0055087515531973,0.100325401147636,1.0728548292670173,1.046765010849238,0.06434270418221495,-0.16967872411907692,-0.04140224751262378,0
2020-03-27,AAPL,61.935001373291016,-0.04140224751262378,0.052622995862315225,-0.0055087515531973,1.0128787073073946,1.0158649583633925,0.05829278175573209,-0.1898961946501052,0.028537950709074167,1
2020-03-30,AAPL,63.70249938964844,0.028537950709074167,-0.04140224751262378,0.052622995862315225,1.0164832756788207,1.0394849946610019,0.05424750683067839,-0.17746042441170362,-0.002040753021636643,0
2020-03-31,AAPL,63.5724983215332,-0.002040753021636643,0.028537950709074167,-0.04140224751262378,1.0084469887001333,1.0367588603627949,0.03579373198621786,0.1727957022534119,-0.05261705130869221,0
2020-04-01,AAPL,60.227500915527344,-0.05261705130869221,-0.002040753021636643,0.028537950709074167,0.9588915816632062,0.9845197042087951,0.04479414726566853,-0.10549943655394356,0.016686683626928822,1
2020-04-02,AAPL,61.23249816894531,0.016686683626928822,-0.05261705130869221,-0.002040753021636643,0.985491011842838,1.0008867211266546,0.03557694817902111,-0.05836166938299292,-0.014371408643005013,0
2020-04-03,AAPL,60.352500915527344,-0.014371408643005013,0.016686683626928822,-0.05261705130869221,0.9763012312442687,0.9816208000753974,0.031459436565280746,-0.21727915918377183,0.08723746836966395,1
2020-04-06,AAPL,65.61750030517578,0.08723746836966395,-0.014371408643005013,0.016686683626928822,1.054935259281234,1.0509730129675205,0.05153771941943844,0.5538989836772406,-0.011582308571582711,0
2020-04-07,AAPL,64.85749816894531,-0.011582308571582711,0.08723746836966395,-0.014371408643005013,1.038426105525322,1.033606219212386,0.05212845632175748,0.005285887848800241,0.02559462990362782,1
2020-04-08,AAPL,66.51750183105469,0.02559462990362782,-0.011582308571582711,0.08723746836966395,1.0439767710917007,1.0514523111014373,0.041047073925801175,-0.1675413727430809,0.0072160816976889475,1
2020-04-09,AAPL,66.99749755859375,0.0072160816976889475,0.02559462990362782,-0.011582308571582711,1.0328202102830668,1.0550579379236138,0.04149538069613373,-0.04180343787153218,0.01962763520019828,1
2020-04-13,AAPL,68.3125,0.01962763520019828,0.0072160816976889475,0.02559462990362782,1.0278661827574547,1.0650696217792375,0.037267068073980475,-0.1903916833709437,0.050503157522300945,1
2020-04-14,AAPL,71.76249694824219,0.050503157522300945,0.01962763520019828,0.0072160816976889475,1.0601717860669926,1.1049734037565204,0.02295549629388456,0.4882508998433861,-0.009127313111321755,0
2020-04-15,AAPL,71.10749816894531,-0.009127313111321755,0.050503157522300945,0.01962763520019828,1.0314478535836171,1.082330630511166,0.022170122058228662,-0.3273953972105923,0.007945750532016405,1
2020-04-16,AAPL,71.67250061035156,0.007945750532016405,-0.009127313111321755,0.050503157522300945,1.0243245651494184,1.0722514159402174,0.022215403827791923,0.19801699371122883,-0.01356871399529369,0
2020-04-17,AAPL,70.69999694824219,-0.01356871399529369,0.007945750532016405,-0.009127313111321755,0.9998444147707999,1.0429304996613522,0.025753472897592198,0.36992665721348317,-0.02075670215900005,0
2020-04-20,AAPL,69.23249816894531,-0.02075670215900005,-0.01356871399529369,0.007945750532016405,0.9765498266035892,1.0080775696235897,0.02857877413493475,-0.39598048780487805,-0.03091033035419699,0
2020-04-21,AAPL,67.09249877929688,-0.03091033035419699,-0.02075670215900005,-0.01356871399529369,0.958998587557067,0.9748239204182478,0.014444637529767596,0.3920803106098363,0.028803558993071077,1
2020-04-22,AAPL,69.0250015258789,0.028803558993071077,-0.03091033035419699,-0.02075670215900005,0.9925299960947136,0.9968660996065829,0.0239837640414906,-0.354321416021517,-0.0038754339028068685,0
2020-04-23,AAPL,68.75749969482422,-0.0038754339028068685,0.028803558993071077,-0.03091033035419699,0.9970418373802468,0.9898007779728857,0.02285892788568857,0.06804583852462387,0.028869586869241237,1
2020-04-24,AAPL,70.74250030517578,0.028869586869241237,-0.0038754339028068685,0.028803558993071077,1.0256995884905675,1.012915159565232,0.02767443898593728,0.010790421618018353,0.0007068318414262809,1
2020-04-27,AAPL,70.7925033569336,0.0007068318414262809,0.028869586869241237,-0.0038754339028068685,1.021802237356648,1.0100444996221578,0.025113381875141023,-0.07192068559905895,-0.016209438280229915,0
2020-04-28,AAPL,69.6449966430664,-0.016209438280229915,0.0007068318414262809,0.028869586869241237,0.9978865399367497,0.9966834064403011,0.02029814969305895,-0.04341023302211333,0.0328452324470514,1
2020-04-29,AAPL,71.93250274658203,0.0328452324470514,-0.016209438280229915,0.0007068318414262809,1.0221459940475242,1.0282057465180863,0.021401204745638436,0.22566889990428973,0.021096085131450115,1
2020-04-30,AAPL,73.44999694824219,0.021096085131450115,0.0328452324470514,-0.016209438280229915,1.029973664480171,1.0472360873659827,0.020703087045266348,0.33350038752687916,-0.01609932152918625,0
2020-05-01,AAPL,72.26750183105469,-0.01609932152918625,0.021096085131450115,0.0328452324470514,1.0090760152631568,1.028078624786054,0.02205945427165492,0.31438622558231,0.014148809057535017,1
2020-05-04,AAPL,73.29000091552734,0.014148809057535017,-0.01609932152918625,0.021096085131450115,1.0162652509340526,1.0366410035545568,0.022304235588701996,-0.4448932909090304,0.015008847869833364,1
2020-05-05,AAPL,74.38999938964844,0.015008847869833364,0.014148809057535017,-0.01609932152918625,1.0181205898338699,1.0414500927846864,0.01810183601462521,0.10618711068519415,0.010317271640702286,1
2020-05-06,AAPL,75.15750122070312,0.010317271640702286,0.015008847869833364,0.014148809057535017,1.0196239524422437,1.0432383787671449,0.014496439967362145,-0.036667045682200916,0.010344893394040211,1
2020-05-07,AAPL,75.93499755859375,0.010344893394040211,0.010317271640702286,0.015008847869833364,1.0232723880339987,1.043632992781722,0.012948850811744154,-0.19052704350905192,0.02103777854047717,1
2020-05-08,AAPL,77.53250122070312,0.02103777854047717,0.010344893394040211,0.010317271640702286,1.030181649962475,1.0557365581401223,0.004397312863834367,0.16163839493400167,0.015735352290909388,1
2020-05-11,AAPL,78.75250244140625,0.015735352290909388,0.02103777854047717,0.010344893394040211,1.0314196738026298,1.0608505035583835,0.004452164449223879,0.09046730983036255,-0.011428227649636025,0
2020-05-12,AAPL,77.85250091552734,-0.011428227649636025,0.015735352290909388,0.02103777854047717,1.0104677755770928,1.0372588517560044,0.012358465450004127,0.11206031803456606,-0.012074145728808161,0
2020-05-13,AAPL,76.9124984741211,-0.012074145728808161,-0.011428227649636025,0.015735352290909388,0.9937400461621889,1.017980495816531,0.015508512551807874,0.2361116245597692,0.006143392445746132,1
2020-05-14,AAPL,77.38500213623047,0.006143392445746132,-0.012074145728808161,-0.011428227649636025,0.9961126199063723,1.0189275685746921,0.015239244136556541,-0.2078192664428299,-0.005912053496561764,0
2020-05-15,AAPL,76.92749786376953,-0.005912053496561764,0.006143392445746132,-0.012074145728808161,0.9917682683208253,1.006726529326749,0.012096766512606126,0.04668242210997109,0.023561145888427948,1
2020-05-18,AAPL,78.73999786376953,0.023561145888427948,-0.005912053496561764,0.006143392445746132,1.0151681966571657,1.0231488134181617,0.015034907650407239,-0.18737781667872966,-0.005778438074729886,0
2020-05-19,AAPL,78.28500366210938,-0.005778438074729886,0.023561145888427948,-0.005912053496561764,1.008177767702632,1.0121141247653382,0.014141606164696324,-0.24744189900161562,0.01944815754296969,1
2020-05-20,AAPL,79.80750274658203,0.01944815754296969,-0.005778438074729886,0.023561145888427948,1.0201779630935834,1.025631992671985,0.01377279084802187,0.09609002689482704,-0.007455454690675767,0
2020-05-21,AAPL,79.2125015258789,-0.007455454690675767,0.01944815754296969,-0.005778438074729886,1.007863155662265,1.013715642974129,0.015357351595304526,-0.07906386092796003,0.006438404625611405,1
2020-05-22,AAPL,79.72250366210938,0.006438404625611405,-0.007455454690675767,0.01944815754296969,1.0071885861827723,1.0173909757665376,0.014155366024483279,-0.20338732169428408,-0.006773506735514134,0
2020-05-26,AAPL,79.18250274658203,-0.006773506735514134,0.006438404625611405,-0.007455454690675767,0.9992491340461328,1.009945462058163,0.011700699978302156,0.5344387505623251,0.0043569422453433315,1
2020-05-27,AAPL,79.52749633789062,0.0043569422453433315,-0.006773506735514134,0.006438404625611405,1.0004654006884937,1.0121833089169858,0.011054839578077276,-0.10019598158091814,0.0004401454053155618,1
2020-05-28,AAPL,79.5625,0.0004401454053155618,0.0043569422453433315,-0.006773506735514134,1.0015231226022459,1.009224923338547,0.006330516457222137,0.18252745579272078,-0.0009740693121563782,0
2020-05-29,AAPL,79.48500061035156,-0.0009740693121563782,0.0004401454053155618,0.0043569422453433315,0.9998616274914177,1.005563267932512,0.00512410529818536,0.14953189858102078,0.012297929269941221,1
2020-06-01,AAPL,80.4625015258789,0.012297929269941221,-0.0009740693121563782,0.0004401454053155618,1.010276998634288,1.0133975716677344,0.007067000997274427,-0.47378403516130796,0.004629455355348977,1
2020-06-02,AAPL,80.83499908447266,0.004629455355348977,0.012297929269941221,-0.0009740693121563782,1.0107596743713017,1.0154098083546188,0.005164314119891741,0.08480626602897345,0.005505037420229231,1
2020-06-03,AAPL,81.27999877929688,0.005505037420229231,0.004629455355348977,0.012297929269941221,1.0118891849274432,1.0171729033208774,0.0052012030596423784,0.1922394081430534,-0.008612167307518348,0
2020-06-04,AAPL,80.58000183105469,-0.008612167307518348,0.005505037420229231,0.004629455355348977,1.0006395433245316,1.0074389099976593,0.007827670454424887,-0.16203086958518997,0.02848098928760323,1
2020-06-05,AAPL,82.875,0.02848098928760323,-0.008612167307518348,0.005505037420229231,1.020546381765538,1.0314089641151625,0.01351326649559872,0.5674939812974815,0.005912493077158798,1
2020-06-08,AAPL,83.36499786376953,0.005912493077158798,0.02848098928760323,-0.008612167307518348,1.0192939997979102,1.0328251449826467,0.013360782109865087,-0.3030665120101653,0.03157799750833212,1
2020-06-09,AAPL,85.99749755859375,0.03157799750833212,0.005912493077158798,0.02848098928760323,1.0383725859549717,1.056519260361983,0.017010172065028518,0.5442300615549311,0.025727510551937005,1
2020-06-10,AAPL,88.20999908447266,0.025727510551937005,0.03157799750833212,0.005912493077158798,1.0475562742543634,1.0722631910453948,0.01731101124721486,0.1282167238498595,-0.0480104370741008,0
2020-06-11,AAPL,83.9749984741211,-0.0480104370741008,0.025727510551937005,0.03157799750833212,0.989285439189587,1.0153373555993412,0.03327334962207388,0.21008379157475843,0.008633503867755632,1
2020-06-12,AAPL,84.69999694824219,0.008633503867755632,-0.0480104370741008,0.025727510551937005,0.9935542020706218,1.0176863297076046,0.03146383818483353,-0.007519497933179409,0.012367185927901092,1
2020-06-15,AAPL,85.74749755859375,0.012367185927901092,0.008633503867755632,-0.0480104370741008,1.0002507947916561,1.0237712759105333,0.0316543632317188,-0.3064622825337504,0.026502220463282766,1
2020-06-16,AAPL,88.0199966430664,0.026502220463282766,0.012367185927901092,0.008633503867755632,1.0219376289573259,1.041965057507889,0.030698329423617852,0.1917745848966348,-0.0013917014685934648,0
2020-06-17,AAPL,87.89749908447266,-0.0013917014685934648,0.026502220463282766,0.012367185927901092,1.0212564645486932,1.0324272494348732,0.02844323229567705,-0.30842513516388925,0.0003982327423870391,1
2020-06-18,AAPL,87.93250274658203,0.0003982327423870391,-0.0013917014685934648,0.026502220463282766,1.0123533311581616,1.0239950645620821,0.011172758816108517,-0.15371517677332736,-0.005714638224894375,0
2020-06-19,AAPL,87.43000030517578,-0.005714638224894375,0.0003982327423870391,-0.0013917014685934648,1.0002803146003738,1.0127711528308512,0.01306902495656237,1.7316144118388275,0.0261637706294926,1
2020-06-22,AAPL,89.71749877929688,0.0261637706294926,-0.005714638224894375,0.0003982327423870391,1.017210973712798,1.031677357278113,0.015805360423108407,-0.48787337981518175,0.021344787155047618,1
2020-06-23,AAPL,91.63249969482422,0.021344787155047618,0.0261637706294926,-0.005714638224894375,1.0304817656939,1.0469145063686558,0.014508273389180596,0.5663574641257128,-0.017652037329143666,0
2020-06-24,AAPL,90.01499938964844,-0.017652037329143666,0.021344787155047618,0.0261637706294926,1.007493373534995,1.026317819946052,0.018466926415205618,-0.0920663890088218,0.013275561883319131,1
2020-06-25,AAPL,91.20999908447266,0.013275561883319131,-0.017652037329143666,0.021344787155047618,1.013433180088756,1.0314343801101185,0.018578360144759408,-0.2860548469758575,-0.030725774497311842,0
2020-06-26,AAPL,88.40750122070312,-0.030725774497311842,0.013275561883319131,-0.017652037329143666,0.9801655450006427,0.9955687635002465,0.025205494049129577,0.4925335799840609,0.02304666963762081,1
2020-06-29,AAPL,90.44499969482422,0.02304666963762081,-0.030725774497311842,0.013275561883319131,1.0011401106698816,1.013153804968965,0.024502036807927906,-0.3634997719929376,0.0083475842331302,1
2020-06-30,AAPL,91.1999969482422,0.0083475842331302,0.02304666963762081,-0.030725774497311842,1.0104647106085352,1.0179849284525853,0.022527702282896314,0.07330649235338238,-0.0018914541241649152,0
2020-07-01,AAPL,91.02749633789062,-0.0018914541241649152,0.0083475842331302,0.02304666963762081,1.0062957139127304,1.0125219689826424,0.02058925407268559,-0.21027904084345528,0.0,0
2020-07-02,AAPL,91.02749633789062,0.0,-0.0018914541241649152,0.0083475842331302,1.0067019264517965,1.0090481793527846,0.01967347724494918,0.02984001762731947,0.026750215989129744,1
2020-07-06,AAPL,93.4625015258789,0.026750215989129744,0.0,-0.0018914541241649152,1.0222022081599764,1.0291583685044354,0.01310631948919311,0.04045892025366182,-0.003102858481131565,0
2020-07-07,AAPL,93.17250061035156,-0.003102858481131565,0.026750215989129744,0.0,1.0129868259768904,1.0220765856306562,0.012421931755076514,-0.05251500982675916,0.023290114086561564,1
2020-07-08,AAPL,95.34249877929688,0.023290114086561564,-0.003102858481131565,0.026750215989129744,1.0273256732670613,1.041641627736105,0.01470867143132984,0.0415176776571633,0.004300324276778733,1
2020-07-09,AAPL,95.75250244140624,0.004300324276778733,0.023290114086561564,-0.003102858481131565,1.0213436852076405,1.039604397939401,0.013793672862212406,0.07302633826392912,0.0017492569203774178,1
2020-07-10,AAPL,95.91999816894533,0.0017492569203774178,0.004300324276778733,0.023290114086561564,1.0125619957767964,1.0361244601428081,0.01348757146721196,-0.2816365123986412,-0.004613190803429812,0
2020-07-13,AAPL,95.47750091552734,-0.004613190803429812,0.0017492569203774178,0.004300324276778733,1.0036212537369662,1.023527948724586,0.011195701738919806,1.1233674432621443,0.016548420475024805,1
2020-07-14,AAPL,97.05750274658205,0.016548420475024805,-0.004613190803429812,0.0017492569203774178,1.0119643637673654,1.0331421195879988,0.011384089406027668,-0.10780112831151922,0.0068773222950304636,1
2020-07-15,AAPL,97.7249984741211,0.0068773222950304636,0.016548420475024805,-0.004613190803429812,1.0138867778908505,1.033072035989105,0.007751723471670864,-0.10404867675853213,-0.012304931270650021,0
2020-07-16,AAPL,96.52249908447266,-0.012304931270650021,0.0068773222950304636,0.016548420475024805,0.9998135415345912,1.01446723117472,0.010991648412674686,-0.2782046763012572,-0.0020202512022980956,0
2020-07-17,AAPL,96.32749938964844,-0.0020202512022980956,-0.012304931270650021,0.0068773222950304636,0.9969520323316655,1.0068094315666494,0.011111871613932131,-0.1663157818581702,0.021073927924625924,1
2020-07-20,AAPL,98.35749816894533,0.021073927924625924,-0.0020202512022980956,-0.012304931270650021,1.0119292434133227,1.0227940196203225,0.013589067489597824,-0.020271882742431635,-0.013801674444927414,0
2020-07-21,AAPL,97.0,-0.013801674444927414,0.021073927924625924,-0.0020202512022980956,0.998081019222716,1.0046790095518274,0.01446876634823378,0.14521136429061765,0.0028092689120893244,1
2020-07-22,AAPL,97.27249908447266,0.0028092689120893244,-0.013801674444927414,0.021073927924625924,1.0018177879677652,1.005491444837631,0.0140923708597546,-0.13952580022661965,-0.04551643995416055,0
2020-07-23,AAPL,92.84500122070312,-0.04551643995416055,0.0028092689120893244,-0.013801674444927414,0.9635172257549732,0.962618145941121,0.024686729405996734,1.2134927911408333,-0.0024772831483610425,0
2020-07-24,AAPL,92.61499786376952,-0.0024772831483610425,-0.04551643995416055,0.0028092689120893244,0.9685937644919238,0.9635351452124127,0.024662242866516543,-0.058707318212182114,0.023700261787544807,1
2020-07-27,AAPL,94.80999755859376,0.023700261787544807,-0.0024772831483610425,-0.04551643995416055,0.9989621415594926,0.9870566398447518,0.025440840081254495,-0.34633960098965266,-0.016427540948147135,0
2020-07-28,AAPL,93.25250244140624,-0.016427540948147135,0.023700261787544807,-0.0024772831483610425,0.9903726972896011,0.97470286048858,0.025641186765551157,-0.14510205091821082,0.01916837004180394,1
2020-07-29,AAPL,95.04000091552734,0.01916837004180394,-0.016427540948147135,0.023700261787544807,1.0141656760360394,0.9961820499730591,0.028213352190164735,-0.12831192292252103,0.012100184288729388,1
2020-07-30,AAPL,96.19000244140624,0.012100184288729388,0.01916837004180394,-0.016427540948147135,1.0191616173994638,1.0085875426885027,0.016518338354482947,0.7505967062699548,0.1046886312427151,1
2020-07-31,AAPL,106.26000213623048,0.1046886312427151,0.012100184288729388,0.01916837004180394,1.0942174217421115,1.1026911114269213,0.04528287665762872,1.3672724973123378,0.02519760784812375,1
2020-08-03,AAPL,108.9375,0.02519760784812375,0.1046886312427151,0.012100184288729388,1.090072629184162,1.1181993804341734,0.04524692918457308,-0.17680762350909662,0.006678149540124689,1
2020-08-04,AAPL,109.66500091552734,0.006678149540124689,0.02519760784812375,0.1046886312427151,1.0624548850616724,1.1112208879619083,0.04037167371833441,-0.4383549374462926,0.0036246667683779155,1
2020-08-05,AAPL,110.0625,0.0036246667683779155,0.006678149540124689,0.02519760784812375,1.0361456451207027,1.1009800600214927,0.04230950483659122,-0.2963790708585349,0.03488923418867129,1
2020-08-06,AAPL,113.90249633789062,0.03488923418867129,0.0036246667683779155,0.006678149540124689,1.037689405729138,1.1158870448234095,0.041046138699219345,0.6622936388540346,-0.024494575411730612,0
2020-08-07,AAPL,111.1125030517578,-0.024494575411730612,0.03488923418867129,0.0036246667683779155,1.003400005332639,1.069178479616561,0.022850746656876364,-0.021653045416462513,0.014534798689732176,1
2020-08-10,AAPL,112.72750091552734,0.014534798689732176,-0.024494575411730612,0.03488923418867129,1.01106338160516,1.066334010682206,0.021435814232332148,0.07249845490129547,-0.029739867275506704,0
2020-08-11,AAPL,109.375,-0.029739867275506704,0.014534798689732176,-0.024494575411730612,0.9815050786109846,1.0190794911432424,0.027045424646596348,-0.11535209384398382,0.033234305245535944,1
2020-08-12,AAPL,113.01000213623048,0.033234305245535944,-0.029739867275506704,0.014534798689732176,1.0087881923638646,1.0356085042006669,0.03104794052824939,-0.11870204957467279,0.017697548554941767,1
2020-08-13,AAPL,115.01000213623048,0.017697548554941767,0.033234305245535944,-0.029739867275506704,1.024615361191982,1.0360678010992488,0.02778576103741416,0.2686264326863852,-0.0008912347937003462,0
2020-08-14,AAPL,114.90750122070312,-0.0008912347937003462,0.017697548554941767,0.033234305245535944,1.0168265394527514,1.0271428746600373,0.023830303886828788,-0.21190201921154594,-0.00261082217062214,0
2020-08-17,AAPL,114.60749816894533,-0.00261082217062214,-0.0008912347937003462,0.017697548554941767,1.0108085712776897,1.0192950574649378,0.023702351918452658,-0.2778579073380155,0.00833280410367987,1
2020-08-18,AAPL,115.5625,0.00833280410367987,-0.00261082217062214,-0.0008912347937003462,1.008227214928981,1.0224259050929925,0.014772229464330515,-0.11649225169285127,0.0012547032390819446,1
2020-08-19,AAPL,115.7074966430664,0.0012547032390819446,0.00833280410367987,-0.00261082217062214,1.0047629539247613,1.0186213987388637,0.00834711946593045,0.37776237863710027,0.02218961568871136,1
2020-08-20,AAPL,118.2750015258789,0.02218961568871136,0.0012547032390819446,0.00833280410367987,1.0212672436754788,1.0372316016860268,0.010137847016316363,-0.12801330236776653,0.05153245522782379,1
2020-08-21,AAPL,124.37000274658205,0.05153245522782379,0.02218961568871136,0.0012547032390819446,1.0566291258197997,1.0781477406042448,0.02192795838777269,1.6637952771789148,0.011960242739515126,1
2020-08-24,AAPL,125.85749816894533,0.011960242739515126,0.05153245522782379,0.02218961568871136,1.0492103119187814,1.0787639128267885,0.019664451037518328,0.02331811292133712,-0.00820373228234006,0
2020-08-25,AAPL,124.8249969482422,-0.00820373228234006,0.011960242739515126,0.05153245522782379,1.024776882784722,1.0559306759645526,0.023022325441857405,-0.3886307819676149,0.01359905610039247,1
2020-08-26,AAPL,126.52249908447266,0.01359905610039247,-0.00820373228234006,0.011960242739515126,1.0205896539157207,1.058194526299207,0.021703851808017916,-0.22919247492619232,-0.011954371429482746,0
2020-08-27,AAPL,125.01000213623048,-0.011954371429482746,0.01359905610039247,-0.00820373228234006,0.997550231164865,1.0368724001202814,0.025226453308392276,-0.045821923858316405,-0.0016198655002642726,0
2020-08-28,AAPL,124.80750274658205,-0.0016198655002642726,-0.011954371429482746,0.01359905610039247,0.9952394286394491,1.0267616824929369,0.011596920133511596,0.20621732612290145,0.03391214827961675,1
2020-08-31,AAPL,129.0399932861328,0.03391214827961675,-0.0016198655002642726,-0.011954371429482746,1.0237938010123189,1.0491248335071275,0.01881063816828197,0.20291371315887652,0.039832607385921204,1
2020-09-01,AAPL,134.17999267578125,0.039832607385921204,0.03391214827961675,-0.0016198655002642726,1.0490023984351748,1.074647857667067,0.022241547074855244,-0.32677765928365055,-0.02071842995262474,0
2020-09-02,AAPL,131.39999389648438,-0.02071842995262474,0.039832607385921204,0.03391214827961675,1.0194937213285409,1.0393205314530862,0.02738686386957938,0.3170220621383222,-0.08006086097198739,0
2020-09-03,AAPL,120.87999725341795,-0.08006086097198739,-0.02071842995262474,0.039832607385921204,0.9439214834734565,0.954145669522669,0.04851307617292723,0.2872320969023432,0.0006618285313737537,1
2020-09-04,AAPL,120.95999908447266,0.0006618285313737537,-0.08006086097198739,-0.02071842995262474,0.9502561324230675,0.9573539914559861,0.048572109528908794,0.2911790235699123,-0.0672949690084228,0
2020-09-08,AAPL,112.81999969482422,-0.0672949690084228,0.0006618285313737537,-0.08006086097198739,0.9094866733758861,0.9022388172804012,0.04924266438290768,-0.30438487200517605,0.039886545046732946,1
2020-09-09,AAPL,117.31999969482422,0.039886545046732946,-0.0672949690084228,0.0006618285313737537,0.9721900105431766,0.9438911099874278,0.04926056183137347,-0.2352374975471827,-0.03264577089172693,0
2020-09-10,AAPL,113.48999786376952,-0.03264577089172693,0.039886545046732946,-0.0672949690084228,0.9692213017409737,0.9227523196918573,0.049259604755726306,0.0301451617916757,-0.013128891460180259,0
2020-09-11,AAPL,112.0,-0.013128891460180259,-0.03264577089172693,0.039886545046732946,0.9712273947809378,0.9203733444339405,0.03970590298884966,-0.007758083417089834,0.03000000544956749,1
2020-09-14,AAPL,115.36000061035156,0.03000000544956749,-0.013128891460180259,-0.03264577089172693,1.0101753186741014,0.9554019055750427,0.044397939451314,-0.2250919632445595,0.0015603355081781345,1
2020-09-15,AAPL,115.54000091552734,0.0015603355081781345,0.03000000544956749,-0.013128891460180259,1.0069547428134968,0.9677122382634229,0.02999863740352222,0.31745892439605816,-0.02951361982939993,0
2020-09-16,AAPL,112.12999725341795,-0.02951361982939993,0.0015603355081781345,0.03000000544956749,0.9861570209975963,0.9568222422340928,0.025637747115652434,-0.16227618851615555,-0.01596362221860992,0
2020-09-17,AAPL,110.33999633789062,-0.01596362221860992,-0.02951361982939993,0.0015603355081781345,0.9758211197166541,0.9587779137021226,0.022662738005820613,0.1508414199729764,-0.03172013880879665,0
2020-09-18,AAPL,106.83999633789062,-0.03172013880879665,-0.01596362221860992,-0.02951361982939993,0.9535709641699407,0.9398310827335095,0.0255829302834167,0.6128492059479471,0.030325773158183633,1
2020-09-21,AAPL,110.08000183105467,0.030325773158183633,-0.03172013880879665,-0.01596362221860992,0.991836837834868,0.9776893807374658,0.02570760141893128,-0.31831954104579896,0.015715803949514884,1
2020-09-22,AAPL,111.80999755859376,0.015715803949514884,0.030325773158183633,-0.03172013880879665,1.0142416520795328,0.9939461709047062,0.027859291025584196,-0.0646781167194137,-0.0419461131778841,0
2020-09-23,AAPL,107.12000274658205,-0.0419461131778841,0.015715803949514884,0.030325773158183633,0.9806111771001108,0.9609674585113727,0.03085098026711344,-0.1766498010984653,0.010268842848365045,1
2020-09-24,AAPL,108.22000122070312,0.010268842848365045,-0.0419461131778841,0.015715803949514884,0.9945411553789504,0.975447087961169,0.03153365971684783,0.11295612289649526,0.03751614778042578,1
2020-09-25,AAPL,112.27999877929688,0.03751614778042578,0.010268842848365045,-0.0419461131778841,1.0216374437481235,1.0117867518628103,0.031227830483555555,-0.10588738864681924,0.023868902158110217,1
2020-09-28,AAPL,114.95999908447266,0.023868902158110217,0.03751614778042578,0.010268842848365045,1.0368152312545051,1.0363105317378263,0.030316816636201557,-0.08207017670191108,-0.007567873638749334,0
2020-09-29,AAPL,114.08999633789062,-0.007567873638749334,0.023868902158110217,0.03751614778042578,1.02475431326609,1.0298139459179791,0.030827540458290233,-0.2781254630557759,0.015075828520575651,1
2020-09-30,AAPL,115.80999755859376,0.015075828520575651,-0.007567873638749334,0.023868902158110217,1.0242146508100598,1.041878447487005,0.016687335465025002,0.4356212681949081,0.00846216542261602,1
2020-10-01,AAPL,116.79000091552734,0.00846216542261602,0.015075828520575651,-0.007567873638749334,1.0174585960478213,1.044633289020745,0.016856622752539668,-0.18612064325124478,-0.032280197302059555,0
2020-10-02,AAPL,113.0199966430664,-0.032280197302059555,0.00846216542261602,0.015075828520575651,0.9833469513255189,1.005354991010429,0.02211600111438293,0.24622374707631045,0.03079104105730912,1
2020-10-05,AAPL,116.5,0.03079104105730912,-0.032280197302059555,0.00846216542261602,1.010916174030648,1.0304263306508357,0.024001673086822346,-0.26582591630272545,-0.028669496462580435,0
2020-10-06,AAPL,113.16000366210938,-0.028669496462580435,0.03079104105730912,-0.032280197302059555,0.9835211019175604,0.999690834110966,0.027848525990606693,0.5200717594814945,0.016967109462795005,1
2020-10-07,AAPL,115.08000183105467,0.016967109462795005,-0.028669496462580435,0.03079104105730912,1.0014794292907505,1.0095534053703652,0.02813830582549522,-0.4003091056123226,-0.0009558620837791798,0
2020-10-08,AAPL,114.97000122070312,-0.0009558620837791798,0.016967109462795005,-0.028669496462580435,1.0037015744489657,1.0026511923192878,0.02766227591419245,-0.13806853968548982,0.017395842208966172,1
2020-10-09,AAPL,116.97000122070312,0.017395842208966172,-0.0009558620837791798,0.016967109462795005,1.0141672991200212,1.0159378240823638,0.02296183392848858,0.20400420713679912,0.0635205627736688,1
2020-10-12,AAPL,124.4000015258789,0.0635205627736688,0.017395842208966172,-0.0009558620837791798,1.0640117649652148,1.0716839516860355,0.033602003493683516,1.390152317900562,-0.026527355396143704,0
2020-10-13,AAPL,121.0999984741211,-0.026527355396143704,0.0635205627736688,0.017395842208966172,1.021906413293307,1.0369926199491015,0.032934533239578186,0.09201179885008659,0.000743220218160312,1
2020-10-14,AAPL,121.19000244140624,0.000743220218160312,-0.026527355396143704,0.0635205627736688,1.012227932553517,1.0330043268872782,0.03337524240909873,-0.4254880770630941,-0.003960750451883599,0
2020-10-15,AAPL,120.70999908447266,-0.003960750451883599,0.000743220218160312,-0.026527355396143704,0.9986432031363367,1.025486351699647,0.03366642558773057,-0.2531503795318223,-0.014000517390639566,0
2020-10-16,AAPL,119.0199966430664,-0.014000517390639566,-0.003960750451883599,0.000743220218160312,0.9813330447745894,1.0060011497679995,0.03490202536524447,0.025183192488930306,-0.025541870037600223,0
2020-10-19,AAPL,115.9800033569336,-0.025541870037600223,-0.014000517390639566,-0.003960750451883599,0.9697324695395786,0.9807370531305475,0.01233082393238201,0.045457381592425294,0.013191918736096708,1
2020-10-20,AAPL,117.51000213623048,0.013191918736096708,-0.025541870037600223,-0.014000517390639566,0.9884591562411583,0.9900331220095687,0.014695364409413339,0.03136954541347636,-0.005446339698866431,0
2020-10-21,AAPL,116.87000274658205,-0.005446339698866431,0.013191918736096708,-0.025541870037600223,0.9902726868854176,0.9831583709912955,0.014248314720871284,-0.2770991378652138,-0.009583320957137542,0
2020-10-22,AAPL,115.75,-0.009583320957137542,-0.005446339698866431,0.013191918736096708,0.9890964318534814,0.9730979340696527,0.01415510480243895,0.13388032819691809,-0.006133901377733508,0
2020-10-23,AAPL,115.04000091552734,-0.006133901377733508,-0.009583320957137542,-0.005446339698866431,0.9897616717131514,0.9687007941092289,0.01379229977684906,-0.19036945523002702,8.694485527516171e-05,1
2020-10-26,AAPL,115.0500030517578,8.694485527516171e-05,-0.006133901377733508,-0.009583320957137542,0.9914342947235508,0.9764730032385264,0.00895444007513799,0.3545740354548603,0.013472363157313483,1
2020-10-27,AAPL,116.5999984741211,0.013472363157313483,8.694485527516171e-05,-0.006133901377733508,1.006369624466299,0.9934226015994648,0.009070206659738855,-0.17500024586345908,-0.04631219208015169,0
2020-10-28,AAPL,111.1999969482422,-0.04631219208015169,0.013472363157313483,8.694485527516171e-05,0.9692489807767827,0.9555480792578266,0.022281863743108848,0.559848195862882,0.037050385428514465,1
2020-10-29,AAPL,115.31999969482422,0.037050385428514465,-0.04631219208015169,0.013472363157313483,1.0059140618535318,0.9955626094225888,0.03056146510406598,0.015224631750659023,-0.05601802897648289,0
2020-10-30,AAPL,108.86000061035156,-0.05601802897648289,0.037050385428514465,-0.04631219208015169,0.9599139449826778,0.9481091802510727,0.03969281830244931,0.30208473049876416,-0.0008267863933540953,0
2020-11-02,AAPL,108.7699966430664,-0.0008267863933540953,-0.05601802897648289,0.037050385428514465,0.9698617755056446,0.9533116254300757,0.03963484852256689,-0.35425857427711605,0.015353551989341518,1
2020-11-03,AAPL,110.44000244140624,0.015353551989341518,-0.0008267863933540953,-0.05601802897648289,0.9956905386922931,0.9739836166574489,0.03992746572527722,-0.12405700803064124,0.04083660274481371,1
2020-11-04,AAPL,114.9499969482422,0.04083660274481371,0.015353551989341518,-0.0008267863933540953,1.0293906732653084,1.0154772821260174,0.03921053472072207,0.28442527902594583,0.03549370978140831,1
2020-11-05,AAPL,119.02999877929688,0.03549370978140831,0.04083660274481371,0.015353551989341518,1.058891555455396,1.048482280316803,0.03892015671072196,-0.08571170213150747,-0.00285639201358856,0
2020-11-06,AAPL,118.69000244140624,-0.00285639201358856,0.03549370978140831,0.04083660274481371,1.0377177293439324,1.0421368049701172,0.02014436345750285,-0.09438621504884592,-0.019968006553475415,0
2020-11-09,AAPL,116.31999969482422,-0.019968006553475415,-0.00285639201358856,0.03549370978140831,1.0037450566380794,1.0201897984707111,0.02560135820316178,0.349974968962387,-0.003008927742772949,0
2020-11-10,AAPL,115.97000122070312,-0.003008927742772949,-0.019968006553475415,-0.00285639201358856,0.9912643719417485,1.0176824332987686,0.02661473436657394,-0.10673311963281307,0.03035264815051142,1
2020-11-11,AAPL,119.48999786376952,0.03035264815051142,-0.003008927742772949,-0.019968006553475415,1.0134859869700552,1.0409987301801178,0.023857975873351988,-0.18640607317309965,-0.0023432821516666813,0
2020-11-12,AAPL,119.20999908447266,-0.0023432821516666813,0.03035264815051142,-0.003008927742772949,1.0108024608497674,1.035051613891228,0.018315028654506613,-0.08132775279398019,0.00041945350341277,1
2020-11-13,AAPL,119.26000213623048,0.00041945350341277,-0.0023432821516666813,0.03035264815051142,1.0102499122086446,1.0262191184987048,0.01822622069748384,-0.20918882188551435,0.008720450250699452,1
2020-11-16,AAPL,120.3000030517578,0.008720450250699452,0.00041945350341277,-0.0023432821516666813,1.012234340004351,1.0249987447505413,0.013954725637344815,0.11768664372857218,-0.0075644525272192675,0
2020-11-17,AAPL,119.38999938964844,-0.0075644525272192675,0.008720450250699452,0.00041945350341277,0.9988287382651226,1.0095466749649553,0.014875861948035193,-0.1854731693407763,-0.011391243967704412,0
2020-11-18,AAPL,118.02999877929688,-0.011391243967704412,-0.0075644525272192675,0.008720450250699452,0.9898689872017512,0.9954541114141646,0.0077318485140829155,0.027616431716282364,0.005168182806577715,1
2020-11-19,AAPL,118.63999938964844,0.005168182806577715,-0.011391243967704412,-0.0075644525272192675,0.9959369971001973,1.000928027370197,0.008449757879472223,-0.028944434180925294,-0.010957544322705348,0
2020-11-20,AAPL,117.33999633789062,-0.010957544322705348,0.005168182806577715,-0.011391243967704412,0.9882095076726112,0.9910891223476247,0.009466360362817249,-0.0068638430504769365,-0.02974261098253128,0
2020-11-23,AAPL,113.8499984741211,-0.02974261098253128,-0.010957544322705348,0.005168182806577715,0.9693486586056175,0.9636218885281578,0.01249600902150279,0.7384758770887028,0.01159420037343506,1
2020-11-24,AAPL,115.16999816894533,0.01159420037343506,-0.02974261098253128,-0.010957544322705348,0.9876850240739508,0.975454813187229,0.01617064350123931,-0.11007484411058832,0.007467227785225683,1
2020-11-25,AAPL,116.02999877929688,0.007467227785225683,0.01159420037343506,-0.02974261098253128,0.9984854529597063,0.9856271504982492,0.017083105734095053,-0.3282130631872716,0.0048263170256421795,1
2020-11-27,AAPL,116.58999633789062,0.0048263170256421795,0.007467227785225683,0.01159420037343506,1.0068568753202496,0.9925931997840698,0.017041402289388902,-0.3896498264034134,0.021099637971836005,1
2020-11-30,AAPL,119.0500030517578,0.021099637971836005,0.0048263170256421795,0.007467227785225683,1.0250736547501405,1.0137177929566457,0.01934434881304812,2.628303345591149,0.030827367281542672,1
2020-12-01,AAPL,122.72000122070312,0.030827367281542672,0.021099637971836005,0.0048263170256421795,1.0407761867231038,1.0428191659733137,0.01071709298732515,-0.24604185580325155,0.0029335121151450316,1
2020-12-02,AAPL,123.08000183105467,0.0029335121151450316,0.030827367281542672,0.021099637971836005,1.0300098881917705,1.0426090862050172,0.012054522001857922,-0.30317502321335466,-0.0011374665873064016,0
2020-12-03,AAPL,122.94000244140624,-0.0011374665873064016,0.0029335121151450316,0.030827367281542672,1.0170753619260116,1.0371095473537186,0.013630006066910184,-0.11276546500052809,-0.005612513646525263,0
2020-12-04,AAPL,122.25,-0.005612513646525263,-0.0011374665873064016,0.0029335121151450316,1.0019834624584119,1.0281576453309926,0.015604455873045753,-0.008955571652171312,0.012269938650306678,1
2020-12-07,AAPL,123.75,0.012269938650306678,-0.005612513646525263,-0.0011374665873064016,1.0065230739353281,1.0351923572974449,0.014436765194564808,0.10799331462655437,0.005090886896306657,1
2020-12-08,AAPL,124.37999725341795,0.005090886896306657,0.012269938650306678,-0.005612513646525263,1.0089227526404865,1.0313774697986946,0.006730123201798797,-0.051740243564904476,-0.020903670457748214,0
2020-12-09,AAPL,121.77999877929688,-0.020903670457748214,0.005090886896306657,0.012269938650306678,0.9899203306892911,1.0043131432407704,0.012500376516890496,0.39967771555052867,0.011988824922872787,1
2020-12-10,AAPL,123.23999786376952,0.011988824922872787,-0.020903670457748214,0.005090886896306657,1.0012999600752317,1.01034611148816,0.01402728135290816,-0.2934854008890495,-0.006734779422648329,0
2020-12-11,AAPL,122.41000366210938,-0.006734779422648329,0.011988824922872787,-0.020903670457748214,0.9942979087952953,0.9987761345667819,0.01415923283489622,0.06920978647730602,-0.005146678081568545,0
2020-12-14,AAPL,121.77999877929688,-0.005146678081568545,-0.006734779422648329,0.011988824922872787,0.9923564555005823,0.9914273737331263,0.012541192336973254,-0.08920310375685248,0.050090314791152,1
2020-12-15,AAPL,127.87999725341795,0.050090314791152,-0.005146678081568545,-0.006734779422648329,1.0361535433431062,1.0367331512609592,0.027340230072894385,0.9857888854510668,-0.0005473858017487343,0
2020-12-16,AAPL,127.80999755859376,-0.0005473858017487343,0.050090314791152,-0.005146678081568545,1.0255648876630663,1.0322075093287437,0.023621422229563947,-0.3754369809410488,0.006963456745552321,1
2020-12-17,AAPL,128.6999969482422,0.006963456745552321,-0.0005473858017487343,0.050090314791152,1.023736025131535,1.0345825349248972,0.0236188362444424,-0.039190050565836354,-0.015850764059871847,0
2020-12-18,AAPL,126.66000366210938,-0.015850764059871847,0.006963456745552321,-0.0005473858017487343,1.0007427336143884,1.0145868238138975,0.02541351509763736,1.0405034771163142,0.012395326227985448,1
2020-12-21,AAPL,128.22999572753906,0.012395326227985448,-0.015850764059871847,0.006963456745552321,1.0029251462796909,1.0234900429266485,0.024494076915842895,-0.37025732114894716,0.028464550236973585,1
2020-12-22,AAPL,131.8800048828125,0.028464550236973585,0.012395326227985448,-0.015850764059871847,1.0250591121523371,1.0463594451925244,0.016327908509159664,0.39301089635105857,-0.006976024680639181,0
2020-12-23,AAPL,130.9600067138672,-0.006976024680639181,0.028464550236973585,0.012395326227985448,1.0129480771808674,1.0315466614080904,0.017228687245964394,-0.47767203773960243,0.007712236217600754,1
2020-12-24,AAPL,131.97000122070312,0.007712236217600754,-0.006976024680639181,0.028464550236973585,1.0156225853559782,1.0324029207925334,0.017253265057793076,-0.37737705401156374,0.035765713245766495,1
2020-12-28,AAPL,136.69000244140625,0.035765713245766495,0.007712236217600754,-0.006976024680639181,1.035954103687417,1.0575137857644468,0.016987015819688617,1.2662656721906567,-0.013314853257091142,0
2020-12-29,AAPL,134.8699951171875,-0.013314853257091142,0.035765713245766495,0.007712236217600754,1.0119752766266574,1.032972044265833,0.021454997571130504,-0.02762474876733323,-0.008526684497060733,0
2020-12-30,AAPL,133.72000122070312,-0.008526684497060733,-0.013314853257091142,0.035765713245766495,1.0005836479336285,1.019603661946474,0.019964556268573266,-0.2031866881789185,-0.007702653080273847,0
2020-12-31,AAPL,132.69000244140625,-0.007702653080273847,-0.008526684497060733,-0.013314853257091142,0.9903125799165238,1.0079992813229453,0.02005713984965133,0.02762511132468859,-0.024719260825586842,0
2021-01-04,AAPL,129.41000366210938,-0.024719260825586842,-0.007702653080273847,-0.008526684497060733,0.9695376151165401,0.9825523277473107,0.023082002538226346,0.4457911187429755,0.01236373386484213,1
2021-01-05,AAPL,131.00999450683594,0.01236373386484213,-0.024719260825586842,-0.007702653080273847,0.9899500915146859,0.9914259076922886,0.013436024624367016,-0.31846751508528504,-0.0336615236823381,0
2021-01-06,AAPL,126.5999984741211,-0.0336615236823381,0.01236373386484213,-0.024719260825586842,0.9687342057679802,0.9592362285918038,0.017706740179594928,0.5879604648138685,0.03412322074954277,1
2021-01-07,AAPL,130.9199981689453,0.03412322074954277,-0.0336615236823381,0.01236373386484213,1.0061017684522195,0.9926905293676009,0.02758587762456147,-0.2934450118642319,0.008631262592551314,1
2021-01-08,AAPL,132.0500030517578,0.008631262592551314,0.03412322074954277,-0.0336615236823381,1.0157848850424462,1.0004318639717793,0.02799002485996372,-0.040336490287301685,-0.023248824333729434,0
2021-01-11,AAPL,128.97999572753906,-0.023248824333729434,0.008631262592551314,0.03412322074954277,0.9928258954311336,0.9793915913834061,0.027679949721296705,-0.04539541376706713,-0.0013955084644402538,0
2021-01-12,AAPL,128.8000030517578,-0.0013955084644402538,-0.023248824333729434,0.008631262592551314,0.9948250819136042,0.9839196631309765,0.026767878606443148,-0.0840109777903959,0.016226679257536736,1
2021-01-13,AAPL,130.88999938964844,0.016226679257536736,-0.0013955084644402538,-0.023248824333729434,1.0043121931760262,1.002934704040822,0.021265286904969125,-0.03604415825368046,-0.015127173479807188,0
2021-01-14,AAPL,128.91000366210938,-0.015127173479807188,0.016226679257536736,-0.0013955084644402538,0.9921801848220018,0.9914171277307603,0.016314162460441414,0.017881963247770694,-0.013730542410815172,0
2021-01-15,AAPL,127.13999938964844,-0.013730542410815172,-0.015127173479807188,0.016226679257536736,0.9860094238500704,0.9819959641893,0.01537228785540694,0.23693497580407397,0.005427107477730786,1
2021-01-19,AAPL,127.83000183105467,0.005427107477730786,-0.013730542410815172,-0.015127173479807188,0.9931320631498622,0.9885317184085363,0.01320298418998677,-0.18675161404499163,0.0328561127128284,1
2021-01-20,AAPL,132.02999877929688,0.0328561127128284,0.005427107477730786,-0.013730542410815172,1.0206400599593972,1.0202063023886394,0.020359488119977433,0.14943370946469314,0.03665830782882318,1
2021-01-21,AAPL,136.8699951171875,0.03665830782882318,0.0328561127128284,0.005427107477730786,1.048362353113877,1.0492785706238492,0.024725618270152967,0.1517587795186901,0.016073736286376095,1
2021-01-22,AAPL,139.07000732421875,0.016073736286376095,0.03665830782882318,0.0328561127128284,1.048888336893733,1.0595244942989694,0.020646527047357723,-0.04736959939542695,0.027683832904034755,1
2021-01-25,AAPL,142.9199981689453,0.027683832904034755,0.016073736286376095,0.03665830782882318,1.0528641996102839,1.0799129382918355,0.012842056278339717,0.3770096645622816,0.0016792995818566414,1
2021-01-26,AAPL,143.16000366210938,0.0016792995818566414,0.027683832904034755,0.016073736286376095,1.031337821717677,1.070259136014795,0.014214214206494878,-0.37574050657406777,-0.007683752971338942,0
2021-01-27,AAPL,142.05999755859375,-0.007683752971338942,0.0016792995818566414,0.027683832904034755,1.0088342034225346,1.0516107799738832,0.018186803243177098,0.4314761776023319,-0.03498522670784365,0
2021-01-28,AAPL,137.08999633789062,-0.03498522670784365,-0.007683752971338942,0.0016792995818566414,0.9732358067859905,1.0101836012093648,0.02402630618231585,0.012618943822873208,-0.037420597863168426,0
2021-01-29,AAPL,131.9600067138672,-0.037420597863168426,-0.03498522670784365,-0.007683752971338942,0.9463704747039704,0.9702014236884418,0.02710114157047483,0.2447232562362791,0.01652010127968695,1
2021-02-01,AAPL,134.13999938964844,0.01652010127968695,-0.037420597863168426,-0.03498522670784365,0.9742740421846634,0.9811795433540108,0.02341453763915254,-0.4015461588812317,0.0063367087176327,1
2021-02-02,AAPL,134.99000549316406,0.0063367087176327,0.01652010127968695,-0.037420597863168426,0.992223365305443,0.9822526879613241,0.0241932685857619,-0.2158739003650233,-0.007778376242906226,0
2021-02-03,AAPL,133.94000244140625,-0.007778376242906226,0.0063367087176327,0.01652010127968695,0.9963994552586053,0.9732597097321979,0.024189626109697385,0.0789324581599753,0.025757778746879012,1
2021-02-04,AAPL,137.38999938964844,0.025757778746879012,-0.007778376242906226,0.0063367087176327,1.0216084935462282,0.997951636825751,0.024672868633269753,-0.06339277866599025,-0.004585522131241526,0
2021-02-05,AAPL,136.75999450683594,-0.004585522131241526,0.025757778746879012,-0.007778376242906226,1.0097161502932814,0.995045104026015,0.014099986075947564,-0.10084328089604688,0.0010968789214593766,1
2021-02-08,AAPL,136.91000366210938,0.0010968789214593766,-0.004585522131241526,0.025757778746879012,1.0067059997655048,1.0005115663995445,0.013224916371656603,-0.058084017449249514,-0.006573728224378961,0
2021-02-09,AAPL,136.00999450683594,-0.006573728224378961,0.0010968789214593766,-0.004585522131241526,0.9985902967938798,0.999155147892275,0.013936234122869684,0.07681928603086807,-0.004558452630158305,0
2021-02-10,AAPL,135.38999938964844,-0.004558452630158305,-0.006573728224378961,0.0010968789214593766,0.9919262746888825,0.9994979935229731,0.013461801177653885,-0.048552769029179044,-0.0019203376025409558,0
2021-02-11,AAPL,135.1300048828125,-0.0019203376025409558,-0.004558452630158305,-0.006573728224378961,0.9933108312928647,0.9990241445951368,0.002966025976948322,-0.12001379941023949,0.0017759951580194056,1
2021-02-12,AAPL,135.3699951171875,0.0017759951580194056,-0.0019203376025409558,-0.004558452630158305,0.9971125617187347,0.9982817138193704,0.0035816672059215513,-0.06432638456751716,-0.016103957704172722,0
2021-02-16,AAPL,133.19000244140625,-0.016103957704172722,0.0017759951580194056,-0.0019203376025409558,0.9864610878839261,0.982894015566852,0.006712573169108677,0.3396984958043132,-0.017644012767020212,0
2021-02-17,AAPL,130.83999633789062,-0.017644012767020212,-0.016103957704172722,0.0017759951580194056,0.9765344869201414,0.9685179620502495,0.008697380521430794,0.2152270580803537,-0.008636423537534132,0
2021-02-18,AAPL,129.7100067138672,-0.008636423537534132,-0.017644012767020212,-0.016103957704172722,0.9763790620949139,0.9631692805212975,0.008519677550049818,-0.010843711862416172,0.0012334314627955312,1
2021-02-19,AAPL,129.8699951171875,0.0012334314627955312,-0.008636423537534132,-0.017644012767020212,0.9853864757594506,0.9697725162223906,0.009217298308006522,-0.0948607582129063,-0.029798993321709433,0
2021-02-22,AAPL,126.0,-0.029798993321709433,0.0012334314627955312,-0.008636423537534132,0.9698126559136611,0.9484952061371753,0.011488674427636137,0.1853293303889183,-0.0011111062670511318,0
2021-02-23,AAPL,125.86000061035156,-0.0011111062670511318,-0.029798993321709433,0.0012334314627955312,0.9797907520828788,0.9553883956432119,0.012751425450613441,0.5230800913041638,-0.004052138358153767,0
2021-02-24,AAPL,125.3499984741211,-0.004052138358153767,-0.0011111062670511318,-0.029798993321709433,0.9842334073548781,0.9592794006470122,0.012477790340572684,-0.298428032576624,-0.03478261398823801,0
2021-02-25,AAPL,120.98999786376952,-0.03478261398823801,-0.004052138358153767,-0.0011111062670511318,0.9631888116950929,0.9362304562553985,0.01716262674678435,0.3346508777475483,0.00223162473946803,1
2021-02-26,AAPL,121.26000213623048,0.00223162473946803,-0.03478261398823801,-0.004052138358153767,0.9787557091292901,0.9484997546096106,0.017384170967829748,0.11039780835967727,0.05385121774911972,1
2021-03-01,AAPL,127.79000091552734,0.05385121774911972,0.00223162473946803,-0.03478261398823801,1.0284909530424735,1.0055395626123576,0.031938761601652016,-0.29322060471413536,-0.0208936391722091,0
2021-03-02,AAPL,125.12000274658205,-0.0208936391722091,0.05385121774911972,0.00223162473946803,1.008202948508737,0.9908219312464429,0.03378265093018059,-0.12077425523115803,-0.024456562666370862,0
2021-03-03,AAPL,122.05999755859376,-0.024456562666370862,-0.0208936391722091,0.05385121774911972,0.988788416749217,0.973357448111755,0.03547446761296904,0.1046871287070621,-0.015811898605432417,0
2021-03-04,AAPL,120.12999725341795,-0.015811898605432417,-0.024456562666370862,-0.0208936391722091,0.9745116257906015,0.9653415456108838,0.032343692517191165,0.577063248066016,0.010738374635987702,1
2021-03-05,AAPL,121.41999816894533,0.010738374635987702,-0.015811898605432417,-0.024456562666370862,0.9847206808382024,0.9823783442180507,0.03277804354863841,-0.13689427745502514,-0.041673510417560844,0
2021-03-08,AAPL,116.36000061035156,-0.041673510417560844,0.010738374635987702,-0.015811898605432417,0.961509868900349,0.9488396444528191,0.01897562732222693,0.003967051362259388,0.04064967087253768,1
2021-03-09,AAPL,121.08999633789062,0.04064967087253768,-0.041673510417560844,0.010738374635987702,1.0073037497650958,0.9912653153271369,0.0322715858625695,-0.1609751736986046,-0.009166677797724065,0
2021-03-10,AAPL,119.9800033569336,-0.009166677797724065,0.04064967087253768,-0.041673510417560844,1.0015359796048138,0.986515405837808,0.03078894213151336,-0.1357451565634028,0.016502714386902317,1
2021-03-11,AAPL,121.95999908447266,0.016502714386902317,-0.009166677797724065,0.04064967087253768,1.0149631296088624,1.0019964283374028,0.030832665581530715,-0.07965461086103409,-0.007625453527034254,0
2021-03-12,AAPL,121.02999877929688,-0.007625453527034254,0.016502714386902317,-0.009166677797724065,1.0078778117683684,0.9945436857631844,0.030835237105972375,-0.14483069889785638,0.0244567389434609,1
2021-03-15,AAPL,123.98999786376952,0.0244567389434609,-0.007625453527034254,0.016502714386902317,1.0195707490931207,1.0220584491972875,0.021358806229030667,0.048790592145063094,0.012742978129499427,1
2021-03-16,AAPL,125.56999969482422,0.012742978129499427,0.0244567389434609,-0.007625453527034254,1.025011019420037,1.0346987109580228,0.015021290104554259,0.24700391109456543,-0.006450565903976191,0
2021-03-17,AAPL,124.76000213623048,-0.006450565903976191,0.012742978129499427,0.0244567389434609,1.0105133776355901,1.0257422393088835,0.014305261177374531,-0.02859810861779133,-0.033905124114335106,0
2021-03-18,AAPL,120.52999877929688,-0.033905124114335106,-0.006450565903976191,0.012742978129499427,0.9785185370268004,0.9906385298904321,0.022285547576762457,0.08305980563303272,-0.004480220036475413,0
2021-03-19,AAPL,119.98999786376952,-0.004480220036475413,-0.033905124114335106,-0.006450565903976191,0.975782305790562,0.987360716275883,0.02213646819149116,0.5305614053321916,0.028335707862409576,1
2021-03-22,AAPL,123.38999938964844,0.028335707862409576,-0.004480220036475413,-0.033905124114335106,1.0044119547634436,1.0094985647220576,0.02331154273319458,-0.3968601370523769,-0.006888714468965329,0
2021-03-23,AAPL,122.54000091552734,-0.006888714468965329,0.028335707862409576,-0.004480220036475413,1.002437796330878,1.00135650652459,0.022091842701808216,-0.14694720776894055,-0.019993508726392273,0
2021-03-24,AAPL,120.08999633789062,-0.019993508726392273,-0.006888714468965329,0.028335707862409576,0.9899594228507752,0.9812476793418288,0.023167566132899883,-0.07265958639154224,0.0041635441356262515,1
2021-03-25,AAPL,120.58999633789062,0.0041635441356262515,-0.019993508726392273,-0.006888714468965329,0.9939828400752354,0.9864373855763215,0.017939175864580804,0.1165044815063736,0.005141411107143501,1
2021-03-26,AAPL,121.20999908447266,0.005141411107143501,0.0041635441356262515,-0.019993508726392273,0.9970879591553877,0.9913630954977237,0.017823632629001242,-0.048292928199488716,0.0014850285169158983,1
2021-03-29,AAPL,121.38999938964844,0.0014850285169158983,0.005141411107143501,0.0041635441356262515,1.0018652485847488,0.9949510711903008,0.010504490252438164,-0.14087202034203883,-0.012274469653688724,0
2021-03-30,AAPL,119.9000015258789,-0.012274469653688724,0.0014850285169158983,0.005141411107143501,0.9938990266735112,0.9873269900065982,0.011226271236778926,0.06004390045929675,0.018765637792876655,1
2021-03-31,AAPL,122.1500015258789,0.018765637792876655,-0.012274469653688724,0.0014850285169158983,1.0091038427484518,1.0080212779381372,0.01105733515025654,0.3811273007835707,0.006958644809685222,1
2021-04-01,AAPL,123.0,0.006958644809685222,0.018765637792876655,-0.012274469653688724,1.0120957762785558,1.012970976099119,0.011172094018517733,-0.36539309927504016,0.02357724817787732,1
2021-04-05,AAPL,125.9000015258789,0.02357724817787732,0.006958644809685222,0.018765637792876655,1.0280236527924544,1.0318319067600648,0.01425386119822483,0.18061343124368245,0.002462252222689809,1
2021-04-06,AAPL,126.20999908447266,0.002462252222689809,0.02357724817787732,0.006958644809685222,1.0225063057842916,1.0319874366333486,0.014153644835584114,-0.09565465554893782,0.013390400551981152,1
2021-04-07,AAPL,127.9000015258789,0.013390400551981152,0.002462252222689809,0.02357724817787732,1.022938134050936,1.0412426682123301,0.008555853508067725,0.04110448502144792,0.019233769000189582,1
2021-04-08,AAPL,130.36000061035156,0.019233769000189582,0.013390400551981152,0.002462252222689809,1.0290983157163347,1.052470112029726,0.00863647950811214,0.06443168353367268,0.020251606146730827,1
2021-04-09,AAPL,133.0,0.020251606146730827,0.019233769000189582,0.013390400551981152,1.0336198410884534,1.0631324802623523,0.008303514401982785,0.20082368540125128,-0.013233041404781432,0
2021-04-12,AAPL,131.24000549316406,-0.013233041404781432,0.020251606146730827,0.019233769000189582,1.0115460231450641,1.040720069636851,0.014017652632752984,-0.1430984368248338,0.024306515156183428,1
2021-04-13,AAPL,134.42999267578125,0.024306515156183428,-0.013233041404781432,0.020251606146730827,1.0231683178826665,1.0551059364502557,0.015061432627944632,-0.0016790636622183719,-0.017853113347054084,0
2021-04-14,AAPL,132.02999877929688,-0.017853113347054084,0.024306515156183428,-0.013233041404781432,0.9986234174424861,1.0264962343455408,0.02031493363222148,-0.04430650896002364,0.018707878842231906,1
2021-04-15,AAPL,134.5,0.018707878842231906,-0.017853113347054084,0.024306515156183428,1.0109741477529288,1.0357547150450783,0.02023399066195082,0.024354870515507443,-0.002527853813313219,0
2021-04-16,AAPL,134.16000366210938,-0.002527853813313219,0.018707878842231906,-0.017853113347054084,1.006663091566313,1.0243332848621278,0.01886368897153675,-0.04952259222739186,0.005068520104500429,1
2021-04-19,AAPL,134.83999633789062,0.005068520104500429,-0.002527853813313219,0.018707878842231906,1.006328721548232,1.0225454171636899,0.016868057342695208,0.11000395655327688,-0.012829989428388311,0
2021-04-20,AAPL,133.11000061035156,-0.012829989428388311,0.005068520104500429,-0.002527853813313219,0.9953786845825688,1.004171795084352,0.014556826414624318,0.005814508583322109,0.002929902996470446,1
2021-04-21,AAPL,133.5,0.002929902996470446,-0.012829989428388311,0.005068520104500429,0.9961051161630563,1.0028771695848937,0.011505434901038938,-0.27385898243160434,-0.011685374970739737,0
2021-04-22,AAPL,131.94000244140625,-0.011685374970739737,0.002929902996470446,-0.012829989428388311,0.9882405949983676,0.9899831359325173,0.008204877288718273,0.22832334259540343,0.01803853902359487,1
2021-04-23,AAPL,134.32000732421875,0.01803853902359487,-0.011685374970739737,0.002929902996470446,1.0058259272260595,1.0068437682189417,0.012848703074006526,-0.06987400448168013,0.002977917470767144,1
2021-04-26,AAPL,134.72000122070312,0.002977917470767144,0.01803853902359487,-0.011685374970739737,1.0090025231091486,1.0072146903915786,0.012687918246893307,-0.1494123255887868,-0.002449538509980198,0
2021-04-27,AAPL,134.38999938964844,-0.002449538509980198,0.002977917470767144,0.01803853902359487,1.004604761051455,1.0047775224740032,0.010795097807500117,-0.013291961300409105,-0.0060272160300057775,0
2021-04-28,AAPL,133.5800018310547,-0.0060272160300057775,-0.002449538509980198,0.002977917470767144,0.9984303714289599,0.9975654604904699,0.011324602287061607,0.6323380160507031,-0.0007486607437100501,0
2021-04-29,AAPL,133.47999572753906,-0.0007486607437100501,-0.0060272160300057775,-0.002449538509980198,0.9953913901323616,0.9975785094250995,0.009345309209645436,0.4021980306254356,-0.015133271488823707,0
2021-04-30,AAPL,131.4600067138672,-0.015133271488823707,-0.0007486607437100501,-0.0060272160300057775,0.9845274010485946,0.9844684168242597,0.006880125437148571,-0.27307231586819414,0.008215324183090233,1
2021-05-03,AAPL,132.5399932861328,0.008215324183090233,-0.015133271488823707,-0.0007486607437100501,0.9958674122320389,0.9942686823841594,0.008474578029942807,-0.3159555533300862,-0.035385506636376296,0
2021-05-04,AAPL,127.8499984741211,-0.035385506636376296,0.008215324183090233,-0.015133271488823707,0.9701628389605835,0.962885401625552,0.016611541338626534,0.8308979425062322,0.0019554762016296134,1
2021-05-05,AAPL,128.10000610351562,0.0019554762016296134,-0.035385506636376296,0.008215324183090233,0.980212157719176,0.9687079726814392,0.0174301404071009,-0.38937169201110455,0.01280249267375666,1
2021-05-06,AAPL,129.74000549316406,0.01280249267375666,0.0019554762016296134,-0.035385506636376296,0.9984762231377505,0.9827448072507045,0.01977762936770516,-0.0699111557138078,0.003622639130594907,1
2021-05-07,AAPL,130.2100067138672,0.003622639130594907,0.01280249267375666,0.0019554762016296134,1.0040250808987714,0.9893851028773468,0.019268014477759523,0.010815543151457385,-0.025804531652698692,0
2021-05-10,AAPL,126.8499984741211,-0.025804531652698692,0.003622639130594907,0.01280249267375666,0.9867755384108995,0.9696529375513127,0.020810632436346038,0.11520222657531098,-0.007410286348592199,0
2021-05-11,AAPL,125.91000366210938,-0.007410286348592199,-0.025804531652698692,0.003622639130594907,0.9824284861707064,0.9687471306563206,0.014642631768687606,0.4322820626947288,-0.02493850311901713,0
2021-05-12,AAPL,122.7699966430664,-0.02493850311901713,-0.007410286348592199,-0.025804531652698692,0.9659626937164804,0.9525102262185808,0.017113548080504328,-0.11075146579907846,0.017919724996269926,1
2021-05-13,AAPL,124.97000122070312,0.017919724996269926,-0.02493850311901713,-0.007410286348592199,0.9907088827702554,0.9760231145148448,0.018767543520782047,-0.056261661747151526,0.019844728361323227,1
2021-05-14,AAPL,127.4499969482422,0.019844728361323227,0.017919724996269926,-0.02493850311901713,1.01481007697773,0.9985192319540052,0.022217694172371023,-0.22617613802211012,-0.009258535374112253,0
2021-05-17,AAPL,126.2699966430664,-0.009258535374112253,0.019844728361323227,0.017919724996269926,1.0063439248435864,0.9941579977602935,0.019199856863314022,-0.09367172050098882,-0.011245729046459818,0
2021-05-18,AAPL,124.8499984741211,-0.011245729046459818,-0.009258535374112253,0.019844728361323227,0.9967108978114391,0.9853052390599997,0.019603917483620854,-0.14683492132761167,-0.0012815060846638193,0
2021-05-19,AAPL,124.69000244140624,-0.0012815060846638193,-0.011245729046459818,-0.009258535374112253,0.9923913478295917,0.9866979115378557,0.014812961245498068,0.46207388673395133,0.021012070461853716,1
2021-05-20,AAPL,127.30999755859376,0.021012070461853716,-0.0012815060846638193,-0.011245729046459818,1.0094834765415204,1.0093714138161871,0.015623769403644055,-0.17011726342158684,-0.014767082628783568,0
2021-05-21,AAPL,125.43000030517578,-0.014767082628783568,0.021012070461853716,-0.0012815060846638193,0.9977726610346348,0.9982491131458768,0.014362275291119742,0.031725110627385034,0.01331418452429367,1
2021-05-24,AAPL,127.0999984741211,0.01331418452429367,-0.014767082628783568,0.021012070461853716,1.0097238475069035,1.0113387646366527,0.015452025720005366,-0.20433089435200524,-0.0015735401309459052,0
2021-05-25,AAPL,126.9000015258789,-0.0015735401309459052,0.01331418452429367,-0.014767082628783568,1.004861991547337,1.0089525856789492,0.014010300356906761,0.14132493513533229,-0.0003940350760958111,0
2021-05-26,AAPL,126.8499984741211,-0.0003940350760958111,-0.0015735401309459052,0.01331418452429367,1.0010416768517962,1.0052939347274463,0.013942558751276726,-0.21432727626215986,-0.012376820762394547,0
2021-05-27,AAPL,125.27999877929688,-0.012376820762394547,-0.0003940350760958111,-0.0015735401309459052,0.9918297490625494,0.9926077330324479,0.011194198533950194,0.6725425490358969,-0.005348005870638883,0
2021-05-28,AAPL,124.61000061035156,-0.005348005870638883,-0.012376820762394547,-0.0003940350760958111,0.9878079797728753,0.9895258540503464,0.009401453737098203,-0.24638681287093556,-0.002648277260559384,0
2021-06-01,AAPL,124.27999877929688,-0.002648277260559384,-0.005348005870638883,-0.012376820762394547,0.9896165048231086,0.9884673445620084,0.004785664402018976,-0.051520730994193076,0.006276140867059743,1
2021-06-02,AAPL,125.05999755859376,0.006276140867059743,-0.002648277260559384,-0.005348005870638883,0.998754142576164,0.9945049988063052,0.0068254603150248025,-0.1235741922702186,-0.012154139395007313,0
2021-06-03,AAPL,123.54000091552734,-0.012154139395007313,0.006276140867059743,-0.002648277260559384,0.9918589654402771,0.9833168964765012,0.0077150697400092645,0.2859415407505874,0.019022166559055975,1
2021-06-04,AAPL,125.88999938964844,0.019022166559055975,-0.012154139395007313,0.006276140867059743,1.0097372384766408,1.003155528631523,0.01203401704201002,-0.013904120730638625,7.945139629006448e-05,1
2021-06-07,AAPL,125.9000015258789,7.945139629006448e-05,0.019022166559055975,-0.012154139395007313,1.0077320977069606,1.0028596388728934,0.01154997815799812,-0.05469919235645404,0.0066719327061957046,1
2021-06-08,AAPL,126.73999786376952,0.0066719327061957046,7.945139629006448e-05,0.019022166559055975,1.0104762841742598,1.0098402320707356,0.011339204875532225,0.047091373758753496,0.003077161087438496,1
2021-06-09,AAPL,127.12999725341795,0.003077161087438496,0.0066719327061957046,7.945139629006448e-05,1.010251095597793,1.0127620781795479,0.011267217250477881,-0.23555114120515352,-0.00802325702118245,0
2021-06-10,AAPL,126.11000061035156,-0.00802325702118245,0.003077161087438496,0.0066719327061957046,0.9980689276195592,1.0052290184868475,0.009917772162375323,0.25156519491753393,0.009832668763525065,1
2021-06-11,AAPL,127.3499984741211,0.009832668763525065,-0.00802325702118245,0.003077161087438496,1.005558796435444,1.01344091790977,0.006854843886772968,-0.24813728464987694,0.024577913552578545,1
2021-06-14,AAPL,130.47999572753906,0.024577913552578545,0.009832668763525065,-0.00802325702118245,1.0228751335646462,1.0335212990116374,0.011810411850613906,0.8105783746618238,-0.006437740384699686,0
2021-06-15,AAPL,129.63999938964844,-0.006437740384699686,0.024577913552578545,0.009832668763525065,1.0116901649623942,1.0225265060593973,0.013322866416521128,-0.3525067977896219,0.003933928642679829,1
2021-06-16,AAPL,130.14999389648438,0.003933928642679829,-0.006437740384699686,0.024577913552578545,1.0109051644541487,1.0224442461518541,0.013303793770381279,0.46327353166640894,0.012600841079968284,1
2021-06-17,AAPL,131.7899932861328,0.012600841079968284,0.003933928642679829,-0.006437740384699686,1.0146902356587886,1.0286610437968033,0.011404727115660733,0.05344115885203937,-0.010091711359132227,0
2021-06-18,AAPL,130.4600067138672,-0.010091711359132227,0.012600841079968284,0.003933928642679829,0.9996629138600513,1.0146607681284594,0.01414877123638246,0.12646179709413707,0.014103911108376721,1
2021-06-21,AAPL,132.3000030517578,0.014103911108376721,-0.010091711359132227,0.012600841079968284,1.010942352539919,1.0238749716196736,0.010916161978588862,-0.26883077428586377,0.012698357044814257,1
2021-06-22,AAPL,133.97999572753906,0.012698357044814257,0.014103911108376721,-0.010091711359132227,1.017034047013231,1.0310991878020062,0.01018844764665397,-0.06125405299554498,-0.002089855114387973,0
2021-06-23,AAPL,133.6999969482422,-0.002089855114387973,0.012698357044814257,0.014103911108376721,1.0094679930751,1.0237679454509852,0.010919677543606664,-0.19482078958488225,-0.0021689849869261923,0
2021-06-24,AAPL,133.41000366210938,-0.0021689849869261923,-0.002089855114387973,0.012698357044814257,1.0048203843904646,1.0158689444221962,0.010488972291173024,0.14110957216071962,-0.00224872980678148,0
2021-06-25,AAPL,133.11000061035156,-0.00224872980678148,-0.0021689849869261923,-0.002089855114387973,0.9985746482396965,1.009158327538976,0.00854286838297347,0.030165475688026744,0.012546000760933262,1
2021-06-28,AAPL,134.77999877929688,0.012546000760933262,-0.00224872980678148,-0.0021689849869261923,1.007354477264443,1.0184989238236557,0.00810194017817882,-0.12251973265031357,0.011500245331623304,1
2021-06-29,AAPL,136.3300018310547,0.011500245331623304,0.012546000760933262,-0.00224872980678148,1.0153724804434048,1.025029904994101,0.007782440512730183,0.039361597648092994,0.0046211756352296796,1
2021-06-30,AAPL,136.9600067138672,0.0046211756352296796,0.011500245331623304,0.012546000760933262,1.0151351514210687,1.024520922513769,0.007126792167100477,-0.02005542466165089,0.002263416642797056,1
2021-07-01,AAPL,137.27000427246094,0.002263416642797056,0.0046211756352296796,0.011500245331623304,1.0116442022450178,1.0226477121354172,0.006258198869126713,-0.17033451678274592,0.01959643299833358,1
2021-07-02,AAPL,139.9600067138672,0.01959643299833358,0.002263416642797056,0.0046211756352296796,1.0211586383647495,1.0353602960354036,0.0068839533117231256,0.5023606384965076,0.01471847284778427,1
2021-07-06,AAPL,142.02000427246094,0.01471847284778427,0.01959643299833358,0.002263416642797056,1.0253559317223966,1.0430989058931077,0.007140290592938838,0.37194968840596254,0.01795523852305836,1
2021-07-07,AAPL,144.57000732421875,0.01795523852305836,0.01471847284778427,0.01959643299833358,1.031493487830072,1.05363275571549,0.007900410831716317,-0.03022874457625957,-0.009199707848613237,0
2021-07-08,AAPL,143.24000549316406,-0.009199707848613237,0.01795523852305836,0.01471847284778427,1.0129267658002354,1.036731454276805,0.012265502950555743,0.006328184871835063,0.013054977977341231,1
2021-07-09,AAPL,145.11000061035156,0.013054977977341231,-0.009199707848613237,0.01795523852305836,1.0148971580276895,1.04144684965342,0.011705755674298086,-0.05384487878342992,-0.004203711720665804,0
2021-07-12,AAPL,144.5,-0.004203711720665804,0.013054977977341231,-0.009199707848613237,1.004253283421162,1.0286600815504556,0.012275765626369785,-0.2361688964349069,0.007889269132515198,1
2021-07-13,AAPL,145.63999938964844,0.007889269132515198,-0.004203711720665804,0.013054977977341231,1.00710865493838,1.0288216701186137,0.011482155150929657,0.3214612901492404,0.024100484218248397,1
2021-07-14,AAPL,149.14999389648438,0.024100484218248397,0.007889269132515198,-0.004203711720665804,1.0248886401351827,1.0441606173334914,0.01337514160443374,0.260085830099249,-0.004492109932034749,0
2021-07-15,AAPL,148.47999572753906,-0.004492109932034749,0.024100484218248397,0.007889269132515198,1.0129898334631238,1.0311540335178986,0.012115155322384115,-0.15923158295736828,-0.014075945568625792,0
2021-07-16,AAPL,146.38999938964844,-0.014075945568625792,-0.004492109932034749,0.024100484218248397,0.9969897685926953,1.010241108682758,0.014680447377938275,-0.12702548111173628,-0.026914423511397723,0
2021-07-19,AAPL,142.4499969482422,-0.026914423511397723,-0.014075945568625792,-0.004492109932034749,0.9728729275549838,0.9813647249406044,0.019680959491907284,0.3022281703009284,0.025974005107115117,1
2021-07-20,AAPL,146.14999389648438,0.025974005107115117,-0.026914423511397723,-0.014075945568625792,0.9974475028972893,1.00399809458009,0.023419876480023645,-0.20656880329000138,-0.005131714206784155,0
2021-07-21,AAPL,145.39999389648438,-0.005131714206784155,0.025974005107115117,-0.026914423511397723,0.99743437042593,0.9982766748467463,0.019508031334629635,-0.22165542293720808,0.009628674099327439,1
2021-07-22,AAPL,146.8000030517578,0.009628674099327439,-0.005131714206784155,0.025974005107115117,1.0093648540219267,1.0054312833199144,0.02057961164038453,0.03126537633261539,0.011989063148829748,1
2021-07-23,AAPL,148.55999755859375,0.011989063148829748,0.009628674099327439,-0.005131714206784155,1.018427117899713,1.0150869152638928,0.020084107276317816,-0.07616934451538826,0.002894506876931713,1
2021-07-26,AAPL,148.99000549316406,0.002894506876931713,0.011989063148829748,0.009628674099327439,1.012297912276663,1.014911394331806,0.011558588070007024,0.013810159641918451,-0.014900336524955593,0
2021-07-27,AAPL,146.77000427246094,-0.014900336524955593,0.002894506876931713,0.011989063148829748,0.9963748670848477,0.9990198746056851,0.011058563003923277,0.44708914723866244,-0.012196010716187922,0
2021-07-28,AAPL,144.97999572753906,-0.012196010716187922,-0.014900336524955593,0.002894506876931713,0.9847846388086495,0.9896448194625893,0.012392077694253935,0.13463831800844517,0.0045523774421245555,1
2021-07-29,AAPL,145.63999938964844,0.0045523774421245555,-0.012196010716187922,-0.014900336524955593,0.990829175890856,0.9960810627179514,0.01153111341796473,-0.5232579844481515,0.001510582406104799,1
2021-07-30,AAPL,145.86000061035156,0.001510582406104799,0.0045523774421245555,-0.012196010716187922,0.9959849196720328,0.9979474652709344,0.009169829310209075,0.242349579802291,-0.002330977214232255,0
2021-08-02,AAPL,145.52000427246094,-0.002330977214232255,0.001510582406104799,0.0045523774421245555,0.9983945786691314,0.9935344101700896,0.008515037486729358,-0.10733298694218962,0.012644284523559701,1
2021-08-03,AAPL,147.36000061035156,0.012644284523559701,-0.002330977214232255,0.001510582406104799,1.0102007272611333,1.0052664619170655,0.009131883076253296,0.030321246819338343,-0.00278232668574363,0
2021-08-04,AAPL,146.9499969482422,-0.00278232668574363,0.012644284523559701,-0.002330977214232255,1.004676388089636,1.0014106032564818,0.006306736155555371,-0.12993890711968215,0.0007485580989179397,1
2021-08-05,AAPL,147.05999755859375,0.0007485580989179397,-0.00278232668574363,0.012644284523559701,1.0034800242824546,1.0019826892189023,0.006259505407033584,-0.17688310628491544,-0.006255937605185613,0
2021-08-06,AAPL,146.13999938964844,-0.006255937605185613,0.0007485580989179397,-0.00278232668574363,0.9968214099901302,0.997358841466288,0.007278922137295289,0.16658368841558957,-0.0003421585600564825,0
2021-08-09,AAPL,146.08999633789062,-0.0003421585600564825,-0.006255937605185613,0.0007485580989179397,0.9957060943367156,0.9989947607355254,0.007145165103796561,-0.09640510800564606,-0.00335403002709167,0
2021-08-10,AAPL,145.60000610351562,-0.00335403002709167,-0.0003421585600564825,-0.006255937605185613,0.9947529981423159,0.9964413249904556,0.0027419286781873334,0.41126425359905294,0.00178567648308392,1
2021-08-11,AAPL,145.86000061035156,0.00178567648308392,-0.00335403002709167,-0.0003421585600564825,0.9980157414324431,0.9976198322094681,0.003288134036349203,-0.29743086010335673,0.020773335846824503,1
2021-08-12,AAPL,148.88999938964844,0.020773335846824503,0.00178567648308392,-0.00335403002709167,1.0162030018394155,1.0160851084984113,0.010647027194396488,0.490562652726654,0.0014104823341263284,1
2021-08-13,AAPL,149.10000610351562,0.0014104823341263284,0.020773335846824503,0.00178567648308392,1.0135411015810813,1.015273397658315,0.00956392682384581,-0.17857132975294188,0.013547880154139325,1
2021-08-16,AAPL,151.1199951171875,0.013547880154139325,0.0014104823341263284,0.020773335846824503,1.0202951349812615,1.0251191877795127,0.009975937697188698,0.739722105263158,-0.006154001494375949,0
2021-08-17,AAPL,150.19000244140625,-0.006154001494375949,0.013547880154139325,0.0014104823341263284,1.007770154753968,1.0168585134827777,0.010740043493117243,-0.10713193153655509,-0.025501043803157875,0
2021-08-18,AAPL,146.36000061035156,-0.025501043803157875,-0.006154001494375949,0.013547880154139325,0.9814124392588017,0.9913235500119753,0.01804104451477519,-0.064010833820342,0.002323014050784167,1
2021-08-19,AAPL,146.6999969482422,0.002323014050784167,-0.025501043803157875,-0.006154001494375949,0.9865898873348993,0.9938687486530775,0.014472261486146313,0.007347728378472196,0.010156820205591055,1
2021-08-20,AAPL,148.19000244140625,0.010156820205591055,0.002323014050784167,-0.025501043803157875,0.9978318447575201,1.002570880383503,0.015604038311449377,-0.3037098538068521,0.010257131030562805,1
2021-08-23,AAPL,149.7100067138672,0.010257131030562805,0.010156820205591055,0.002323014050784167,1.0099845163902739,1.010379862921554,0.014883167229921647,-0.006900128159393337,-0.0006012396810035625,0
2021-08-24,AAPL,149.6199951171875,-0.0006012396810035625,0.010257131030562805,0.010156820205591055,1.0101541679984472,1.0070402261768803,0.01468132980044597,-0.1916689671687859,-0.008421297606974743,0
2021-08-25,AAPL,148.36000061035156,-0.008421297606974743,-0.0006012396810035625,0.010257131030562805,0.9989496097694881,0.996882223718942,0.00786493425621754,0.2136529345929754,-0.005527145597501004,0
2021-08-26,AAPL,147.5399932861328,-0.005527145597501004,-0.008421297606974743,-0.0006012396810035625,0.9923057871023516,0.9922724165654239,0.008708054978069384,-0.1761971680569847,0.007184579541948732,1
2021-08-27,AAPL,148.60000610351562,0.007184579541948732,-0.005527145597501004,-0.008421297606974743,0.9988841922059699,0.9997376608059444,0.00801534834457358,0.14826368597367745,0.03041715227469921,1
2021-08-30,AAPL,153.1199951171875,0.03041715227469921,0.007184579541948732,-0.005527145597501004,1.0245703998601625,1.0287625903155637,0.015591432140017262,0.6299782805040643,-0.008424721311841354,0
2021-08-31,AAPL,151.8300018310547,-0.008424721311841354,0.03041715227469921,0.007184579541948732,1.0129428410788306,1.0189727854837891,0.016604841194032022,-0.04951366969118276,0.004478644981759983,1
2021-09-01,AAPL,152.50999450683594,0.004478644981759983,-0.008424721311841354,0.03041715227469921,1.0118763028107536,1.0193291933685449,0.015331032666554022,-0.07101422621051179,0.007474915944589711,1
2021-09-02,AAPL,153.64999389648438,0.007474915944589711,0.004478644981759983,-0.008424721311841354,1.0112411026883916,1.0222003084039106,0.014012361621793588,-0.11452840548997245,0.0042304535053308,1
2021-09-03,AAPL,154.3000030517578,0.0042304535053308,0.007474915944589711,0.004478644981759983,1.0079565552419465,1.0223689012361517,0.014129050314901642,-0.1871153264759441,0.01548930228372547,1
2021-09-07,AAPL,156.69000244140625,0.01548930228372547,0.0042304535053308,0.007474915944589711,1.0188171559206842,1.0334252541988465,0.008611392786349615,0.4232857684051017,-0.010083616098260806,0
2021-09-08,AAPL,155.11000061035156,-0.010083616098260806,0.01548930228372547,0.0042304535053308,1.004260234336006,1.0193138080274642,0.009249380120016486,-0.09550634857550533,-0.006704875778740793,0
2021-09-09,AAPL,154.07000732421875,-0.006704875778740793,-0.010083616098260806,0.01548930228372547,0.9955157909200051,1.0086944488674774,0.010472183958704015,-0.22997116374317728,-0.03310187486902216,0
2021-09-10,AAPL,148.97000122070312,-0.03310187486902216,-0.006704875778740793,-0.010083616098260806,0.9684192629660225,0.9743925213459863,0.018153035983437437,1.458624534732147,0.003893413615506436,1
2021-09-13,AAPL,149.5500030517578,0.003893413615506436,-0.03310187486902216,-0.006704875778740793,0.9782310089473086,0.977578786465057,0.018105956170898076,-0.2731778396686284,-0.009562072252685905,0
2021-09-14,AAPL,148.1199951171875,-0.009562072252685905,0.003893413615506436,-0.03310187486902216,0.9798628885306122,0.9714060520772422,0.013524049206049181,0.06730186134761929,0.006143692223250508,1
2021-09-15,AAPL,149.02999877929688,0.006143692223250508,-0.009562072252685905,0.003893413615506436,0.9938778622415108,0.9791721338981398,0.015617534497557302,-0.2380226961022468,-0.0016104508832446296,0
2021-09-16,AAPL,148.7899932861328,-0.0016104508832446296,0.006143692223250508,-0.009562072252685905,0.9993149060657818,0.979990472151122,0.015876288029622005,-0.1830807155988199,-0.018347979371765355,0
2021-09-17,AAPL,146.05999755859375,-0.018347979371765355,-0.0016104508832446296,0.006143692223250508,0.9848290739866604,0.9668429480737154,0.010095273639224049,0.9088780479200871,-0.02136105141269684,0
2021-09-20,AAPL,142.94000244140625,-0.02136105141269684,-0.018347979371765355,-0.0016104508832446296,0.9724603704675593,0.9533591822136619,0.011450101992810293,-0.049202733835994494,0.003427943374884501,1
2021-09-21,AAPL,143.42999267578125,0.003427943374884501,-0.02136105141269684,-0.018347979371765355,0.9820609084066642,0.965163104305966,0.012683128758649638,-0.3858545873019601,0.016872436389261614,1
2021-09-22,AAPL,145.85000610351562,0.016872436389261614,0.003427943374884501,-0.02136105141269684,1.002998388705268,0.9876016978800883,0.015839868947173968,0.007520373447266415,0.0067192025130498045,1
2021-09-23,AAPL,146.8300018310547,0.0067192025130498045,0.016872436389261614,0.003427943374884501,1.012467085735009,0.9991358194834273,0.016600572517998874,-0.15138022336439183,0.0006129288072487249,1
2021-09-24,AAPL,146.9199981689453,0.0006129288072487249,0.0067192025130498045,0.016872436389261614,1.0118875292498481,1.0011447835043872,0.014056862610467418,-0.17520998423768708,-0.010549980064493591,0
2021-09-27,AAPL,145.3699951171875,-0.010549980064493591,0.0006129288072487249,0.0067192025130498045,0.997872023169227,0.9934123101727065,0.009935954606590604,0.3865671613881623,-0.0238012765446467,0
2021-09-28,AAPL,141.91000366210938,-0.0238012765446467,-0.010549980064493591,0.0006129288072487249,0.9761583941560484,0.9739007821719857,0.015711574230760545,0.4696058162633663,0.006482969101571312,1
2021-09-29,AAPL,142.8300018310547,0.006482969101571312,-0.0238012765446467,-0.010549980064493591,0.9865858157007007,0.9844031245618539,0.013048068389922925,-0.3154040063392256,-0.009311781936598096,0
2021-09-30,AAPL,141.5,-0.009311781936598096,0.006482969101571312,-0.0238012765446467,0.9846492160410343,0.9801612594540487,0.011613414039090343,0.19375754001233214,0.00812716534617941,1
2021-10-01,AAPL,142.64999389648438,0.00812716534617941,-0.009311781936598096,0.006482969101571312,0.9985859140478511,0.9904667610010722,0.013264403350522466,0.06268927548404557,-0.02460564077824645,0
2021-10-04,AAPL,139.13999938964844,-0.02460564077824645,0.00812716534617941,-0.009311781936598096,0.9825854810497964,0.9686514490724223,0.01577226710882162,0.03890971644005248,0.014158410445197056,1
2021-10-05,AAPL,141.11000061035156,0.014158410445197056,-0.02460564077824645,0.00812716534617941,0.997624545500148,0.9839552095048196,0.015774860884082507,-0.1775889424543846,0.00630713192402288,1
2021-10-06,AAPL,142.0,0.00630713192402288,0.014158410445197056,-0.02460564077824645,1.0050962714250011,0.9928264829148258,0.015754107710242004,0.029185850798467916,0.009084459761498742,1
2021-10-07,AAPL,143.2899932861328,0.009084459761498742,0.00630713192402288,0.014158410445197056,1.0116635075298188,1.0043315765954224,0.015492605665490171,-0.25820855528225417,-0.00272174895611621,0
2021-10-08,AAPL,142.89999389648438,-0.00272174895611621,0.009084459761498742,0.00630713192402288,1.0085539811549946,1.004428169927935,0.015285821722394562,-0.04794055662558094,-0.0006297854565047167,0
2021-10-11,AAPL,142.80999755859375,-0.0006297854565047167,-0.00272174895611621,0.009084459761498742,1.0027243016968066,1.0056050752348542,0.006951627750859578,0.0966256729257553,-0.009103025516294383,0
2021-10-12,AAPL,141.50999450683594,-0.009103025516294383,-0.0006297854565047167,-0.00272174895611621,0.9930386845681771,0.996731774839751,0.007267250370826367,0.1331793173855973,-0.004239918507647045,0
2021-10-13,AAPL,140.91000366210938,-0.004239918507647045,-0.009103025516294383,-0.0006297854565047167,0.9903433066758865,0.993849755026596,0.006700586950306337,0.0784107541633634,0.02022561046524851,1
2021-10-14,AAPL,143.75999450683594,0.02022561046524851,-0.004239918507647045,-0.009103025516294383,1.009706539714499,1.01233731487578,0.011349317926799652,-0.11243393128981105,0.007512533892058082,1
2021-10-15,AAPL,144.83999633789062,0.007512533892058082,0.02022561046524851,-0.004239918507647045,1.0145272618302057,1.018372032107968,0.01149842127259097,-0.028134481333083494,0.01180617755525204,1
2021-10-18,AAPL,146.5500030517578,0.01180617755525204,0.007512533892058082,0.02022561046524851,1.021154763104942,1.0250545952006003,0.011920977880262144,0.2597707104619791,0.01508011879261173,1
2021-10-19,AAPL,148.75999450683594,0.01508011879261173,0.01180617755525204,0.007512533892058082,1.0261857849900982,1.0349745533441737,0.009254271837557677,-0.10761053964752565,0.003361118704377386,1
2021-10-20,AAPL,149.25999450683594,0.003361118704377386,0.01508011879261173,0.01180617755525204,1.0179085204387486,1.0332343297295328,0.006541051031256104,-0.23514478475076228,0.0014739463272126496,1
2021-10-21,AAPL,149.47999572753906,0.0014739463272126496,0.003361118704377386,0.01508011879261173,1.011517268726881,1.0303422917166518,0.005675471474467227,0.051390990571528405,-0.005284943194491021,0
2021-10-22,AAPL,148.69000244140625,-0.005284943194491021,0.0014739463272126496,0.003361118704377386,1.0009559495678053,1.0208229251531855,0.008191752426446774,-0.04131485973852589,-0.0003362906109138919,0
2021-10-25,AAPL,148.63999938964844,-0.0003362906109138919,-0.005284943194491021,0.0014739463272126496,0.9978115950573839,1.016411389229605,0.007550826677187596,-0.138626505942252,0.004574865025313457,1
2021-10-26,AAPL,149.32000732421875,0.004574865025313457,-0.0003362906109138919,-0.005284943194491021,1.0016233612369847,1.015637277613898,0.003859141705321748,0.20056545072416343,-0.0031476104851951847,0
2021-10-27,AAPL,148.85000610351562,-0.0031476104851951847,0.004574865025313457,-0.0003362906109138919,0.9990201341539573,1.0070020411875715,0.0038591890226118727,-0.07880164352787,0.02499160946030532,1
2021-10-28,AAPL,152.57000732421875,0.02499160946030532,-0.0031476104851951847,0.004574865025313457,1.0197575274932846,1.0260532000547444,0.012216308943181266,0.7840819753667445,-0.0181556278395828,0
2021-10-29,AAPL,149.8000030517578,-0.0181556278395828,0.02499160946030532,-0.0031476104851951847,0.9997597267292272,1.0040752969563527,0.015593187660456797,0.24855937224901803,-0.005607452074619768,0
2021-11-01,AAPL,148.9600067138672,-0.005607452074619768,-0.0181556278395828,0.02499160946030532,0.9937291570955686,0.9968347353683069,0.015930137227742523,-0.4030701094489777,0.007115987586049588,1
2021-11-02,AAPL,150.02000427246094,0.007115987586049588,-0.005607452074619768,-0.0181556278395828,0.9998666940817724,1.003082406131601,0.01613066991624105,-0.07328629289043997,0.009798701365408391,1
2021-11-03,AAPL,151.49000549316406,0.009798701365408391,0.007115987586049588,-0.005607452074619768,1.006123479684797,1.0114032504962707,0.016328406510727197,-0.2113726454674344,-0.003498572579567205,0
2021-11-04,AAPL,150.9600067138672,-0.003498572579567205,0.009798701365408391,0.007115987586049588,1.0047522159651456,1.0068698845962136,0.011164119400754026,0.10792401603331414,0.0021197141706292832,1
2021-11-05,AAPL,151.27999877929688,0.0021197141706292832,-0.003498572579567205,0.009798701365408391,1.0049022489619013,1.0072641420469282,0.006616532418905609,0.08393631218685105,-0.005552593499925207,0
2021-11-08,AAPL,150.44000244140625,-0.005552593499925207,0.0021197141706292832,-0.003498572579567205,0.9973614003812562,1.0004721559453895,0.0066008203323264176,-0.1595230348329385,0.0024594197765426262,1
2021-11-09,AAPL,150.80999755859375,0.0024594197765426262,-0.005552593499925207,0.0021197141706292832,0.9987681485869482,1.0019399254967476,0.005999022959970959,0.03211506900105232,-0.01916318172822462,0
2021-11-10,AAPL,147.9199981689453,-0.01916318172822462,0.0024594197765426262,-0.005552593499925207,0.9842828645349079,0.9833471508592851,0.008790849014380576,0.14790474731412862,-0.0003380411869712274,0
2021-11-11,AAPL,147.8699951171875,-0.0003380411869712274,-0.01916318172822462,0.0024594197765426262,0.9880131273056942,0.9860957841458584,0.009012110043411107,-0.37104120293739096,0.014336988205730705,1
2021-11-12,AAPL,149.99000549316406,0.014336988205730705,-0.0003380411869712274,-0.01916318172822462,1.0039088506369156,1.000106707947693,0.012207928960429737,0.5561951219512196,6.663448543164918e-05,1
2021-11-15,AAPL,150.0,6.663448543164918e-05,0.014336988205730705,-0.0003380411869712274,1.004567438190755,0.9994802609104667,0.012016158112948393,-0.07180114099429502,0.006666666666666599,1
2021-11-16,AAPL,151.0,0.006666666666666599,6.663448543164918e-05,0.014336988205730705,1.0110072594795518,1.0054868888376252,0.012418207673645197,0.0005639719837629009,0.016490102603735624,1
2021-11-17,AAPL,153.49000549316406,0.016490102603735624,0.006666666666666599,6.663448543164918e-05,1.0200704741673479,1.0207081216176703,0.007825202740165824,0.4986954951549374,0.02853599235957094,1
2021-11-18,AAPL,157.8699951171875,0.02853599235957094,0.016490102603735624,0.006666666666666599,1.0354167629910869,1.0450329675477685,0.010752651477334814,0.5519913970745549,0.016976043690765552,1
2021-11-19,AAPL,160.5500030517578,0.016976043690765552,0.02853599235957094,0.016490102603735624,1.0386073559085731,1.0562917141063073,0.010885186616998785,-0.14889677474121676,0.002927444483147079,1
2021-11-22,AAPL,161.02000427246094,0.002927444483147079,0.016976043690765552,0.02853599235957094,1.0270049790331552,1.0520607625053713,0.010027738798805391,0.0013835656609744174,0.0024220555167078217,1
2021-11-23,AAPL,161.41000366210938,0.0024220555167078217,0.002927444483147079,0.016976043690765552,1.0160007132063247,1.0473551869768487,0.010972693851922725,-0.18239876596074334,0.003283555958565998,1
2021-11-24,AAPL,161.94000244140625,0.003283555958565998,0.0024220555167078217,0.002927444483147079,1.0086074858786969,1.0413210445106784,0.01163366607598253,-0.2767365077117383,-0.031678429081589354,0
2021-11-26,AAPL,156.80999755859375,-0.031678429081589354,0.003283555958565998,0.0024220555167078217,0.9779476594974803,1.0025701744489859,0.018093918870557137,0.10791551258500864,0.02187365594013646,1
2021-11-29,AAPL,160.24000549316406,0.02187365594013646,-0.031678429081589354,0.003283555958565998,0.999725504781228,1.0178298308087173,0.019409553916140788,0.15317607374239528,0.031577617231232535,1
2021-11-30,AAPL,165.3000030517578,0.031577617231232535,0.02187365594013646,-0.031678429081589354,1.0258160639650247,1.0398646286073105,0.024211364025380263,0.9611451274504723,-0.003206284147078464,0
2021-12-01,AAPL,164.77000427246094,-0.003206284147078464,0.031577617231232535,0.02187365594013646,1.018280483908009,1.0276287998228861,0.024518880929051717,-0.12637655912359858,-0.006129815739731703,0
2021-12-02,AAPL,163.75999450683594,-0.006129815739731703,-0.003206284147078464,0.031577617231232535,1.0097671265830654,1.0148295075458416,0.024980222081818222,-0.10071060982226532,-0.011724464053185835,0
2021-12-03,AAPL,161.83999633789062,-0.011724464053185835,-0.006129815739731703,-0.003206284147078464,0.9917760268380837,1.0004697885336584,0.01904658159392877,-0.13687442957103746,0.021502787105003085,1
2021-12-06,AAPL,165.32000732421875,0.021502787105003085,-0.011724464053185835,-0.006129815739731703,1.0068332514286331,1.0189779734852527,0.018972214445436404,-0.08918677784264262,0.035446316791349686,1
2021-12-07,AAPL,171.17999267578125,0.035446316791349686,0.021502787105003085,-0.011724464053185835,1.0351082617982825,1.04853079443953,0.020288739017527164,0.12008149064625062,0.02278308985945654,1
2021-12-08,AAPL,175.0800018310547,0.02278308985945654,0.035446316791349686,0.021502787105003085,1.045653284614858,1.063514440463412,0.0202925039236018,-0.0282919204620391,-0.0029700951966102895,0
2021-12-09,AAPL,174.55999755859375,-0.0029700951966102895,0.02278308985945654,0.035446316791349686,1.0292695490347445,1.0522889062028569,0.01960985819226964,-0.06901945231963724,0.028013287454401015,1
2021-12-10,AAPL,179.4499969482422,0.028013287454401015,-0.0029700951966102895,0.02278308985945654,1.0365761948928087,1.067201884913721,0.01445570689658523,0.059482004375539965,-0.020674235264256824,0
2021-12-13,AAPL,175.74000549316406,-0.020674235264256824,0.028013287454401015,-0.0029700951966102895,1.0030707788448223,1.0355922539373252,0.023520147080049528,0.32784588228871603,-0.008023236702153325,0
2021-12-14,AAPL,174.3300018310547,-0.008023236702153325,-0.020674235264256824,0.028013287454401015,0.9914577614136751,1.02184605168603,0.02080414008320919,-0.09042594151543037,0.02850915601733095,1
2021-12-15,AAPL,179.3000030517578,0.02850915601733095,-0.008023236702153325,-0.020674235264256824,1.014852057215985,1.0421025904715755,0.022218129264053123,-0.05967194813617982,-0.039263850669816525,0
2021-12-16,AAPL,172.25999450683594,-0.039263850669816525,0.02850915601733095,-0.008023236702153325,0.9775502459983562,0.996263835552638,0.030019964023453232,0.1459027813278011,-0.006501771466984829,0
2021-12-17,AAPL,171.13999938964844,-0.006501771466984829,-0.039263850669816525,0.02850915601733095,0.9804415742513422,0.9844911257136604,0.024830114902429947,0.30127282339608663,-0.00812200183829448,0
2021-12-20,AAPL,169.75,-0.00812200183829448,-0.006501771466984829,-0.039263850669816525,0.9791988753724256,0.9740129370373903,0.023999476268522103,-0.44994312620150057,0.01908692484927288,1
2021-12-21,AAPL,172.99000549316406,0.01908692484927288,-0.00812200183829448,-0.006501771466984829,0.9994338429305282,0.9915740277883487,0.026547391065681537,-0.15175196815601244,0.01531876878626437,1
2021-12-22,AAPL,175.63999938964844,0.01531876878626437,0.01908692484927288,-0.00812200183829448,1.0190535846645363,1.00644066458708,0.023307488983530276,0.010411697422518129,0.0036438134358485197,1
2021-12-23,AAPL,176.27999877929688,0.0036438134358485197,0.01531876878626437,0.01908692484927288,1.018018007380157,1.009113380922363,0.012356574153645333,-0.2580845777894032,0.022974830268908786,1
2021-12-27,AAPL,180.3300018310547,0.022974830268908786,0.0036438134358485197,0.01531876878626437,1.0304689236388285,1.0317778231762893,0.012711521084406837,0.09601121179227756,-0.00576725189575622,0
2021-12-28,AAPL,179.2899932861328,-0.00576725189575622,0.022974830268908786,0.0036438134358485197,1.0134760467907449,1.0237479003492886,0.01186051933552402,0.056389783180903263,0.0005020447322792165,1
2021-12-29,AAPL,179.3800048828125,0.0005020447322792165,-0.00576725189575622,0.022974830268908786,1.0067121921804512,1.0213168417663592,0.011622478156493324,-0.21221237663356673,-0.006578257901939555,0
2021-12-30,AAPL,178.1999969482422,-0.006578257901939555,0.0005020447322792165,-0.00576725189575622,0.9972243239936125,1.015234196107283,0.011981712542895243,-0.04131428140672888,-0.0035352953693170708,0
2021-12-31,AAPL,177.57000732421875,-0.0035352953693170708,-0.006578257901939555,0.0005020447322792165,0.9922662051495638,1.008593845092797,0.012304346835723241,0.07175982467000153,0.025004150472947906,1
2022-01-03,AAPL,182.00999450683597,0.025004150472947906,-0.0035352953693170708,-0.006578257901939555,1.015170924906281,1.0274691451925497,0.013190554839650662,0.6310357261603159,-0.012691597320536263,0
2022-01-04,AAPL,179.6999969482422,-0.012691597320536263,0.025004150472947906,-0.0035352953693170708,1.0018285843161066,1.008762803259321,0.014498697306186373,-0.049551192051902615,-0.02659988236212174,0
2022-01-05,AAPL,174.9199981689453,-0.02659988236212174,-0.012691597320536263,0.025004150472947906,0.9800537839830795,0.980867140766779,0.018911168011931018,-0.04805941774476796,-0.016693335236175,0
2022-01-06,AAPL,172.0,-0.016693335236175,-0.02659988236212174,-0.012691597320536263,0.970435570933801,0.9664658854842485,0.019664265708143558,0.0250313102934705,0.0009883614473564784,1
2022-01-07,AAPL,172.1699981689453,0.0009883614473564784,-0.016693335236175,-0.02659988236212174,0.9773501393906339,0.9696604410883785,0.01995980070620702,-0.10520618343928012,0.00011618907285648739,1
2022-01-10,AAPL,172.19000244140625,0.00011618907285648739,0.0009883614473564784,-0.016693335236175,0.9884842550119309,0.9742394502467455,0.011682460140007542,0.2313079019387816,0.016783781570778755,1
2022-01-11,AAPL,175.0800018310547,0.016783781570778755,0.00011618907285648739,0.0009883614473564784,1.010434471280476,0.992956078707389,0.016880648858419684,-0.2868648703327663,0.0025702361408266317,1
2022-01-12,AAPL,175.52999877929688,0.0025702361408266317,0.016783781570778755,0.00011618907285648739,1.012318756889793,0.9976866677643053,0.011886166763211754,-0.017508927832641352,-0.019028065636177538,0
2022-01-13,AAPL,172.19000244140625,-0.019028065636177538,0.0025702361408266317,0.016783781570778755,0.9928387017057375,0.9820573206955002,0.012756859039414314,0.129678150716795,0.005110661887074208,1
2022-01-14,AAPL,173.07000732421875,0.005110661887074208,-0.019028065636177538,0.0025702361408266317,0.9968781234519795,0.9896161343035884,0.01294540806622805,-0.048103207117144664,-0.018894112983626976,0
2022-01-18,AAPL,169.8000030517578,-0.018894112983626976,0.005110661887074208,-0.019028065636177538,0.9807432417545131,0.9777445205228801,0.015789666192412368,0.13072843631589937,-0.021024777738847034,0
2022-01-19,AAPL,166.22999572753906,-0.021024777738847034,-0.018894112983626976,0.005110661887074208,0.9700403486530516,0.9646699413997082,0.012924582175547046,0.04241908512512005,-0.010347117036099251,0
2022-01-20,AAPL,164.50999450683594,-0.010347117036099251,-0.021024777738847034,-0.018894112983626976,0.9725111959875987,0.9604908662369727,0.010844073261356104,-0.035801297263091336,-0.01276512622240289,0
2022-01-21,AAPL,162.41000366210938,-0.01276512622240289,-0.010347117036099251,-0.021024777738847034,0.9713284540568216,0.9535692228977158,0.010298090966855055,0.3437784741934249,-0.00486428500159064,0
2022-01-24,AAPL,161.6199951171875,-0.00486428500159064,-0.01276512622240289,-0.010347117036099251,0.9800259327431535,0.9548453864752156,0.006533447551860157,0.32109119414174647,-0.011384707297859231,0
2022-01-25,AAPL,159.77999877929688,-0.011384707297859231,-0.00486428500159064,-0.01276512622240289,0.9807869447780754,0.9509468918547243,0.0058316221126483705,-0.2864925881699083,-0.0005632515870458432,0
2022-01-26,AAPL,159.69000244140625,-0.0005632515870458432,-0.011384707297859231,-0.00486428500159064,0.9881684850870693,0.9591970487423462,0.005118799294251742,-0.06496721889076185,-0.0029432100539642514,0
2022-01-27,AAPL,159.22000122070312,-0.0029432100539642514,-0.0005632515870458432,-0.011384707297859231,0.9917530457605138,0.965836027515914,0.005331120596430257,0.12633813990817844,0.06977766942076213,1
2022-01-28,AAPL,170.3300018310547,0.06977766942076213,-0.0029432100539642514,-0.0005632515870458432,1.050589669639424,1.03439690921166,0.03365535361606047,0.47543184102936675,0.026125737688043937,1
2022-01-31,AAPL,174.77999877929688,0.026125737688043937,0.06977766942076213,-0.0029432100539642514,1.0608157206350226,1.0603201908371989,0.03308123361857567,-0.35787284013122467,-0.0009726408635577499,0
2022-02-01,AAPL,174.61000061035156,-0.0009726408635577499,0.026125737688043937,0.06977766942076213,1.041043127444212,1.0562068340044068,0.03118381949459311,-0.25382805846552237,0.007044245594408194,1
2022-02-02,AAPL,175.83999633789062,0.007044245594408194,-0.0009726408635577499,0.026125737688043937,1.0285687345808632,1.0574997266514827,0.030204501643873675,-0.015074135377242004,-0.016719759455390393,0
2022-02-03,AAPL,172.89999389648438,-0.016719759455390393,0.007044245594408194,-0.0009726408635577499,0.9954401791543426,1.0345982757946288,0.03327124693412683,0.05303935850616437,-0.0029496502304173777,0
2022-02-04,AAPL,172.38999938964844,-0.0029496502304173777,-0.016719759455390393,0.007044245594408194,0.9901553184607056,1.0254229257108103,0.015731994223581815,-0.07775495117878817,-0.004234559603942367,0
2022-02-07,AAPL,171.66000366210938,-0.004234559603942367,-0.0029496502304173777,-0.016719759455390393,0.9895089051764238,1.0150189449613798,0.008560827484226555,-0.06322894207752583,0.018466725511581794,1
2022-02-08,AAPL,174.8300018310547,0.018466725511581794,-0.004234559603942367,-0.0029496502304173777,1.0075263526369098,1.0246446993761447,0.013193816202242432,-0.03135226378360467,0.008293753549481586,1
2022-02-09,AAPL,176.27999877929688,0.008293753549481586,0.018466725511581794,-0.004234559603942367,1.015367597142374,1.0231942557289233,0.013363725689456674,-0.047363863304699216,-0.02359884099680365,0
2022-02-10,AAPL,172.1199951171875,-0.02359884099680365,0.008293753549481586,0.018466725511581794,0.9922977317558787,0.9916231468167438,0.01573298533530812,0.27468471627972235,-0.020218427993619836,0
2022-02-11,AAPL,168.63999938964844,-0.020218427993619836,-0.02359884099680365,0.008293753549481586,0.9764570983523518,0.9725209802301423,0.01804690837813183,0.08589360805318602,0.0014231824835904128,1
2022-02-14,AAPL,168.8800048828125,0.0014231824835904128,-0.020218427993619836,-0.02359884099680365,0.9810049659181672,0.977230017528955,0.01822525677468746,-0.1265340166837775,0.023152465006342826,1
2022-02-15,AAPL,172.7899932861328,0.023152465006342826,0.0014231824835904128,-0.020218427993619836,1.006102147439448,1.0009094126275242,0.019675920541248688,-0.2745020914190902,-0.0013889128057177347,0
2022-02-16,AAPL,172.5500030517578,-0.0013889128057177347,0.023152465006342826,0.0014231824835904128,1.009087954770963,1.0014277307787578,0.01884514195228505,-0.021590534709583276,-0.021269186346200564,0
2022-02-17,AAPL,168.8800048828125,-0.021269186346200564,-0.0013889128057177347,0.023152465006342826,0.991382368995511,0.9824202421325947,0.0182631448699438,0.13750012259429134,-0.009355766137921773,0
2022-02-18,AAPL,167.3000030517578,-0.009355766137921773,-0.021269186346200564,-0.0013889128057177347,0.9836547580587498,0.9761192246897432,0.01634651640321668,0.18944579123514682,-0.017812287347162448,0
2022-02-22,AAPL,164.32000732421875,-0.017812287347162448,-0.009355766137921773,-0.021269186346200564,0.9713421277744613,0.9628557896602331,0.017697844647604558,0.1013631305974072,-0.02586416632525068,0
2022-02-23,AAPL,160.07000732421875,-0.02586416632525068,-0.017812287347162448,-0.009355766137921773,0.960665944875465,0.9461352837299749,0.009775805976431799,-0.01265428442303218,0.01668019020913314,1
2022-02-24,AAPL,162.74000549316406,0.01668019020913314,-0.02586416632525068,-0.017812287347162448,0.9883276040827449,0.9696774883063821,0.016884380119332368,0.5681452562626932,0.012965469700934706,1
2022-02-25,AAPL,164.85000610351562,0.012965469700934706,0.01668019020913314,-0.02586416632525068,1.0060663033919777,0.9865232173845765,0.018779702829454965,-0.3483823659646823,0.0016377858882354879,1
2022-02-28,AAPL,165.1199951171875,0.0016377858882354879,0.012965469700934706,0.01668019020913314,1.0104025872003544,0.9902248401514909,0.018738528784292146,0.033513746246229825,-0.011627896231359958,0
2022-03-01,AAPL,163.1999969482422,-0.011627896231359958,0.0016377858882354879,0.012965469700934706,1.000024478240415,0.9820557866102517,0.0176455956165527,-0.12184530058933307,0.02058823941900667,1
2022-03-02,AAPL,166.55999755859375,0.02058823941900667,-0.011627896231359958,0.0016377858882354879,1.0125597122775711,1.0060461518661603,0.013078470431848075,-0.04491916084452241,-0.001981279033932526,0
2022-03-03,AAPL,166.22999572753906,-0.001981279033932526,0.02058823941900667,-0.011627896231359958,1.0062835818154752,1.0079004272131522,0.012655388988852259,-0.03821144737898374,-0.01840821534766368,0
2022-03-04,AAPL,163.1699981689453,-0.01840821534766368,-0.001981279033932526,0.02058823941900667,0.9897729013874914,0.992783937893695,0.014877664532308047,0.09205721559135305,-0.02371756548762427,0
2022-03-07,AAPL,159.3000030517578,-0.02371756548762427,-0.01840821534766368,-0.001981279033932526,0.973169151301766,0.9739783426066454,0.01744517129464952,0.15144523580917446,-0.011676086470301161,0
2022-03-08,AAPL,157.44000244140625,-0.011676086470301161,-0.02371756548762427,-0.01840821534766368,0.9686231268155955,0.9666724075594544,0.01744836005591607,0.3601942774645608,0.034997423916368176,1
2022-03-09,AAPL,162.9499969482422,0.034997423916368176,-0.011676086470301161,-0.02371756548762427,1.006995499176777,0.9987373874823762,0.023345514538501047,-0.30266042335279986,-0.027186209013482565,0
2022-03-10,AAPL,158.52000427246094,-0.027186209013482565,0.034997423916368176,-0.011676086470301161,0.9890439199044008,0.9741050095812113,0.025389948403990167,0.1518464292235846,-0.02390870831928371,0
2022-03-11,AAPL,154.72999572753906,-0.02390870831928371,-0.027186209013482565,0.034997423916368176,0.9756727826262791,0.9567652952019787,0.026000587841109826,-0.07947352433027666,-0.026562403695717718,0
2022-03-14,AAPL,150.6199951171875,-0.026562403695717718,-0.02390870831928371,-0.027186209013482565,0.9602682539729791,0.9397773562222661,0.026395778250440975,0.121295120867154,0.029677342754030223,1
2022-03-15,AAPL,155.08999633789062,0.029677342754030223,-0.026562403695717718,-0.02390870831928371,0.9917381708768568,0.9725888948556788,0.031969253175143375,-0.14501513352542628,0.02901541109199557,1
2022-03-16,AAPL,159.58999633789062,0.02901541109199557,0.029677342754030223,-0.026562403695717718,1.024918109563497,1.0052026777673835,0.030277819341102304,0.1004245715828549,0.006454030972694147,1
2022-03-17,AAPL,160.6199951171875,0.006454030972694147,0.02901541109199557,0.029677342754030223,1.0287580830879153,1.0152778189434701,0.027378850499594955,-0.2608479748817696,0.020918943546848645,1
2022-03-18,AAPL,163.97999572753906,0.020918943546848645,0.006454030972694147,0.02901541109199557,1.037979492101949,1.0359859346978693,0.023448494778085242,0.633419911816905,0.008537682593916074,1
2022-03-21,AAPL,165.3800048828125,0.008537682593916074,0.020918943546848645,0.006454030972694147,1.027639047959714,1.0408328088360617,0.011009387127936,-0.22427268024000968,0.0208005946295855,1
2022-03-22,AAPL,168.82000732421875,0.0208005946295855,0.008537682593916074,0.020918943546848645,1.0314153853915855,1.0549272549645177,0.009445837874462319,-0.1490365447117984,0.008233617636201895,1
2022-03-23,AAPL,170.2100067138672,0.008233617636201895,0.0208005946295855,0.008537682593916074,1.0265859561936315,1.0588096678964745,0.007229085757777982,0.20275106706569201,0.02267787120671727,1
2022-03-24,AAPL,174.07000732421875,0.02267787120671727,0.008233617636201895,0.0208005946295855,1.0331054458621454,1.072447383472234,0.00720356470655357,-0.08087988603209983,0.003734094727035453,1
2022-03-25,AAPL,174.72000122070312,0.003734094727035453,0.02267787120671727,0.008233617636201895,1.023909960127741,1.0633558552229458,0.008408204890011062,-0.10634695566694852,0.005036657947940837,1
2022-03-28,AAPL,175.60000610351562,0.005036657947940837,0.003734094727035453,0.02267787120671727,1.0168863372942998,1.0527073300108822,0.00897802500300584,0.12198837437396182,0.019134399166084615,1
2022-03-29,AAPL,178.9600067138672,0.019134399166084615,0.005036657947940837,0.003734094727035453,1.0243143056121062,1.057714493978945,0.008597026749697135,0.11306058631056781,-0.006649544014093012,0
2022-03-30,AAPL,177.77000427246094,-0.006649544014093012,0.019134399166084615,0.005036657947940837,1.0087729202635818,1.0395116195409075,0.012019866682135564,-0.07909580929998583,-0.017775797863323284,0
2022-03-31,AAPL,174.61000061035156,-0.017775797863323284,-0.006649544014093012,0.019134399166084615,0.9902343129047876,1.0127485121039308,0.013813129876665865,0.11244456631099875,-0.0017181321270783867,0
2022-04-01,AAPL,174.30999755859375,-0.0017181321270783867,-0.017775797863323284,-0.006649544014093012,0.9889928768251178,1.0049871328941478,0.01372827804508668,-0.23579005388682894,0.023693448113463633,1
2022-04-04,AAPL,178.44000244140625,0.023693448113463633,-0.0017181321270783867,-0.017775797863323284,1.00917327478421,1.0211100269986895,0.01757113012810624,-0.02898872780512829,-0.018941968373500706,0
2022-04-05,AAPL,175.05999755859375,-0.018941968373500706,0.023693448113463633,-0.0017181321270783867,0.9944443646998103,0.998203817604091,0.01726123959138309,-0.04010283986587926,-0.018450792714411857,0
2022-04-06,AAPL,171.8300018310547,-0.018450792714411857,-0.018941968373500706,0.023693448113463633,0.9827280630886742,0.9788819412529197,0.01843354342725096,0.2133053957804849,0.0018040944846089424,1
2022-04-07,AAPL,172.13999938964844,0.0018040944846089424,-0.018450792714411857,-0.018941968373500706,0.9872903693058233,0.9817273339947297,0.017533906246683502,-0.12872506703436382,-0.01190892912179875,0
2022-04-08,AAPL,170.08999633789062,-0.01190892912179875,0.0018040944846089424,-0.018450792714411857,0.9802780027695029,0.9726041999489171,0.01797469931732077,-0.013134917719895833,-0.025515882364234077,0
2022-04-11,AAPL,165.75,-0.025515882364234077,-0.01190892912179875,0.0018040944846089424,0.9694456522437579,0.9531559055991154,0.010358256654419928,-0.05652983003702228,0.01152340067637625,1
2022-04-12,AAPL,167.66000366210938,0.01152340067637625,-0.025515882364234077,-0.01190892912179875,0.9891795781597604,0.9704455929217647,0.0150606258247674,0.09714630564440996,0.016342539511671417,1
2022-04-13,AAPL,170.39999389648438,0.016342539511671417,0.01152340067637625,-0.025515882364234077,1.007044556100876,0.9905306347273628,0.017204488155105363,-0.10908065582374105,-0.02998826756681583,0
2022-04-14,AAPL,165.2899932861328,-0.02998826756681583,0.016342539511671417,0.01152340067637625,0.9848186692566189,0.9660601567666082,0.02109058533844467,0.06670310639219812,-0.0013309091345490298,0
2022-04-18,AAPL,165.07000732421875,-0.0013309091345490298,-0.02998826756681583,0.016342539511671417,0.9894266617509477,0.9700129147317905,0.021119618573374497,-0.08370569790812088,0.014115141872437453,1
2022-04-19,AAPL,167.39999389648438,0.014115141872437453,-0.0013309091345490298,-0.02998826756681583,1.0014117602213322,0.9901282622217537,0.019218720408262606,-0.018835504803408676,-0.0010155207595194948,0
2022-04-20,AAPL,167.22999572753906,-0.0010155207595194948,0.014115141872437453,-0.0013309091345490298,1.0009097481670512,0.9937249514706562,0.01849128161523328,0.003041766705353277,-0.004843614060203949,0
2022-04-21,AAPL,166.4199981689453,-0.004843614060203949,-0.0010155207595194948,0.014115141872437453,1.0008299183928875,0.9921011057589597,0.015956304879193722,0.28408739610598,-0.02782120498590701,0
2022-04-22,AAPL,161.7899932861328,-0.02782120498590701,-0.004843614060203949,-0.0010155207595194948,0.977098933171199,0.9704876471446668,0.015101245126902836,-0.02688821682995557,0.006737200333224225,1
2022-04-25,AAPL,162.8800048828125,0.006737200333224225,-0.02782120498590701,-0.004843614060203949,0.9862907986480859,0.9812698819801522,0.01589203354175563,0.13152314260671227,-0.03732810442527357,0
2022-04-26,AAPL,156.8000030517578,-0.03732810442527357,0.006737200333224225,-0.02782120498590701,0.9618215967651187,0.9497619796546458,0.01878250526639209,-0.004406203668226971,-0.001466809458308127,0
2022-04-27,AAPL,156.57000732421875,-0.001466809458308127,-0.03732810442527357,0.006737200333224225,0.9731372971777084,0.9547824996087949,0.018712346039399887,-0.0790603117235148,0.04515546870218534,1
2022-04-28,AAPL,163.63999938964844,0.04515546870218534,-0.001466809458308127,-0.03732810442527357,1.0206067119675764,1.0020268310785176,0.03244460118370878,0.47867440656255966,-0.036604775821961866,0
2022-04-29,AAPL,157.64999389648438,-0.036604775821961866,0.04515546870218534,-0.001466809458308127,0.9883516325664348,0.9698852268139276,0.034312310986124216,0.011755779592187876,0.0019664626031408172,1
2022-05-02,AAPL,157.9600067138672,0.0019664626031408172,-0.036604775821961866,0.04515546870218534,0.9964422084104299,0.9760619342740817,0.03397942586258104,-0.06597691343144008,0.009622619328101267,1
2022-05-03,AAPL,159.47999572753906,0.009622619328101267,0.0019664626031408172,-0.036604775821961866,1.0026404823058965,0.9903006415026423,0.029188196876323808,-0.27702016898093784,0.0410083315784322,1
2022-05-04,AAPL,166.02000427246094,0.0410083315784322,0.009622619328101267,0.0019664626031408172,1.031500492528493,1.0316863776623337,0.03320110246823819,0.21682318625550057,-0.05571617733980727,0
2022-05-05,AAPL,156.77000427246094,-0.05571617733980727,0.0410083315784322,0.009622619328101267,0.9824159229023811,0.9800820414129652,0.03842770857918918,0.20570404548456667,0.0032531383104996703,1
2022-05-06,AAPL,157.27999877929688,0.0032531383104996703,-0.05571617733980727,0.0410083315784322,0.9860691204710953,0.9860505750527214,0.03497505093519391,-0.11032880215559737,-0.03318922470255159,0
2022-05-09,AAPL,152.05999755859375,-0.03318922470255159,0.0032531383104996703,-0.05571617733980727,0.9604476790424048,0.9598353553719291,0.037899140998718134,0.133075162368697,0.01611204121779708,1
2022-05-10,AAPL,154.50999450683594,0.01611204121779708,-0.03318922470255159,0.0032531383104996703,0.9820883417237857,0.9767121020290329,0.03871326430812391,-0.1232061007205617,-0.05184127106082803,0
2022-05-11,AAPL,146.5,-0.05184127106082803,0.01611204121779708,-0.03318922470255159,0.9548701698071385,0.9320109198285066,0.03246853023889658,0.23683697288732364,-0.026894214617107504,0
2022-05-12,AAPL,142.55999755859375,-0.026894214617107504,-0.05184127106082803,0.01611204121779708,0.9467266987712409,0.9192733908252032,0.027699585882217874,0.2797130558736505,0.03191640803646689,1
2022-05-13,AAPL,147.11000061035156,0.03191640803646689,-0.026894214617107504,-0.05184127106082803,0.9903196444554597,0.955104694759627,0.035263470257484164,-0.3757412295593695,-0.010672335787539122,0
2022-05-16,AAPL,145.5399932861328,-0.010672335787539122,0.03191640803646689,-0.026894214617107504,0.9884273455030997,0.9525928576166799,0.03339356001338703,-0.23990599249589217,0.02542264929033622,1
2022-05-17,AAPL,149.24000549316406,0.02542264929033622,-0.010672335787539122,0.03191640803646689,1.0208633019785864,0.9834013524950506,0.03529873223094775,-0.09588106708154531,-0.056419176219683176,0
2022-05-18,AAPL,140.82000732421875,-0.056419176219683176,0.02542264929033622,-0.010672335787539122,0.970810915208601,0.9435871815129473,0.036799094761657894,0.4009201353650862,-0.024641393553644142,0
2022-05-19,AAPL,137.35000610351562,-0.024641393553644142,-0.056419176219683176,0.02542264929033622,0.9537399915189395,0.932469812621362,0.03651233117850511,0.24013125222679554,0.0017472895792529641,1
2022-05-20,AAPL,137.58999633789062,0.0017472895792529641,-0.024641393553644142,-0.056419176219683176,0.9682072415574041,0.9467549023826192,0.030495529413967482,0.009776216130426008,0.04011922682885327,1
2022-05-23,AAPL,143.11000061035156,0.04011922682885327,0.0017472895792529641,-0.024641393553644142,1.0105068238209924,0.9908400464500726,0.0387663123300781,-0.1433483159312532,-0.019215987619813357,0
2022-05-24,AAPL,140.36000061035156,-0.019215987619813357,0.04011922682885327,0.0017472895792529641,1.003675460184846,0.9814149256152442,0.03567153874737575,-0.11546782664536304,0.0011399519906925004,1
2022-05-25,AAPL,140.52000427246094,0.0011399519906925004,-0.019215987619813357,0.04011922682885327,1.0052509026455736,0.9866591986240906,0.025447065246901282,-0.11187648068282108,0.02319950475175747,1
2022-05-26,AAPL,143.77999877929688,0.02319950475175747,0.0011399519906925004,-0.019215987619813357,1.0191958620766937,1.0086851413959483,0.022802216589925962,-0.02034110163306213,0.04075671623385313,1
2022-05-27,AAPL,149.63999938964844,0.04075671623385313,0.02319950475175747,0.0011399519906925004,1.0429182658855625,1.0479358388629147,0.025981980254301346,0.004161079010833069,-0.005346184543042365,0
2022-05-31,AAPL,148.83999633789062,-0.005346184543042365,0.04075671623385313,0.02319950475175747,1.029122966946345,1.0399300943307126,0.02382153046310679,0.14003198557901042,-0.0008733514325567349,0
2022-06-01,AAPL,148.7100067138672,-0.0008733514325567349,-0.005346184543042365,0.04075671623385313,1.0164869348666508,1.039406767228931,0.01960024989907785,-0.28376642910033323,0.016811242600575316,1
2022-06-02,AAPL,151.2100067138672,0.016811242600575316,-0.0008733514325567349,-0.005346184543042365,1.018688223189095,1.0492606744022364,0.018707021050633602,-0.026094881176416784,-0.03855566147871903,0
2022-06-03,AAPL,145.3800048828125,-0.03855566147871903,0.016811242600575316,-0.0008733514325567349,0.9773051314831926,1.003215723900094,0.029269780965831996,0.22422427126628075,0.005227641225136415,1
2022-06-06,AAPL,146.13999938964844,0.005227641225136415,-0.03855566147871903,0.016811242600575316,0.987058927827071,1.0025451064020745,0.020751154082514663,-0.19162066742463335,0.017585926747997416,1
2022-06-07,AAPL,148.7100067138672,0.017585926747997416,0.005227641225136415,-0.03855566147871903,1.0045936756645586,1.0162715818106027,0.022948338924535877,-0.05293693713826009,-0.005043372780172639,0
2022-06-08,AAPL,147.9600067138672,-0.005043372780172639,0.017585926747997416,0.005227641225136415,1.0005409915364696,1.0059216100825665,0.023065269781759875,-0.2043705628522804,-0.0359557115626985,0
2022-06-09,AAPL,142.63999938964844,-0.0359557115626985,-0.005043372780172639,0.017585926747997416,0.9758767158855844,0.9683572885886115,0.024987339967871603,0.28772460528413246,-0.038628677302390724,0
2022-06-10,AAPL,137.1300048828125,-0.038628677302390724,-0.0359557115626985,-0.005043372780172639,0.9488914835695083,0.9351728223070264,0.025007229179548507,0.31616455313575065,-0.03828483784046022,0
2022-06-13,AAPL,131.8800048828125,-0.03828483784046022,-0.038628677302390724,-0.0359557115626985,0.9309351753314127,0.9103962553419981,0.025359065877136277,0.33650379109756456,0.006672653862921818,1
2022-06-14,AAPL,132.75999450683594,0.006672653862921818,-0.03828483784046022,-0.038628677302390724,0.9587358819509203,0.9267583788194225,0.021481454389332987,-0.3062244337685781,0.020111466401181888,1
2022-06-15,AAPL,135.42999267578125,0.020111466401181888,0.006672653862921818,-0.03828483784046022,0.9960431381303323,0.9542430504744831,0.02836187138023406,0.07959846339475596,-0.039651446559871295,0
2022-06-16,AAPL,130.05999755859375,-0.039651446559871295,0.020111466401181888,0.006672653862921818,0.9745826111958023,0.9302691277370588,0.029012998058576496,0.18125594048048255,0.011533138767930717,1
2022-06-17,AAPL,131.55999755859375,0.011533138767930717,-0.039651446559871295,0.020111466401181888,0.9941211149254177,0.9503926051459775,0.028749092458521554,0.24413103855854246,0.032760699593918474,1
2022-06-21,AAPL,135.8699951171875,0.032760699593918474,0.011533138767930717,-0.039651446559871295,1.0205353903267278,0.9888645932837518,0.02752264613125871,-0.3978566803672011,-0.003827107031419197,0
2022-06-22,AAPL,135.35000610351562,-0.003827107031419197,0.032760699593918474,0.011533138767930717,1.0126895441113888,0.9947525147300571,0.027883893146979397,-0.0937191745729965,0.021573683319320303,1
2022-06-23,AAPL,138.27000427246094,0.021573683319320303,-0.003827107031419197,0.032760699593918474,1.0301590212238612,1.023502014025752,0.028099516560698933,-0.013287162916909567,0.024517243689154977,1
2022-06-24,AAPL,141.66000366210938,0.024517243689154977,0.021573683319320303,-0.003827107031419197,1.0374829888899004,1.0493566785485164,0.014044544159619858,0.23032065140859648,0.0,0
2022-06-27,AAPL,141.66000366210938,0.0,0.024517243689154977,0.021573683319320303,1.022358229827211,1.0458472031163484,0.016036626272516962,-0.2121810926783727,-0.029789645006425114,0
2022-06-28,AAPL,137.44000244140625,-0.029789645006425114,0.0,0.024517243689154977,0.9896598293062836,1.0105436722506436,0.022008337849976925,-0.04450353877555091,0.013023815878466127,1
2022-06-29,AAPL,139.22999572753906,0.013023815878466127,-0.029789645006425114,0.0,0.9969781584246277,1.018857953004408,0.022088285959872302,-0.012536633503966721,-0.01802768500939822,0
2022-06-30,AAPL,136.72000122070312,-0.01802768500939822,0.013023815878466127,-0.029789645006425114,0.9811829879232153,0.9995467275563542,0.022147319520043403,0.49397515790490676,0.016164360995803317,1
2022-07-01,AAPL,138.92999267578125,0.016164360995803317,-0.01802768500939822,0.013023815878466127,1.000965399082815,1.0091595960557889,0.019836315519089258,-0.28204962385501875,0.018930432746441683,1
2022-07-05,AAPL,141.55999755859375,0.018930432746441683,0.016164360995803317,-0.01802768500939822,1.020061103327807,1.0208481874778303,0.022370012589028793,0.032401803759521286,0.009607238159132114,1
2022-07-06,AAPL,142.9199981689453,0.009607238159132114,0.018930432746441683,0.016164360995803317,1.0217913604043318,1.0254423178329748,0.0149279541195453,0.009685933107759892,0.02399949607133145,1
2022-07-07,AAPL,146.35000610351562,0.02399949607133145,0.009607238159132114,0.018930432746441683,1.0357689318067893,1.0418298441791463,0.016578242079291514,-0.10545701505313632,0.004714637197412497,1
2022-07-08,AAPL,147.0399932861328,0.004714637197412497,0.02399949607133145,0.009607238159132114,1.0256696134919714,1.0402472841193746,0.007618461612101557,-0.02574799596098032,-0.014757877230874183,0
2022-07-11,AAPL,144.8699951171875,-0.014757877230874183,0.004714637197412497,0.02399949607133145,1.0022276134893828,1.0225732434968422,0.015045864045822711,-0.021785405544418213,0.006833751132270249,1
2022-07-12,AAPL,145.86000061035156,0.006833751132270249,-0.014757877230874183,0.004714637197412497,1.003108508179048,1.0265180472134594,0.013876231754380653,0.22880636537560028,-0.0025366455206311533,0
2022-07-13,AAPL,145.49000549316406,-0.0025366455206311533,0.006833751132270249,-0.014757877230874183,0.9970395510714981,1.0181459857271054,0.014164182280282019,-0.0825273750850638,0.0204824772494705,1
2022-07-14,AAPL,148.47000122070312,0.0204824772494705,-0.0025366455206311533,0.006833751132270249,1.0145135643447518,1.0323249184946337,0.012935004673251971,0.09770374907284629,0.011450103955445545,1
2022-07-15,AAPL,150.1699981689453,0.011450103955445545,0.0204824772494705,-0.0025366455206311533,1.021759233352059,1.034470877261811,0.013503320877524273,-0.024069403012770607,-0.020643210245224752,0
2022-07-18,AAPL,147.07000732421875,-0.020643210245224752,0.011450103955445545,0.0204824772494705,0.9976800041156042,1.0074668243373357,0.015663061312747507,0.06767645905646358,0.026721917998667744,1
2022-07-19,AAPL,151.0,0.026721917998667744,-0.020643210245224752,0.011450103955445545,1.0172460085993615,1.0277422302377033,0.01901042010787906,0.019178122570494782,0.013509889312137924,1
2022-07-20,AAPL,153.0399932861328,0.013509889312137924,0.026721917998667744,-0.020643210245224752,1.0206068241822797,1.0345013602030058,0.01831986990109244,-0.21882953493752888,0.015094177461599134,1
2022-07-21,AAPL,155.35000610351562,0.015094177461599134,0.013509889312137924,0.026721917998667744,1.0265916306582128,1.0437663336814291,0.017720120755771583,0.0040602621892711355,-0.008110780277571505,0
2022-07-22,AAPL,154.08999633789062,-0.008110780277571505,0.015094177461599134,0.013509889312137924,1.0130168675274092,1.0304197240926545,0.01920367747500029,0.024410554553471853,-0.0073982699509488326,0
2022-07-25,AAPL,152.9499969482422,-0.0073982699509488326,-0.008110780277571505,0.015094177461599134,0.9978080086235861,1.0172997252354372,0.015230345561409175,-0.1957468571617118,-0.0088263541788981,0
2022-07-26,AAPL,151.60000610351562,-0.0088263541788981,-0.0073982699509488326,-0.008110780277571505,0.9882273597172345,1.0044857642635954,0.01229970212910097,0.028248598106441314,0.034234742570348864,1
2022-07-27,AAPL,156.7899932861328,0.034234742570348864,-0.0088263541788981,-0.0073982699509488326,1.017086545670911,1.0311535675850265,0.01919205767052537,0.425871484093749,0.0035717382573059453,1
2022-07-28,AAPL,157.35000610351562,0.0035717382573059453,0.034234742570348864,-0.0088263541788981,1.0180776310985644,1.0288281476304424,0.018350099564595646,0.03507981994563769,0.03279306134837845,1
2022-07-29,AAPL,162.50999450683594,0.03279306134837845,0.0035717382573059453,0.034234742570348864,1.0401305372611447,1.0540619069682888,0.021221877682522802,0.25078060966813176,-0.00615346768692393,0
2022-08-01,AAPL,161.50999450683594,-0.00615346768692393,0.03279306134837845,0.0035717382573059453,1.0225258029668276,1.037855247990893,0.02095959697145566,-0.3336136575531822,-0.009287350944318873,0
2022-08-02,AAPL,160.00999450683594,-0.009287350944318873,-0.00615346768692393,0.03279306134837845,1.0023553750006595,1.0222974468356663,0.021070019465784212,-0.11679891020707833,0.038247675683253046,1
2022-08-03,AAPL,166.1300048828125,0.038247675683253046,-0.009287350944318873,-0.00615346768692393,1.0286560291075515,1.0525949324237671,0.02221986691995621,0.37725975261655575,-0.0019262464022948844,0
2022-08-04,AAPL,165.80999755859375,-0.0019262464022948844,0.038247675683253046,-0.009287350944318873,1.0160300036227867,1.043650663421421,0.022857862060773178,-0.3276477895948853,-0.0027742082012610636,0
2022-08-05,AAPL,165.35000610351562,-0.0027742082012610636,-0.0019262464022948844,0.038247675683253046,1.0096970395850793,1.0334310827507096,0.01957576972771109,0.022044521677683893,-0.0029029995077690662,0
2022-08-08,AAPL,164.8699951171875,-0.0029029995077690662,-0.0027742082012610636,-0.0019262464022948844,1.0026514922970278,1.0228111386122025,0.019220760004626258,0.06314090692629248,0.0003032877615012364,1
2022-08-09,AAPL,164.9199981689453,0.0003032877615012364,-0.0029029995077690662,-0.0027742082012610636,0.9970014859737417,1.0147361926922618,0.01796706065510888,0.04742446940701983,0.026194563256017656,1
2022-08-10,AAPL,169.24000549316406,0.026194563256017656,0.0003032877615012364,-0.0029029995077690662,1.0192847721332852,1.033400536169829,0.012596443379367352,0.11142701016068624,-0.0044315763156265175,0
2022-08-11,AAPL,168.49000549316406,-0.0044315763156265175,0.026194563256017656,0.0003032877615012364,1.0115024157077275,1.0218699562564226,0.012925646310608134,-0.18556658424836647,0.021425606817361276,1
2022-08-12,AAPL,172.10000610351562,0.021425606817361276,-0.0044315763156265175,0.026194563256017656,1.0248684165260087,1.0377284858578455,0.014524793985861099,0.19055734813435699,0.006333505515595528,1
2022-08-15,AAPL,173.19000244140625,0.006333505515595528,0.021425606817361276,-0.0044315763156265175,1.0212397034352536,1.0369975677996073,0.013309226848832532,-0.20499445909281977,-0.0009238620004263787,0
2022-08-16,AAPL,173.02999877929688,-0.0009238620004263787,0.006333505515595528,0.021425606817361276,1.0106301914506077,1.0280251478417566,0.013541230743656214,0.04225047465692522,0.00878462857992468,1
2022-08-17,AAPL,174.5500030517578,0.00878462857992468,-0.0009238620004263787,0.006333505515595528,1.0132232738690052,1.0318938320611497,0.010028583708059768,0.41089201111798945,-0.0022916594000563784,0
2022-08-18,AAPL,174.14999389648438,-0.0022916594000563784,0.00878462857992468,-0.0009238620004263787,1.0043020520767463,1.0244780097287718,0.009490663827201895,-0.21689044781373368,-0.015101864577650947,0
2022-08-19,AAPL,171.52000427246094,-0.015101864577650947,-0.0022916594000563784,0.00878462857992468,0.9897973534760713,1.005357390618477,0.00934622231713206,0.12933355380710587,-0.023029365962279114,0
2022-08-22,AAPL,167.57000732421875,-0.023029365962279114,-0.015101864577650947,-0.0022916594000563784,0.9733161746849669,0.9806526655012577,0.012546259979436912,-0.018757205425160905,-0.0020290719210975805,0
2022-08-23,AAPL,167.22999572753906,-0.0020290719210975805,-0.023029365962279114,-0.015101864577650947,0.977930310939541,0.9773416255349443,0.012432404023834586,-0.21556409974097013,0.001793954789346408,1
2022-08-24,AAPL,167.52999877929688,0.001793954789346408,-0.0020290719210975805,-0.023029365962279114,0.9877948041232127,0.9800743975757186,0.010492740490337374,-0.005643884898729579,0.014922700520600518,1
2022-08-25,AAPL,170.02999877929688,0.014922700520600518,0.001793954789346408,-0.0020290719210975805,1.0074299532841078,0.9938044179638889,0.014819914722023068,-0.048722639599565354,-0.03769925135640162,0
2022-08-26,AAPL,163.6199951171875,-0.03769925135640162,0.014922700520600518,0.001793954789346408,0.9786119043123264,0.9611024030096604,0.020962181934777703,0.5416590196453603,-0.013690198638440787,0
2022-08-29,AAPL,161.3800048828125,-0.013690198638440787,-0.03769925135640162,0.014922700520600518,0.9724147446254184,0.954566723398953,0.019807019504427113,-0.07151631818239379,-0.015305497248539135,0
2022-08-30,AAPL,158.91000366210938,-0.015305497248539135,-0.013690198638440787,-0.03769925135640162,0.9672294997137411,0.9478732538901338,0.01980689696365369,0.06263742259322913,-0.010634965719336975,0
2022-08-31,AAPL,157.22000122070312,-0.010634965719336975,-0.015305497248539135,-0.013690198638440787,0.9691059748441041,0.947587941329866,0.018706755406390108,0.12944926077770447,0.004706815210650195,1
2022-09-01,AAPL,157.9600067138672,0.004706815210650195,-0.010634965719336975,-0.015305497248539135,0.9883743034044673,0.9614296373608767,0.01519331331108799,-0.15639308975566846,-0.013611098150736467,0
2022-09-02,AAPL,155.80999755859375,-0.013611098150736467,0.004706815210650195,-0.010634965719336975,0.9845439970324733,0.9574990881821962,0.00823210505442222,0.03674934224618376,-0.008215126110989845,0
2022-09-06,AAPL,154.52999877929688,-0.008215126110989845,-0.013611098150736467,0.004706815210650195,0.984982708566819,0.9573044483554809,0.007928345122635207,-0.04213997801392455,0.00925391798269981,1
2022-09-07,AAPL,155.9600067138672,0.00925391798269981,-0.008215126110989845,-0.013611098150736467,0.997850261819401,0.9729561466432303,0.01006464744696567,0.18632350627011118,-0.009617850316921195,0
2022-09-08,AAPL,154.4600067138672,-0.009617850316921195,0.00925391798269981,-0.008215126110989845,0.9917557237848075,0.9715198930552654,0.009898345781820275,-0.028882922277517542,0.01883975318420772,1
2022-09-09,AAPL,157.3699951171875,0.01883975318420772,-0.009617850316921195,0.00925391798269981,1.0112063159734321,0.9977681837214606,0.013996245854471706,-0.1989430524776329,0.038507960517385253,1
2022-09-12,AAPL,163.42999267578125,0.038507960517385253,0.01883975318420772,-0.009617850316921195,1.0399617733107303,1.0363150429668002,0.02004837472163208,0.5428171597911473,-0.05867953721882391,0
2022-09-13,AAPL,153.83999633789062,-0.05867953721882391,0.038507960517385253,0.01883975318420772,0.979797702190326,0.9801909907005183,0.03694133977210826,0.1686478143221921,0.009555390377639084,1
2022-09-14,AAPL,155.30999755859375,0.009555390377639084,-0.05867953721882391,0.038507960517385253,0.989979729061902,0.9918321058256352,0.03696115236360353,-0.28283190631405075,-0.018929898188280392,0
2022-09-15,AAPL,152.3699951171875,-0.018929898188280392,0.009555390377639084,-0.05867953721882391,0.9738342342934155,0.9760800221167598,0.0377750209664171,0.028598744506362683,-0.010960151095764759,0
2022-09-16,AAPL,150.6999969482422,-0.010960151095764759,-0.018929898188280392,0.009555390377639084,0.9714433126970656,0.9698927682591887,0.03594360697512814,0.7935104679319769,0.025082938658552933,1
2022-09-19,AAPL,154.47999572753906,0.025082938658552933,-0.010960151095764759,-0.018929898188280392,1.0074344555685029,0.9950722892819147,0.03186101550604749,-0.4979368839306182,0.01566544689199456,1
2022-09-20,AAPL,156.89999389648438,0.01566544689199456,0.025082938658552933,-0.010960151095764759,1.0191488134376303,1.0091200025531746,0.018445781588916296,0.32176566324063316,-0.02026764053209118,0
2022-09-21,AAPL,153.72000122070312,-0.02026764053209118,0.01566544689199456,0.025082938658552933,1.0005598021309428,0.9900939343604737,0.020893158251691274,-0.055650581577828206,-0.006375199842290069,0
2022-09-22,AAPL,152.74000549316406,-0.006375199842290069,-0.02026764053209118,0.01566544689199456,0.9937023891240614,0.9848729636372461,0.019000833370536777,-0.14793287497738372,-0.015123823060790742,0
2022-09-23,AAPL,150.42999267578125,-0.015123823060790742,-0.006375199842290069,-0.02026764053209118,0.979017759556818,0.9743380215790425,0.019713593722643967,0.10821845878653247,0.0022602646628622214,1
2022-09-26,AAPL,150.77000427246094,0.0022602646628622214,-0.015123823060790742,-0.006375199842290069,0.9859919741675102,0.9846140192764608,0.014291494630561615,-0.028017315440295176,0.0065662280713738586,1
2022-09-27,AAPL,151.75999450683594,0.0065662280713738586,0.0022602646628622214,-0.015123823060790742,0.9991835537169673,0.9924272927192042,0.011306675329328946,-0.09531559020092262,-0.012651543479456517,0
2022-09-28,AAPL,149.83999633789062,-0.012651543479456517,0.0065662280713738586,0.0022602646628622214,0.9916086353429093,0.9833892189374743,0.009346084148165734,0.7371708862933088,-0.049119065604851575,0
2022-09-29,AAPL,142.47999572753906,-0.049119065604851575,-0.012651543479456517,0.0065662280713738586,0.9558823454140066,0.9411951084705362,0.02192629388761183,-0.12647776215919948,-0.030039296095161427,0
2022-09-30,AAPL,138.1999969482422,-0.030039296095161427,-0.049119065604851575,-0.012651543479456517,0.9426369227856344,0.9205232667468953,0.023162892022691176,-0.025073709479296546,0.030752533240588242,1
2022-10-03,AAPL,142.4499969482422,0.030752533240588242,-0.030039296095161427,-0.049119065604851575,0.9827797992854288,0.9564960420731896,0.031104984198677754,-0.0849595718401317,0.02562309044204225,1
2022-10-04,AAPL,146.10000610351562,0.02562309044204225,0.030752533240588242,-0.030039296095161427,1.0158955853787157,0.9881704108145865,0.034735597273093576,-0.23166132600599942,0.0020533044519943644,1
2022-10-05,AAPL,146.39999389648438,0.0020533044519943644,0.02562309044204225,0.030752533240588242,1.0228749215317245,0.9951262980970226,0.03476915715215593,-0.09517352251676814,-0.0066256916744750205,0
2022-10-06,AAPL,145.42999267578125,-0.0066256916744750205,0.0020533044519943644,0.02562309044204225,1.0119262670360758,0.9934692911000531,0.024789122633238615,-0.13928099558329454,-0.03671867294799025,0
2022-10-07,AAPL,140.08999633789062,-0.03671867294799025,-0.0066256916744750205,0.0020533044519943644,0.9722125769809387,0.9637982199583793,0.027171350010826392,0.25618181871343326,0.0023556416566585803,1
2022-10-10,AAPL,140.4199981689453,0.0023556416566585803,-0.03671867294799025,-0.0066256916744750205,0.9772562821816637,0.9729969533489293,0.02248902503487439,-0.12832729710354074,-0.01025496695758199,0
2022-10-11,AAPL,138.97999572753906,-0.01025496695758199,0.0023556416566585803,-0.03671867294799025,0.9769161577007014,0.9716231150385606,0.01599336880358594,0.028501048078078517,-0.004604974883602009,0
2022-10-12,AAPL,138.33999633789062,-0.004604974883602009,-0.01025496695758199,0.0023556416566585803,0.9835622701423248,0.9749874858010473,0.015002210251128344,-0.08567678821087399,0.0336129050048255,1
2022-10-13,AAPL,142.99000549316406,0.0336129050048255,-0.004604974883602009,-0.01025496695758199,1.0201621465716855,1.007397545760162,0.025304508833056575,0.6075259428370225,-0.03224001981433555,0
2022-10-14,AAPL,138.3800048828125,-0.03224001981433555,0.0336129050048255,-0.004604974883602009,0.9896869216718479,0.9747954056251981,0.02385573185385731,-0.21749805694905677,0.02912269574429982,1
2022-10-17,AAPL,142.41000366210938,0.02912269574429982,-0.03224001981433555,0.0336129050048255,1.0156183313531657,1.00321233875518,0.027815702251218793,-0.03777850515812997,0.009409425626236034,1
2022-10-18,AAPL,143.75,0.009409425626236034,0.02912269574429982,-0.03224001981433555,1.0182469710211417,1.014331185656878,0.02682304188993148,0.16288039187856085,0.0007652216372282528,1
2022-10-19,AAPL,143.86000061035156,0.0007652216372282528,0.009409425626236034,0.02912269574429982,1.0111190602066988,1.0169299913832848,0.026342394682039475,-0.37703834910618284,-0.003267073673773546,0
2022-10-20,AAPL,143.38999938964844,-0.003267073673773546,0.0007652216372282528,0.009409425626236034,1.0072493127767677,1.0150713879109832,0.022273716079266887,0.0447502602889005,0.027059103837980825,1
2022-10-21,AAPL,147.27000427246094,0.027059103837980825,-0.003267073673773546,0.0007652216372282528,1.0217433718921158,1.037266098409801,0.0148666517047623,0.3413812343076781,0.014802693097965003,1
2022-10-24,AAPL,149.4499969482422,0.014802693097965003,0.027059103837980825,-0.003267073673773546,1.0268372224038744,1.045967974847443,0.011993968779488875,-0.12208978539225357,0.019337567404898115,1
2022-10-25,AAPL,152.33999633789062,0.019337567404898115,0.014802693097965003,0.027059103837980825,1.0344827371827705,1.0563174881065338,0.012722382648382278,-0.016446022013137385,-0.019627086164182295,0
2022-10-26,AAPL,149.35000610351562,-0.019627086164182295,0.019337567404898115,0.014802693097965003,1.006672994668989,1.0277390037393426,0.01889242493627161,0.18013629983287016,-0.03046536903791064,0
2022-10-27,AAPL,144.8000030517578,-0.03046536903791064,-0.019627086164182295,0.019337567404898115,0.9741526738316996,0.9951890139740199,0.02556337650035285,0.23795075191934179,0.07555250145606562,1
2022-10-28,AAPL,155.74000549316406,0.07555250145606562,-0.03046536903791064,-0.019627086164182295,1.0359461729007458,1.0577576395351245,0.04154564845194635,0.5090868124440147,-0.015410357458724877,0
2022-10-31,AAPL,153.33999633789062,-0.015410357458724877,0.07555250145606562,-0.03046536903791064,1.014730566668005,1.03378297874678,0.0431863409046517,-0.40554883881273884,-0.0175427318745901,0
2022-11-01,AAPL,150.64999389648438,-0.0175427318745901,-0.015410357458724877,0.07555250145606562,0.9991642762822864,1.0109448704505577,0.043461302091322505,-0.1793274060884268,-0.03730498071609045,0
2022-11-02,AAPL,145.02999877929688,-0.03730498071609045,-0.0175427318745901,-0.015410357458724877,0.9674342230887244,0.9724680742405732,0.04595239958776618,0.16453614301194452,-0.04240497792352105,0
2022-11-03,AAPL,138.8800048828125,-0.04240497792352105,-0.03730498071609045,-0.0175427318745901,0.933785198461621,0.9340552464116113,0.047874346578476654,0.04608641028325522,-0.003600230288167805,0
2022-11-04,AAPL,138.3800048828125,-0.003600230288167805,-0.04240497792352105,-0.03730498071609045,0.9526629200542232,0.936290591451727,0.016160151463369153,0.43808166996022213,0.003902249364639898,1
2022-11-07,AAPL,138.9199981689453,0.003902249364639898,-0.003600230288167805,-0.04240497792352105,0.9757536457297414,0.9466890919347989,0.02028480866518277,-0.4079130886810193,0.004175078021159573,1
2022-11-08,AAPL,139.5,0.004175078021159573,0.003902249364639898,-0.003600230288167805,0.9954189226882585,0.9590331219645399,0.022931787612818593,0.07836799217027735,-0.03318999915994625,0
2022-11-09,AAPL,134.8699951171875,-0.03318999915994625,0.004175078021159573,0.003902249364639898,0.9765403991105245,0.9365256477632021,0.02198765625817149,-0.16673284505914343,0.08897457132383879,1
2022-11-10,AAPL,146.8699951171875,0.08897457132383879,-0.03318999915994625,0.004175078021159573,1.0512640402038318,1.0183887993390404,0.04565461946718941,0.5864587587996444,0.019268754171310798,1
2022-11-11,AAPL,149.6999969482422,0.019268754171310798,0.08897457132383879,-0.03318999915994625,1.0544332687952704,1.0423774743576926,0.04483261363890929,-0.2092845003113063,-0.009485625904429806,0
2022-11-14,AAPL,148.27999877929688,-0.009485625904429806,0.019268754171310798,0.08897457132383879,1.0308389760678103,1.0361405384087463,0.04616257309730196,-0.21925586057414526,0.011869399253607638,1
2022-11-15,AAPL,150.0399932861328,0.011869399253607638,-0.009485625904429806,0.019268754171310798,1.0280091917395617,1.0488859938241837,0.04588271496366329,0.22479594298260563,-0.00833111207633952,0
2022-11-16,AAPL,148.7899932861328,-0.00833111207633952,0.011869399253607638,-0.009485625904429806,1.0003630446184792,1.037420743620934,0.040296192790625,-0.2854176611775231,0.01297135574741759,1
2022-11-17,AAPL,150.72000122070312,0.01297135574741759,-0.00833111207633952,0.011869399253607638,1.008120105837656,1.0422732207851964,0.013243358332791864,0.2518145139313872,0.003781794458686649,1
2022-11-18,AAPL,151.2899932861328,0.003781794458686649,0.01297135574741759,-0.00833111207633952,1.0097847965203801,1.0369573050604624,0.010717650078013634,-0.06916085951630435,-0.02168020969565021,0
2022-11-21,AAPL,148.00999450683594,-0.02168020969565021,0.003781794458686649,0.01297135574741759,0.9882486434684433,1.00819442113496,0.014684122897403316,-0.21522900028865588,0.014661159715434469,1
2022-11-22,AAPL,150.17999267578125,0.014661159715434469,-0.02168020969565021,0.003781794458686649,1.0025500854045244,1.015587471342497,0.015301575810857107,-0.11783918357199175,0.0059263196953200925,1
2022-11-23,AAPL,151.07000732421875,0.0059263196953200925,0.014661159715434469,-0.02168020969565021,1.0054308672875094,1.0105355410984946,0.014608308001032118,0.12542057481936753,-0.01959360938875554,0
2022-11-25,AAPL,148.11000061035156,-0.01959360938875554,0.0059263196953200925,0.014661159715434469,0.9891673316629906,0.9899144051868564,0.016287734113451,-0.39631123780904065,-0.02626425881856731,0
2022-11-28,AAPL,144.22000122070312,-0.02626425881856731,-0.01959360938875554,0.0059263196953200925,0.9723701906234463,0.9674584830289816,0.018391244127249063,0.9674450717271046,-0.021148266717113118,0
2022-11-29,AAPL,141.1699981689453,-0.021148266717113118,-0.02626425881856731,-0.01959360938875554,0.9606668810407983,0.9515368056890887,0.018303705626860223,0.20965543136065623,0.04859389884061516,1
2022-11-30,AAPL,148.02999877929688,0.04859389884061516,-0.021148266717113118,-0.02626425881856731,1.0103057435572855,0.9991293182981751,0.031170012244771894,0.32970209087935354,0.0018915002472865705,1
2022-12-01,AAPL,148.30999755859375,0.0018915002472865705,0.04859389884061516,-0.021148266717113118,1.0160446008903803,1.0013435803242543,0.030948860401100724,-0.36029965640428474,-0.0033713168918532155,0
2022-12-02,AAPL,147.80999755859375,-0.0033713168918532155,0.0018915002472865705,0.04859389884061516,1.0130356040715454,0.9999323460257378,0.029636772842383512,-0.08144515679911968,-0.00798317228381984,0
2022-12-05,AAPL,146.6300048828125,-0.00798317228381984,-0.0033713168918532155,0.0018915002472865705,1.0016394937780226,0.9950866997224406,0.026564147308437407,0.051629247303941694,-0.025369986338581674,0
2022-12-06,AAPL,142.91000366210938,-0.025369986338581674,-0.00798317228381984,-0.0033713168918532155,0.9739127096359911,0.9732096879988924,0.027594407034378054,-0.05955854148989337,-0.013784907775671984,0
2022-12-07,AAPL,140.94000244140625,-0.013784907775671984,-0.025369986338581674,-0.00798317228381984,0.9698596288019239,0.9658717191773823,0.010483257716210594,0.07715303612700697,0.012132761639400691,1
2022-12-08,AAPL,142.64999389648438,0.012132761639400691,-0.013784907775671984,-0.025369986338581674,0.9893333246415198,0.9832641338901261,0.013796807544129788,-0.10890246998397901,-0.0034349124103753015,0
2022-12-09,AAPL,142.16000366210938,-0.0034349124103753015,0.012132761639400691,-0.013784907775671984,0.9937228394347228,0.9839220080005805,0.013791876213748897,0.22483634672122044,0.01638999557563814,1
2022-12-12,AAPL,144.49000549316406,0.01638999557563814,-0.0034349124103753015,0.012132761639400691,1.0130407602764566,0.9998616350626043,0.017476541399707838,-0.07404102658449085,0.006782446468835079,1
2022-12-13,AAPL,145.47000122070312,0.006782446468835079,0.01638999557563814,-0.0034349124103753015,1.016263569435186,1.0036566876074788,0.012229508641689145,0.3324241052358199,-0.015535811424151502,0
2022-12-14,AAPL,143.2100067138672,-0.015535811424151502,0.006782446468835079,0.01638999557563814,0.9973119343331845,0.9913608455028243,0.01286112799829936,-0.12350057835975892,-0.04685431463789913,0
2022-12-15,AAPL,136.5,-0.04685431463789913,-0.015535811424151502,0.006782446468835079,0.9587963188040974,0.9527000016698969,0.024491180038556108,0.20221724801679897,-0.014578794821714758,0
2022-12-16,AAPL,134.50999450683594,-0.014578794821714758,-0.04685431463789913,-0.015535811424151502,0.9550824575478014,0.9476071558062339,0.024418490960839808,0.6188600441313672,-0.01590959391154889,0
2022-12-19,AAPL,132.3699951171875,-0.01590959391154889,-0.014578794821714758,-0.04685431463789913,0.9563476836123611,0.9419943957468632,0.01914314275089871,-0.5030335876880734,-0.0005287608069164396,0
2022-12-20,AAPL,132.3000030517578,-0.0005287608069164396,-0.01590959391154889,-0.014578794821714758,0.9743846806603519,0.9486591314552003,0.017012057742839332,-0.027135688493653887,0.023809477126406797,1
2022-12-21,AAPL,135.4499969482422,0.023809477126406797,-0.0005287608069164396,-0.01590959391154889,1.0091189415043367,0.9750847441075777,0.02570804512842269,0.10971061359010648,-0.02377261936693542,0
2022-12-22,AAPL,132.22999572753906,-0.02377261936693542,0.023809477126406797,-0.0005287608069164396,0.9914374728739244,0.959098822022239,0.01874839300919872,-0.09398449865003256,-0.0027981178941416385,0
2022-12-23,AAPL,131.86000061035156,-0.0027981178941416385,-0.02377261936693542,0.023809477126406797,0.9926077769583622,0.9636141792118177,0.018162652756874238,-0.1803059904614005,-0.01387836965405731,0
2022-12-27,AAPL,130.02999877929688,-0.01387836965405731,-0.0027981178941416385,-0.02377261936693542,0.9822925932476694,0.9603893811549126,0.01784514010497158,0.0813744125588225,-0.03068521034551308,0
2022-12-28,AAPL,126.04000091552734,-0.03068521034551308,-0.01387836965405731,-0.0027981178941416385,0.9612422191922593,0.9444735978726377,0.021366570126042362,0.2380977222864662,0.02832433885189234,1
2022-12-29,AAPL,129.61000061035156,0.02832433885189234,-0.03068521034551308,-0.01387836965405731,0.99735291934039,0.9812249372235518,0.023145666412111274,-0.1139382291803217,0.00246888406699175,1
2022-12-30,AAPL,129.92999267578125,0.00246888406699175,0.02832433885189234,-0.03068521034551308,1.003366904735625,0.9885644758729863,0.02176856351075625,0.017575098707196535,-0.03740470449409117,0
2023-01-03,AAPL,125.06999969482422,-0.03740470449409117,0.00246888406699175,0.02832433885189234,0.9760723069599303,0.9584716046244226,0.02654189787388012,0.4554249930550327,0.010314231379827232,1
2023-01-04,AAPL,126.36000061035156,0.010314231379827232,-0.03740470449409117,0.00246888406699175,0.9918211778464926,0.9728381499427672,0.027882926432497034,-0.20517671193167886,-0.010604653061194957,0
2023-01-05,AAPL,125.0199966430664,-0.010604653061194957,0.010314231379827232,-0.03740470449409117,0.9828770779630828,0.9679467193227999,0.02458043052926271,-0.09146639794599254,0.036794101724815675,1
2023-01-06,AAPL,129.6199951171875,0.036794101724815675,-0.010604653061194957,0.010314231379827232,1.019025143294068,1.0081118473277535,0.027282611803638848,0.08389048290138534,0.004088865910060413,1
2023-01-09,AAPL,130.14999389648438,0.004088865910060413,0.036794101724815675,-0.010604653061194957,1.0228379866101498,1.01387403477109,0.027324193644678994,-0.19331044377110285,0.004456410743407302,1
2023-01-10,AAPL,130.72999572753906,0.004456410743407302,0.004088865910060413,0.036794101724815675,1.01833675604977,1.0192895327264038,0.01734462941726701,-0.09739401165123152,0.02111229140844828,1
2023-01-11,AAPL,133.49000549316406,0.02111229140844828,0.004456410743407302,0.004088865910060413,1.0284125683136232,1.038008797884111,0.01819885987167578,0.08705838531868881,-0.0005993095195339082,0
2023-01-12,AAPL,133.41000366210938,-0.0005993095195339082,0.02111229140844828,0.004456410743407302,1.0146790759106428,1.0314754660154501,0.01556571306384461,0.02765232389225858,0.010119112567793076,1
2023-01-13,AAPL,134.75999450683594,0.010119112567793076,-0.0005993095195339082,0.02111229140844828,1.0169951691402033,1.037780867644556,0.008338009344241554,-0.19010893868836476,0.008756366745847899,1
2023-01-17,AAPL,135.94000244140625,0.008756366745847899,0.010119112567793076,-0.0005993095195339082,1.0170125691571912,1.042045178133717,0.008070679272608964,0.1009674846954749,-0.005369984658148752,0
2023-01-18,AAPL,135.2100067138672,-0.005369984658148752,0.008756366745847899,0.010119112567793076,1.0048156547765774,1.0284554324398045,0.010277935153901057,0.09468219826353641,0.00044373608175840573,1
2023-01-19,AAPL,135.27000427246094,0.00044373608175840573,-0.005369984658148752,0.008756366745847899,1.0026090065600872,1.0219855275642458,0.006573034445421967,-0.16351287733520115,0.01922074933545259,1
2023-01-20,AAPL,137.8699951171875,0.01922074933545259,0.00044373608175840573,-0.005369984658148752,1.015168209245107,1.0316135690224923,0.009453725774768058,0.3765107995140733,0.02350043960188808,1
2023-01-23,AAPL,141.11000061035156,0.02350043960188808,0.01922074933545259,0.00044373608175840573,1.0293988818607085,1.0468566876476053,0.012186166576848472,0.01915521118473862,0.010063058343160014,1
2023-01-24,AAPL,142.52999877929688,0.010063058343160014,0.02350043960188808,0.01922074933545259,1.0298559057779981,1.0477681575797502,0.012185329690478319,-0.18744060381383143,-0.00470075194473818,0
2023-01-25,AAPL,141.86000061035156,-0.00470075194473818,0.010063058343160014,0.02350043960188808,1.0152582212175403,1.0343796663945537,0.011982159054845001,-0.009570242236408122,0.014803370185255682,1
2023-01-26,AAPL,143.9600067138672,0.014803370185255682,-0.00470075194473818,0.010063058343160014,1.0176297226273454,1.0417390682170287,0.010877250070584014,-0.17772529494994627,0.013684258613779976,1
2023-01-27,AAPL,145.92999267578125,0.013684258613779976,0.014803370185255682,-0.00470075194473818,1.019933132978409,1.0465132413032103,0.010298282360073848,0.3040508196085028,-0.020078070464177533,0
2023-01-30,AAPL,143.0,-0.020078070464177533,0.013684258613779976,0.014803370185255682,0.9968213267020172,1.0194769954022929,0.014957915769187648,-0.09269967883575836,0.009020932070858745,1
2023-01-31,AAPL,144.2899932861328,0.009020932070858745,-0.020078070464177533,0.013684258613779976,1.0033516538259817,1.0225862909432135,0.014837390709210157,0.029043056894211272,0.007900751560697472,1
2023-02-01,AAPL,145.42999267578125,0.007900751560697472,0.009020932070858745,-0.020078070464177533,1.0062827501963387,1.0232541371127046,0.014361339970156905,0.17896302818237708,0.03706260688917107,1
2023-02-02,AAPL,150.82000732421875,0.03706260688917107,0.007900751560697472,0.009020932070858745,1.0337643098868576,1.0496938238139149,0.02033994244971704,0.5237382763611267,0.024399897209064214,1
2023-02-03,AAPL,154.5,0.024399897209064214,0.03706260688917107,0.007900751560697472,1.0466912457689908,1.06300269554479,0.02142428035740763,0.3043654247543075,-0.01792883024246561,0
2023-02-06,AAPL,151.72999572753906,-0.01792883024246561,0.024399897209064214,0.03706260688917107,1.0159084990007625,1.0363716880751423,0.0206353083812922,-0.5474247087763261,0.019244699473851767,1
2023-02-07,AAPL,154.64999389648438,0.019244699473851767,-0.01792883024246561,0.024399897209064214,1.0212909012710003,1.0476435348699054,0.020761185907287125,0.19273729821653252,-0.017652737376545935,0
2023-02-08,AAPL,151.9199981689453,-0.017652737376545935,0.019244699473851767,-0.01792883024246561,0.9947355958485031,1.0221836469819459,0.025323643881694564,-0.23045968320719712,-0.006911552556695955,0
2023-02-09,AAPL,150.8699951171875,-0.006911552556695955,-0.017652737376545935,0.019244699473851767,0.9877957657983328,1.0104209803663342,0.02028718753003268,-0.12652818694917822,0.0009279472007650558,1
2023-02-10,AAPL,151.00999450683594,0.0009279472007650558,-0.006911552556695955,-0.017652737376545935,0.9932515916819544,1.0079293926109254,0.015430574243009502,0.0257753034883077,0.01880677902118011,1
2023-02-13,AAPL,153.85000610351562,0.01880677902118011,0.0009279472007650558,-0.006911552556695955,1.0091172016737548,1.0195021335530066,0.01614577304448803,0.08264999382078897,-0.004224953717818392,0
2023-02-14,AAPL,153.1999969482422,-0.004224953717818392,0.01880677902118011,0.0009279472007650558,1.0067687375415049,1.009235951194391,0.013373463421371534,-0.007900448560266282,0.013903426404976438,1
2023-02-15,AAPL,155.3300018310547,0.013903426404976438,-0.004224953717818392,0.01880677902118011,1.0162117796790249,1.0166374511474416,0.011316097647879927,0.06265354672682144,-0.010429376798369527,0
2023-02-16,AAPL,153.7100067138672,-0.010429376798369527,0.013903426404976438,-0.004224953717818392,1.001890271743297,1.0041352248675053,0.012271983569203237,0.03956000719799668,-0.007546702305912589,0
2023-02-17,AAPL,152.5500030517578,-0.007546702305912589,-0.010429376798369527,0.013903426404976438,0.9923371158443495,0.9978284156636609,0.013308704963292475,-0.1323760890389758,-0.026679824600448265,0
2023-02-21,AAPL,148.47999572753906,-0.026679824600448265,-0.007546702305912589,-0.010429376798369527,0.9726570865906637,0.9732755396329987,0.014525916669918008,-0.004681785672619898,0.0028960664530148783,1
2023-02-22,AAPL,148.91000366210938,0.0028960664530148783,-0.026679824600448265,-0.007546702305912589,0.9809876512333587,0.9797806562754136,0.015198965412598981,-0.13345122580995872,0.0032905125399556034,1
2023-02-23,AAPL,149.39999389648438,0.0032905125399556034,0.0028960664530148783,-0.026679824600448265,0.9919659603680792,0.9846372470811786,0.012255351297772223,-0.051304318847000596,-0.018005269695533066,0
2023-02-24,AAPL,146.7100067138672,-0.018005269695533066,0.0032905125399556034,0.0028960664530148783,0.9832451317856845,0.9695668362436125,0.013116189938001082,0.14620347066383999,0.008247504598905886,1
2023-02-27,AAPL,147.9199981689453,0.008247504598905886,-0.018005269695533066,0.0032905125399556034,0.9975452411201297,0.9795637055044236,0.01533145503189798,-0.18877186783391264,-0.003447772533457294,0
2023-02-28,AAPL,147.41000366210938,-0.003447772533457294,0.008247504598905886,-0.018005269695533066,0.9955426652721506,0.9803673976462302,0.0101668545033148,0.12330411013700449,-0.014246021649447993,0
2023-03-01,AAPL,145.30999755859375,-0.014246021649447993,-0.003447772533457294,0.008247504598905886,0.986155395714922,0.971498843315794,0.011192894778184637,0.09757255623479133,0.0041291453691869595,1
2023-03-02,AAPL,145.91000366210938,0.0041291453691869595,-0.014246021649447993,-0.003447772533457294,0.9949404148519378,0.9816929335322776,0.011350222250639332,-0.05841669821013351,0.035090089703815774,1
2023-03-03,AAPL,151.02999877929688,0.035090089703815774,0.0041291453691869595,-0.014246021649447993,1.0238211340082592,1.017976168466789,0.018397935894220948,0.35403661312337165,0.01853938339660255,1
2023-03-06,AAPL,153.8300018310547,0.01853938339660255,0.035090089703815774,0.0041291453691869595,1.0345129100223598,1.0359550508224513,0.019273500025177748,0.2378785929483418,-0.014496494188358522,0
2023-03-07,AAPL,151.60000610351562,-0.014496494188358522,0.01853938339660255,0.035090089703815774,1.013802726398311,1.0187966954518395,0.021428856758059736,-0.3583453253843166,0.00837723590066819,1
2023-03-08,AAPL,152.8699951171875,0.00837723590066819,-0.014496494188358522,0.01853938339660255,1.012062351075834,1.0246046860525564,0.018296684772910233,-0.15978783240183692,-0.014914625839747453,0
2023-03-09,AAPL,150.58999633789062,-0.014914625839747453,0.00837723590066819,-0.014496494188358522,0.9908279601849054,1.0085187019493589,0.021594566081986774,0.1404263973155273,-0.0138787196275717,0
2023-03-10,AAPL,148.5,-0.0138787196275717,-0.014914625839747453,0.00837723590066819,0.9803403802510626,0.9933309690411432,0.015696206669719492,0.27378440230636625,0.013266001486216261,1
2023-03-13,AAPL,150.47000122070312,0.013266001486216261,-0.0138787196275717,-0.014914625839747453,0.9977719816472806,1.004794599013092,0.013943305427736473,0.23164859331159482,0.01408915464869298,1
2023-03-14,AAPL,152.58999633789062,0.01408915464869298,0.013266001486216261,-0.0138787196275717,1.0105030234843724,1.0154388543806347,0.014578271540786572,-0.12741616749805518,0.0026214638237991306,1
2023-03-15,AAPL,152.99000549316406,0.0026214638237991306,0.01408915464869298,0.013266001486216261,1.0129910057527094,1.0129239330405082,0.014108047716308688,0.047112525934278615,0.018694035607962345,1
2023-03-16,AAPL,155.85000610351562,0.018694035607962345,0.0026214638237991306,0.01408915464869298,1.0247896122242885,1.025113169284758,0.013051371683284815,-0.013046875708682015,-0.00545400109224925,0
2023-03-17,AAPL,155.0,-0.00545400109224925,0.018694035607962345,0.0026214638237991306,1.010561990804575,1.016866863464926,0.009836671148822078,0.29914877805073714,0.015483831590221708,1
2023-03-20,AAPL,157.39999389648438,0.015483831590221708,-0.00545400109224925,0.018694035607962345,1.0170192001088147,1.030199061652285,0.010142485019130844,-0.255730984813724,0.011944122971497162,1
2023-03-21,AAPL,159.27999877929688,0.011944122971497162,0.015483831590221708,-0.00545400109224925,1.0203453973467669,1.037289809941255,0.009920949243652482,0.004031699560301583,-0.009103446505241086,0
2023-03-22,AAPL,157.8300018310547,-0.009103446505241086,0.011944122971497162,0.015483831590221708,1.004825823242814,1.0245374997147334,0.01270071728500072,0.02385096763111938,0.006969466083539766,1
2023-03-23,AAPL,158.92999267578125,0.006969466083539766,-0.009103446505241086,0.011944122971497162,1.0078762826559313,1.02612273089253,0.010780520996721428,-0.1067306193511911,0.008305589788276002,1
2023-03-24,AAPL,160.25,0.008305589788276002,0.006969466083539766,-0.009103446505241086,1.009525145761532,1.0268552302401375,0.009447936183802297,-0.12459831918854936,-0.012293299349161457,0
2023-03-27,AAPL,158.27999877929688,-0.012293299349161457,0.008305589788276002,0.006969466083539766,0.9960104229953296,1.0091813274372117,0.011038978154235723,-0.11497639218534883,-0.003980318976947728,0
2023-03-28,AAPL,157.64999389648438,-0.003980318976947728,-0.012293299349161457,0.008305589788276002,0.9940852803793395,1.0019320144943464,0.009313794185737957,-0.12212375191590807,0.019790742129842442,1
2023-03-29,AAPL,160.77000427246094,0.019790742129842442,-0.003980318976947728,-0.012293299349161457,1.0100141124820168,1.0167337359626936,0.012304152733176714,0.11553045951270002,0.009889881791605992,1
2023-03-30,AAPL,162.36000061035156,0.009889881791605992,0.019790742129842442,-0.003980318976947728,1.0156259843256226,1.0225791350696487,0.01256131806400899,-0.035161785142781454,0.015644205941022005,1
2023-03-31,AAPL,164.89999389648438,0.015644205941022005,0.009889881791605992,0.019790742129842442,1.0255485076939819,1.0321409326283935,0.01353142624714062,0.38883715104733785,0.00770166355044366,1
2023-04-03,AAPL,166.1699981689453,0.00770166355044366,0.015644205941022005,0.009889881791605992,1.0234033383189802,1.0344119217685233,0.009059215345006399,-0.17125286182650712,-0.003249643690696802,0
2023-04-04,AAPL,165.6300048828125,-0.003249643690696802,0.00770166355044366,0.015644205941022005,1.0101484729327121,1.0269908667144005,0.008782842184253917,-0.18776085453224334,-0.011290287513422759,0
2023-04-05,AAPL,163.75999450683594,-0.011290287513422759,-0.003249643690696802,0.00770166355044366,0.9951143390170201,1.011676013833756,0.010839633312393453,0.11308539855612665,0.005495903672834368,1
2023-04-06,AAPL,164.66000366210938,0.005495903672834368,-0.011290287513422759,-0.003249643690696802,0.9977942883248366,1.0136478912881888,0.01038489284624362,-0.11883902103793897,-0.01597233586979263,0
2023-04-10,AAPL,162.02999877929688,-0.01597233586979263,0.005495903672834368,-0.011290287513422759,0.985284273513511,0.9963657807459285,0.010279920985001393,0.051262279660102106,-0.007591160506113748,0
2023-04-11,AAPL,160.8000030517578,-0.007591160506113748,-0.01597233586979263,0.005495903672834368,0.9842327030322267,0.9872723132352572,0.008190342503960567,-0.001523569217614762,-0.004353214769634461,0
2023-04-12,AAPL,160.10000610351562,-0.004353214769634461,-0.007591160506113748,-0.01597233586979263,0.9866272564191572,0.9814980892650661,0.008094437504880415,0.05223930719793812,0.03410363052421039,1
2023-04-13,AAPL,165.55999755859375,0.03410363052421039,-0.004353214769634461,-0.007591160506113748,1.0180163296719558,1.011998981858217,0.019349784307712458,0.3652776309464205,-0.0021139819394035975,0
2023-04-14,AAPL,165.2100067138672,-0.0021139819394035975,0.03410363052421039,-0.004353214769634461,1.0151776099017218,1.008103427926863,0.019338436341214005,-0.2784561754152203,0.0001209915432451858,1
2023-04-17,AAPL,165.22999572753906,0.0001209915432451858,-0.0021139819394035975,0.03410363052421039,1.011323257900299,1.008022418965116,0.017049792686180985,-0.1593613639354885,0.0075047238711354325,1
2023-04-18,AAPL,166.47000122070312,0.0075047238711354325,0.0001209915432451858,-0.0021139819394035975,1.0118895640397962,1.0154015064881474,0.015764903259143488,0.2024944479504387,0.006968244450070493,1
2023-04-19,AAPL,167.6300048828125,0.006968244450070493,0.0075047238711354325,0.0001209915432451858,1.0096976487788907,1.0212312506393268,0.014477672200605014,-0.04412395088436194,-0.0058462742813449875,0
2023-04-20,AAPL,166.64999389648438,-0.0058462742813449875,0.006968244450070493,0.0075047238711354325,1.0024783347188548,1.0134764873516924,0.005803847600036638,0.09924937447873217,-0.00978091619394783,0
2023-04-21,AAPL,165.02000427246094,-0.00978091619394783,-0.0058462742813449875,0.006968244450070493,0.992900146043688,1.003344093437561,0.007657083020285345,0.11211024774860645,0.001878545331279513,1
2023-04-24,AAPL,165.3300018310547,0.001878545331279513,-0.00978091619394783,-0.0058462742813449875,0.994645654054191,1.0032160212394934,0.00771599895367308,-0.2809128979229413,-0.0094356592349637,0
2023-04-25,AAPL,163.77000427246094,-0.0094356592349637,0.001878545331279513,-0.00978091619394783,0.9884717676395164,0.9919623169273665,0.007388676355040317,0.16125302744245484,-6.112087295517821e-05,0
2023-04-26,AAPL,163.75999450683594,-6.112087295517821e-05,-0.0094356592349637,0.001878545331279513,0.9930505545539878,0.9897076326645853,0.005346485272079311,-0.06600347743261192,0.02839526936524983,1
2023-04-27,AAPL,168.41000366210938,0.02839526936524983,-6.112087295517821e-05,-0.0094356592349637,1.0190732183647941,1.016060540976856,0.015575132852478104,0.4264617967946407,0.007541054486406518,1
2023-04-28,AAPL,169.67999267578125,0.007541054486406518,0.02839526936524983,-6.112087295517821e-05,1.0210000198504736,1.0209693010460985,0.01410088937657002,-0.1483214000120181,-0.0005303886243240852,0
2023-05-01,AAPL,169.58999633789062,-0.0005303886243240852,0.007541054486406518,0.02839526936524983,1.0152536372465801,1.0177577796830521,0.014302260960630975,-0.05070926027436917,-0.006191420923589042,0
2023-05-02,AAPL,168.5399932861328,-0.006191420923589042,-0.0005303886243240852,0.007541054486406518,1.0032381557003254,1.0102014788855986,0.013525840974713531,-0.07712933723884141,-0.006467285993302041,0
2023-05-03,AAPL,167.4499969482422,-0.006467285993302041,-0.006191420923589042,-0.0005303886243240852,0.9923903916235113,1.0037765183204166,0.01449234573141632,0.34507090243403815,-0.009913429037699317,0
2023-05-04,AAPL,165.7899932861328,-0.009913429037699317,-0.006467285993302041,-0.006191420923589042,0.9856132138414357,0.9943382583486878,0.006840184592345981,0.2471659297469908,0.04692692172716728,1
2023-05-05,AAPL,173.57000732421875,0.04692692172716728,-0.009913429037699317,-0.006467285993302041,1.0271144102374279,1.035688553352353,0.023808257346153418,0.39659803484687717,-0.0004033376808469935,0
2023-05-08,AAPL,173.5,-0.0004033376808469935,0.04692692172716728,-0.009913429037699317,1.0219709128307983,1.0302483392727082,0.023801259669353744,-0.5067322913765324,-0.009971156931060876,0
2023-05-09,AAPL,171.77000427246094,-0.009971156931060876,-0.0004033376808469935,0.04692692172716728,1.0079452862603298,1.0151531628269792,0.024292205047807686,-0.19005303523054595,0.010420872338650744,1
2023-05-10,AAPL,173.55999755859375,0.010420872338650744,-0.009971156931060876,-0.0004033376808469935,1.0111979693590274,1.0198253619714817,0.023632109994385826,0.18526746810392947,0.0010947363682816125,1
2023-05-11,AAPL,173.75,0.0010947363682816125,0.010420872338650744,-0.009971156931060876,1.0030017789265653,1.0177483708033792,0.022076052914131332,-0.07835903544937595,-0.006791324752697836,0
2023-05-12,AAPL,172.57000732421875,-0.006791324752697836,0.0010947363682816125,0.010420872338650744,0.9973415332487539,1.0091282195309752,0.00789171710790038,-0.08041248356548658,-0.002897374855299284,0
2023-05-15,AAPL,172.07000732421875,-0.002897374855299284,-0.006791324752697836,0.0010947363682816125,0.9960982959823782,1.0047472896776182,0.007913092267831207,-0.18154705038752028,0.0,0
2023-05-16,AAPL,172.07000732421875,0.0,-0.002897374855299284,-0.006791324752697836,0.9957524330140554,1.002680526672467,0.006396139100896325,0.12997126120638525,0.0036031562201266354,1
2023-05-17,AAPL,172.69000244140625,0.0036031562201266354,0.0,-0.002897374855299284,1.0003475500022982,1.003230040242979,0.003991128426586867,0.3761858737648509,0.013666110237923634,1
2023-05-18,AAPL,175.0500030517578,0.013666110237923634,0.0036031562201266354,0.0,1.0124934784543063,1.0114988983447255,0.00779052594464605,0.13019657783391647,0.0006283953638037687,1
2023-05-19,AAPL,175.16000366210938,0.0006283953638037687,0.013666110237923634,0.0036031562201266354,1.0101033334867355,1.0112054701232478,0.0063940058600083305,-0.14790363483961788,-0.005480741572254533,0
2023-05-22,AAPL,174.1999969482422,-0.005480741572254533,0.0006283953638037687,0.013666110237923634,1.0021054238931457,1.0052570788786195,0.0070594392659725025,-0.2192924143738969,-0.015154991021227304,0
2023-05-23,AAPL,171.55999755859375,-0.015154991021227304,-0.005480741572254533,0.0006283953638037687,0.9874979671869812,0.9901424109594436,0.01070459082870746,0.16470626037102742,0.00163207497832496,1
2023-05-24,AAPL,171.83999633789062,0.00163207497832496,-0.015154991021227304,-0.005480741572254533,0.99007845508422,0.9927438771350501,0.010548674999749964,-0.11042557929190322,0.0066923253013353445,1
2023-05-25,AAPL,172.99000549316406,0.0066923253013353445,0.00163207497832496,-0.015154991021227304,0.9990759774366968,0.9998266255176177,0.008370481546582471,0.24178010123273563,0.014104787011603337,1
2023-05-26,AAPL,175.42999267578125,0.014104787011603337,0.0066923253013353445,0.00163207497832496,1.012851867747199,1.0122557290476633,0.011241273152997111,-0.021821924674847448,0.010659581907596527,1
2023-05-30,AAPL,177.3000030517578,0.010659581907596527,0.014104787011603337,0.0066923253013353445,1.0199972618732103,1.0199679120296568,0.011460500236352974,0.020596334457919196,-0.0002820251037627397,0
2023-05-31,AAPL,177.25,-0.0002820251037627397,0.010659581907596527,0.014104787011603337,1.0130771281459208,1.0166507016231832,0.006017591634036935,0.7801548841763692,0.016022546335066945,1
2023-06-01,AAPL,180.08999633789062,0.016022546335066945,-0.0002820251037627397,0.010659581907596527,1.0196928681844242,1.0285743478392124,0.006493169891574353,-0.30839053935094796,0.004775393568990927,1
2023-06-02,AAPL,180.9499969482422,0.004775393568990927,0.016022546335066945,-0.0002820251037627397,1.0154093015833885,1.0300153012622641,0.006747532832471705,-0.100213637379575,-0.0075711253953729685,0
2023-06-05,AAPL,179.5800018310547,-0.0075711253953729685,0.004775393568990927,0.016022546335066945,1.0030497123361064,1.0196515034606208,0.009207622795035677,0.966977381127121,-0.002060335858196427,0
2023-06-06,AAPL,179.2100067138672,-0.002060335858196427,-0.0075711253953729685,0.004775393568990927,0.9988518657649078,1.0146642907004764,0.008908964175987823,-0.46822254021230625,-0.007756259904993845,0
2023-06-07,AAPL,177.82000732421875,-0.007756259904993845,-0.002060335858196427,-0.0075711253953729685,0.990475160199435,1.0032384744967884,0.009986577838961421,-0.04477828288747299,0.01546507640721173,1
2023-06-08,AAPL,180.57000732421875,0.01546507640721173,-0.007756259904993845,-0.002060335858196427,1.0052553821536307,1.0137604945561274,0.009773328861897404,-0.1893579101326024,0.002159823746078704,1
2023-06-09,AAPL,180.9600067138672,0.002159823746078704,0.01546507640721173,-0.007756259904993845,1.0074153288355239,1.011424382392639,0.00955966353271329,-0.026185454914776307,0.015638740424785524,1
2023-06-12,AAPL,183.7899932861328,0.015638740424785524,0.002159823746078704,0.01546507640721173,1.0183963480638012,1.0224642356643172,0.010522064892654984,0.10991615541922295,-0.002611653218746346,0
2023-06-13,AAPL,183.30999755859372,-0.002611653218746346,0.015638740424785524,0.002159823746078704,1.0111423414969634,1.0163956026889978,0.010612976280066244,0.012053453806455616,0.003491350161869411,1
2023-06-14,AAPL,183.9499969482422,0.003491350161869411,-0.002611653218746346,0.015638740424785524,1.0078568266845318,1.016169193040914,0.008280404398930456,0.04612855480974565,0.011198682211304378,1
2023-06-15,AAPL,186.00999450683597,0.011198682211304378,0.003491350161869411,-0.002611653218746346,1.013104271872591,1.024199507580064,0.007333645647850746,0.1387034068938393,-0.005859880490725944,0
2023-06-16,AAPL,184.9199981689453,-0.005859880490725944,0.011198682211304378,0.003491350161869411,1.00284172154654,1.0159769526996572,0.009052366583975522,0.5474743708087026,0.0004866771511020662,1
2023-06-20,AAPL,185.00999450683597,0.0004866771511020662,-0.005859880490725944,0.011198682211304378,1.0020038896029235,1.0134479701873746,0.006519277552594716,-0.5081871529842124,-0.0056753030870988486,0
2023-06-21,AAPL,183.9600067138672,-0.0056753030870988486,0.0004866771511020662,-0.005859880490725944,0.9956162176592246,1.005081169246248,0.007101619289363816,-0.005690865899182884,0.016525294494369236,1
2023-06-22,AAPL,187.0,0.016525294494369236,-0.0056753030870988486,0.0004866771511020662,1.008738813417686,1.0165916478262054,0.010120100033300099,0.034930335227008724,-0.0017112691134693048,0
2023-06-23,AAPL,186.67999267578125,-0.0017112691134693048,0.016525294494369236,-0.0056753030870988486,1.0062852090552163,1.0114922306125165,0.009219030489304612,0.03652432515762416,-0.007552970101992407,0
2023-06-26,AAPL,185.2700042724609,-0.007552970101992407,-0.0017112691134693048,0.016525294494369236,0.9983080687885391,1.001513629990404,0.009547880452874014,-0.0946646083174878,0.015059066345298966,1
2023-06-27,AAPL,188.05999755859372,0.015059066345298966,-0.007552970101992407,-0.0017112691134693048,1.0100217907773954,1.014254352577911,0.011582699436679578,0.054942221353457166,0.006327780797910076,1
2023-06-28,AAPL,189.25,0.006327780797910076,0.015059066345298966,-0.007552970101992407,1.0106701189325367,1.0174129567087484,0.010437156986543582,0.009579979026548058,0.001796546039052327,1
2023-06-29,AAPL,189.58999633789065,0.001796546039052327,0.006327780797910076,0.015059066345298966,1.009692699508405,1.0161597099741515,0.008533333120752894,-0.09507622498867563,0.023102510509079632,1
2023-06-30,AAPL,193.97000122070312,0.023102510509079632,0.001796546039052327,0.006327780797910076,1.0250597234332788,1.0352189085039285,0.011840282798409974,0.838579593633286,-0.007784680606965799,0
2023-07-03,AAPL,192.4600067138672,-0.007784680606965799,0.023102510509079632,0.001796546039052327,1.009409157082073,1.0230432250571013,0.01191535012982186,-0.6308294958996963,-0.005871375056598072,0
2023-07-05,AAPL,191.3300018310547,-0.005871375056598072,-0.007784680606965799,0.023102510509079632,1.0000522716406426,1.0136312883159244,0.012352350006577811,0.4915125468081454,0.002508732153585047,1
2023-07-06,AAPL,191.80999755859372,0.002508732153585047,-0.005871375056598072,-0.007784680606965799,0.9998852997740515,1.0119656738025882,0.012252546382366593,-0.038917057222566775,-0.0058912720775531335,0
2023-07-07,AAPL,190.67999267578125,-0.0058912720775531335,0.002508732153585047,-0.005871375056598072,0.9928664028939403,1.0040545184298912,0.01286902191218192,0.038157815954566354,-0.010855843008916621,0
2023-07-10,AAPL,188.6100006103516,-0.010855843008916621,-0.0058912720775531335,0.002508732153585047,0.9876006698724896,0.9921463666089605,0.0049574314778402795,0.2799786393250028,-0.002810024800285249,0
2023-07-11,AAPL,188.0800018310547,-0.002810024800285249,-0.010855843008916621,-0.0058912720775531335,0.9893636201512979,0.9878981542190194,0.004902962037173404,-0.22168912356355408,0.008985550962107514,1
2023-07-12,AAPL,189.7700042724609,0.008985550962107514,-0.002810024800285249,-0.010855843008916621,0.9998946460969923,0.9958804752881966,0.0076564447485948095,0.30258736955407706,0.004057485357730206,1
2023-07-13,AAPL,190.5399932861328,0.004057485357730206,0.008985550962107514,-0.002810024800285249,1.0052971190630593,0.9992447906068007,0.00789254803547201,-0.31947055318336404,0.0007872843526774975,1
2023-07-14,AAPL,190.69000244140625,0.0007872843526774975,0.004057485357730206,0.008985550962107514,1.006077947167097,0.9994549210006536,0.007476016453238998,0.00662517566753662,0.017305590274832694,1
2023-07-17,AAPL,193.9900054931641,0.017305590274832694,0.0007872843526774975,0.004057485357730206,1.0177112069542438,1.0167404180933461,0.007821950829366696,0.21395514246855796,-0.0013403255748359877,0
2023-07-18,AAPL,193.72999572753903,-0.0013403255748359877,0.017305590274832694,0.0007872843526774975,1.0103575365115451,1.0147022420612846,0.007442238843950197,-0.04418034766291501,0.007071751438550322,1
2023-07-19,AAPL,195.1000061035156,0.007071751438550322,-0.0013403255748359877,0.017305590274832694,1.01187700578764,1.0198641197256435,0.007295440416286509,0.6672251191802552,-0.010097391896840113,0
2023-07-20,AAPL,193.1300048828125,-0.010097391896840113,0.007071751438550322,-0.0013403255748359877,0.9989758439342747,1.0088700120350518,0.010200258963308246,-0.25992798168613285,-0.006161665258219817,0
2023-07-21,AAPL,191.94000244140625,-0.006161665258219817,-0.010097391896840113,0.007071751438550322,0.9915382922465823,1.001994177893974,0.01097753264732031,0.20762421703490364,0.004220055998181094,1
2023-07-24,AAPL,192.75,0.004220055998181094,-0.006161665258219817,-0.010097391896840113,0.9969999388322485,1.0040526657292326,0.007098967430899925,-0.3693297031202877,0.004513593344682265,1
2023-07-25,AAPL,193.6199951171875,0.004513593344682265,0.004220055998181094,-0.006161665258219817,1.0016139704794673,1.0056823189339408,0.007551048718046229,-0.1783823808117626,0.00454501035536059,1
2023-07-26,AAPL,194.5,0.00454501035536059,0.004513593344682265,0.004220055998181094,1.0067913095451202,1.007777239500782,0.0070175744511877785,0.2732785812376619,-0.006580970587644619,0
2023-07-27,AAPL,193.22000122070312,-0.006580970587644619,0.00454501035536059,0.004513593344682265,1.0000724690996212,0.9997568124835395,0.005917270167801373,-0.0002464615909621992,0.013507921508448373,1
2023-07-28,AAPL,195.8300018310547,0.013507921508448373,-0.006580970587644619,0.00454501035536059,1.0095162601077954,1.0105737948290265,0.007123171588126405,0.01751362194006778,0.003165986372825502,1
2023-07-31,AAPL,196.4499969482422,0.003165986372825502,0.013507921508448373,-0.006580970587644619,1.0088638171640925,1.0124879347496003,0.007132144253164505,-0.19604525857606114,-0.004275878599844907,0
2023-08-01,AAPL,195.6100006103516,-0.004275878599844907,0.003165986372825502,0.013507921508448373,1.0025010018756264,1.0071827597675165,0.007957109227003425,-0.09398801260042089,-0.015489999334607374,0
2023-08-02,AAPL,192.5800018310547,-0.015489999334607374,-0.004275878599844907,0.003165986372825502,0.9889184511917775,0.9928697810729624,0.010900764286568687,0.43252755500339735,-0.007321651514710981,0
2023-08-03,AAPL,191.1699981689453,-0.007321651514710981,-0.015489999334607374,-0.004275878599844907,0.9837491163858624,0.9865972964931938,0.010984403812327348,0.21524212481618132,-0.048020048981056385,0
2023-08-04,AAPL,181.9900054931641,-0.048020048981056385,-0.007321651514710981,-0.015489999334607374,0.9500417880210097,0.9440686685717912,0.019954071253725857,0.8936298076923077,-0.0172536913834338,0
2023-08-07,AAPL,178.85000610351562,-0.0172536913834338,-0.048020048981056385,-0.007321651514710981,0.9511274398076321,0.9345184260748339,0.017387667585600286,-0.15851334290011454,0.005311696482092065,1
2023-08-08,AAPL,179.8000030517578,0.005311696482092065,-0.0172536913834338,-0.048020048981056385,0.9725332392309487,0.9463157979357604,0.019717243990963963,-0.3049220044662576,-0.00895439701348677,0
2023-08-09,AAPL,178.19000244140625,-0.00895439701348677,0.005311696482092065,-0.0172536913834338,0.9790659310633745,0.945962450122017,0.02001978739842402,-0.10976364949943229,-0.0012346440186814522,0
2023-08-10,AAPL,177.97000122070312,-0.0012346440186814522,-0.00895439701348677,0.005311696482092065,0.9922502095616321,0.9525058312536082,0.020792424815335733,-0.09426534279586274,-0.0010114509936260951,0
2023-08-11,AAPL,177.7899932861328,-0.0010114509936260951,-0.0012346440186814522,-0.00895439701348677,0.9959107778983946,0.9608192412801367,0.008682131801559736,-0.04846133169003908,0.009393180104611876,1
2023-08-14,AAPL,179.4600067138672,0.009393180104611876,-0.0010114509936260951,-0.0012346440186814522,1.004579020414825,0.9788318208247441,0.0070128170981051535,-0.16067698374416517,-0.01120032146677552,0
2023-08-15,AAPL,177.4499969482422,-0.01120032146677552,0.009393180104611876,-0.0010114509936260951,0.9959477180851455,0.9775512764446622,0.008101974034242997,-0.0012134922015953897,-0.004959085033290345,0
2023-08-16,AAPL,176.57000732421875,-0.004959085033290345,-0.01120032146677552,0.009393180104611876,0.9928141234845519,0.9813588253246233,0.007492905800458843,0.07661854176504845,-0.014555174817995509,0
2023-08-17,AAPL,174.0,-0.014555174817995509,-0.004959085033290345,-0.01120032146677552,0.9827510203680625,0.9763926096899214,0.009372785703280618,0.40664411081467233,0.0028161235239314575,1
2023-08-18,AAPL,174.49000549316406,0.0028161235239314575,-0.014555174817995509,-0.004959085033290345,0.9892059947211445,0.9832804751157802,0.009868715253458789,-0.07403096140193666,0.007736780344014926,1
2023-08-21,AAPL,175.83999633789062,0.007736780344014926,0.0028161235239314575,-0.014555174817995509,1.0009676957705143,0.9925714910343074,0.00933250386528181,-0.24292570808308345,0.007904910251348207,1
2023-08-22,AAPL,177.22999572753906,0.007904910251348207,0.007736780344014926,0.0028161235239314575,1.0091330141440198,1.0018710969377713,0.009572073321756431,-0.0922657027675392,0.021948877071738204,1
2023-08-23,AAPL,181.1199951171875,0.021948877071738204,0.007904910251348207,0.007736780344014926,1.0259663559844332,1.0221680172036665,0.013136038851296102,0.25414318642971145,-0.02617044148719283,0
2023-08-24,AAPL,176.3800048828125,-0.02617044148719283,0.021948877071738204,0.007904910251348207,0.996429650923951,0.9963114487151121,0.017722774748147374,0.04216392149127124,0.01264313224744873,1
2023-08-25,AAPL,178.61000061035156,0.01264313224744873,-0.02617044148719283,0.021948877071738204,1.0043523363186915,1.008440841753078,0.01825535058767963,-0.06362997717750951,0.008846099466185864,1
2023-08-28,AAPL,180.19000244140625,0.008846099466185864,0.01264313224744873,-0.02617044148719283,1.0083041570376723,1.0169424675759775,0.018306442548468096,-0.14827909254882443,0.02181027039532446,1
2023-08-29,AAPL,184.1199951171875,0.02181027039532446,0.008846099466185864,0.01264313224744873,1.0224117383643514,1.035225294769682,0.01984325031955872,0.20956306038013994,0.019172272827023162,1
2023-08-30,AAPL,187.6499938964844,0.019172272827023162,0.02181027039532446,0.008846099466185864,1.0345112438827937,1.048540731796225,0.019382342830948276,0.14734764800326006,0.001172401960345626,1
2023-08-31,AAPL,187.8699951171875,0.001172401960345626,0.019172272827023162,0.02181027039532446,1.0227668532458645,1.0416966825987828,0.00825567206012801,-0.0003190060167165276,0.008463361036912254,1
2023-09-01,AAPL,189.4600067138672,0.008463361036912254,0.001172401960345626,0.019172272827023162,1.0193804306656917,1.0418649093823165,0.008475218485701388,-0.24719341387790017,0.0012667065653462206,1
2023-09-05,AAPL,189.6999969482422,0.0012667065653462206,0.008463361036912254,0.001172401960345626,1.0103323360400185,1.0352938517538175,0.009739873993698401,-0.010630045994340809,-0.0357933231173716,0
2023-09-06,AAPL,182.91000366210935,-0.0357933231173716,0.0012667065653462206,0.008463361036912254,0.975426382408798,0.995152388772438,0.020717173696904602,0.8055609540636042,-0.02924939039090879,0
2023-09-07,AAPL,177.55999755859375,-0.02924939039090879,-0.0357933231173716,0.0012667065653462206,0.9571967523374326,0.9679195282181545,0.02015603611232449,0.37591216769941704,0.0034917499758519988,1
2023-09-08,AAPL,178.17999267578125,0.0034917499758519988,-0.02924939039090879,-0.0357933231173716,0.9706801688244091,0.9703471431254649,0.020524577404181333,-0.41726376314797564,0.006622561359722834,1
2023-09-11,AAPL,179.36000061035156,0.006622561359722834,0.0034917499758519988,-0.02924939039090879,0.9879807554108428,0.9763745351125797,0.02011484828001951,-0.10065704265209086,-0.017060646455066664,0
2023-09-12,AAPL,176.3000030517578,-0.017060646455066664,0.006622561359722834,0.0034917499758519988,0.985676127590237,0.9617535470352379,0.019021832771055007,0.5329168440675724,-0.011854771989295187,0
2023-09-13,AAPL,174.2100067138672,-0.011854771989295187,-0.017060646455066664,0.006622561359722834,0.9835593917966361,0.9555178093761961,0.014844263955196934,-0.06752557812199156,0.008782496529087691,1
2023-09-14,AAPL,175.74000549316406,0.008782496529087691,-0.011854771989295187,-0.017060646455066664,0.9942407347561195,0.9702477497479418,0.011669507775973347,-0.2773547222607897,-0.004153926047057777,0
2023-09-15,AAPL,175.00999450683594,-0.004153926047057777,0.008782496529087691,-0.011854771989295187,0.993674867961019,0.9731265255511855,0.011263231530052568,0.794204197990666,0.016913358132535583,1
2023-09-18,AAPL,177.97000122070312,0.016913358132535583,-0.004153926047057777,0.008782496529087691,1.0120787450206277,0.9959483865017945,0.01415253189482536,-0.3844233224570861,0.006180851244426799,1
2023-09-19,AAPL,179.07000732421875,0.006180851244426799,0.016913358132535583,-0.004153926047057777,1.0151360783802115,1.0081010973990856,0.011278617340798247,-0.2294268603102103,-0.01999219123598317,0
2023-09-20,AAPL,175.49000549316406,-0.01999219123598317,0.006180851244426799,0.016913358132535583,0.9933996167924,0.9920911082085693,0.014198479343203254,0.12752643897281146,-0.008889468166570769,0
2023-09-21,AAPL,173.92999267578125,-0.008889468166570769,-0.01999219123598317,0.006180851244426799,0.9865905387302711,0.9852939040910698,0.014146235100607028,0.08065035029656276,0.0049445216268977354,1
2023-09-22,AAPL,174.7899932861328,0.0049445216268977354,-0.008889468166570769,-0.01999219123598317,0.9917162739638741,0.9920708806935947,0.014381247760430284,-0.10172274822602378,0.00738033408360006,1
2023-09-25,AAPL,176.0800018310547,0.00738033408360006,0.0049445216268977354,-0.008889468166570769,1.001182688027884,1.0012566924065835,0.011982266316015063,-0.1860313016743822,-0.023398427273646605,0
2023-09-26,AAPL,171.9600067138672,-0.023398427273646605,0.00738033408360006,0.0049445216268977354,0.985726607703452,0.980247998963246,0.014016332282203812,0.3988547345076203,-0.008897499292564004,0
2023-09-27,AAPL,170.42999267578125,-0.008897499292564004,-0.023398427273646605,0.00738033408360006,0.9826565988699041,0.9736241841158697,0.012429863430452784,0.03611920933782731,0.0015256103784480057,1
2023-09-28,AAPL,170.69000244140625,0.0015256103784480057,-0.008897499292564004,-0.023398427273646605,0.9878465365144969,0.9779308282274223,0.012647628260160743,-0.1588032599242698,0.003046483478957418,1
2023-09-29,AAPL,171.2100067138672,0.003046483478957418,0.0015256103784480057,-0.008897499292564004,0.9949789314428186,0.9830502962406065,0.012348665768803635,-0.07875206059572537,0.014835542237771948,1
2023-10-02,AAPL,173.75,0.014835542237771948,0.003046483478957418,0.0015256103784480057,1.012481925491144,1.0000575519996546,0.014362556774398292,0.00585024228178721,-0.007769819300809333,0
2023-10-03,AAPL,172.39999389648438,-0.007769819300809333,0.014835542237771948,0.003046483478957418,1.0041002396938787,0.996111434608917,0.00961425477779433,-0.049265304948767796,0.00730864159068112,1
2023-10-04,AAPL,173.66000366210938,0.00730864159068112,-0.007769819300809333,0.014835542237771948,1.007647597852334,1.004453723611425,0.008271857997210799,0.06907405241699704,0.007197972898999483,1
2023-10-05,AAPL,174.91000366210938,0.007197972898999483,0.00730864159068112,-0.007769819300809333,1.0099546271603834,1.0111106155826013,0.008272760335022044,-0.0847298110346415,0.014750453244736894,1
2023-10-06,AAPL,177.49000549316406,0.014750453244736894,0.007197972898999483,0.00730864159068112,1.017472879965424,1.0244260221313648,0.009211369438165718,0.1800778521221813,0.008451180086631815,1
2023-10-09,AAPL,178.99000549316406,0.008451180086631815,0.014750453244736894,0.007197972898999483,1.019944173474648,1.0313513955880385,0.008296589104152017,-0.2597652737105508,-0.00335217657467779,0
2023-10-10,AAPL,178.38999938964844,-0.00335217657467779,0.008451180086631815,0.014750453244736894,1.0096327753752885,1.0240998324522044,0.006507582750689343,0.030836879700312236,0.007904051050695804,1
2023-10-11,AAPL,179.8000030517578,0.007904051050695804,-0.00335217657467779,0.008451180086631815,1.0105892645832601,1.0266717711395486,0.006523017701237352,0.08817566021328216,0.005061199369654101,1
2023-10-12,AAPL,180.7100067138672,0.005061199369654101,0.007904051050695804,-0.00335217657467779,1.0091246322722751,1.0259977166612257,0.006575792047694136,0.19330783094397397,-0.01029273721015711,0
2023-10-13,AAPL,178.85000610351562,-0.01029273721015711,0.005061199369654101,0.007904051050695804,0.9972232863742525,1.0110517726706747,0.008133425470868922,-0.09368539963449296,-0.0007268933652552212,0
2023-10-16,AAPL,178.72000122070312,-0.0007268933652552212,-0.01029273721015711,0.005061199369654101,0.9967985428143515,1.0074862357410446,0.007165891129758615,0.021193106358320835,-0.0087847320585005,0
2023-10-17,AAPL,177.14999389648438,-0.0087847320585005,-0.0007268933652552212,-0.01029273721015711,0.9894104963109296,0.9959688477311475,0.008099003047889517,0.0958242093036541,-0.007394849583563845,0
2023-10-18,AAPL,175.83999633789062,-0.007394849583563845,-0.0087847320585005,-0.0007268933652552212,0.986457501626726,0.9873936279225667,0.006440526908458121,-0.0483932065321272,-0.002160996541954341,0
2023-10-19,AAPL,175.4600067138672,-0.002160996541954341,-0.007394849583563845,-0.0087847320585005,0.9901582688189018,0.9849556770472114,0.004200882803645001,0.08287318038725888,-0.014704215959948308,0
2023-10-20,AAPL,172.8800048828125,-0.014704215959948308,-0.002160996541954341,-0.007394849583563845,0.9822169438288441,0.9729906323579811,0.005593795430533938,0.08331970274640876,0.0006940948276166203,1
2023-10-23,AAPL,173.0,0.0006940948276166203,-0.014704215959948308,-0.002160996541954341,0.9893289698265925,0.9769595561956947,0.005998070713417987,-0.12863302409563537,0.0025433667133309967,1
2023-10-24,AAPL,173.44000244140625,0.0025433667133309967,0.0006940948276166203,-0.014704215959948308,0.9960717670990948,0.9821898821713186,0.006966494967915825,-0.21728257005614493,-0.013491676112499795,0
2023-10-25,AAPL,171.10000610351562,-0.013491676112499795,0.0025433667133309967,0.0006940948276166203,0.9880122079473251,0.9737359003285474,0.008105044945671849,0.30445995353359234,-0.02460553222493822,0
2023-10-26,AAPL,166.88999938964844,-0.02460553222493822,-0.013491676112499795,0.0025433667133309967,0.9733351815243407,0.9573058328235488,0.011394129063225221,0.23563692985985973,0.007969332110484562,1
2023-10-27,AAPL,168.22000122070312,0.007969332110484562,-0.02460553222493822,-0.013491676112499795,0.9864539929305807,0.9708547355894137,0.013353832747149736,-0.17169767774437772,0.012305267212035398,1
2023-10-30,AAPL,170.2899932861328,0.012305267212035398,0.007969332110484562,-0.02460553222493822,1.0017765536213386,0.9876063079690645,0.015509392807426527,-0.1259523650791209,0.0028187856318813154,1
2023-10-31,AAPL,170.77000427246094,0.0028187856318813154,0.012305267212035398,0.007969332110484562,1.007766139550159,0.9940683211166382,0.015534719220672163,-0.12291955956269196,0.018738635990994235,1
2023-11-01,AAPL,173.97000122070312,0.018738635990994235,0.0028187856318813154,0.012305267212035398,1.0231844245983224,1.0137993685424775,0.016733900621444607,0.26956473264059233,0.020693257908003027,1
2023-11-02,AAPL,177.57000732421875,0.020693257908003027,0.018738635990994235,0.0028187856318813154,1.0314003265106435,1.0335073902589986,0.007421938937978998,0.3583022012860302,-0.005181130764130404,0
2023-11-03,AAPL,176.64999389648438,-0.005181130764130404,0.020693257908003027,0.018738635990994235,1.0161058032584664,1.0259015794020758,0.010931401793176775,0.032254560689366274,0.014605162299448304,1
2023-11-06,AAPL,179.22999572753906,0.014605162299448304,-0.005181130764130404,0.020693257908003027,1.0204511280547028,1.0371325954709811,0.01110622216509598,-0.2002763399858698,0.014450770844278482,1
2023-11-07,AAPL,181.82000732421875,0.014450770844278482,0.014605162299448304,-0.005181130764130404,1.0223337130642425,1.047042667774537,0.01032932116223258,0.10477073618488353,0.005884897273828127,1
2023-11-08,AAPL,182.88999938964844,0.005884897273828127,0.014450770844278482,0.014605162299448304,1.0181370727038754,1.046101922269653,0.010033972458773329,-0.3004352757691763,-0.0026245050529879466,0
2023-11-09,AAPL,182.41000366210935,-0.0026245050529879466,0.005884897273828127,0.014450770844278482,1.010022168671702,1.0341758393977636,0.009263314003072067,0.08964679987758495,0.021873746802647975,1
2023-11-10,AAPL,186.3999938964844,0.021873746802647975,-0.0026245050529879466,0.005884897273828127,1.0210900788632395,1.04601567843145,0.009418115540973408,0.23007988691212433,-0.008583642151915205,0
2023-11-13,AAPL,184.8000030517578,-0.008583642151915205,0.021873746802647975,-0.0026245050529879466,1.0061852163616913,1.0286611376903325,0.012351809710230944,-0.3403106448481402,0.01428571074703422,1
2023-11-14,AAPL,187.44000244140625,0.01428571074703422,-0.008583642151915205,0.021873746802647975,1.0143515918031332,1.0337638933870825,0.012324436558759092,0.37776402498424155,0.003040930740533243,1
2023-11-15,AAPL,188.00999450683597,0.003040930740533243,0.01428571074703422,-0.008583642151915205,1.0118291337528964,1.0289401078208038,0.012406081348200176,-0.10510843742305565,0.009042137421951812,1
2023-11-16,AAPL,189.7100067138672,0.009042137421951812,0.003040930740533243,0.01428571074703422,1.0130185323497782,1.0313913896731257,0.011539750248634793,0.01157081640810187,-0.0001054465855937492,0
2023-11-17,AAPL,189.69000244140625,-0.0001054465855937492,0.009042137421951812,0.003040930740533243,1.0093651923226914,1.024022897343367,0.008750211185065722,-0.06414287788373718,0.009278267089376957,1
2023-11-20,AAPL,191.4499969482422,0.009278267089376957,-0.0001054465855937492,0.009042137421951812,1.0115713638953188,1.0267507367875923,0.005668891908195134,-0.0867510952875633,-0.004230856994020926,0
2023-11-21,AAPL,190.63999938964844,-0.004230856994020926,0.009278267089376957,-0.0001054465855937492,1.0038967845689755,1.0175932997118273,0.005853090600401948,-0.17999316204029236,0.0035144679557823633,1
2023-11-22,AAPL,191.30999755859372,0.0035144679557823633,-0.004230856994020926,0.009278267089376957,1.0039357522346766,1.0166005839783265,0.0058495568553452995,0.03889391495889538,-0.007004319455287122,0
2023-11-24,AAPL,189.97000122070312,-0.007004319455287122,0.0035144679557823633,-0.004230856994020926,0.9966319104114106,1.0054408305448488,0.00642237806918016,-0.39299101159330296,-0.0009475597905649336,0
2023-11-27,AAPL,189.7899932861328,-0.0009475597905649336,-0.007004319455287122,0.0035144679557823633,0.9955830899073842,1.0026890894011018,0.006446352010591026,0.6862979919578516,0.003214082048213829,1
2023-11-28,AAPL,190.3999938964844,0.003214082048213829,-0.0009475597905649336,-0.007004319455287122,0.9998844504617816,1.0029445433787594,0.004598659870494962,-0.0527019229346577,-0.0054096576277039565,0
2023-11-29,AAPL,189.3699951171875,-0.0054096576277039565,0.003214082048213829,-0.0009475597905649336,0.9958037045427603,0.9965058726473481,0.004824553391245082,0.11971240700344143,0.0030627968844576525,1
2023-11-30,AAPL,189.9499969482422,0.0030627968844576525,-0.0054096576277039565,0.003214082048213829,1.0002843706850224,0.9985385883980438,0.004714215968154277,0.13437887953280536,0.006791305952341897,1
2023-12-01,AAPL,191.2400054931641,0.006791305952341897,0.0030627968844576525,-0.0054096576277039565,1.0057323616219598,1.0045120430671655,0.004663360726025054,-0.06331874149492567,-0.009464613916503661,0
2023-12-04,AAPL,189.42999267578125,-0.009464613916503661,0.006791305952341897,0.0030627968844576525,0.9965908513283457,0.9951406341257999,0.006782768740340246,-0.0506576989725368,0.02106321938149014,1
2023-12-05,AAPL,193.4199981689453,0.02106321938149014,-0.009464613916503661,0.006791305952341897,1.014358987851945,1.015051014069433,0.01190093682507548,0.5355881031125043,-0.0056870585003612195,0
2023-12-06,AAPL,192.32000732421875,-0.0056870585003612195,0.02106321938149014,-0.009464613916503661,1.005479145936047,1.008389309829251,0.011951696325724076,-0.3833005144953203,0.010139334827264257,1
2023-12-07,AAPL,194.2700042724609,0.010139334827264257,-0.0056870585003612195,0.02106321938149014,1.0111067299617011,1.0170352507218459,0.0123506639576272,0.15546475150706862,0.007412376639404972,1
2023-12-08,AAPL,195.7100067138672,0.007412376639404972,0.010139334827264257,-0.0056870585003612195,1.0138838774148597,1.0215042921725765,0.012381693145818237,0.12487336159923501,-0.012927361664163084,0
2023-12-11,AAPL,193.17999267578125,-0.012927361664163084,0.007412376639404972,0.010139334827264257,0.9969036580162872,1.0065180006749583,0.013424454154246923,0.14113102549507173,0.007920147510585007,1
2023-12-12,AAPL,194.7100067138672,0.007920147510585007,-0.012927361664163084,0.007412376639404972,1.003463255452891,1.0122167087547262,0.010130801983822976,-0.13531833479096278,0.016691489332522957,1
2023-12-13,AAPL,197.9600067138672,0.016691489332522957,0.007920147510585007,-0.012927361664163084,1.014316034795849,1.0245369497845283,0.011127129992483305,0.33602166351341345,0.000757697976345284,1
2023-12-14,AAPL,198.1100006103516,0.000757697976345284,0.016691489332522957,0.007920147510585007,1.011105769774412,1.0210013576378354,0.01101282916462605,-0.05074413174214043,-0.002725724519050954,0
2023-12-15,AAPL,197.57000732421875,-0.002725724519050954,0.000757697976345284,0.016691489332522957,1.006438949897219,1.014907457673102,0.011153181330769363,0.92331771198056,-0.008503355126233125,0
2023-12-18,AAPL,195.88999938964844,-0.008503355126233125,-0.002725724519050954,0.000757697976345284,0.9951332767386847,1.0029490788684166,0.009768007962591087,-0.5662626888151712,0.005360166700849378,1
2023-12-19,AAPL,196.94000244140625,0.005360166700849378,-0.008503355126233125,-0.002725724519050954,0.9982057191370319,1.0065110903334398,0.009497728427201058,-0.26972713037582574,-0.010713925988598105,0
2023-12-20,AAPL,194.8300018310547,-0.010713925988598105,0.005360166700849378,-0.008503355126233125,0.9906542982762553,0.9944517268961776,0.006590586253706618,0.28316234424928965,-0.0007699489496669765,0
2023-12-21,AAPL,194.67999267578125,-0.0007699489496669765,-0.010713925988598105,0.005360166700849378,0.9933564916585463,0.9934781482661724,0.006395803147989573,-0.11026016982244446,-0.005547496470601709,0
2023-12-22,AAPL,193.6000061035156,-0.005547496470601709,-0.0007699489496669765,-0.010713925988598105,0.9918642827387281,0.9890317832387798,0.00643800456523913,-0.20078309041036946,-0.0028409247645565516,0
2023-12-26,AAPL,193.0500030517578,-0.0028409247645565516,-0.005547496470601709,-0.0007699489496669765,0.991933007095376,0.9862875147038147,0.005933751106563966,-0.22154478110127696,0.0005179530854488856,1
2023-12-27,AAPL,193.1499938964844,0.0005179530854488856,-0.0028409247645565516,-0.005547496470601709,0.9963272553825522,0.9875854774570935,0.004460290299094127,0.6628237889575475,0.002226290179438095,1
2023-12-28,AAPL,193.5800018310547,0.002226290179438095,0.0005179530854488856,-0.0028409247645565516,0.9998347329672502,0.992005744198249,0.0030180635566148875,-0.2919208030327922,-0.005424129774904141,0
2023-12-29,AAPL,192.52999877929688,-0.005424129774904141,0.002226290179438095,0.0005179530854488856,0.996624934255505,0.9894543074621439,0.0034996396427921335,0.25322247642430673,-0.03578662771169838,0
2024-01-02,AAPL,185.63999938964844,-0.03578662771169838,-0.005424129774904141,0.002226290179438095,0.9689440992799467,0.9599304999159102,0.0156695445095688,0.933082740244797,-0.007487607165581278,0
2024-01-03,AAPL,184.25,-0.007487607165581278,-0.03578662771169838,-0.005424129774904141,0.9706052846484796,0.9585121602288984,0.015403218468252506,-0.29184845924350855,-0.012700115809447188,0
2024-01-04,AAPL,181.91000366210935,-0.012700115809447188,-0.007487607165581278,-0.03578662771169838,0.9697625729112282,0.9537966440456743,0.014423486548289717,0.23228992801444837,-0.004013033761925855,0
2024-01-05,AAPL,181.17999267578125,-0.004013033761925855,-0.012700115809447188,-0.007487607165581278,0.9788116484486167,0.9568169829210138,0.013113278678507184,-0.1334178896304158,0.024174881663950654,1
2024-01-08,AAPL,185.55999755859372,0.024174881663950654,-0.004013033761925855,-0.012700115809447188,1.010081209935898,0.9846904818864783,0.02145962603305705,-0.05186302595235304,-0.002263409002323691,0
2024-01-09,AAPL,185.13999938964844,-0.002263409002323691,0.024174881663950654,-0.004013033761925855,1.008343867062578,0.9868922561069644,0.014334934618582077,-0.2756418601898739,0.005671400319862574,1
2024-01-10,AAPL,186.19000244140625,0.005671400319862574,-0.002263409002323691,0.024174881663950654,1.0119241902328724,0.9961319088291899,0.013923719954731816,0.09222535000863652,-0.0032225473744457167,0
2024-01-11,AAPL,185.58999633789065,-0.0032225473744457167,0.005671400319862574,-0.002263409002323691,1.0046445589719102,0.9969541684112386,0.011889065352612575,0.04991141818523759,0.0017781229460980263,1
2024-01-12,AAPL,185.9199981689453,0.0017781229460980263,-0.0032225473744457167,0.005671400319862574,1.0012925430376252,1.002853425095729,0.011164850420011089,-0.17608145186898005,-0.012317089655153213,0
2024-01-16,AAPL,183.6300048828125,-0.012317089655153213,0.0017781229460980263,-0.0032225473744457167,0.9910197018838405,0.9952791878067636,0.006728780452874424,0.620715552722727,-0.005173512943255187,0
2024-01-17,AAPL,182.67999267578125,-0.005173512943255187,-0.012317089655153213,0.0017781229460980263,0.9885174065313086,0.9917211470176073,0.006873908812372761,-0.2787311555873969,0.032570683411353496,1
2024-01-18,AAPL,188.6300048828125,0.032570683411353496,-0.005173512943255187,-0.012317089655153213,1.018025827104356,1.021593050541042,0.017433342044871566,0.6485647985730407,0.015533014896551123,1
2024-01-19,AAPL,191.55999755859372,0.015533014896551123,0.032570683411353496,-0.005173512943255187,1.027219482286806,1.0320675776067123,0.01784603187979571,-0.11669388686482285,0.012163300588589943,1
2024-01-22,AAPL,193.88999938964844,0.012163300588589943,0.015533014896551123,0.032570683411353496,1.030902069968263,1.0375162542940783,0.01776641331673624,-0.12726731782360712,0.006653222395139657,1
2024-01-23,AAPL,195.17999267578125,0.006653222395139657,0.012163300588589943,0.015533014896551123,1.0251696288830154,1.0390702449452343,0.01377106801330915,-0.29564521842089075,-0.0034839261261312426,0
2024-01-24,AAPL,194.5,-0.0034839261261312426,0.006653222395139657,0.012163300588589943,1.0090686535475426,1.0303161991764842,0.013244246406402758,0.2662150931635958,-0.0016966675118492702,0
2024-01-25,AAPL,194.1699981689453,-0.0016966675118492702,-0.0034839261261312426,0.006653222395139657,1.0015990952968925,1.0242384266480766,0.008341713874859203,0.02220345208861252,-0.009012720896651283,0
2024-01-26,AAPL,192.4199981689453,-0.009012720896651283,-0.0016966675118492702,-0.0034839261261312426,0.9916920944432487,1.0113635144224022,0.008428849239870325,-0.18656892019824123,-0.003585918553020928,0
2024-01-29,AAPL,191.72999572753903,-0.003585918553020928,-0.009012720896651283,-0.0016966675118492702,0.9903409026333658,1.0046688429611461,0.0056703641236946906,0.05721845988249541,-0.01924582758897031,0
2024-01-30,AAPL,188.0399932861328,-0.01924582758897031,-0.003585918553020928,-0.009012720896651283,0.97849840847172,0.9830614595681292,0.0071647614700486775,0.18482742822235787,-0.01935758093816553,0
2024-01-31,AAPL,184.3999938964844,-0.01935758093816553,-0.01924582758897031,-0.003585918553020928,0.9697505044455373,0.9631656834314817,0.00840282139771526,-0.007010458400913744,0.013340600842146166,1
2024-02-01,AAPL,186.8600006103516,0.013340600842146166,-0.01935758093816553,-0.01924582758897031,0.9903015752660145,0.9769180687056278,0.013513692724373454,0.16978499237395384,-0.0054050867148506265,0
2024-02-02,AAPL,185.8500061035156,-0.0054050867148506265,0.013340600842146166,-0.01935758093816553,0.9918559909583431,0.9745469850913153,0.013513867729979222,0.5805050134544905,0.009846577950857638,1
2024-02-05,AAPL,187.67999267578125,0.009846577950857638,-0.0054050867148506265,0.013340600842146166,1.0059710524820369,0.9873581304386424,0.015512527729186315,-0.3206470492444299,0.0086317691773099,1
2024-02-06,AAPL,189.3000030517578,0.0086317691773099,0.009846577950857638,-0.0054050867148506265,1.013285678006993,0.9989709748591167,0.013632744139493383,-0.37574925935282366,0.0005810914346444651,1
2024-02-07,AAPL,189.41000366210935,0.0005810914346444651,0.0086317691773099,0.009846577950857638,1.0084655650680028,1.002243579578591,0.007636119806622679,0.22874263062532774,-0.005754692554861274,0
2024-02-08,AAPL,188.32000732421875,-0.005754692554861274,0.0005810914346444651,0.0086317691773099,1.0011057495423346,0.9995701077664079,0.007443969524633694,-0.23348116544097008,0.0028143519471321987,1
2024-02-09,AAPL,188.8500061035156,0.0028143519471321987,-0.005754692554861274,0.0005810914346444651,1.0007312918000146,1.0042862620361648,0.006341770321335244,0.10236804843513503,-0.009001917670573678,0
2024-02-12,AAPL,187.1499938964844,-0.009001917670573678,0.0028143519471321987,-0.005754692554861274,0.992280156042446,0.9976756998688128,0.006989756238465009,-0.07470457444546807,-0.01127438246948953,0
2024-02-13,AAPL,185.0399932861328,-0.01127438246948953,-0.009001917670573678,0.0028143519471321987,0.9855448749107472,0.9880076098898455,0.006063153754714636,0.352966236576125,-0.004809767736384307,0
2024-02-14,AAPL,184.1499938964844,-0.004809767736384307,-0.01127438246948953,-0.009001917670573678,0.9863311318577207,0.9833867908238407,0.005367057766434766,-0.03359307971943848,-0.0015747667431138535,0
2024-02-15,AAPL,183.8600006103516,-0.0015747667431138535,-0.004809767736384307,-0.01127438246948953,0.9895054250370611,0.9834136560583694,0.005655740612473423,0.1977649847612597,-0.008430343993323208,0
2024-02-16,AAPL,182.30999755859372,-0.008430343993323208,-0.0015747667431138535,-0.004809767736384307,0.9881193789751608,0.9769729877967054,0.0038259807352748663,-0.2396595068350793,-0.004113872031395016,0
2024-02-20,AAPL,181.55999755859372,-0.004113872031395016,-0.008430343993323208,-0.0015747667431138535,0.9900536630380307,0.9761552614666666,0.003816878655802628,0.0786513240540676,0.004185997884141646,1
2024-02-21,AAPL,182.32000732421875,0.004185997884141646,-0.004113872031395016,-0.008430343993323208,0.9971560267601974,0.983933939589468,0.00468137870269863,-0.22908902537193288,0.011243899246467626,1
2024-02-22,AAPL,184.3699951171875,0.011243899246467626,0.004185997884141646,-0.004113872031395016,1.0081253444061482,0.9977109297859378,0.007649815071116278,0.26396979555925104,-0.010034121026855414,0
2024-02-23,AAPL,182.5200042724609,-0.010034121026855414,0.011243899246467626,0.004185997884141646,0.9994743281335835,0.9908095807598956,0.008977834338080297,-0.137161947670972,-0.007451241390074692,0
2024-02-26,AAPL,181.16000366210935,-0.007451241390074692,-0.010034121026855414,0.011243899246467626,0.9932780042649245,0.9875493607198337,0.008795797719482745,-0.09424486421673905,0.008114380608232441,1
2024-02-27,AAPL,182.6300048828125,0.008114380608232441,-0.007451241390074692,-0.010034121026855414,1.0001643035627232,0.9980217991254031,0.009469074839512173,0.32914988474921336,-0.006625454095802064,0
2024-02-28,AAPL,181.4199981689453,-0.006625454095802064,0.008114380608232441,-0.007451241390074692,0.994518128247637,0.9933745708032167,0.009846983637047215,-0.09876856858294258,-0.003693077806788292,0
2024-02-29,AAPL,180.75,-0.003693077806788292,-0.006625454095802064,0.008114380608232441,0.9947934892027038,0.9915519177804989,0.007107176501874121,1.7920676391462171,-0.00603040850838521,0
2024-03-01,AAPL,179.66000366210938,-0.00603040850838521,-0.003693077806788292,-0.006625454095802064,0.9919171484932288,0.9878484766934605,0.006443147358567637,-0.461796161325582,-0.025381261636673647,0
2024-03-04,AAPL,175.10000610351562,-0.025381261636673647,-0.00603040850838521,-0.003693077806788292,0.9732536107019143,0.9666076218892516,0.012020276797517571,0.10802970511030674,-0.028440952671264008,0
2024-03-05,AAPL,170.1199951171875,-0.028440952671264008,-0.025381261636673647,-0.00603040850838521,0.9589087116392315,0.9450848220143079,0.011855371489769888,0.16712407419448638,-0.005878203789690617,0
2024-03-06,AAPL,169.1199951171875,-0.005878203789690617,-0.028440952671264008,-0.025381261636673647,0.9666761652882967,0.9464700144920282,0.011976210383432143,-0.2790290164024034,-0.0007095264939214196,0
2024-03-07,AAPL,169.0,-0.0007095264939214196,-0.005878203789690617,-0.028440952671264008,0.9791425260718425,0.9540045552413761,0.012665451645384162,0.04632609053809933,0.010236661109698675,1
2024-03-08,AAPL,170.72999572753906,0.010236661109698675,-0.0007095264939214196,-0.005878203789690617,0.9995082213031293,0.9702276849369325,0.016503563966321334,0.06273104893604264,0.01183157220764297,1
2024-03-11,AAPL,172.75,0.01183157220764297,0.010236661109698675,-0.0007095264939214196,1.0141243768331907,0.9864213610639805,0.016241345211418404,-0.21146105130659398,0.002778557033511264,1
2024-03-12,AAPL,173.22999572753906,0.002778557033511264,0.01183157220764297,0.010236661109698675,1.0132423899994678,0.9945001765875383,0.007430911173921452,-0.005222856857805547,-0.012122559005482425,0
2024-03-13,AAPL,171.1300048828125,-0.012122559005482425,0.002778557033511264,0.01183157220764297,0.9986112087100112,0.9882824759021036,0.009631782661084184,-0.12263520177048548,0.010927336316434166,1
2024-03-14,AAPL,173.0,0.010927336316434166,-0.012122559005482425,0.002778557033511264,1.0048324934712682,1.0035734196185235,0.01008686641144854,0.3891275645996186,-0.002196560016257232,0
2024-03-15,AAPL,172.6199951171875,-0.002196560016257232,0.010927336316434166,-0.012122559005482425,1.0004288477973766,1.0054752815970078,0.009921242513066895,0.6698238323492907,0.006372414173507979,1
2024-03-18,AAPL,173.72000122070312,0.006372414173507979,-0.002196560016257232,0.010927336316434166,1.0056732768004943,1.0126966162886395,0.008844240821947675,-0.3790347154518955,0.013585082856137465,1
2024-03-19,AAPL,176.0800018310547,0.013585082856137465,0.006372414173507979,-0.002196560016257232,1.0159829277649757,1.0229002480127198,0.010505540825090759,-0.26968078492993774,0.014709202129471022,1
2024-03-20,AAPL,178.6699981689453,0.014709202129471022,0.013585082856137465,0.006372414173507979,1.0220343380973675,1.0322196676062323,0.0068754299051397814,-0.03245664237383905,-0.04085746418856029,0
2024-03-21,AAPL,171.3699951171875,-0.04085746418856029,0.014709202129471022,0.013585082856137465,0.9821080438965386,0.9886920690249061,0.022921663210991747,0.9875540730507963,0.005310169154682409,1
2024-03-22,AAPL,172.27999877929688,0.005310169154682409,-0.04085746418856029,0.014709202129471022,0.9877081120938379,0.9930541527421108,0.023124110536647514,-0.32982455479448824,-0.0083003986876804,0
2024-03-25,AAPL,170.85000610351562,-0.0083003986876804,0.005310169154682409,-0.04085746418856029,0.9827437797153616,0.9858911474906127,0.023016082928995086,-0.23709635034239696,-0.006672515943357493,0
2024-03-26,AAPL,169.7100067138672,-0.006672515943357493,-0.0083003986876804,0.005310169154682409,0.9833928573702171,0.9813060137458182,0.02104058185331695,0.05710438529112172,0.021212602099510702,1
2024-03-27,AAPL,173.30999755859375,0.021212602099510702,-0.006672515943357493,-0.0083003986876804,1.0105303473685947,1.0008604564394181,0.022853537359401457,0.05026974092325287,-0.010559124440792766,0
2024-03-28,AAPL,171.47999572753906,-0.010559124440792766,0.021212602099510702,-0.006672515943357493,0.999731788482437,0.9911622868782174,0.013256038912294075,0.08958195419862536,-0.008455779008450959,0
2024-04-01,AAPL,170.02999877929688,-0.008455779008450959,-0.010559124440792766,0.021212602099510702,0.9938857455674982,0.9842546962622105,0.013358028055684363,-0.2958946411522596,-0.006998779332762939,0
2024-04-02,AAPL,168.83999633789062,-0.006998779332762939,-0.008455779008450959,-0.010559124440792766,0.9892543521799415,0.9801348922947145,0.013230140708667605,0.06680291086817824,0.004797427008780275,1
2024-04-03,AAPL,169.64999389648438,0.004797427008780275,-0.006998779332762939,-0.008455779008450959,0.9940701352118895,0.988526883174457,0.01327561684830015,-0.03320122847383411,-0.00489234660846527,0
2024-04-04,AAPL,168.82000732421875,-0.00489234660846527,0.004797427008780275,-0.006998779332762939,0.9944393917574315,0.9893691039683564,0.005970694208412632,0.12607434836669684,0.004501803541427263,1
2024-04-05,AAPL,169.5800018310547,0.004501803541427263,-0.00489234660846527,0.004797427008780275,1.0011571470604625,0.9948666893165086,0.0063892387110800666,-0.2159897513052934,-0.0066635503633162285,0
2024-04-08,AAPL,168.4499969482422,-0.0066635503633162285,0.004501803541427263,-0.00489234660846527,0.9963446523173327,0.9904628441326973,0.005988943077421966,-0.1111345974805723,0.007242512572309456,1
2024-04-09,AAPL,169.6699981689453,0.007242512572309456,-0.0066635503633162285,0.004501803541427263,1.0025763058020238,0.9983289527708091,0.0063067772238340454,0.13221733844571215,-0.01113926687125033,0
2024-04-10,AAPL,167.77999877929688,-0.01113926687125033,0.007242512572309456,-0.0066635503633162285,0.9936041583136861,0.9883306544320948,0.00776461904246381,0.17311404688746346,0.04327091762818491,1
2024-04-11,AAPL,175.0399932861328,0.04327091762818491,-0.01113926687125033,0.007242512572309456,1.0290175160322956,1.0300469313679084,0.021427936889028994,0.8320575827863197,0.00862665575607413,1
2024-04-12,AAPL,176.5500030517578,0.00862665575607413,0.04327091762818491,-0.01113926687125033,1.0294580990006772,1.0358423398888237,0.021365730171664,0.1164001875474221,-0.021863497839872292,0
2024-04-15,AAPL,172.69000244140625,-0.021863497839872292,0.00862665575607413,0.04327091762818491,1.0019960039548583,1.0116164143478616,0.024822919762411782,-0.2767665084109613,-0.019167279586534414,0
2024-04-16,AAPL,169.3800048828125,-0.019167279586534414,-0.021863497839872292,0.00862665575607413,0.9831213108444743,0.9919127015083711,0.027001190088636128,0.002439760756570708,-0.008147389556206863,0
2024-04-17,AAPL,168.0,-0.008147389556206863,-0.019167279586534414,-0.021863497839872292,0.9748624706147981,0.984782757736582,0.02672587495670894,-0.3094509382563301,-0.0057143256777808515,0
2024-04-18,AAPL,167.0399932861328,-0.0057143256777808515,-0.008147389556206863,-0.019167279586534414,0.978375422120922,0.9801781150115405,0.012152615723756515,-0.152811721531123,-0.012212603975853775,0
2024-04-19,AAPL,165.0,-0.012212603975853775,-0.0057143256777808515,-0.008147389556206863,0.9796819885787482,0.970816667973695,0.006945493431603668,0.5803528983440354,0.005090886896306879,1
2024-04-22,AAPL,165.83999633789062,0.005090886896306879,-0.012212603975853775,-0.0057143256777808515,0.992744758689226,0.9772597204005081,0.008931222947142542,-0.29395710013587795,0.006391688265803275,1
2024-04-23,AAPL,166.89999389648438,0.006391688265803275,0.005090886896306879,-0.012212603975853775,1.0020653545905882,0.9851140659382841,0.008251790408915213,0.02954086340623996,0.012702279529689164,1
2024-04-24,AAPL,169.02000427246094,0.012702279529689164,0.006391688265803275,0.005090886896306879,1.0135524511091043,0.9968976273359571,0.010026061068468964,-0.025959973999652775,0.005147290824730311,1
2024-04-25,AAPL,169.88999938964844,0.005147290824730311,0.012702279529689164,0.006391688265803275,1.0152991133032165,1.005081905893178,0.009289042896355853,0.04780132554640448,-0.003472813820767917,0
2024-04-26,AAPL,169.3000030517578,-0.003472813820767917,0.005147290824730311,0.012702279529689164,1.0065997007321332,1.0059059290657513,0.005764823176957258,-0.11313473752084224,0.024808014604454476,1
2024-04-29,AAPL,173.5,0.024808014604454476,-0.003472813820767917,0.005147290824730311,1.0222599302106528,1.0303645798256855,0.010497041024274645,0.5203352483585497,-0.01827088281812861,0
2024-04-30,AAPL,170.3300018310547,-0.01827088281812861,0.024808014604454476,-0.003472813820767917,0.9995422757314947,1.010968546391987,0.016291773587879706,-0.03278010368288409,-0.006047077838456816,0
2024-05-01,AAPL,169.3000030517578,-0.006047077838456816,-0.01827088281812861,0.024808014604454476,0.9931715881178231,1.004080394883113,0.015995686119800734,-0.23586482403829234,0.02203187040935095,1
2024-05-02,AAPL,173.02999877929688,0.02203187040935095,-0.006047077838456816,-0.01827088281812861,1.0113272240742615,1.0225694471215476,0.018779775857788606,0.8699702876559798,0.05981625253732603,1
2024-05-03,AAPL,183.3800048828125,0.05981625253732603,0.02203187040935095,-0.006047077838456816,1.054465597216616,1.0720904787160146,0.030386272412197303,0.732465883846398,-0.009106762593950823,0
2024-05-06,AAPL,181.7100067138672,-0.009106762593950823,0.05981625253732603,0.02203187040935095,1.035089738279829,1.0525614880068037,0.03181095600574539,-0.5186390980253528,0.0037971886914500708,1
2024-05-07,AAPL,182.3999938964844,0.0037971886914500708,-0.009106762593950823,0.05981625253732603,1.0249263468742411,1.0471564433119602,0.028299720829363547,-0.016086353899785744,0.0018640987283840005,1
2024-05-08,AAPL,182.7400054931641,0.0018640987283840005,0.0037971886914500708,-0.009106762593950823,1.011558153341588,1.0409095781124522,0.027086984774814755,-0.417157574205299,0.010014237583697128,1
2024-05-09,AAPL,184.57000732421875,0.010014237583697128,0.0018640987283840005,0.0037971886914500708,1.0087997574873397,1.0426152357006044,0.026915151917934227,0.08713166182466248,-0.008235380680192916,0
2024-05-10,AAPL,183.0500030517578,-0.008235380680192916,0.010014237583697128,0.0018640987283840005,1.0008529517263995,1.0260592736817877,0.008191116483859982,0.036267684706939196,0.017645428427694565,1
2024-05-13,AAPL,186.27999877929688,0.017645428427694565,-0.008235380680192916,0.010014237583697128,1.0134488000921,1.036737717326323,0.009637218318911811,0.4193362818782691,0.006173469529849429,1
2024-05-14,AAPL,187.42999267578125,0.006173469529849429,0.017645428427694565,-0.008235380680192916,1.014154724156195,1.0333040656387777,0.009620596438357798,-0.27276361375144353,0.012217940748059153,1
2024-05-15,AAPL,189.72000122070312,0.012217940748059153,0.006173469529849429,0.017645428427694565,1.018849689054544,1.03428537103881,0.009757715268010269,0.3436755634275943,0.000632485327932919,1
2024-05-16,AAPL,189.83999633789065,0.000632485327932919,0.012217940748059153,0.006173469529849429,1.0137559698961587,1.0255412683877405,0.010065717215746074,-0.2493579545454545,0.00015802138577503122,1
2024-05-17,AAPL,189.8699951171875,0.00015802138577503122,0.000632485327932919,0.012217940748059153,1.0065843793705775,1.022119794008442,0.007548597235210497,-0.21879565220682295,0.006162101432736655,1
2024-05-20,AAPL,191.0399932861328,0.006162101432736655,0.00015802138577503122,0.000632485327932919,1.007701221603001,1.02327870524874,0.004932607086927085,0.07456840483590055,0.006857270013722605,1
2024-05-21,AAPL,192.3500061035156,0.006857270013722605,0.006162101432736655,0.00015802138577503122,1.0093722198594832,1.024833667215801,0.004980142047573511,-0.04625428019467415,-0.007538404788252739,0
2024-05-22,AAPL,190.8999938964844,-0.007538404788252739,0.006857270013722605,0.006162101432736655,1.00052409302852,1.0127052074623846,0.005796117788172179,-0.18106850959833987,-0.02105808874908477,0
2024-05-23,AAPL,186.8800048828125,-0.02105808874908477,-0.007538404788252739,0.006857270013722605,0.9825033973444438,0.9901661915758057,0.01159460577242545,0.4720954731085041,0.01658813550797178,1
2024-05-24,AAPL,189.97999572753903,0.01658813550797178,-0.02105808874908477,-0.007538404788252739,0.9986857853474105,1.0029087306125033,0.014664805697905047,-0.28778827547401375,5.268852431927762e-05,1
2024-05-28,AAPL,189.9900054931641,5.268852431927762e-05,0.01658813550797178,-0.02105808874908477,0.9998421443671911,1.0010010907300873,0.014293906750725772,0.4391526963415642,0.0015789661787208864,1
2024-05-29,AAPL,190.2899932861328,0.0015789661787208864,5.268852431927762e-05,0.01658813550797178,1.0035968663439097,1.0010731708413485,0.01375134178940669,0.015070743935072795,0.005255137081729533,1
2024-05-30,AAPL,191.2899932861328,0.005255137081729533,0.0015789661787208864,5.268852431927762e-05,1.00845605244121,1.0055034642896825,0.013670712268457735,-0.05990238938720127,0.005018593484036549,1
2024-05-31,AAPL,192.25,0.005018593484036549,0.005255137081729533,0.0015789661787208864,1.0078108747141736,1.0092711299092398,0.006482452293681248,0.5065074334874753,0.009258771283728873,1
2024-06-03,AAPL,194.02999877929688,0.009258771283728873,0.005018593484036549,0.005255137081729533,1.0128412623785803,1.0163960205877114,0.0035860562512415378,-0.3336664081013009,0.0016492672588361845,1
2024-06-04,AAPL,194.3500061035156,0.0016492672588361845,0.009258771283728873,0.005018593484036549,1.0099147162752624,1.016310150298007,0.0031674356549636572,-0.05209812202354214,0.007820884826020169,1
2024-06-05,AAPL,195.8699951171875,0.007820884826020169,0.0016492672588361845,0.009258771283728873,1.0119447218714803,1.022376706127411,0.0029233169044755925,0.14083005767683288,-0.007096540686677644,0
2024-06-06,AAPL,194.47999572753903,-0.007096540686677644,0.007820884826020169,0.0016492672588361845,1.0014624224148843,1.0132280070571016,0.006513588420702783,-0.23958210233987232,0.01239203884745943,1
2024-06-07,AAPL,196.88999938964844,0.01239203884745943,-0.007096540686677644,0.007820884826020169,1.009050656890231,1.0204621136590388,0.007715246564235791,0.2894992448120286,-0.019147769232301326,0
2024-06-10,AAPL,193.1199951171875,-0.019147769232301326,0.01239203884745943,-0.007096540686677644,0.9906536139477333,0.9992962541186892,0.012555937954593017,0.826799914883841,0.07264912559045644,1
2024-06-11,AAPL,207.1499938964844,0.07264912559045644,-0.019147769232301326,0.01239203884745943,1.0488501293638655,1.0624602353628259,0.03543316819210968,0.7768574850891967,0.02857839054869893,1
2024-06-12,AAPL,213.07000732421875,0.02857839054869893,0.07264912559045644,-0.019147769232301326,1.0603557700050272,1.0802028338275156,0.035840946375528614,0.14944889956855256,0.005491144359726752,1
2024-06-13,AAPL,214.2400054931641,0.005491144359726752,0.02857839054869893,0.07264912559045644,1.0456138551538223,1.0736425659415862,0.03408245419480801,-0.5060789575555571,-0.008168409051202308,0
2024-06-14,AAPL,212.4900054931641,-0.008168409051202308,0.005491144359726752,0.02857839054869893,1.021517801671042,1.0541799842029078,0.03639086993464076,-0.2834583554306186,0.019671478976528656,1
2024-06-17,AAPL,216.6699981689453,0.019671478976528656,-0.008168409051202308,0.005491144359726752,1.0185498394880477,1.062978016191236,0.030753808725278907,0.3366327879559685,-0.010984469021671939,0
2024-06-18,AAPL,214.2899932861328,-0.010984469021671939,0.019671478976528656,-0.008168409051202308,1.0006443616298204,1.0411170275519643,0.017189806544738805,-0.14707404273842584,-0.021512906597537684,0
2024-06-20,AAPL,209.67999267578125,-0.021512906597537684,-0.010984469021671939,0.019671478976528656,0.9822273140288167,1.0119300125215918,0.015962743855795873,0.07792022596014925,-0.010444426073609403,0
2024-06-21,AAPL,207.4900054931641,-0.010444426073609403,-0.021512906597537684,-0.010984469021671939,0.9781543175142506,0.9951129488779157,0.015399358480888371,1.8060587774522032,0.00313265159417897,1
2024-06-24,AAPL,208.13999938964844,0.00313265159417897,-0.010444426073609403,-0.021512906597537684,0.9852594580671854,0.9928732922772522,0.01587628087320508,-0.6661484807392399,0.004468184574312861,1
2024-06-25,AAPL,209.07000732421875,0.004468184574312861,0.00313265159417897,-0.010444426073609403,0.996834121741207,0.9897788962616895,0.01086889088789462,-0.31188202212394867,0.01999326794540668,1
2024-06-26,AAPL,213.25,0.01999326794540668,0.004468184574312861,0.00313265159417897,1.0177734458066332,1.006660711792443,0.015792344475491688,0.19196323292475026,0.003985960626099017,1
2024-06-27,AAPL,214.1000061035156,0.003985960626099017,0.01999326794540668,0.004468184574312861,1.0175372005949483,1.0101820533309582,0.010783550160894806,-0.2482964121957555,-0.016254137725925766,0
2024-06-28,AAPL,210.6199951171875,-0.016254137725925766,0.003985960626099017,0.01999326794540668,0.9980287417000021,0.9954626846270743,0.012870674128571333,0.6583930548272448,0.029104572333703782,1
2024-07-01,AAPL,216.75,0.029104572333703782,-0.016254137725925766,0.003985960626099017,1.018763093556763,1.0223767263643657,0.017361984310304723,-0.2682223867162087,0.016239927439265944,1
2024-07-02,AAPL,220.2700042724609,0.016239927439265944,0.029104572333703782,-0.016254137725925766,1.0245211729731827,1.0372187821620225,0.01751678282918501,-0.03901633861950338,0.0058110444203451905,1
2024-07-03,AAPL,221.5500030517578,0.0058110444203451905,0.016239927439265944,0.029104572333703782,1.0225793707326092,1.039691784091788,0.016749768824144043,-0.35620591873369833,0.021620371113304948,1
2024-07-05,AAPL,226.33999633789065,0.021620371113304948,0.0058110444203451905,0.016239927439265944,1.033015967568628,1.053930445137038,0.017587458481327978,0.6166102039614876,0.00653888402524605,1
2024-07-08,AAPL,227.82000732421875,0.00653888402524605,0.021620371113304948,0.0058110444203451905,1.0236984941310165,1.0508739077538778,0.009957529613029746,-0.02195741271659457,0.00377484559702701,1
2024-07-09,AAPL,228.67999267578125,0.00377484559702701,0.00653888402524605,0.021620371113304948,1.0166627777779738,1.0449404436940264,0.007730989240070083,-0.18633548782366016,0.018803582252402196,1
2024-07-10,AAPL,232.97999572753903,0.018803582252402196,0.00377484559702701,0.00653888402524605,1.0242049496985992,1.0530835653477006,0.008249820287919908,0.3026784618552669,-0.023220827978926772,0
2024-07-11,AAPL,227.57000732421875,-0.023220827978926772,0.018803582252402196,0.00377484559702701,0.9951547916533187,1.0220148674856462,0.017788992427101837,0.033258446342433245,0.013050867277438316,1
2024-07-12,AAPL,230.5399932861328,0.013050867277438316,-0.023220827978926772,0.018803582252402196,1.0044527837547208,1.0277648711971323,0.016188828976520086,-0.18025022175655925,0.01674330147811176,1
2024-07-15,AAPL,234.3999938964844,0.01674330147811176,0.013050867277438316,-0.023220827978926772,1.0154483194297852,1.0340111805884455,0.01723172347086922,0.1806867559593941,0.0017918662059344115,1
2024-07-16,AAPL,234.82000732421875,0.0017918662059344115,0.01674330147811176,0.013050867277438316,1.01188478862676,1.0276721672440796,0.017313484639373156,-0.3097013793422777,-0.025295980990260425,0
2024-07-17,AAPL,228.8800048828125,-0.025295980990260425,0.0017918662059344115,0.01674330147811176,0.9897856079507817,0.9979159423263572,0.01984714935555453,0.32639825323874794,-0.020534830945314275,0
2024-07-18,AAPL,224.17999267578125,-0.020534830945314275,-0.025295980990260425,0.0017918662059344115,0.9723113505089945,0.9763044038220621,0.019201935238304428,0.15151388329418491,0.0005799129586041563,1
2024-07-19,AAPL,224.30999755859372,0.0005799129586041563,-0.020534830945314275,-0.025295980990260425,0.9781613230318618,0.9777349566063177,0.017340019495631787,-0.25567051212546155,-0.0015602998017737457,0
2024-07-22,AAPL,223.9600067138672,-0.0015602998017737457,0.0005799129586041563,-0.020534830945314275,0.9856093161517521,0.977854655636561,0.01286661857446365,-0.019321892515996475,0.004688282557118617,1
2024-07-23,AAPL,225.00999450683597,0.004688282557118617,-0.0015602998017737457,0.0005799129586041563,0.9988546763784425,0.9840158970871432,0.013522654601221777,-0.17097909206710127,-0.028754283714746642,0
2024-07-24,AAPL,218.5399932861328,-0.028754283714746642,0.004688282557118617,-0.0015602998017737457,0.9791218471065213,0.9617948785894747,0.01464333839689951,0.5459743795717249,-0.004804556718339348,0
2024-07-25,AAPL,217.4900054931641,-0.004804556718339348,-0.028754283714746642,0.004688282557118617,0.9802940835826924,0.961439026451844,0.013194957795775947,-0.1681256636709746,0.002161024455525462,1
2024-07-26,AAPL,217.9600067138672,0.002161024455525462,-0.004804556718339348,-0.028754283714746642,0.9880684947192784,0.9689049206204835,0.0134083971695881,-0.19049759491897444,0.0012846337432190769,1
2024-07-29,AAPL,218.2400054931641,0.0012846337432190769,0.002161024455525462,-0.004804556718339348,0.994495299116779,0.9771692541910002,0.013683089895702313,-0.12714746894928763,0.0025659711533101426,1
2024-07-30,AAPL,218.8000030517578,0.0025659711533101426,0.0012846337432190769,0.002161024455525462,1.0027221993735174,0.9867545877679574,0.01333254803151399,0.14683931944987583,0.014990853444005525,1
2024-07-31,AAPL,222.0800018310547,0.014990853444005525,0.0025659711533101426,0.0012846337432190769,1.0144622876980582,1.0046277706439666,0.007215251362682012,0.20153059999327638,-0.016750725819666745,0
2024-08-01,AAPL,218.3600006103516,-0.016750725819666745,0.014990853444005525,0.0025659711533101426,0.9966771209836944,0.9904070715460271,0.011342415235513641,0.24911314385755934,0.006869389978967133,1
2024-08-02,AAPL,219.8600006103516,0.006869389978967133,-0.016750725819666745,0.014990853444005525,1.001786129580955,0.9992273725433425,0.01166917685528691,0.6890705748708021,-0.04816699858315232,0
2024-08-05,AAPL,209.2700042724609,-0.04816699858315232,0.006869389978967133,-0.016750725819666745,0.9613918165577199,0.9574901412100344,0.0252548634326685,0.13242574022957587,-0.009748212850733573,0
2024-08-06,AAPL,207.22999572753903,-0.009748212850733573,-0.04816699858315232,0.006869389978967133,0.9622492344921467,0.9559328641723045,0.024545367013222876,-0.4173039249309486,0.012498246634550902,1
2024-08-07,AAPL,209.82000732421875,0.012498246634550902,-0.009748212850733573,-0.04816699858315232,0.9854961093055277,0.971789321985632,0.023913847968615953,-0.08820063019932389,0.016633257613904107,1
2024-08-08,AAPL,213.30999755859372,0.016633257613904107,0.012498246634550902,-0.009748212850733573,1.0066635666813282,0.9898697185651195,0.026453260163159416,-0.25749727629399655,0.013735914716165754,1
2024-08-09,AAPL,216.2400054931641,0.013735914716165754,0.016633257613904107,0.012498246634550902,1.0239897116509866,1.004268061575603,0.027346603882069713,-0.10516082110044078,0.005965562584919315,1
2024-08-12,AAPL,217.52999877929688,0.005965562584919315,0.013735914716165754,0.016633257613904107,1.0221025522311646,1.010592321659723,0.010566912306443757,-0.09889435471640884,0.017193056195245138,1
2024-08-13,AAPL,221.2700042724609,0.017193056195245138,0.005965562584919315,0.013735914716165754,1.0261368871176262,1.0267892480190646,0.004495786002208687,0.16112295907499985,0.0020337006352117992,1
2024-08-14,AAPL,221.72000122070312,0.0020337006352117992,0.017193056195245138,0.005965562584919315,1.0169989070929328,1.0290493388023367,0.006768489408751494,-0.04970411253009266,0.01353057903429189,1
2024-08-15,AAPL,224.72000122070312,0.01353057903429189,0.0020337006352117992,0.017193056195245138,1.0200820667615929,1.0399033744429362,0.00625882502752167,0.10613289609776788,0.0059184844421056315,1
2024-08-16,AAPL,226.0500030517578,0.0059184844421056315,0.01353057903429189,0.0020337006352117992,1.0170612590485653,1.0430701982233674,0.006222127255966737,-0.04468048433662253,-0.0007078241979617816,0
2024-08-19,AAPL,225.88999938964844,-0.0007078241979617816,0.0059184844421056315,0.01353057903429189,1.008752724255647,1.0343990600589352,0.007583360338455172,-0.08237220400449252,0.0027446771387080737,1
2024-08-20,AAPL,226.50999450683597,0.0027446771387080737,-0.0007078241979617816,0.0059184844421056315,1.0068095308418492,1.028160799928295,0.0054690208401823375,-0.2553296074007442,-0.00048563247988708813,0
2024-08-21,AAPL,226.3999938964844,-0.00048563247988708813,0.0027446771387080737,-0.0007078241979617816,1.0021512411218971,1.019985195611628,0.005877345246836916,0.14741410607610805,-0.008259695969967784,0
2024-08-22,AAPL,224.52999877929688,-0.008259695969967784,-0.00048563247988708813,0.0027446771387080737,0.9940409819641133,1.0064728343233849,0.005277222873515935,0.25685809207403887,0.010288146667049247,1
2024-08-23,AAPL,226.83999633789065,0.010288146667049247,-0.008259695969967784,-0.00048563247988708813,1.0035658342021436,1.0120189394530927,0.006704025597275489,-0.11484072657700028,0.0014988376978464224,1
2024-08-26,AAPL,227.17999267578125,0.0014988376978464224,0.010288146667049247,-0.008259695969967784,1.003924122174912,1.0091909953493536,0.006659350855432204,-0.20878137822443654,0.0037415535298863656,1
2024-08-27,AAPL,228.02999877929688,0.0037415535298863656,0.0014988376978464224,0.010288146667049247,1.0063284555343759,1.0099341450724177,0.006733270554702084,0.17424891020906985,-0.006753467940081359,0
2024-08-28,AAPL,226.4900054931641,-0.006753467940081359,0.0037415535298863656,0.0014988376978464224,0.9994528452752692,1.0009988645196022,0.007679037761487104,0.05892927707557627,0.014570125448949867,1
2024-08-29,AAPL,229.7899932861328,0.014570125448949867,-0.006753467940081359,0.0037415535298863656,1.0093294387248615,1.0133129707863604,0.008230886255943494,0.3640814460136339,-0.0034378924636161434,0
2024-08-30,AAPL,229.0,-0.0034378924636161434,0.014570125448949867,-0.006753467940081359,1.0039544492316834,1.0085173593070766,0.008177057740836442,0.020893417562030114,-0.027205221517637934,0
2024-09-03,AAPL,222.7700042724609,-0.027205221517637934,-0.0034378924636161434,0.014570125448949867,0.9804327332292432,0.9824303272759083,0.01541909194783414,-0.05284313503476079,-0.00861874638471094,0
2024-09-04,AAPL,220.8500061035156,-0.00861874638471094,-0.027205221517637934,-0.0034378924636161434,0.9781646040944403,0.9764001941598413,0.01488593043724635,-0.1265256840922404,0.006927773316790287,1
2024-09-05,AAPL,222.3800048828125,0.006927773316790287,-0.00861874638471094,-0.027205221517637934,0.9885400972333188,0.9849149407965864,0.01599528761885209,-0.16479851825493497,-0.007015008203708928,0
2024-09-06,AAPL,220.82000732421875,-0.007015008203708928,0.006927773316790287,-0.00861874638471094,0.9894965265681616,0.9796154045975382,0.01238709101688052,0.3224763350939768,0.0004075551802624755,1
2024-09-09,AAPL,220.91000366210935,0.0004075551802624755,-0.007015008203708928,0.006927773316790287,0.9971292572565269,0.9825995767444251,0.01284207491812284,0.38735724758895573,-0.0036213980285899616,0
2024-09-10,AAPL,220.1100006103516,-0.0036213980285899616,0.0004075551802624755,-0.007015008203708928,0.9959097437819509,0.9821297022179416,0.006252026790713264,-0.23204822863947605,0.011585130365211693,1
2024-09-11,AAPL,222.66000366210935,0.011585130365211693,-0.0036213980285899616,0.0004075551802624755,1.0058000849704776,0.9958940537282335,0.007598933282328236,-0.13575817487546282,0.0004940295003250661,1
2024-09-12,AAPL,222.7700042724609,0.0004940295003250661,0.011585130365211693,-0.0036213980285899616,1.005942544921283,0.9980466540788687,0.00700474030906227,-0.15994536536352444,-0.001212031545013037,0
2024-09-13,AAPL,222.5,-0.001212031545013037,0.0004940295003250661,0.011585130365211693,1.003201215342343,1.0001033658339356,0.005862900314581685,-0.01839511314729969,-0.027775247981039364,0
2024-09-16,AAPL,216.32000732421875,-0.027775247981039364,-0.001212031545013037,0.0004940295003250661,0.9793907974564485,0.9778987437485399,0.014458691468909669,0.6144381041488742,0.0021726421320320544,1
2024-09-17,AAPL,216.7899932861328,0.0021726421320320544,-0.027775247981039364,-0.001212031545013037,0.9844782732855974,0.9826798764669659,0.014736741887505714,-0.2331318420281212,0.017989802463465043,1
2024-09-18,AAPL,220.69000244140625,0.017989802463465043,0.0021726421320320544,-0.027775247981039364,1.003985191892804,1.0004306520711774,0.016489772502271093,0.3158132923836703,0.03706553348719566,1
2024-09-19,AAPL,228.8699951171875,0.03706553348719566,0.017989802463465043,0.0021726421320320544,1.0354515391133545,1.0344687010095537,0.024060513030065057,0.11497473073667375,-0.002927418111763669,0
2024-09-20,AAPL,228.1999969482422,-0.002927418111763669,0.03706553348719566,0.017989802463465043,1.027122876445002,1.0280112630542306,0.024194642388222568,3.7719930579368777,-0.007581050616453089,0
2024-09-23,AAPL,226.47000122070312,-0.007581050616453089,-0.002927418111763669,0.03706553348719566,1.0101068823044026,1.0176688957562057,0.018246278617738074,-0.8300928298270459,0.0039740093241191765,1
2024-09-24,AAPL,227.3699951171875,0.0039740093241191765,-0.007581050616453089,-0.002927418111763669,1.0046394351216739,1.0183907624128616,0.01808636591851745,-0.1955804676245706,-0.004398117700115112,0
2024-09-25,AAPL,226.3699951171875,-0.004398117700115112,0.0039740093241191765,-0.007581050616453089,0.9952254431509808,1.0122297316784559,0.01829238766187998,-0.028638927727689167,0.005080219022304933,1
2024-09-26,AAPL,227.5200042724609,0.005080219022304933,-0.004398117700115112,0.0039740093241191765,1.0014701862766995,1.015215765480874,0.005480349006983126,-0.13406226142613697,0.0011866605511687833,1
2024-09-27,AAPL,227.7899932861328,0.0011866605511687833,0.005080219022304933,-0.004398117700115112,1.003020622666424,1.0140269271823077,0.005459418086482978,-0.071259147248524,0.02287197360475246,1
2024-09-30,AAPL,233.0,0.02287197360475246,0.0011866605511687833,0.005080219022304933,1.0200954533096949,1.0295748800873592,0.010253936326547796,0.6029477458414154,-0.029141602086406926,0
2024-10-01,AAPL,226.2100067138672,-0.029141602086406926,0.02287197360475246,0.0011866605511687833,0.9913751844388358,0.9954279564969034,0.018808554245611977,0.16030061292327558,0.002519747352073054,1
2024-10-02,AAPL,226.77999877929688,0.002519747352073054,-0.029141602086406926,0.02287197360475246,0.993516157771413,0.995268983822019,0.018739390383642543,-0.48043612230386346,-0.004894614235498862,0
2024-10-03,AAPL,225.6699981689453,-0.004894614235498862,0.002519747352073054,-0.029141602086406926,0.99025845264536,0.9917903787412418,0.01866112822964471,0.0353886486256334,0.005007333238716605,1
2024-10-04,AAPL,226.8000030517578,0.005007333238716605,-0.004894614235498862,0.002519747352073054,0.9960824346672029,0.9973702648127087,0.018875209405914244,0.09402188919111043,-0.022530866585506182,0
2024-10-07,AAPL,221.69000244140625,-0.022530866585506182,0.005007333238716605,-0.004894614235498862,0.9834094869393146,0.9769522419334938,0.015258344579357744,0.060687177642159584,0.018404085823098937,1
2024-10-08,AAPL,225.7700042724609,0.018404085823098937,-0.022530866585506182,0.005007333238716605,1.0018993482224223,0.9956341668053186,0.015010691942450409,-0.19363681927027698,0.01669836090857424,1
2024-10-09,AAPL,229.5399932861328,0.01669836090857424,0.018404085823098937,-0.022530866585506182,1.0161402827788772,1.0108465095727555,0.016897025824139517,0.05447690680160844,-0.0021782696463562568,0
2024-10-10,AAPL,229.0399932861328,-0.0021782696463562568,0.01669836090857424,0.018404085823098937,1.0109106053217836,1.0079699068467072,0.01664007106666351,-0.1609831175519706,-0.006505371454991304,0
2024-10-11,AAPL,227.5500030517578,-0.006505371454991304,-0.0021782696463562568,0.01669836090857424,1.0036697738462208,1.0015184645853683,0.01709698133828944,0.1268721060194795,0.01647989430765695,1
2024-10-14,AAPL,231.3000030517578,0.01647989430765695,-0.006505371454991304,-0.0021782696463562568,1.0116340258450411,1.0187856604926129,0.011917818314968243,0.25576525857074484,0.011024656368842312,1
2024-10-15,AAPL,233.8500061035156,0.011024656368842312,0.01647989430765695,-0.006505371454991304,1.0156087413638166,1.0265629152876339,0.010801692260428798,0.6235704739720325,-0.008851859184054955,0
2024-10-16,AAPL,231.77999877929688,-0.008851859184054955,0.011024656368842312,0.01647989430765695,1.0046639760074352,1.0152475403817132,0.011165501541987909,-0.47364535747489633,0.0015963203000093351,1
2024-10-17,AAPL,232.1499938964844,0.0015963203000093351,-0.008851859184054955,0.011024656368842312,1.003562041951373,1.0139901102556763,0.010938189312901192,-0.031934558215138686,0.01227657195109133,1
2024-10-18,AAPL,235.0,0.01227657195109133,0.0015963203000093351,-0.008851859184054955,1.0093807969828263,1.0227752470427682,0.010163231686523291,0.40727954949111655,0.00629785415974049,1
2024-10-21,AAPL,236.47999572753903,0.00629785415974049,0.01227657195109133,0.0015963203000093351,1.0112378634286563,1.0226338903218724,0.008558286852100444,-0.21918309768153088,-0.002621765597043413,0
2024-10-22,AAPL,235.8600006103516,-0.002621765597043413,0.00629785415974049,0.01227657195109133,1.0068558181404854,1.0155217405438082,0.008109045956824514,0.07149733136576142,-0.021623022514703494,0
2024-10-23,AAPL,230.75999450683597,-0.021623022514703494,-0.002621765597043413,0.00629785415974049,0.9859431639209388,0.9930414610646661,0.012884434589350123,0.3459865213429232,-0.0008233107433688325,0
2024-10-24,AAPL,230.57000732421875,-0.0008233107433688325,-0.021623022514703494,-0.002621765597043413,0.9864632774242189,0.9915710102851902,0.012816495492558257,-0.4050241933941515,0.0036431292501519774,1
2024-10-25,AAPL,231.41000366210935,0.0036431292501519774,-0.0008233107433688325,-0.021623022514703494,0.9931077835789063,0.9935341638112721,0.01098039197284645,0.2472813770713127,0.008599413175243376,1
2024-10-28,AAPL,233.3999938964844,0.008599413175243376,0.0036431292501519774,-0.0008233107433688325,1.0043028997266972,1.0011753062569015,0.01150467205359225,-0.0699752334268845,0.0011568306748999113,1
2024-10-29,AAPL,233.6699981689453,0.0011568306748999113,0.008599413175243376,0.0036431292501519774,1.0073632692459191,1.0024108975880537,0.011623510663032088,-0.018563420169534273,-0.015277922255336307,0
2024-10-30,AAPL,230.1000061035156,-0.015277922255336307,0.0011568306748999113,0.008599413175243376,0.9925376538244614,0.9878080480227774,0.008960933189969158,0.32904069209310727,-0.01820948426885871,0
2024-10-31,AAPL,225.91000366210935,-0.01820948426885871,-0.015277922255336307,0.0011568306748999113,0.9783973987960478,0.9724255036501854,0.011967194359082382,0.367513686800125,-0.013279624414008095,0
2024-11-01,AAPL,222.91000366210935,-0.013279624414008095,-0.01820948426885871,-0.015277922255336307,0.9725652169461221,0.9645315933990113,0.011647715895707001,0.014084178834583128,-0.004037544930633241,0
2024-11-04,AAPL,222.00999450683597,-0.004037544930633241,-0.013279624414008095,-0.01820948426885871,0.9783623890029347,0.9666898629139392,0.008154890496871885,-0.311477142686441,0.006486205472888695,1
2024-11-05,AAPL,223.4499969482422,0.006486205472888695,-0.004037544930633241,-0.013279624414008095,0.993658709590496,0.9782461034739343,0.010085852590980517,-0.37453303518784276,-0.0032669310248778505,0
2024-11-06,AAPL,222.72000122070312,-0.0032669310248778505,0.006486205472888695,-0.004037544930633241,0.9969561379619656,0.978494388879752,0.00959460605016053,0.9408956540608224,0.02137210165565251,1
2024-11-07,AAPL,227.47999572753903,0.02137210165565251,-0.0032669310248778505,0.006486205472888695,1.0168339815173266,1.0007654702113737,0.013148933471833175,-0.22769702223745492,-0.0022858669924306074,0
2024-11-08,AAPL,226.9600067138672,-0.0022858669924306074,0.02137210165565251,-0.0032669310248778505,1.0108496539391114,1.0004364198906175,0.01077373754611893,-0.0903917394637106,-0.0120285993371948,0
2024-11-11,AAPL,224.22999572753903,-0.0120285993371948,-0.0022858669924306074,0.02137210165565251,0.9967195176983313,0.9924140295172718,0.012632298325705437,0.09592786625200889,0.0,0
2024-11-12,AAPL,224.22999572753903,0.0,-0.0120285993371948,-0.0022858669924306074,0.9960288405510894,0.9965777587890624,0.012394334084602356,-0.038263945759613005,0.003969136184303723,1
2024-11-13,AAPL,225.1199951171875,0.003969136184303723,0.0,-0.0120285993371948,0.9978546360425311,1.0027527425984828,0.012228197160280051,0.2021842503273652,0.013770460957508002,1
2024-11-14,AAPL,228.22000122070312,0.013770460957508002,0.003969136184303723,0.0,1.0109323608709848,1.0155162018231025,0.00939342486446667,-0.07499660257545371,-0.014109198157391867,0
2024-11-15,AAPL,225.0,-0.014109198157391867,0.013770460957508002,0.003969136184303723,0.9984025667265986,1.0002578518436975,0.0115653616227297,0.0667751464142694,0.013422241210937269,1
2024-11-18,AAPL,228.0200042724609,0.013422241210937269,-0.014109198157391867,0.013770460957508002,1.0084115595001,1.0109824069597662,0.011472218195214745,-0.06865079282275788,0.0011402267431119828,1
2024-11-19,AAPL,228.27999877929688,0.0011402267431119828,0.013422241210937269,-0.014109198157391867,1.0059578320088065,1.009972301125053,0.01139857122996635,-0.18868926394181973,0.0031540267415159917,1
2024-11-20,AAPL,229.0,0.0031540267415159917,0.0011402267431119828,0.013422241210937269,1.0056915958465569,1.010350581407502,0.011398490441145503,-0.028780673703047044,-0.002096051211961103,0
2024-11-21,AAPL,228.5200042724609,-0.002096051211961103,0.0031540267415159917,0.0011402267431119828,1.0033192374684103,1.0077704164260253,0.009929887860356158,0.19729254810973118,0.005907539031537068,1
2024-11-22,AAPL,229.8699951171875,0.005907539031537068,-0.002096051211961103,0.0031540267415159917,1.0049488700018792,1.0124246136555697,0.005873802062853626,-0.09356825138986846,0.013050855108212911,1
2024-11-25,AAPL,232.8699951171875,0.013050855108212911,0.005907539031537068,-0.002096051211961103,1.0137652867050542,1.021749510459484,0.005730291321307005,1.361981015659592,0.009404399395912533,1
2024-11-26,AAPL,235.05999755859372,0.009404399395912533,0.013050855108212911,0.005907539031537068,1.0172939063331015,1.0264808050608463,0.00580714106411506,-0.4899082446690508,-0.000553071063399746,0
2024-11-27,AAPL,234.92999267578125,-0.000553071063399746,0.009404399395912533,0.013050855108212911,1.011539271314334,1.0215369093347388,0.006444519082334526,-0.27155537965737553,0.01021584825308186,1
2024-11-29,AAPL,237.3300018310547,0.01021584825308186,-0.000553071063399746,0.009404399395912533,1.0141787832302924,1.0279009861820552,0.005223676908942198,-0.14976834714493825,0.009522582435425697,1
2024-12-02,AAPL,239.58999633789065,0.009522582435425697,0.01021584825308186,-0.000553071063399746,1.0154011751536296,1.0311731926190588,0.005179971462568718,0.6901240809791653,0.01277180852859261,1
2024-12-03,AAPL,242.6499938964844,0.01277180852859261,0.009522582435425697,0.01021584825308186,1.019914916048888,1.037808461700511,0.005117494172621744,-0.19270167916222625,0.0014836209330593153,1
2024-12-04,AAPL,243.00999450683597,0.0014836209330593153,0.01277180852859261,0.009522582435425697,1.0146470539620445,1.0328412909972184,0.005852605586096901,0.14211934844702911,0.00012344668933361724,1
2024-12-05,AAPL,243.0399932861328,0.00012344668933361724,0.0014836209330593153,0.01277180852859261,1.00794610800444,1.0268413428755752,0.005647576246111982,-0.09800851209560224,-0.0008228972752097885,0
2024-12-06,AAPL,242.83999633789065,-0.0008228972752097885,0.00012344668933361724,0.0014836209330593153,1.0025348289524647,1.0198262245234677,0.006127156783027349,-0.07901553433465136,0.016101151873964437,1
2024-12-09,AAPL,246.75,0.016101151873964437,-0.0008228972752097885,0.00012344668933361724,1.0126899361001795,1.0289524657601459,0.007895420096196955,0.21097025814605685,0.004133755916761572,1
2024-12-10,AAPL,247.7700042724609,0.004133755916761572,0.016101151873964437,-0.0008228972752097885,1.0126204895377184,1.026825892077978,0.006907753444101486,-0.17322594805730007,-0.005166076430661359,0
2024-12-11,AAPL,246.4900054931641,-0.005166076430661359,0.004133755916761572,0.016101151873964437,1.0045318065017548,1.0167051957807323,0.008099690635746358,0.22459826411087147,0.005963735599591624,1
2024-12-12,AAPL,247.9600067138672,0.005963735599591624,-0.005166076430661359,0.004133755916761572,1.0064864067257242,1.0173010402717646,0.008024657746778905,-0.274927111122909,0.0006855870476785153,1
2024-12-13,AAPL,248.1300048828125,0.0006855870476785153,0.005963735599591624,-0.005166076430661359,1.0028696168381346,1.0135077395335803,0.007821826905202141,0.011526199374571,0.011727676403724852,1
2024-12-16,AAPL,251.0399932861328,0.011727676403724852,0.0006855870476785153,0.005963735599591624,1.0111245874537969,1.02062054427266,0.006268637704637678,0.5591715351693394,0.009719576588042456,1
2024-12-17,AAPL,253.47999572753903,0.009719576588042456,0.011727676403724852,0.0006855870476785153,1.0162777423100218,1.0260229519052757,0.006884248718659312,-0.006546112955268191,-0.021421779893107673,0
2024-12-18,AAPL,248.0500030517578,-0.021421779893107673,0.009719576588042456,0.011727676403724852,0.9932647891510457,1.0019995667466697,0.013398011129658917,0.1054922073977147,0.007014675319362729,1
2024-12-19,AAPL,249.7899932861328,0.007014675319362729,-0.021421779893107673,0.009719576588042456,0.9987684637096357,1.0062844659349763,0.013496661794763137,0.07236046013939457,0.018815854651340835,1
2024-12-20,AAPL,254.4900054931641,0.018815854651340835,0.007014675319362729,-0.021421779893107673,1.0124120115644104,1.0204294562742744,0.015495456542337907,1.422630222577005,0.0030649485734628445,1
2024-12-23,AAPL,255.2700042724609,0.0030649485734628445,0.018815854651340835,0.007014675319362729,1.0121086842302456,1.0200721790528309,0.01505719965668005,-0.7229823594378939,0.011478073747525075,1
2024-12-24,AAPL,258.20001220703125,0.011478073747525075,0.0030649485734628445,0.018815854651340835,1.0199083918155125,1.0274981483484853,0.01525975803532987,-0.4313415959352698,0.003175742710589624,1
2024-12-26,AAPL,259.0199890136719,0.003175742710589624,0.011478073747525075,0.0030649485734628445,1.0143564939139866,1.02564707079533,0.006617387428826687,0.1722595944858336,-0.013242192962953814,0
2024-12-27,AAPL,255.58999633789065,-0.013242192962953814,0.003175742710589624,0.011478073747525075,0.9963978374604251,1.0090167488501363,0.011959411155058565,0.555059092194103,-0.013263427513676596,0
2024-12-30,AAPL,252.1999969482422,-0.013263427513676596,-0.013242192962953814,0.003175742710589624,0.9849407832220539,0.9940365609158861,0.011034693546171282,-0.16049467244949278,-0.007057885808230857,0
2024-12-31,AAPL,250.4199981689453,-0.007057885808230857,-0.013263427513676596,-0.013242192962953814,0.9817081282665232,0.9872620203005883,0.010855922125842294,0.11033396611122837,-0.02623589215505573,0
2025-01-02,AAPL,243.8500061035156,-0.02623589215505573,-0.007057885808230857,-0.013263427513676596,0.9668300532082938,0.9650240835825699,0.010703359720965797,0.41184680109521876,-0.0020094545044054835,0
2025-01-03,AAPL,243.3600006103516,-0.0020094545044054835,-0.02623589215505573,-0.007057885808230857,0.9770198044360414,0.964875764215964,0.009074428633240296,-0.27801229622161183,0.006738984983297502,1
2025-01-06,AAPL,245.0,0.006738984983297502,-0.0020094545044054835,-0.02623589215505573,0.9920393885664598,0.9732263411018697,0.0123854273798466,0.1193094142992388,-0.011387727698501271,0
2025-01-07,AAPL,242.2100067138672,-0.011387727698501271,0.006738984983297502,-0.0020094545044054835,0.9887414046758912,0.9668598937801608,0.012227386200619325,-0.09300797414175854,0.0020229974847978394,1
2025-01-08,AAPL,242.6999969482422,0.0020229974847978394,-0.011387727698501271,0.006738984983297502,0.9970257447056126,0.9737016174242926,0.01304743136834102,-0.07898717446641867,-0.02410379447171629,0
2025-01-10,AAPL,236.8500061035156,-0.02410379447171629,0.0020229974847978394,-0.011387727698501271,0.9786219716750565,0.9584412690029486,0.012237561412545195,0.6399868186420543,-0.010344150913639494,0
2025-01-13,AAPL,234.3999938964844,-0.010344150913639494,-0.02410379447171629,0.0020229974847978394,0.9757234389333778,0.9580720586330967,0.012168498658914914,-0.19575472080296996,-0.004778136289893209,0
2025-01-14,AAPL,233.27999877929688,-0.004778136289893209,-0.010344150913639494,-0.02410379447171629,0.9806295328073458,0.9622690474582912,0.009648632201209562,-0.20542527105199004,0.019675910330543056,1
2025-01-15,AAPL,237.8699951171875,0.019675910330543056,-0.004778136289893209,-0.010344150913639494,1.00358618240996,0.9870370004075274,0.01612930991951961,0.010059515205919523,-0.040400222002010544,0
2025-01-16,AAPL,228.25999450683597,-0.040400222002010544,0.019675910330543056,-0.004778136289893209,0.9749201167204963,0.9559506932109707,0.022423951509077156,0.8015439847358907,0.007535272330218001,1
2025-01-17,AAPL,229.97999572753903,0.007535272330218001,-0.040400222002010544,0.019675910330543056,0.988064857360954,0.9687814485427159,0.022614295902270164,-0.045580281803980216,-0.031915803436166734,0
2025-01-21,AAPL,222.63999938964844,-0.031915803436166734,0.007535272330218001,-0.040400222002010544,0.9662942917044534,0.9461199503751359,0.025592413375318604,0.43192924922943043,0.00534496247156202,1
2025-01-22,AAPL,223.8300018310547,0.00534496247156202,-0.031915803436166734,0.007535272330218001,0.9794937967649144,0.959811677796654,0.026491117523847096,-0.3461176868861553,-0.0007594967946864539,0
2025-01-23,AAPL,223.66000366210935,-0.0007594967946864539,0.00534496247156202,-0.031915803436166734,0.9910756428740425,0.9667728780544957,0.02242781592855006,-0.06068785915339214,-0.003934565270516277,0
2025-01-24,AAPL,222.77999877929688,-0.003934565270516277,-0.0007594967946864539,0.00534496247156202,0.9919938680564876,0.9713326501057561,0.015869830075573358,-0.09192194545345878,0.031780240011890504,1
2025-01-27,AAPL,229.8600006103516,0.031780240011890504,-0.003934565270516277,-0.0007594967946864539,1.023629059093441,1.0052655621968865,0.022766067473434386,0.7343152113700893,0.036543956643956044,1
2025-01-28,AAPL,238.25999450683597,0.036543956643956044,0.031780240011890504,-0.003934565270516277,1.0464778970062099,1.0402458775447294,0.018964162798104593,-0.2019303545940795,0.004616830894303092,1
2025-01-29,AAPL,239.3600006103516,0.004616830894303092,0.036543956643956044,0.031780240011890504,1.0371602926986752,1.0422817426551156,0.019047883934860572,-0.39918713576972453,-0.0073947370820001135,0
2025-01-30,AAPL,237.58999633789065,-0.0073947370820001135,0.004616830894303092,0.036543956643956044,1.0172111067365663,1.0347004981683467,0.02047999971880748,0.22363315386458726,-0.006692185539787787,0
2025-01-31,AAPL,236.0,-0.006692185539787787,-0.0073947370820001135,0.004616830894303092,0.9990940485554471,1.024323342745865,0.021056269258479896,0.8139217331467186,-0.03385595547950859,0
2025-02-03,AAPL,228.00999450683597,-0.03385595547950859,-0.006692185539787787,-0.0073947370820001135,0.9667831160478656,0.9904908165287953,0.02546207841802292,-0.27631294832200537,0.02100788851507218,1
2025-02-04,AAPL,232.8000030517578,0.02100788851507218,-0.03385595547950859,-0.006692185539787787,0.9916848595166613,1.0068551074380703,0.020054423895552623,-0.38317458970509133,-0.0014175336199687694,0
2025-02-05,AAPL,232.47000122070312,-0.0014175336199687694,0.02100788851507218,-0.03385595547950859,0.9961263987997069,1.0016847792916248,0.019546488637573824,-0.12086368608725173,0.00322622272147699,1
2025-02-06,AAPL,233.22000122070312,0.00322622272147699,-0.0014175336199687694,0.02100788851507218,1.0030967794438843,1.0007938813352384,0.019886419329925346,-0.24469779380771983,-0.023968769010513147,0
2025-02-07,AAPL,227.6300048828125,-0.023968769010513147,0.00322622272147699,-0.0014175336199687694,0.9861540897462651,0.9747773431838427,0.021962256454434063,0.32687725770501874,8.781361526666309e-05,1
2025-02-10,AAPL,227.6499938964844,8.781361526666309e-05,-0.023968769010513147,0.00322622272147699,0.9865484154271931,0.9757864150699354,0.016031471498066135,-0.16600515775476488,0.021831765227118938,1
2025-02-11,AAPL,232.6199951171875,0.021831765227118938,8.781361526666309e-05,-0.023968769010513147,1.0082438121674395,0.9995058587331619,0.01630599520500129,0.622147869886096,0.018270140526221557,1
2025-02-12,AAPL,236.8699951171875,0.018270140526221557,0.021831765227118938,8.781361526666309e-05,1.022763569265592,1.0188570348737294,0.018163862555782936,-0.15776903258473818,0.01967325435120615,1
2025-02-13,AAPL,241.52999877929688,0.01967325435120615,0.018270140526221557,0.021831765227118938,1.035454005432825,1.0371435934616167,0.01945695092579321,0.1850174500975834,0.012710666748373622,1
2025-02-14,AAPL,244.6000061035156,0.012710666748373622,0.01967325435120615,0.018270140526221557,1.0335764803238385,1.0464619095671484,0.008741324939694158,-0.23721185285214152,-0.0005314999164695022,0
2025-02-18,AAPL,244.47000122070312,-0.0005314999164695022,0.012710666748373622,0.01967325435120615,1.0185486170483482,1.0385919347680512,0.008997492052247952,0.19381507328309233,0.001636167605379324,1
2025-02-19,AAPL,244.8699951171875,0.001636167605379324,-0.0005314999164695022,0.012710666748373622,1.0099064447962827,1.0349841114286242,0.00934829323115633,-0.3403819960059399,0.003920475080696484,1
2025-02-20,AAPL,245.8300018310547,0.003920475080696484,0.001636167605379324,-0.0005314999164695022,1.0064275821533613,1.0332073960077854,0.008471127957570795,0.0034995435377993545,-0.001138993520771736,0
2025-02-21,AAPL,245.5500030517578,-0.001138993520771736,0.003920475080696484,0.001636167605379324,1.0019831618842794,1.0267099436912261,0.005614649513370997,0.646117047117762,0.006312372357947238,1
2025-02-24,AAPL,247.1000061035156,0.006312372357947238,-0.001138993520771736,0.003920475080696484,1.0062550073687888,1.0248477098690885,0.0031093023287142676,-0.035170891810502036,-0.00024286853865007618,0
2025-02-25,AAPL,247.0399932861328,-0.00024286853865007618,0.006312372357947238,-0.001138993520771736,1.0039093027766819,1.01642471330929,0.0030517793948598164,-0.06454962748215343,-0.02704012652738441,0
2025-02-26,AAPL,240.3600006103516,-0.02704012652738441,-0.00024286853865007618,0.006312372357947238,0.9803569666401758,0.9858011192181778,0.01343104549622402,-0.07455642499057558,-0.012730893454915404,0
2025-02-27,AAPL,237.3000030517578,-0.012730893454915404,-0.02704012652738441,-0.00024286853865007618,0.9746580764036212,0.9730793765438954,0.013149849846339719,-0.07381801159482915,0.019131872009047646,1
2025-02-28,AAPL,241.83999633789065,0.019131872009047646,-0.012730893454915404,-0.02704012652738441,0.9963415694090274,0.991570159708087,0.017725142743471808,0.38100676490027596,-0.01575420780800285,0
2025-03-03,AAPL,238.02999877929688,-0.01575420780800285,0.019131872009047646,-0.012730893454915404,0.9880289246254426,0.9785848438738235,0.017600313062905014,-0.16978396506279758,-0.00882244302938795,0
2025-03-04,AAPL,235.92999267578125,-0.00882244302938795,-0.01575420780800285,0.019131872009047646,0.988428578942697,0.9733687875360562,0.01714941317943242,0.14017675483214642,-0.0008052693108766551,0
2025-03-05,AAPL,235.7400054931641,-0.0008052693108766551,-0.00882244302938795,-0.01575420780800285,0.9914707034560535,0.9762622804051462,0.013988637972463212,-0.12213256601998956,-0.0017392197020258404,0
2025-03-06,AAPL,235.3300018310547,-0.0017392197020258404,-0.0008052693108766551,-0.00882244302938795,0.99138912770231,0.9788205809433819,0.013066816319806334,-0.04355927466142684,0.015892599600832114,1
2025-03-07,AAPL,239.07000732421875,0.015892599600832114,-0.0017392197020258404,-0.0008052693108766551,1.0095009124732617,0.9970639301029935,0.01180108689215844,0.024423073517170435,-0.04847957184759577,0
2025-03-10,AAPL,227.47999572753903,-0.04847957184759577,0.015892599600832114,-0.0017392197020258404,0.969196008418852,0.9565539005374261,0.023968538300186578,0.5575014695204177,-0.029189377151217055,0
2025-03-11,AAPL,220.83999633789065,-0.029189377151217055,-0.04847957184759577,0.015892599600832114,0.9531619350603824,0.9389775014023545,0.025647137462754568,0.05641920767241282,-0.017478720677235104,0
2025-03-12,AAPL,216.97999572753903,-0.017478720677235104,-0.029189377151217055,-0.04847957184759577,0.9519171549905376,0.9318285120854971,0.024755700926530597,-0.17849177933577975,-0.03364366852013567,0
2025-03-13,AAPL,209.67999267578125,-0.03364366852013567,-0.017478720677235104,-0.029189377151217055,0.9410708449949171,0.9112876337863011,0.02420248137999397,-0.018852871817418793,0.018170607356297053,1
2025-03-14,AAPL,213.4900054931641,0.018170607356297053,-0.03364366852013567,-0.017478720677235104,0.9806885272288719,0.9394210353852877,0.025112111054202232,-0.02054317945910189,0.002388844881322738,1
2025-03-17,AAPL,214.0,0.002388844881322738,0.018170607356297053,-0.03364366852013567,0.9953581053966027,0.951728680116778,0.02185881738407945,-0.200210955020663,-0.006121483918662407,0
2025-03-18,AAPL,212.69000244140625,-0.006121483918662407,0.002388844881322738,0.018170607356297053,0.9968224062253983,0.9557812526388575,0.01963162549242186,-0.11734139877770244,0.011989294383784488,1
2025-03-19,AAPL,215.2400054931641,0.011989294383784488,-0.006121483918662407,0.002388844881322738,1.0104215766582447,0.9762336955517108,0.020239654305717066,0.2816951197669706,-0.005296410335227875,0
2025-03-20,AAPL,214.1000061035156,-0.005296410335227875,0.011989294383784488,-0.006121483918662407,1.0009163091559123,0.980504428002641,0.010675236236669385,-0.10154379668072677,0.019476870855058115,1
2025-03-21,AAPL,218.2700042724609,0.019476870855058115,-0.005296410335227875,0.011989294383784488,1.0158708021606206,1.0092150521843641,0.011108982312962968,0.926365401971639,0.011270405492856295,1
2025-03-24,AAPL,220.72999572753903,0.011270405492856295,0.019476870855058115,-0.005296410335227875,1.0209244556634598,1.0237845441606808,0.011395902187193014,-0.5293685818642314,0.013681893403326706,1
2025-03-25,AAPL,223.75,0.013681893403326706,0.011270405492856295,0.019476870855058115,1.024411896565506,1.0363930242187875,0.009255633564163526,-0.2213546428289258,-0.009921793165153625,0
2025-03-26,AAPL,221.52999877929688,-0.009921793165153625,0.013681893403326706,0.011270405492856295,1.008439692066919,1.0239521403218401,0.012741689228350317,-0.0007972493448059614,0.010472655337889769,1
2025-03-27,AAPL,223.8500061035156,0.010472655337889769,-0.009921793165153625,0.013681893403326706,1.010034946789426,1.0279429825448956,0.011147225893018479,0.07626914562425102,-0.026580353115021604,0
2025-03-28,AAPL,217.8999938964844,-0.026580353115021604,0.010472655337889769,-0.009921793165153625,0.9835162624440656,0.998597621589432,0.017525822660364017,0.07342808156399272,0.019412625538381745,1
2025-03-31,AAPL,222.1300048828125,0.019412625538381745,-0.026580353115021604,0.010472655337889769,1.0013433776434721,1.0142042612177535,0.01916177819530623,0.6399195350916407,0.0047719692760685994,1
2025-04-01,AAPL,223.19000244140625,0.0047719692760685994,0.019412625538381745,-0.026580353115021604,1.0066299892324098,1.0141819186086385,0.018121635231665947,-0.4423722765787689,0.003136327526256366,1
2025-04-02,AAPL,223.88999938964844,0.003136327526256366,0.0047719692760685994,0.019412625538381745,1.0076420304809062,1.0133795532351952,0.017324135418109322,-0.01391822084053096,-0.09245610346452682,0
2025-04-03,AAPL,203.19000244140625,-0.09245610346452682,0.003136327526256366,0.0047719692760685994,0.9318077679201868,0.9242504956175689,0.044670338779878346,1.8802787285655005,-0.07288743235713335,0
2025-04-04,AAPL,188.3800048828125,-0.07288743235713335,-0.09245610346452682,0.003136327526256366,0.8879315333520648,0.8686950858205028,0.05113736102023049,0.21748324775911576,-0.036734249865053914,0
2025-04-07,AAPL,181.4600067138672,-0.036734249865053914,-0.07288743235713335,-0.09245610346452682,0.889413905809277,0.8522169806993989,0.043881556874744904,0.27444327695219406,-0.049818186985832624,0
2025-04-08,AAPL,172.4199981689453,-0.049818186985832624,-0.036734249865053914,-0.07288743235713335,0.8893680035189001,0.8297640774047697,0.03648811474594449,-0.24682316473926302,0.15328852926139636,1
2025-04-09,AAPL,198.8500061035156,0.15328852926139636,-0.049818186985832624,-0.036734249865053914,1.0528963372217202,0.9675175096209712,0.09905131669375715,0.5257046405123305,-0.04239380274487825,0
2025-04-10,AAPL,190.4199981689453,-0.04239380274487825,0.15328852926139636,-0.049818186985832624,1.0220819259676583,0.941820017308031,0.09215084942883767,-0.33903085697675495,0.04059445332354672,1
2025-04-11,AAPL,198.1499938964844,0.04059445332354672,-0.04239380274487825,0.15328852926139636,1.052533694114888,0.9897206515477268,0.08650204925986771,-0.2826066622907778,0.02205405253890369,1
2025-04-14,AAPL,202.5200042724609,0.02205405253890369,0.04059445332354672,-0.04239380274487825,1.0522050175818711,1.0215539331691874,0.08192858623729668,0.1591680305229317,-0.0018763819612666044,0
2025-04-15,AAPL,202.13999938964844,-0.0018763819612666044,0.02205405253890369,0.04059445332354672,1.0187686427332685,1.0305798758339018,0.07338003456512848,-0.49341459395833764,-0.03893338844835548,0
2025-04-16,AAPL,194.2700042724609,-0.03893338844835548,-0.0018763819612666044,0.02205405253890369,0.9836455912529666,1.0056424186306796,0.03662769707563168,0.16337870711028968,0.013949613401343264,1
2025-04-17,AAPL,196.97999572753903,0.013949613401343264,-0.03893338844835548,-0.0018763819612666044,0.9907852454143659,1.0229591685729884,0.02996686065751135,-0.12669338583415368,-0.019392791899099593,0
2025-04-21,AAPL,193.16000366210935,-0.019392791899099593,0.013949613401343264,-0.03893338844835548,0.9764728595131245,1.0006371971375982,0.024795491290364225,-0.10394385475235168,0.03406503264808891,1
2025-04-22,AAPL,199.7400054931641,0.03406503264808891,-0.019392791899099593,0.013949613401343264,1.0125825252343448,1.0250173430566427,0.028375689532549236,0.13336685029683903,0.024331633507028494,1
2025-04-23,AAPL,204.6000061035156,0.024331633507028494,0.03406503264808891,-0.019392791899099593,1.0346397114844288,1.0329003717547949,0.03082054116100536,-0.0008909627683270083,0.01842614321215863,1
2025-04-24,AAPL,208.3699951171875,0.01842614321215863,0.024331633507028494,0.03406503264808891,1.0388891352097138,1.0469012710237378,0.020270911074651034,-0.10614556804183706,0.0043672490446504675,1
2025-04-25,AAPL,209.27999877929688,0.0043672490446504675,0.01842614321215863,0.024331633507028494,1.030783612726571,1.0416034067119824,0.020756627882913752,-0.19210543002684366,0.0041093301575299,1
2025-04-28,AAPL,210.13999938964844,0.0041093301575299,0.0043672490446504675,0.01842614321215863,1.017991911849843,1.0396793890783127,0.012968615120818257,0.01362555366893159,0.005091878401668248,1
2025-04-29,AAPL,211.2100067138672,0.005091878401668248,0.0041093301575299,0.0043672490446504675,1.0119298844317806,1.0404997570789434,0.009472445465818082,-0.04944106176325591,0.006107633374967891,1
2025-04-30,AAPL,212.5,0.006107633374967891,0.005091878401668248,0.0041093301575299,1.0104612458392772,1.0415390192904672,0.006090085657611511,0.4197639813618048,0.0038588579963234615,1
2025-05-01,AAPL,213.32000732421875,0.0038588579963234615,0.006107633374967891,0.005091878401668248,1.0096076712544668,1.0358860070288682,0.0009085551779178311,0.09714170961911783,-0.03736171454649251,0
2025-05-02,AAPL,205.3500061035156,-0.03736171454649251,0.0038588579963234615,0.006107633374967891,0.9755159155783574,0.9931468912085701,0.018872606277114286,0.7608187470910317,-0.03145851727226501,0
2025-05-05,AAPL,198.88999938964844,-0.03145851727226501,-0.03736171454649251,0.0038588579963234615,0.955035656741481,0.9592456691798016,0.021711688423709057,-0.31672022540208655,-0.0019106284075550706,0
2025-05-06,AAPL,198.50999450683597,-0.0019106284075550706,-0.03145851727226501,-0.03736171454649251,0.964980473343041,0.9579812139953973,0.020633218300496255,-0.25793084462861404,-0.01138478952886246,0
2025-05-07,AAPL,196.25,-0.01138478952886246,-0.0019106284075550706,-0.03145851727226501,0.9693081169003628,0.9509065679348743,0.018089124150365673,0.3381761736940243,0.006318499328224592,1
2025-05-08,AAPL,197.4900054931641,0.006318499328224592,-0.01138478952886246,-0.0019106284075550706,0.9909281799340579,0.9619862430973611,0.018772864642502333,-0.2634763564630337,0.0052660552797887394,1
2025-05-09,AAPL,198.52999877929688,0.0052660552797887394,0.006318499328224592,-0.01138478952886246,1.0030111004001865,0.9721426363785222,0.015576548499120418,-0.2778388594046225,0.06175386381009962,1
2025-05-12,AAPL,210.7899932861328,0.06175386381009962,0.0052660552797887394,0.006318499328224592,1.0522978671288032,1.0318477809790878,0.028694189392654827,0.7494918239200743,0.010152281691776288,1
2025-05-13,AAPL,212.92999267578125,0.010152281691776288,0.06175386381009962,0.0052660552797887394,1.0478941462142812,1.0414465358318692,0.02772194192092596,-0.18606587451666623,-0.0028177845553216674,0
2025-05-14,AAPL,212.3300018310547,-0.0028177845553216674,0.010152281691776288,0.06175386381009962,1.0286608634271468,1.0385983197650432,0.025935397336369317,-0.04976950180410833,-0.004144515024837148,0
2025-05-15,AAPL,211.4499969482422,-0.004144515024837148,-0.0028177845553216674,0.010152281691776288,1.0107262711370293,1.0352407716232481,0.0273110358943119,-0.0871004626382137,-0.0008985691376137694,0
2025-05-16,AAPL,211.25999450683597,-0.0008985691376137694,-0.004144515024837148,-0.0028177845553216674,0.9976765208715065,1.0313264150392312,0.027938205760398314,0.21560088386502185,-0.011739069355409137,0
2025-05-19,AAPL,208.77999877929688,-0.011739069355409137,-0.0008985691376137694,-0.004144515024837148,0.9878400841918409,1.0143223654818063,0.007889031495475889,-0.15706484903512918,-0.009196274452395903,0
2025-05-20,AAPL,206.8600006103516,-0.009196274452395903,-0.011739069355409137,-0.0008985691376137694,0.9844101060853855,1.0009338806917987,0.0045402968806464005,-0.07897400331595883,-0.02305909435553888,0
2025-05-21,AAPL,202.08999633789065,-0.02305909435553888,-0.009196274452395903,-0.011739069355409137,0.9711756508182914,0.9750978203309469,0.008531526207955779,0.3933302899526079,-0.003612230891026025,0
2025-05-22,AAPL,201.3600006103516,-0.003612230891026025,-0.02305909435553888,-0.009196274452395903,0.9771437006820746,0.9697647015301663,0.008622688932773195,-0.21058978109093118,-0.03024432021966139,0
2025-05-23,AAPL,195.2700042724609,-0.03024432021966139,-0.003612230891026025,-0.02305909435553888,0.9625281170144958,0.9419136671761688,0.010836406888389815,0.677981875128363,0.025298316860348224,1
2025-05-27,AAPL,200.2100067138672,0.025298316860348224,-0.03024432021966139,-0.003612230891026025,0.9952873115309195,0.970696361600647,0.021511132065211276,-0.2823356015141605,0.0010488559414427723,1
2025-05-28,AAPL,200.4199981689453,0.0010488559414427723,0.025298316860348224,-0.03024432021966139,1.0027517733771105,0.9776442212469411,0.021872971795130848,-0.1945122005382982,-0.0023450814539321962,0
2025-05-29,AAPL,199.9499969482422,-0.0023450814539321962,0.0010488559414427723,0.025298316860348224,1.002547084375651,0.9812774399291654,0.01971642325508176,0.13359373793827478,0.0045011711378339925,1
2025-05-30,AAPL,200.8500061035156,0.0045011711378339925,-0.0023450814539321962,0.0010488559414427723,1.0075750157701195,0.9908487989991985,0.019880754088646528,0.3779048501073996,0.004231968229508221,1
2025-06-02,AAPL,201.6999969482422,0.004231968229508221,0.0045011711378339925,-0.0023450814539321962,1.0053532242403873,0.9997571061024303,0.010844991614683332,-0.4998114936620921,0.0077838738124602624,1
2025-06-03,AAPL,203.2700042724609,0.0077838738124602624,0.004231968229508221,0.0045011711378339925,1.0100975152766836,1.0102983288229208,0.003841348025261884,0.3093528835540449,-0.0022137892398476078,0
2025-06-04,AAPL,202.82000732421875,-0.0022137892398476078,0.0077838738124602624,0.004231968229508221,1.0054630969581895,1.0100899704988187,0.004487750653634296,-0.05988581678941651,-0.010797763348392997,0
2025-06-05,AAPL,200.6300048828125,-0.010797763348392997,-0.0022137892398476078,0.0077838738124602624,0.9939362162763639,0.9999103019144782,0.007378917494634756,0.2642441060453169,0.0163983113495636,1
2025-06-06,AAPL,203.9199981689453,0.0163983113495636,-0.010797763348392997,-0.0022137892398476078,1.0071714830638734,1.0150121239638823,0.010264591998301157,-0.1545257146796164,-0.012112599268742419,0
2025-06-09,AAPL,201.4499969482422,-0.012112599268742419,0.0163983113495636,-0.010797763348392997,0.9952177901174689,0.9996426955909619,0.012222146533712402,0.5633167910023451,0.0060560994747325125,1
2025-06-10,AAPL,202.6699981689453,0.0060560994747325125,-0.012112599268742419,0.0163983113495636,1.0018388568759566,1.004470467923264,0.011962055317756464,-0.24964796754439178,-0.019193760422328232,0
2025-06-11,AAPL,198.77999877929688,-0.019193760422328232,0.0060560994747325125,-0.012112599268742419,0.9865501979325988,0.985992331187745,0.014663440178383037,0.1155478246873205,0.002112879422097258,1
2025-06-12,AAPL,199.1999969482422,0.002112879422097258,-0.019193760422328232,0.0060560994747325125,0.9900399550884821,0.9884433312507139,0.014283536888812239,-0.2801332679673192,-0.013805221095031128,0
2025-06-13,AAPL,196.4499969482422,-0.013805221095031128,0.002112879422097258,-0.019193760422328232,0.983676327423743,0.9769305979335982,0.010884496578940753,0.1717974881903035,0.010028003315378786,1
2025-06-16,AAPL,198.4199981689453,0.010028003315378786,-0.013805221095031128,0.002112879422097258,0.9965646112517201,0.9883393592810449,0.012814700374373895,-0.1637909083664254,-0.014010678383989505,0
2025-06-17,AAPL,195.63999938964844,-0.014010678383989505,0.010028003315378786,-0.013805221095031128,0.9895901896956053,0.9782097811357351,0.012421176103501843,-0.09680223706262336,0.004804755900321256,1
2025-06-18,AAPL,196.5800018310547,0.004804755900321256,-0.014010678383989505,0.010028003315378786,0.9965628931106109,0.985986150621103,0.01108333786950346,0.16827430371472252,0.022484475164182616,1
2025-06-20,AAPL,201.0,0.022484475164182616,0.004804755900321256,-0.014010678383989505,1.017113829433333,1.0079684745401023,0.015795777271523242,1.1327049192967462,0.0024875621890547706,1
2025-06-23,AAPL,201.5,0.0024875621890547706,0.022484475164182616,0.004804755900321256,1.0144591906671534,1.0117036350874848,0.013215690683803287,-0.4234863939429935,-0.005955319842392948,0
2025-06-24,AAPL,200.3000030517578,-0.005955319842392948,0.0024875621890547706,0.022484475164182616,1.006512442924267,1.006259626670889,0.01366875882904671,-0.031359346977387514,0.0062905366332437485,1
2025-06-25,AAPL,201.55999755859372,0.0062905366332437485,-0.005955319842392948,0.0024875621890547706,1.0068535430044059,1.0131545131050113,0.010350305841994378,-0.26890907073098547,-0.002778316954637483,0
2025-06-26,AAPL,201.0,-0.002778316954637483,0.0062905366332437485,-0.005955319842392948,0.9996419187056049,1.009213469314262,0.01110162958236003,0.2852169601044383,0.00039801905997349785,1
2025-06-27,AAPL,201.0800018310547,0.00039801905997349785,-0.002778316954637483,0.0062905366332437485,0.9999602231002988,1.0086630346881287,0.00471865864346439,0.4407459974684591,0.020340144721736175,1
2025-06-30,AAPL,205.1699981689453,0.020340144721736175,0.00039801905997349785,-0.002778316954637483,1.0165888656581046,1.0246972064874282,0.010364528047339065,0.2558349251112879,0.012916163079025322,1
2025-07-01,AAPL,207.82000732421875,0.012916163079025322,0.020340144721736175,0.00039801905997349785,1.0221024675942663,1.03308232733529,0.009377188212087585,-0.14278642365372396,0.022230752354752248,1
2025-07-02,AAPL,212.44000244140625,0.022230752354752248,0.012916163079025322,0.020340144721736175,1.0337612306563506,1.0473021329732617,0.01138603235273289,-0.137672946316042,0.005225007520218483,1
2025-07-03,AAPL,213.5500030517578,0.005225007520218483,0.022230752354752248,0.012916163079025322,1.0266234660501925,1.044039862961391,0.009425042292117611,-0.48550376940263573,-0.016857907057220234,0
2025-07-07,AAPL,209.9499969482422,-0.016857907057220234,0.005225007520218483,0.022230752354752248,1.0007817269030708,1.0219677851986293,0.015824090490995372,0.43692892166679065,0.00028577070476720756,1
2025-07-08,AAPL,210.00999450683597,0.00028577070476720756,-0.016857907057220234,0.005225007520218483,0.9964697877874694,1.0180427073302605,0.014657072092665903,-0.14692906488283664,0.0053807195484483206,1
2025-07-09,AAPL,211.13999938964844,0.0053807195484483206,0.00028577070476720756,-0.016857907057220234,0.9986850699614377,1.0181702412348825,0.013980559009239226,0.13770481856010308,0.0060149866256140605,1
2025-07-10,AAPL,212.41000366210935,0.0060149866256140605,0.0053807195484483206,0.00028577070476720756,1.0047206599090666,1.0189631574655609,0.009704420820503159,-0.08832518964335967,-0.005884845244805148,0
2025-07-11,AAPL,211.16000366210935,-0.005884845244805148,0.0060149866256140605,0.0053807195484483206,1.001071444284528,1.0080535560889883,0.009481085683727034,-0.10525249979749618,-0.01202883359003093,0
2025-07-14,AAPL,208.6199951171875,-0.01202883359003093,-0.005884845244805148,0.0060149866256140605,0.9902785228059751,0.9923558567320437,0.007693666952580944,-0.02327879735853422,0.0023487944810316463,1
2025-07-15,AAPL,209.1100006103516,0.0023487944810316463,-0.01202883359003093,-0.005884845244805148,0.9934533090972738,0.9928259762501432,0.007850109461538883,0.08898535276685693,0.0050212952450527926,1
2025-07-16,AAPL,210.16000366210935,0.0050212952450527926,0.0023487944810316463,-0.01202883359003093,0.9993723124045554,0.9967039119676528,0.007780310060664942,0.12280506805559832,-0.0006661562010320532,0
2025-07-17,AAPL,210.0200042724609,-0.0006661562010320532,0.0050212952450527926,0.0023487944810316463,1.000981835369322,0.9971844272934456,0.006807469585797021,0.012162432486497288,0.005523228167424898,1
2025-07-18,AAPL,211.17999267578125,0.005523228167424898,-0.0006661562010320532,0.0050212952450527926,1.0064913087197356,1.0038216965205013,0.007182705368716168,0.01885866094145605,0.006155900638530776,1
2025-07-21,AAPL,212.47999572753903,0.006155900638530776,0.005523228167424898,-0.0006661562010320532,1.0089747677637513,1.0087879466019678,0.002827886643062418,0.04906216691917842,0.009036136142469342,1
2025-07-22,AAPL,214.3999938964844,0.009036136142469342,0.006155900638530776,0.005523228167424898,1.0130027020099661,1.0157863562476006,0.0035357127004119445,-0.09679937092963053,-0.0011660448093142595,0
2025-07-23,AAPL,214.1499938964844,-0.0011660448093142595,0.009036136142469342,0.006155900638530776,1.0080208515767106,1.0131570627437638,0.004487268720773532,0.012610954635474014,-0.0018211505989440546,0
2025-07-24,AAPL,213.75999450683597,-0.0018211505989440546,-0.0011660448093142595,0.009036136142469342,1.0026548607454562,1.0106664494644952,0.0047925013960172,-0.02057276869414948,0.0005614258002457628,1
2025-07-25,AAPL,213.8800048828125,0.0005614258002457628,-0.0018211505989440546,-0.0011660448093142595,1.0006831309156061,1.0099350586403795,0.004794340478127048,-0.1250211852437716,0.0007948296477664485,1
2025-07-28,AAPL,214.0500030517578,0.0007948296477664485,0.0005614258002457628,-0.0018211505989440546,1.0000093670807535,1.008152847102454,0.00436771030934149,-0.059867689129052715,-0.012987613826965005,0
2025-07-29,AAPL,211.2700042724609,-0.012987613826965005,0.0007948296477664485,0.0005614258002457628,0.9899167103279956,0.9940480635308966,0.005734999848560762,0.3580141581700036,-0.010507886476113781,0
2025-07-30,AAPL,209.0500030517578,-0.010507886476113781,-0.012987613826965005,0.0007948296477664485,0.9842186096621305,0.9841166912063104,0.006491094354054166,-0.11474430917475986,-0.007079625476841711,0
2025-07-31,AAPL,207.57000732421875,-0.007079625476841711,-0.010507886476113781,-0.012987613826965005,0.9829800670781452,0.9782778125121783,0.0063129502692716435,0.77310409228234,-0.025003624118486445,0
2025-08-01,AAPL,202.3800048828125,-0.025003624118486445,-0.007079625476841711,-0.010507886476113781,0.968955878018351,0.9577896930732417,0.009417699793838033,0.29413346485184344,0.004792969647692047,1
2025-08-04,AAPL,203.3500061035156,0.004792969647692047,-0.025003624118486445,-0.007079625476841711,0.983678726515745,0.9665567317676705,0.010741619640132065,-0.28079992722711367,-0.00211461972787641,0
2025-08-05,AAPL,202.9199981689453,-0.00211461972787641,0.004792969647692047,-0.025003624118486445,0.9895929574811895,0.9698047018973769,0.011119308309264633,-0.4121220674403836,0.05090677076812433,1
2025-08-06,AAPL,213.25,0.05090677076812433,-0.00211461972787641,0.004792969647692047,1.0357271051431738,1.0196128928988755,0.028292135428992563,1.4568645524526045,0.03179366367782821,1
2025-08-07,AAPL,220.02999877929688,0.03179366367782821,0.05090677076812433,-0.00211461972787641,1.055877060376948,1.0488856898026542,0.02968976995033813,-0.16830547799611184,0.04235789381413957,1
2025-08-08,AAPL,229.3500061035156,0.04235789381413957,0.03179366367782821,0.05090677076812433,1.072831902605958,1.0853105812879225,0.0232413420041577,0.26189251735664687,-0.00946157998685615,0
2025-08-11,AAPL,227.17999267578125,-0.00946157998685615,0.04235789381413957,0.03179366367782821,1.0395065275229538,1.068403557238578,0.026994823304993316,-0.45714599399230593,0.010872441677679756,1
2025-08-12,AAPL,229.6499938964844,0.010872441677679756,-0.00946157998685615,0.04235789381413957,1.0257177373439872,1.0707641181878735,0.024522274624212612,-0.09998851246074414,0.01602441991019199,1
2025-08-13,AAPL,233.3300018310547,0.01602441991019199,0.010872441677679756,-0.00946157998685615,1.0237903154157517,1.0757442371428587,0.019949385433894695,0.2562155962478112,-0.0023571895917441354,0
2025-08-14,AAPL,232.77999877929688,-0.0023571895917441354,0.01602441991019199,0.010872441677679756,1.0100755891988975,1.0608781191028938,0.020027996248878233,-0.25704902080038927,-0.005112133549474263,0
2025-08-15,AAPL,231.58999633789065,-0.005112133549474263,-0.0023571895917441354,0.01602441991019199,1.0029622428328078,1.0415888833953537,0.010912603996468834,0.07940473415863614,-0.0030225698834630554,0
2025-08-18,AAPL,230.88999938964844,-0.0030225698834630554,-0.005112133549474263,-0.0023571895917441354,0.9967277996632063,1.0257355754611783,0.009513064749074823,-0.33124430081354495,-0.00142925995897214,0
2025-08-19,AAPL,230.55999755859372,-0.00142925995897214,-0.0030225698834630554,-0.005112133549474263,0.9945218426114378,1.0118449363462305,0.008606445818308219,0.051403290621781395,-0.01973457277905044,0
2025-08-20,AAPL,226.00999450683597,-0.01973457277905044,-0.00142925995897214,-0.0030225698834630554,0.98109094719534,0.986353127140135,0.007614219148881241,0.07261703542405828,-0.004911289931109564,0
2025-08-21,AAPL,224.8999938964844,-0.004911289931109564,-0.01973457277905044,-0.00142925995897214,0.982997497689273,0.9794272216643017,0.00736247773053828,-0.2754762338544242,0.012716766064777785,1
2025-08-22,AAPL,227.75999450683597,0.012716766064777785,-0.004911289931109564,-0.01973457277905044,0.9988422206894554,0.9925696648366183,0.011541252454957218,0.38720233041161034,-0.0026343118159348755,0
2025-08-25,AAPL,227.16000366210935,-0.0026343118159348755,0.012716766064777785,-0.004911289931109564,0.9994808421153378,0.9899635505500133,0.011544691040029748,-0.2706048806670779,0.009464667467088184,1
2025-08-26,AAPL,229.30999755859372,0.009464667467088184,-0.0026343118159348755,0.012716766064777785,1.0100516269549304,0.9994813199496125,0.01290939936408959,0.7614473696950919,0.005145907056533172,1
2025-08-27,AAPL,230.4900054931641,0.005145907056533172,0.009464667467088184,-0.0026343118159348755,1.0112581671114973,1.0058696778675795,0.007592321088718546,-0.42722047233994986,0.008980832210058853,1
2025-08-28,AAPL,232.55999755859372,0.008980832210058853,0.005145907056533172,0.009464667467088184,1.0135276384406464,1.0150006744893219,0.005886119096613413,0.21802012188294762,-0.001805977697602379,0
2025-08-29,AAPL,232.13999938964844,-0.001805977697602379,0.008980832210058853,0.005145907056533172,1.0078495330717285,1.0129244563566158,0.005778488836065797,0.03529115134196714,-0.010424735828844955,0
2025-09-02,AAPL,229.72000122070312,-0.010424735828844955,-0.001805977697602379,0.008980832210058853,0.9951309151537455,1.0028769746476318,0.008408912524784866,0.11814787003023963,0.038089848308826335,1
2025-09-03,AAPL,238.47000122070312,0.038089848308826335,-0.010424735828844955,-0.001805977697602379,1.0249015808240758,1.0374937018626236,0.018372090917084794,0.5071331984136347,0.005493343195739575,1
2025-09-04,AAPL,239.77999877929688,0.005493343195739575,0.038089848308826335,-0.010424735828844955,1.022367755437161,1.0369806532723487,0.018359263337884135,-0.28419426806246784,-0.00037532879451496193,0
2025-09-05,AAPL,239.69000244140625,-0.00037532879451496193,0.005493343195739575,0.038089848308826335,1.0158077717469334,1.030003275576289,0.01871613043337463,0.1539661909508847,-0.007551410322323426,0
2025-09-08,AAPL,237.8800048828125,-0.007551410322323426,-0.00037532879451496193,0.005493343195739575,1.003255913626971,1.0177990913930428,0.0194905441574582,-0.10699575727532518,-0.014839409394816094,0
2025-09-09,AAPL,234.3500061035156,-0.014839409394816094,-0.007551410322323426,-0.00037532879451496193,0.9845232339057962,0.9996203901195104,0.020443313384875244,0.3533587077419158,-0.03225949486019397,0
2025-09-10,AAPL,226.7899932861328,-0.03225949486019397,-0.014839409394816094,-0.007551410322323426,0.9622058406478711,0.9684140976284277,0.014641847703593176,0.2582701364269029,0.014286368839370622,1
2025-09-11,AAPL,230.02999877929688,0.014286368839370622,-0.03225949486019397,-0.014839409394816094,0.9840939717051652,0.9824421968792983,0.017249712940437163,-0.3982727874133517,0.017562963814985233,1
2025-09-12,AAPL,234.07000732421875,0.017562963814985233,0.014286368839370622,-0.03225949486019397,1.0062160621265386,0.9990524899813805,0.020775514162882706,0.11184538107017516,0.011235910376080627,1
2025-09-15,AAPL,236.6999969482422,0.011235910376080627,0.017562963814985233,0.014286368839370622,1.0185551596937055,1.0083152820917491,0.021774210083818458,-0.23510771314232892,0.0061258849469241206,1
2025-09-16,AAPL,238.1499938964844,0.0061258849469241206,0.011235910376080627,0.017562963814985233,1.0214541659868928,1.0108620173363825,0.020368686853294984,0.48528905490696617,0.0035272375318422533,1
2025-09-17,AAPL,238.9900054931641,0.0035272375318422533,0.0061258849469241206,0.011235910376080627,1.0144404850749267,1.0142037093757805,0.0057555309536322045,-0.2666793858826163,-0.0046445482440199415,0
2025-09-18,AAPL,237.8800048828125,-0.0046445482440199415,0.0035272375318422533,0.0061258849469241206,1.0030443972736542,1.0103078043793612,0.008331481943703431,-0.04855938763223533,0.03203293660995743,1
2025-09-19,AAPL,245.5,0.03203293660995743,-0.0046445482440199415,0.0035272375318422533,1.0252919252505162,1.040104386629995,0.01376365257908559,2.7004018115417994,0.04309566831880085,1
2025-09-22,AAPL,256.0799865722656,0.04309566831880085,0.03203293660995743,-0.0046445482440199415,1.0524411823908555,1.0766267848978726,0.02043582551687684,-0.35558469366006007,-0.006443275472520216,0
2025-09-23,AAPL,254.42999267578125,-0.006443275472520216,0.04309566831880085,0.03203293660995743,1.0318522273744248,1.060734900952511,0.022615189895919284,-0.4287653031632698,-0.008332331793480918,0
2025-09-24,AAPL,252.30999755859372,-0.008332331793480918,-0.006443275472520216,0.04309566831880085,1.012317450111583,1.0408227215024295,0.02447026138344313,-0.29815745115735826,0.018072995928489988,1
2025-09-25,AAPL,256.8699951171875,0.018072995928489988,-0.008332331793480918,-0.006443275472520216,1.0151439737014158,1.048029756114373,0.02286260645305689,0.30490004420417116,-0.005489112898051984,0
2025-09-26,AAPL,255.4600067138672,-0.005489112898051984,0.018072995928489988,-0.008332331793480918,1.0016861192547228,1.0332596205059015,0.0223064855686714,-0.1653161745658227,-0.004031997224675621,0
2025-09-29,AAPL,254.42999267578125,-0.004031997224675621,-0.005489112898051984,0.018072995928489988,0.9989399125414368,1.021766174733254,0.01091120014053307,-0.12910324830769837,0.0007861188255666729,1
2025-09-30,AAPL,254.6300048828125,0.0007861188255666729,-0.004031997224675621,-0.005489112898051984,0.9995682087340053,1.0158463174798489,0.010522167127210248,-0.06039219790817818,0.003220327729275496,1
2025-10-01,AAPL,255.4499969482422,0.003220327729275496,0.0007861188255666729,-0.004031997224675621,1.0003210961471258,1.0124690816352722,0.009387048191717935,0.2919985253671331,0.00657666061710982,1
2025-10-02,AAPL,257.1300048828125,0.00657666061710982,0.003220327729275496,0.0007861188255666729,1.0066948698376672,1.011410999945526,0.00501005870338203,-0.12488632607941474,0.0034612223931820285,1
2025-10-03,AAPL,258.0199890136719,0.0034612223931820285,0.00657666061710982,0.003220327729275496,1.008158383289037,1.0099380867552783,0.003950590483085887,0.15306988942111466,-0.005154587353288997,0
2025-10-06,AAPL,256.69000244140625,-0.005154587353288997,0.0034612223931820285,0.00657666061710982,1.0011935331692081,1.004492428477777,0.004387062977768726,-0.09137310906590501,-0.0008180741481198517,0
2025-10-07,AAPL,256.4800109863281,-0.0008180741481198517,-0.005154587353288997,0.0034612223931820285,0.9989328701120442,1.0028661562556274,0.004533933352119136,-0.28453052899308395,0.006160271773965942,1
2025-10-08,AAPL,258.0599975585937,0.006160271773965942,-0.0008180741481198517,-0.005154587353288997,1.0030472977621516,1.006780523855524,0.004987693534486222,0.1421056584407212,-0.015577789314471846,0
2025-10-09,AAPL,254.0399932861328,-0.015577789314471846,0.006160271773965942,-0.0008180741481198517,0.9897996345923737,0.9921925696737273,0.008534862966962332,0.05000698689477745,-0.03452208016630676,0
2025-10-10,AAPL,245.2700042724609,-0.03452208016630676,-0.015577789314471846,0.006160271773965942,0.9652195232850435,0.9617677223981222,0.015822316356217208,0.6178461458170241,0.009744360696440912,1
2025-10-13,AAPL,247.66000366210935,0.009744360696440912,-0.03452208016630676,-0.015577789314471846,0.9816014210942405,0.9737244700640506,0.018185336856255913,-0.3847830049145875,0.0004441597703503941,1
2025-10-14,AAPL,247.7700042724609,0.0004441597703503941,0.009744360696440912,-0.03452208016630676,0.9888649571715584,0.9767915080484175,0.018301047016329883,-0.06986621363346779,0.0063364896410273985,1
2025-10-15,AAPL,249.33999633789065,0.0063364896410273985,0.0004441597703503941,0.009744360696440912,1.002105957699298,0.9853544243984761,0.018332268318507153,-0.04465866170584587,-0.007580008893106949,0
2025-10-16,AAPL,247.4499969482422,-0.007580008893106949,0.0063364896410273985,0.0004441597703503941,0.9998060422703313,0.9816405916742887,0.01770377152292735,0.1735843935138197,0.019559492412937862,1
2025-10-17,AAPL,252.2899932861328,0.019559492412937862,-0.007580008893106949,0.0063364896410273985,1.0136117604507795,1.0031211824019584,0.01015910910380927,0.23556326520350956,0.03943873008454002,1
2025-10-20,AAPL,262.239990234375,0.03943873008454002,0.019559492412937862,-0.007580008893106949,1.0413870103613347,1.0403871744302067,0.018428039481723425,0.8410686308421673,0.002021044840732289,1
2025-10-21,AAPL,262.7699890136719,0.002021044840732289,0.03943873008454002,0.019559492412937862,1.031206571211357,1.0398948598896243,0.018200627875985143,-0.48392626239183056,-0.016440145325788524,0
2025-10-22,AAPL,258.45001220703125,-0.016440145325788524,0.002021044840732289,0.03943873008454002,1.0070527427328886,1.0226409970097958,0.022338418896660345,-0.03599031178326151,0.004372119604812541,1
2025-10-23,AAPL,259.5799865722656,0.004372119604812541,-0.016440145325788524,0.002021044840732289,1.0019840207551483,1.024865521234328,0.020929768234379087,-0.2723607306849005,0.012481781799657865,1
2025-10-24,AAPL,262.82000732421875,0.012481781799657865,0.004372119604812541,-0.016440145325788524,1.0063100572511323,1.0305171775069712,0.020334749926220735,0.16787717257570622,0.022791226190727487,1
2025-10-27,AAPL,268.8099975585937,0.022791226190727487,0.012481781799657865,0.004372119604812541,1.024092709930166,1.0453350559283527,0.014503816823847946,0.17343420375022545,0.0007068280314421749,1
2025-10-28,AAPL,269.0,0.0007068280314421749,0.022791226190727487,0.012481781799657865,1.0199748200936867,1.0375084491995932,0.014584009632438699,-0.07470560191765319,0.0026022758625696696,1
2025-10-29,AAPL,269.70001220703125,0.0026022758625696696,0.0007068280314421749,0.022791226190727487,1.0139784326171368,1.0321035613460654,0.009118779290222801,0.2299734198792338,0.006303231785351748,1
2025-10-30,AAPL,271.3999938964844,0.006303231785351748,0.0026022758625696696,0.0007068280314421749,1.0113807982016205,1.0291764150916047,0.00893445898434394,0.36799793292579097,-0.0037951319176879883,0
2025-10-31,AAPL,270.3699951171875,-0.0037951319176879883,0.006303231785351748,0.0026022758625696696,1.0019047023664218,1.0182890421338413,0.010212207659855714,0.2329577243101315,-0.0048822256465500535,0
2025-11-03,AAPL,269.04998779296875,-0.0048822256465500535,-0.0037951319176879883,0.006303231785351748,0.9968358749158293,1.0107251813282063,0.004611574925991881,-0.41747372256928683,0.003679690752169673,1
2025-11-04,AAPL,270.0400085449219,0.003679690752169673,-0.0048822256465500535,-0.0037951319176879883,0.9997334773467043,1.0116813466908896,0.004879231603777368,-0.01832468034410073,0.00037033809935982376,1
2025-11-05,AAPL,270.1400146484375,0.00037033809935982376,0.003679690752169673,-0.0048822256465500535,0.9997779964783031,1.0076429804783735,0.004771934319382895,-0.11347991265312085,-0.001369754996301431,0
2025-11-06,AAPL,269.7699890136719,-0.001369754996301431,0.00037033809935982376,0.003679690752169673,0.999614597885895,1.0024524856074595,0.003413196962645334,0.1721695575634512,-0.004818874767062664,0
2025-11-07,AAPL,268.4700012207031,-0.004818874767062664,-0.001369754996301431,0.00037033809935982376,0.9962002900899098,0.9955316630043687,0.0036315555641217695,-0.05813217717365826,0.003575786682732396,1
2025-11-10,AAPL,269.42999267578125,0.003575786682732396,-0.004818874767062664,-0.001369754996301431,0.9994806226794973,0.9988618289797349,0.003575898730471841,-0.14338322198584208,0.021601185771556786,1
2025-11-11,AAPL,275.25,0.021601185771556786,0.003575786682732396,-0.004818874767062664,1.0171389313727768,1.0180794656686558,0.010364370528739925,0.11850921273031823,-0.006466843884820661,0
2025-11-12,AAPL,273.4700012207031,-0.006466843884820661,0.021601185771556786,0.003575786682732396,1.0080802881921007,1.010087216188376,0.011346340194845095,0.047387590541093205,-0.0019014480979659965,0
2025-11-13,AAPL,272.95001220703125,-0.0019014480979659965,-0.006466843884820661,0.021601185771556786,1.0038100676559734,1.0075897286799917,0.011394116000070021,0.02489359064424157,-0.0019784155368063328,0
2025-11-14,AAPL,272.4100036621094,-0.0019784155368063328,-0.0019014480979659965,-0.006466843884820661,0.9989292403835532,1.0048395877437666,0.011008631026009071,-0.043777770609723654,-0.018171183658773127,0
2025-11-17,AAPL,267.4599914550781,-0.018171183658773127,-0.0019784155368063328,-0.0019014480979659965,0.982196592742481,0.9871594344448154,0.014461886826218708,-0.05087357926095215,-7.473646268785217e-05,0
2025-11-18,AAPL,267.44000244140625,-7.473646268785217e-05,-0.018171183658773127,-0.0019784155368063328,0.9877892942867883,0.9880338023900601,0.007349141663349263,0.01463849145791829,0.004187836924032462,1
2025-11-19,AAPL,268.5599975585937,0.004187836924032462,-7.473646268785217e-05,-0.018171183658773127,0.9955368251519394,0.9927510189851867,0.008528058465978226,-0.11499804060222474,-0.008601420835542384,0
2025-11-20,AAPL,266.25,-0.008601420835542384,0.004187836924032462,-7.473646268785217e-05,0.9919008768539818,0.9854942638104327,0.008721075499659227,0.13356009350764997,0.019680714495305063,1
2025-11-21,AAPL,271.489990234375,0.019680714495305063,-0.008601420835542384,0.004187836924032462,1.0121159929199766,1.003767468941537,0.014206299704848217,0.2882182979949197,0.0163174457722548,1
2025-11-24,AAPL,275.9200134277344,0.0163174457722548,0.019680714495305063,-0.008601420835542384,1.0221834116705868,1.0177043825074485,0.011689135570973324,0.11104372632591808,0.003805406428931457,1
2025-11-25,AAPL,276.9700012207031,0.003805406428931457,0.0163174457722548,0.019680714495305063,1.0188788937646822,1.0209294776470597,0.011281654575611684,-0.2846896736793635,0.0020940411225383038,1
2025-11-26,AAPL,277.54998779296875,0.0020940411225383038,0.003805406428931457,0.0163174457722548,1.014303634312609,1.0215310555501242,0.011453306430357335,-0.2873927297065707,0.004683906927485104,1
2025-11-28,AAPL,278.8500061035156,0.004683906927485104,0.0020940411225383038,0.003805406428931457,1.009755378662922,1.0240919854881625,0.008068877969981559,-0.3977039549644945,0.015241168753721723,1
2025-12-01,AAPL,283.1000061035156,0.015241168753721723,0.004683906927485104,0.0020940411225383038,1.0165973725938962,1.0356344824307095,0.006785430377009284,1.3136981267009675,0.010914857899228636,1
2025-12-02,AAPL,286.19000244140625,0.010914857899228636,0.015241168753721723,0.004683906927485104,1.0201688281344456,1.0398136905585977,0.00552892469577674,0.1520100799137969,-0.00712816145749029,0
2025-12-03,AAPL,284.1499938964844,-0.00712816145749029,0.010914857899228636,0.015241168753721723,1.0077384477478795,1.0261715980749557,0.008593224461456552,-0.18876270507457682,-0.012141410394363561,0
2025-12-04,AAPL,280.70001220703125,-0.012141410394363561,-0.00712816145749029,0.010914857899228636,0.993283774423441,1.0092874971748824,0.011670649190035307,0.010344819666181948,-0.00684009028940924,0
2025-12-05,AAPL,278.7799987792969,-0.00684009028940924,-0.012141410394363561,-0.00712816145749029,0.9865385022856973,0.9978880966502194,0.012211043007272868,0.07448890747935288,-0.00319242461710445,0
2025-12-08,AAPL,277.8900146484375,-0.00319242461710445,-0.00684009028940924,-0.012141410394363561,0.9870286149523317,0.9924288811615812,0.008756697838915353,-0.19155499325093406,-0.002555046727945598,0
2025-12-09,AAPL,277.17999267578125,-0.002555046727945598,-0.00319242461710445,-0.00684009028940924,0.9908486103407351,0.9894479506582959,0.003832617096078266,-0.15750370304460926,0.00577244442526248,1
2025-12-10,AAPL,278.7799987792969,0.00577244442526248,-0.002555046727945598,-0.00319242461710445,1.0004090752367707,0.9945169127947502,0.006564519158615991,0.026247697502275402,-0.0026902934331158868,0
2025-12-11,AAPL,278.0299987792969,-0.0026902934331158868,0.00577244442526248,-0.002555046727945598,0.9996332606357542,0.9916715579984082,0.004636671785568935,0.006347178880269366,0.0008991835452922814,1
2025-12-12,AAPL,278.2799987792969,0.0008991835452922814,-0.0026902934331158868,0.00577244442526248,1.000891976629387,0.9927650908382096,0.0037902280709865206,0.18903091915303172,-0.014984955605960026,0
2025-12-15,AAPL,274.1099853515625,-0.014984955605960026,0.0008991835452922814,-0.0026902934331158868,0.9885817395662615,0.9810349191000585,0.007675887379624674,0.2751176867874605,0.0018240853187405648,1
2025-12-16,AAPL,274.6099853515625,0.0018240853187405648,-0.014984955605960026,0.0008991835452922814,0.9922243367662604,0.9869146468462042,0.007943404982963444,-0.25313881818957296,-0.010086993049891024,0
2025-12-17,AAPL,271.8399963378906,-0.010086993049891024,0.0018240853187405648,-0.014984955605960026,0.9871665564908342,0.9813009823648342,0.0072849122219108735,0.33175470004196694,0.001287544541755281,1
2025-12-18,AAPL,272.19000244140625,0.001287544541755281,-0.010086993049891024,0.0018240853187405648,0.9926478951678441,0.9855921743880443,0.00780025045979339,0.029757452825861064,0.005437418615868328,1
2025-12-19,AAPL,273.6700134277344,0.005437418615868328,0.001287544541755281,-0.010086993049891024,1.0014125117113737,0.992788218592691,0.008749937951696091,1.8012790839558637,-0.009865941003960987,0
2025-12-22,AAPL,270.9700012207031,-0.009865941003960987,0.005437418615868328,0.001287544541755281,0.9938163893819834,0.9854673082025478,0.007204600593206799,-0.7471389457381492,0.005129660569795913,1
2025-12-23,AAPL,272.3599853515625,0.005129660569795913,-0.009865941003960987,0.005437418615868328,1.000565695083287,0.9922618030307134,0.0078023138293403654,-0.18948479429505793,0.005323881205087977,1
2025-12-24,AAPL,273.8099975585937,0.005323881205087977,0.005129660569795913,-0.009865941003960987,1.0044387291217671,0.9993539879495957,0.006567390928866433,-0.3957695162269752,-0.0014974020881819428,0
2025-12-26,AAPL,273.3999938964844,-0.0014974020881819428,0.005323881205087977,0.005129660569795913,1.002045123584213,0.9995466501037511,0.006702644833910693,0.20162361953256736,0.0013168100847762432,1
2025-12-29,AAPL,273.760009765625,0.0013168100847762432,-0.0014974020881819428,0.005323881205087977,1.0032984395480615,1.0025195285591124,0.006243736684200848,0.10191526731035516,-0.0024840121606569676,0
2020-01-15,GOOGL,71.95999908447266,0.006018442720213235,-0.006555420407420187,0.0077469622519656944,1.0052286712364784,1.0216707336969761,0.006601649951166536,-0.17356956588433814,0.007615399629832265,1
2020-01-16,GOOGL,72.50800323486328,0.007615399629832265,0.006018442720213235,-0.006555420407420187,1.0086049122545462,1.0235308835442325,0.006089274319579526,0.21020881670533642,0.02024596767871789,1
2020-01-17,GOOGL,73.97599792480469,0.02024596767871789,0.007615399629832265,0.006018442720213235,1.0218384788651602,1.0356280220003167,0.009501370795223965,1.010122699386503,0.0018452623929707812,1
2020-01-21,GOOGL,74.11250305175781,0.0018452623929707812,0.02024596767871789,0.007615399629832265,1.0177884043456238,1.0314425880377163,0.009750897161747804,-0.06664886311613005,0.0010928473470555033,1
2020-01-22,GOOGL,74.19349670410156,0.0010928473470555033,0.0018452623929707812,0.02024596767871789,1.0114996142345136,1.0262313084080097,0.007707182315037357,-0.41839362354383813,0.0005526140164879845,1
2020-01-23,GOOGL,74.2344970703125,0.0005526140164879845,0.0010928473470555033,0.0018452623929707812,1.0058207175335148,1.0211732638993256,0.00830974558595836,-0.06353222292501226,-0.012473915896133891,0
2020-01-24,GOOGL,73.30850219726562,-0.012473915896133891,0.0005526140164879845,0.0010928473470555033,0.9911242182410578,1.00522852760319,0.011672965061808276,0.11767354596622881,-0.02348977363412208,0
2020-01-27,GOOGL,71.58650207519531,-0.02348977363412208,-0.012473915896133891,0.0005526140164879845,0.9741369826969842,0.9814295430125448,0.011195691501775313,0.14590747330960863,0.01311000570607268,1
2020-01-28,GOOGL,72.5250015258789,0.01311000570607268,-0.02348977363412208,-0.012473915896133891,0.9911903524219805,0.9935829945697839,0.01406042540578489,-0.12914566975272468,0.004274354389129265,1
2020-01-29,GOOGL,72.83499908447266,0.004274354389129265,0.01311000570607268,-0.02348977363412208,0.9991371314425342,0.9960484750882842,0.014429338920391251,-0.27445835015475706,-0.0016818502112107003,0
2020-01-30,GOOGL,72.7125015258789,-0.0016818502112107003,0.004274354389129265,0.01311000570607268,1.0016392685576465,0.993351035111691,0.014302411844026102,0.25707131596030797,-0.014763645375781675,0
2020-01-31,GOOGL,71.63899993896484,-0.014763645375781675,-0.0016818502112107003,0.004274354389129265,0.9914115095574267,0.979848805622521,0.014671374891887091,0.6164514939136849,0.034771525517879986,1
2020-02-03,GOOGL,74.12999725341797,0.034771525517879986,-0.014763645375781675,-0.0016818502112107003,1.018712782766782,1.013706122442081,0.018472606716767183,0.6347040299392999,-0.025084272753386094,0
2020-02-04,GOOGL,72.27050018310547,-0.025084272753386094,0.034771525517879986,-0.014763645375781675,0.9938542987436544,0.9907736868260171,0.022782173603585434,0.338433190016193,0.0004427488474965102,1
2020-02-05,GOOGL,72.30249786376953,0.0004427488474965102,-0.025084272753386094,0.034771525517879986,0.9957526832472023,0.9937886642065255,0.022645598385966415,-0.6206090947017104,0.02069087848229456,1
2020-02-06,GOOGL,73.79850006103516,0.02069087848229456,0.0004427488474965102,-0.025084272753386094,1.0133245411249348,1.014959261727009,0.02466265634891498,0.03975148449527155,0.0021273830841306296,1
2020-02-07,GOOGL,73.95549774169922,0.0021273830841306296,0.02069087848229456,0.0004427488474965102,1.009061078565733,1.016214220731026,0.022660518279651643,-0.2501718576489874,0.019978243141405727,1
2020-02-10,GOOGL,75.43299865722656,0.019978243141405727,0.0021273830841306296,0.02069087848229456,1.0255737408086187,1.0310667664409232,0.01867661981393653,0.3505641748942172,0.000927971790466664,1
2020-02-11,GOOGL,75.50299835205078,0.000927971790466664,0.019978243141405727,0.0021273830841306296,1.0175812158284638,1.027839727516034,0.010519943077430136,-0.09007362539815156,0.005675336783973028,1
2020-02-12,GOOGL,75.93150329589844,0.005675336783973028,0.000927971790466664,0.019978243141405727,1.0134429508103973,1.0293340683936198,0.009705290811763835,-0.10931940778147597,-0.0034504919068526485,0
2020-02-13,GOOGL,75.66950225830078,-0.0034504919068526485,0.005675336783973028,0.000927971790466664,1.0049270861566286,1.0216868909066201,0.008958719830162819,-0.26183879904645324,0.0035284795465446717,1
2020-02-14,GOOGL,75.9365005493164,0.0035284795465446717,-0.0034504919068526485,0.005675336783973028,1.0031944102396746,1.019376987988369,0.008865814018637747,0.012394169503360475,0.00046749023851644367,1
2020-02-18,GOOGL,75.97200012207031,0.00046749023851644367,0.0035284795465446717,-0.0034504919068526485,1.0022360635136809,1.0173379471687882,0.0034432600518641545,0.10535390981981196,0.003573680215774422,1
2020-02-19,GOOGL,76.24349975585938,0.003573680215774422,0.00046749023851644367,0.0035284795465446717,1.0038564350374706,1.0155705214646973,0.0035485497511667363,-0.1129397082910849,-0.005167616828246846,0
2020-02-20,GOOGL,75.84950256347656,-0.005167616828246846,0.003573680215774422,0.00046749023851644367,0.9988845805294959,1.0055714756001537,0.003994690546758744,0.14138749670271689,-0.022103059160835548,0
2020-02-21,GOOGL,74.1729965209961,-0.022103059160835548,-0.005167616828246846,0.003573680215774422,0.9806715764384537,0.9828572938659401,0.01075945291675151,0.6377782913488945,-0.04287274957639897,0
2020-02-24,GOOGL,70.99299621582031,-0.04287274957639897,-0.022103059160835548,-0.005167616828246846,0.9510597610190471,0.9444269174552155,0.01931586301102243,0.16556914393226707,-0.02362196854788845,0
2020-02-25,GOOGL,69.31600189208984,-0.02362196854788845,-0.04287274957639897,-0.022103059160835548,0.945454579133186,0.9296829916036881,0.018008204251094156,0.04075867635189678,0.0029934883346189878,1
2020-02-26,GOOGL,69.52349853515625,0.0029934883346189878,-0.02362196854788845,-0.04287274957639897,0.9659932383958806,0.9400046832174735,0.01783516707895697,-0.03497479643272583,-0.05431258576052633,0
2020-02-27,GOOGL,65.74749755859375,-0.05431258576052633,0.0029934883346189878,-0.02362196854788845,0.9399133002801048,0.9013618680176576,0.0219549929242134,0.251406300225008,0.018479851133533343,1
2020-02-28,GOOGL,66.9625015258789,0.018479851133533343,-0.05431258576052633,0.0029934883346189878,0.977433491626414,0.9291095113366826,0.030507972725557816,0.28749397977203395,0.03514654190900246,1
2020-03-02,GOOGL,69.31600189208984,0.03514654190900246,0.018479851133533343,-0.05431258576052633,1.0167647005434877,0.9706811645746147,0.035365013050071684,-0.30883563181126716,-0.03505684457910263,0
2020-03-03,GOOGL,66.88600158691406,-0.03505684457910263,0.03514654190900246,0.018479851133533343,0.9881646779044757,0.9487234838660079,0.03724942285082115,0.021143784953995937,0.03280208402485618,1
2020-03-04,GOOGL,69.08000183105469,0.03280208402485618,-0.03505684457910263,0.03514654190900246,1.0219176923253337,0.9899018240240472,0.041321515294881594,-0.15907565103706578,-0.04837873161650608,0
2020-03-05,GOOGL,65.73799896240234,-0.04837873161650608,0.03280208402485618,-0.03505684457910263,0.9725059409084547,0.9558616545888208,0.039434926004723786,0.1424849783604354,-0.014466464053304762,0
2020-03-06,GOOGL,64.78700256347656,-0.014466464053304762,-0.04837873161650608,0.03280208402485618,0.9646463778989732,0.9550681812052205,0.038440139586049776,0.18867230599485096,-0.06170221209685345,0
2020-03-09,GOOGL,60.78950119018555,-0.06170221209685345,-0.014466464053304762,-0.04837873161650608,0.9287064162215951,0.909823608977303,0.03689899836957888,0.07134900990099013,0.04884063690592688,1
2020-03-10,GOOGL,63.75849914550781,0.04884063690592688,-0.06170221209685345,-0.014466464053304762,0.983463031642394,0.962263889042176,0.04860598042403289,-0.20764743256512452,-0.05040113897958509,0
2020-03-11,GOOGL,60.54499816894531,-0.05040113897958509,0.04884063690592688,-0.06170221209685345,0.9591499560083887,0.9263168825300342,0.0450055131945788,-0.002551392331243574,-0.08204639407925196,0
2020-03-12,GOOGL,55.57749938964844,-0.08204639407925196,-0.05040113897958509,0.04884063690592688,0.9097419331062272,0.8637557324579435,0.05140060375160974,0.7234159175619381,0.0924115270265411,1
2020-03-13,GOOGL,60.7135009765625,0.0924115270265411,-0.08204639407925196,-0.05040113897958509,1.007244930122845,0.9528304767770172,0.07655833705481181,-0.15823844963212685,-0.11634149467694754,0
2020-03-16,GOOGL,53.650001525878906,-0.11634149467694754,0.0924115270265411,-0.08204639407925196,0.9116568308082396,0.8631994057339719,0.0886280030534039,0.21561712846347603,0.04199437629025993,1
2020-03-17,GOOGL,55.90299987792969,0.04199437629025993,-0.11634149467694754,0.0924115270265411,0.9759976795520031,0.9156290565663064,0.08731258086972478,-0.1380646498135102,-0.02403266788748626,0
2020-03-18,GOOGL,54.55950164794922,-0.02403266788748626,0.04199437629025993,-0.11634149467694754,0.9728748211576902,0.9153948529084363,0.08602125524862893,0.11839796139144654,0.01876846799491516,1
2020-03-19,GOOGL,55.58349990844727,0.01876846799491516,-0.02403266788748626,0.04199437629025993,0.9911129816944679,0.9487392102904049,0.07863812179681502,-0.20398951033919432,-0.039094341653054476,0
2020-03-20,GOOGL,53.41049957275391,-0.039094341653054476,0.01876846799491516,-0.02403266788748626,0.9778328065679842,0.9297020480276269,0.06111230716810052,0.11900518470511989,-0.013180902094257152,0
2020-03-23,GOOGL,52.70650100708008,-0.013180902094257152,-0.039094341653054476,0.01876846799491516,0.9682892350727719,0.930540306996089,0.032966369462672084,0.009580347016096002,0.07198350574916867,1
2020-03-24,GOOGL,56.5004997253418,0.07198350574916867,-0.013180902094257152,-0.039094341653054476,1.035716303125446,1.0104721464188475,0.044078983540537006,-0.13390381489626157,-0.025123644047467364,0
2020-03-25,GOOGL,55.08100128173828,-0.025123644047467364,0.07198350574916867,-0.013180902094257152,1.0077685500754285,0.9948066328801629,0.044247939865802895,0.2463984103328365,0.05564529611637914,1
2020-03-26,GOOGL,58.14599990844727,0.05564529611637914,-0.025123644047467364,0.07198350574916867,1.0539633669193342,1.0453138195971505,0.050266083112364995,-0.15236260573048133,-0.045282554678082176,0
2020-03-27,GOOGL,55.51300048828125,-0.045282554678082176,0.05564529611637914,-0.025123644047467364,0.9986256373834975,1.0073976481455829,0.05183033190621919,-0.17982811316318803,0.03246983315466867,1
2020-03-30,GOOGL,57.31549835205078,0.03246983315466867,-0.045282554678082176,0.05564529611637914,1.014232548619988,1.0332348120249388,0.0510026341663225,-0.06462400866324813,0.013643805215790339,1
2020-03-31,GOOGL,58.09749984741211,0.013643805215790339,0.03246983315466867,-0.045282554678082176,1.0222925654906059,1.0432050877909473,0.04129755109625714,0.11052846635794067,-0.05150824584595404,0
2020-04-01,GOOGL,55.10499954223633,-0.05150824584595404,0.013643805215790339,0.03246983315466867,0.9695541845964903,0.9885031828069221,0.04752766337361917,-0.20325627031336235,0.013546900078190705,1
2020-04-02,GOOGL,55.85150146484375,0.013546900078190705,-0.05150824584595404,0.013643805215790339,0.9906876362546545,1.0014129017540307,0.03824865966125578,0.08543390417548591,-0.021781028466643537,0
2020-04-03,GOOGL,54.6349983215332,-0.021781028466643537,0.013546900078190705,-0.05150824584595404,0.9721374355596288,0.9774550802260862,0.03359436742420171,-0.08927495124977836,0.08281325047197585,1
2020-04-06,GOOGL,59.15950012207031,0.08281325047197585,-0.021781028466643537,0.013546900078190705,1.0457806965368015,1.0463217081055607,0.050213607220993314,0.23253007357807443,-0.0005324887795625788,0
2020-04-07,GOOGL,59.12799835205078,-0.0005324887795625788,0.08281325047197585,-0.021781028466643537,1.0414296022197886,1.0409272469416648,0.05016909733370131,-0.026847757422615248,0.02066703010635429,1
2020-04-08,GOOGL,60.34999847412109,0.02066703010635429,-0.0005324887795625788,0.08281325047197585,1.0436698294800326,1.0526756278782516,0.0392085457104834,-0.34543979227523536,-0.00035624911901654954,0
2020-04-09,GOOGL,60.32849884033203,-0.00035624911901654954,0.02066703010635429,-0.0005324887795625788,1.027389212750884,1.0483098036653895,0.04016813539509175,0.33951504933802745,0.0031825977185608867,1
2020-04-13,GOOGL,60.52050018310547,0.0031825977185608867,-0.00035624911901654954,0.02066703010635429,1.0104044923085358,1.0425743183064722,0.03556004154146952,-0.2836677278448212,0.04529045729723746,1
2020-04-14,GOOGL,63.26150131225586,0.04529045729723746,0.0031825977185608867,-0.00035624911901654954,1.0418955576983955,1.0787433551112093,0.019730951332973246,0.6370730194821974,-0.006267629214677606,0
2020-04-15,GOOGL,62.8650016784668,-0.006267629214677606,0.04529045729723746,0.0031825977185608867,1.0227755519569053,1.0633376752069639,0.02089399106808016,-0.33337542220398375,0.00010333936641870878,1
2020-04-16,GOOGL,62.87149810791016,0.00010333936641870878,-0.006267629214677606,0.04529045729723746,1.014557153742665,1.0496584715762602,0.02090916365079494,0.3707737475139692,0.017154079153294477,1
2020-04-17,GOOGL,63.95000076293945,0.017154079153294477,0.00010333936641870878,-0.006267629214677606,1.0200387015889854,1.0534214149780647,0.020541085451365255,-0.11824651098521488,-0.013956244259686001,0
2020-04-20,GOOGL,63.057498931884766,-0.013956244259686001,0.017154079153294477,0.00010333936641870878,0.9977278682420706,1.0245055868037003,0.023565304622286717,-0.30867776689520077,-0.038845454773687726,0
2020-04-21,GOOGL,60.608001708984375,-0.038845454773687726,-0.013956244259686001,0.017154079153294477,0.9670913458152612,0.9823962257442701,0.020540540632973385,0.40677773999773326,0.03815502796320036,1
2020-04-22,GOOGL,62.920501708984375,0.03815502796320036,-0.038845454773687726,-0.013956244259686001,1.0038129506140225,1.0136484049624146,0.029378828173773065,-0.06751530776667736,0.010139726420727024,1
2020-04-23,GOOGL,63.55849838256836,0.010139726420727024,0.03815502796320036,-0.038845454773687726,1.0117734961926261,1.018661176052673,0.029684334043971056,-0.2612320718852601,0.004271709612333918,1
2020-04-24,GOOGL,63.83000183105469,0.004271709612333918,0.010139726420727024,0.03815502796320036,1.0164838435909316,1.017303585541085,0.028638273154460617,0.09356178001286475,-0.004496358377619969,0
2020-04-27,GOOGL,63.542999267578125,-0.004496358377619969,0.004271709612333918,0.010139726420727024,1.0103510570778835,1.007874322947215,0.02778954602167985,0.1813806748302229,-0.03011343416049639,0
2020-04-28,GOOGL,61.62950134277344,-0.03011343416049639,-0.004496358377619969,0.004271709612333918,0.976753008464179,0.9800607152431076,0.024695219473611137,0.8263703435477301,0.0889103383527059,1
2020-04-29,GOOGL,67.10900115966797,0.0889103383527059,-0.03011343416049639,-0.004496358377619969,1.0496605991059167,1.0600440044069364,0.044746169351700144,0.34272614622056996,0.0033676246241094443,1
2020-04-30,GOOGL,67.33499908447266,0.0033676246241094443,0.0889103383527059,-0.03011343416049639,1.040898549302532,1.0561673467729729,0.04498433914170835,-0.48465272522564096,-0.021816318259344603,0
2020-05-01,GOOGL,65.86599731445312,-0.021816318259344603,0.0033676246241094443,0.0889103383527059,1.0118208764679053,1.0300301230420728,0.047598072436431334,-0.12481644640234946,0.004235862812207891,1
2020-05-04,GOOGL,66.1449966430664,0.004235862812207891,-0.021816318259344603,0.0033676246241094443,1.0080481940072077,1.0294228151246398,0.04722169637745779,-0.3696595187428384,0.019744498029183433,1
2020-05-05,GOOGL,67.45099639892578,0.019744498029183433,0.004235862812207891,-0.021816318259344603,1.0100297433658476,1.0386864100731095,0.04188158950358384,0.2876063104590014,-0.0026611432702212667,0
2020-05-06,GOOGL,67.27149963378906,-0.0026611432702212667,0.019744498029183433,0.004235862812207891,1.0068519156074203,1.029027670145014,0.015004283356440976,-0.20002016840619175,0.017726634011574927,1
2020-05-07,GOOGL,68.46399688720703,0.017726634011574927,-0.0026611432702212667,0.019744498029183433,1.0212486603791213,1.03946893879094,0.016923972286063824,-0.03403504348922226,0.010998568819840848,1
2020-05-08,GOOGL,69.21700286865234,0.010998568819840848,0.017726634011574927,-0.0026611432702212667,1.0222612774243645,1.0423760916045304,0.009343215271948285,0.08723737439645052,0.013905454680128493,1
2020-05-11,GOOGL,70.17949676513672,0.013905454680128493,0.010998568819840848,0.017726634011574927,1.0242700059626255,1.0464126860264136,0.008836543059461141,-0.018244013683010207,-0.020240870126836064,0
2020-05-12,GOOGL,68.75900268554688,-0.020240870126836064,0.013905454680128493,0.010998568819840848,0.9997208841960932,1.0144483341872448,0.015552285737176083,0.03667705849990832,-0.019524809206890925,0
2020-05-13,GOOGL,67.41649627685547,-0.019524809206890925,-0.020240870126836064,0.013905454680128493,0.9797884111243917,0.9941903911871074,0.018827062419501838,0.19016451441712356,0.006326434419388516,1
2020-05-14,GOOGL,67.84300231933594,0.006326434419388516,-0.019524809206890925,-0.020240870126836064,0.9877699305282219,0.9997311210699897,0.01681290393973618,-0.09185493460166472,0.011939294118811228,1
2020-05-15,GOOGL,68.65299987792969,0.011939294118811228,0.006326434419388516,-0.019524809206890925,1.0012075259146092,1.007529369328069,0.01699491034241568,0.1332242225859248,0.008827040459917335,1
2020-05-18,GOOGL,69.25900268554688,0.008827040459917335,0.011939294118811228,0.006326434419388516,1.0127643177003456,1.011798935300811,0.015963063823882462,0.13359329867128822,-0.007782402921551634,0
2020-05-19,GOOGL,68.72000122070312,-0.007782402921551634,0.008827040459917335,0.011939294118811228,1.0049972102589544,1.0020669978948207,0.013250112569587509,-0.32929884911029006,0.025291020540301412,1
2020-05-20,GOOGL,70.45800018310547,0.025291020540301412,-0.007782402921551634,0.008827040459917335,1.0213287638318755,1.022658494099051,0.011862039636727753,0.21135946305325137,-0.0017102196615489396,0
2020-05-21,GOOGL,70.3375015258789,-0.0017102196615489396,0.025291020540301412,-0.007782402921551634,1.0122615569259075,1.0181409058270707,0.012808140192332387,-0.1925670377920652,0.004613485417565899,1
2020-05-22,GOOGL,70.66200256347656,0.004613485417565899,-0.0017102196615489396,0.025291020540301412,1.0110850027058158,1.020703131870629,0.01256328305092954,-0.07606655013918562,0.0057526552585294155,1
2020-05-26,GOOGL,71.06849670410156,0.0057526552585294155,0.004613485417565899,-0.0017102196615489396,1.01166271302055,1.0252583012348404,0.012455792230293946,0.5621496636771302,-0.0007668202883708286,0
2020-05-27,GOOGL,71.01399993896484,-0.0007668202883708286,0.0057526552585294155,0.004613485417565899,1.0043276539439236,1.0211501722657677,0.01092407645278666,-0.28943709351872615,-0.0014362995405968748,0
2020-05-28,GOOGL,70.91200256347656,-0.0014362995405968748,-0.0007668202883708286,0.0057526552585294155,1.0015989240388663,1.0145838061950625,0.003592540278451489,0.11002398687034476,0.010773915717313898,1
2020-05-29,GOOGL,71.6760025024414,0.010773915717313898,-0.0014362995405968748,-0.0007668202883708286,1.0085764972331643,1.019921473994313,0.005034481267747569,0.053284048905317016,0.0009416994679030122,1
2020-06-01,GOOGL,71.74349975585938,0.0009416994679030122,0.010773915717313898,-0.0014362995405968748,1.0064629821078461,1.016412098251355,0.005150318081481023,-0.32075369830471867,0.005185161711027897,1
2020-06-02,GOOGL,72.1155014038086,0.005185161711027897,0.0009416994679030122,0.010773915717313898,1.0087184358594279,1.017564389133167,0.005081749325101156,-0.06835704633971862,-0.0021215948714405908,0
2020-06-03,GOOGL,71.9625015258789,-0.0021215948714405908,0.005185161711027897,0.0009416994679030122,1.0039145163495569,1.0107809704176467,0.005357414915621918,0.18300486306629127,-0.01733548947766439,0
2020-06-04,GOOGL,70.71499633789062,-0.01733548947766439,-0.0021215948714405908,0.005185161711027897,0.9870537186260352,0.9929001751477453,0.010577846879341404,-0.027044569450454303,0.018185719852804372,1
2020-06-05,GOOGL,72.0009994506836,0.018185719852804372,-0.01733548947766439,-0.0021215948714405908,1.0040930133822608,1.008600994209913,0.012833533194757524,0.5803869246164108,0.005569380697793891,1
2020-06-08,GOOGL,72.4020004272461,0.005569380697793891,0.018185719852804372,-0.01733548947766439,1.0078341713087475,1.011752216507506,0.01299671629158481,-0.20552506918062008,0.002789920836681281,1
2020-06-09,GOOGL,72.60399627685547,0.002789920836681281,0.005569380697793891,0.018185719852804372,1.0092733699149974,1.0124025913614159,0.01288889692849919,-0.007497490997107281,0.008691041345574524,1
2020-06-10,GOOGL,73.23500061035156,0.008691041345574524,0.002789920836681281,0.005569380697793891,1.0144560433747882,1.0180485263542314,0.013052675556417629,-0.05537711158696168,-0.04287566550801136,0
2020-06-11,GOOGL,70.09500122070312,-0.04287566550801136,0.008691041345574524,0.002789920836681281,0.9726311981910009,0.9755069242736276,0.023831209854461417,0.4842894024305775,0.007860795960420885,1
2020-06-12,GOOGL,70.64600372314453,0.007860795960420885,-0.04287566550801136,0.008691041345574524,0.9839769581583664,0.9845865325058241,0.022078868978680066,-0.22204310198540644,0.005534620781443289,1
2020-06-15,GOOGL,71.03700256347656,0.005534620781443289,0.007860795960420885,-0.04287566550801136,0.9931994520750882,0.991011633615107,0.022075267991126715,-0.1692660050169048,0.018110266157245647,1
2020-06-16,GOOGL,72.32350158691406,0.018110266157245647,0.005534620781443289,0.007860795960420885,1.0119802990002886,1.0086664297332013,0.024149676125048355,0.005907837731390364,0.004196385791531476,1
2020-06-17,GOOGL,72.62699890136719,0.004196385791531476,0.018110266157245647,0.005534620781443289,1.0179589978587003,1.011961350622101,0.023801502729967696,-0.001239885147481079,-0.012681201668262365,0
2020-06-18,GOOGL,71.70600128173828,-0.012681201668262365,0.004196385791531476,0.018110266157245647,1.0005316141473877,0.9977507359549026,0.011099958855578351,0.13890885331590974,-0.0066103117586368,0
2020-06-19,GOOGL,71.23200225830078,-0.0066103117586368,-0.012681201668262365,0.004196385791531476,0.9922950716806032,0.9922169831096493,0.011896562966468478,0.5140841030348231,0.018264190698012772,1
2020-06-22,GOOGL,72.53299713134766,0.018264190698012772,-0.0066103117586368,-0.012681201668262365,1.0062246133758719,1.0101547002046214,0.014081185876363856,-0.4422173385874507,0.009182032902968373,1
2020-06-23,GOOGL,73.1989974975586,0.009182032902968373,0.018264190698012772,-0.0066103117586368,1.013003126113905,1.018585924639981,0.012344019065757038,0.2822498471571224,-0.021366349469202572,0
2020-06-24,GOOGL,71.63500213623047,-0.021366349469202572,0.009182032902968373,0.018264190698012772,0.9940883706242785,0.9990467852191507,0.01615557871486892,-0.1631701631701632,0.005863030033091743,1
2020-06-25,GOOGL,72.05500030517578,0.005863030033091743,-0.021366349469202572,0.009182032902968373,0.9989491373908513,1.002164825760617,0.015385019613944022,-0.24164345403899723,-0.054513932234713236,0
2020-06-26,GOOGL,68.12699890136719,-0.054513932234713236,0.005863030033091743,-0.021366349469202572,0.9526945910758942,0.9508642478918004,0.029656772929635474,3.075465397779447,0.02541574920639822,1
2020-06-29,GOOGL,69.8584976196289,0.02541574920639822,-0.054513932234713236,0.005863030033091743,0.9842704719062667,0.9766376136886674,0.03139278217063064,-0.5383654240065547,0.014944477104935183,1
2020-06-30,GOOGL,70.90249633789062,0.014944477104935183,0.02541574920639822,-0.054513932234713236,1.0054866906470228,0.993206052819425,0.0322337350129011,-0.10622531836535476,0.01688942136146654,1
2020-07-01,GOOGL,72.0999984741211,0.01688942136146654,0.014944477104935183,0.02541574920639822,1.0211220755234938,1.0107268722759075,0.03219435704324536,0.04706349600357451,0.019368927369538103,1
2020-07-02,GOOGL,73.49649810791016,0.019368927369538103,0.01688942136146654,0.014944477104935183,1.0366673337926093,1.0277239899976351,0.03318038338384007,0.3564553601062064,0.020218651218638417,1
2020-07-06,GOOGL,74.98249816894531,0.020218651218638417,0.019368927369538103,0.01688942136146654,1.0375615834404086,1.0430330658398395,0.003968935126425838,-0.21856758362752982,-0.006488127010433109,0
2020-07-07,GOOGL,74.49600219726562,-0.006488127010433109,0.020218651218638417,0.019368927369538103,1.017767534396197,1.0334438034013809,0.011083399263367953,-0.05251386652352841,0.009181675361570774,1
2020-07-08,GOOGL,75.18000030517578,0.009181675361570774,-0.006488127010433109,0.020218651218638417,1.015246260858965,1.0400742782862038,0.011128454023114989,-0.2501652346331791,0.010015939731233825,1
2020-07-09,GOOGL,75.93299865722656,0.010015939731233825,0.009181675361570774,-0.006488127010433109,1.0149082458882035,1.044282251728169,0.010766505599858516,0.31700560347541407,0.013399995378133855,1
2020-07-10,GOOGL,76.95050048828125,0.013399995378133855,0.010015939731233825,0.009181675361570774,1.0190985443421097,1.0511983052184337,0.00982105549207515,-0.14145711827134522,-0.01740075605370428,0
2020-07-13,GOOGL,75.61150360107422,-0.01740075605370428,0.013399995378133855,0.010015939731233825,0.999699904958135,1.0224527318577992,0.013170951028815636,0.19589063979063415,0.005706746274753094,1
2020-07-14,GOOGL,76.04299926757812,0.005706746274753094,-0.01740075605370428,0.013399995378133855,1.001308850292899,1.0197594020040965,0.012370764398228578,-0.11281836383107513,-0.002616907532255075,0
2020-07-15,GOOGL,75.84400177001953,-0.002616907532255075,0.005706746274753094,-0.01740075605370428,0.9969451895133784,1.0103951932183086,0.012303456062526284,-0.18584024351842132,-0.0012921202793474418,0
2020-07-16,GOOGL,75.74600219726562,-0.0012921202793474418,-0.002616907532255075,0.005706746274753094,0.9961467238925594,1.0042119697671326,0.011428694602509053,-0.14639334751498745,0.001273949505347316,1
2020-07-17,GOOGL,75.84249877929688,0.001273949505347316,-0.0012921202793474418,-0.002616907532255075,1.0003310276516768,1.002373663113555,0.008723953209483994,0.2937622715601873,0.030978707206281042,1
2020-07-20,GOOGL,78.19200134277344,0.030978707206281042,0.001273949505347316,-0.0012921202793474418,1.0243471169937235,1.029060786695701,0.013878962231549474,-0.11960074713985525,-0.005064504250358759,0
2020-07-21,GOOGL,77.7959976196289,-0.005064504250358759,0.030978707206281042,0.001273949505347316,1.014499710798928,1.0194217328698942,0.014892000384218817,-0.08884174235894715,0.005739404329384357,1
2020-07-22,GOOGL,78.24250030517578,0.005739404329384357,-0.005064504250358759,0.030978707206281042,1.0139793563259596,1.0211745990127126,0.014330061226638588,-0.1092920032016299,-0.030737754671904094,0
2020-07-23,GOOGL,75.8375015258789,-0.030737754671904094,0.005739404329384357,-0.005064504250358759,0.9825788830550025,0.989909364221261,0.022157074087517898,0.3850992565966833,-0.005630485505634608,0
2020-07-24,GOOGL,75.4104995727539,-0.005630485505634608,-0.030737754671904094,0.005739404329384357,0.9781414462948347,0.986318359680014,0.022306594552778378,-0.11819522264818638,0.014069619155005375,1
2020-07-27,GOOGL,76.47149658203125,0.014069619155005375,-0.005630485505634608,-0.030737754671904094,0.9963505315554329,0.9990717148265207,0.016878529381552605,-0.09290348471674137,-0.016855873012325717,0
2020-07-28,GOOGL,75.18250274658203,-0.016855873012325717,0.014069619155005375,-0.005630485505634608,0.9862729568721108,0.9833369629332958,0.017805993973414133,0.1395811827164135,0.013207810056116598,1
2020-07-29,GOOGL,76.17549896240234,0.013207810056116598,-0.016855873012325717,0.014069619155005375,1.0047483573286768,0.9958928952985538,0.019354500329728085,-0.26638628275638954,0.009753842841010663,1
2020-07-30,GOOGL,76.91850280761719,0.009753842841010663,0.013207810056116598,-0.016855873012325717,1.0116635912622458,1.0040675550518794,0.013611114942446738,0.5894337625683541,-0.03277499731696387,0
2020-07-31,GOOGL,74.39749908447266,-0.03277499731696387,0.009753842841010663,0.013207810056116598,0.9811206917732498,0.9729945572075226,0.021178460806902243,1.5378169912879418,-0.0034880016046878737,0
2020-08-03,GOOGL,74.13800048828125,-0.0034880016046878737,-0.03277499731696387,0.009753842841010663,0.9837531671456585,0.97476893011858,0.01909305622449706,-0.5027550618795644,-0.006379988260253544,0
2020-08-04,GOOGL,73.66500091552734,-0.006379988260253544,-0.0034880016046878737,-0.03277499731696387,0.9814292571867541,0.9738392735472261,0.018160283363166604,-0.18183017457455697,0.003929917489857271,1
2020-08-05,GOOGL,73.95449829101562,0.003929917489857271,-0.006379988260253544,-0.0034880016046878737,0.991151850458972,0.9832400434885561,0.016354855488543162,-0.21708051166290443,0.017483713600355832,1
2020-08-06,GOOGL,75.24749755859375,0.017483713600355832,0.003929917489857271,-0.006379988260253544,1.0130181985925033,1.001216106983062,0.018425920840252793,0.14320038443056227,-0.0043721686654147884,0
2020-08-07,GOOGL,74.91850280761719,-0.0043721686654147884,0.017483713600355832,0.003929917489857271,1.007176244514296,0.9974916123986527,0.009782880650108433,-0.1677775776136432,-0.0010344492581151332,0
2020-08-10,GOOGL,74.84100341796875,-0.0010344492581151332,-0.0043721686654147884,0.017483713600355832,1.004236183112183,0.9986276753987492,0.009532559537369468,-0.2587488274767299,-0.010876430747148724,0
2020-08-11,GOOGL,74.0270004272461,-0.010876430747148724,-0.0010344492581151332,-0.0043721686654147884,0.9923496291519273,0.9892914840544276,0.010657656959289875,0.5135792855056946,0.018033948110388387,1
2020-08-12,GOOGL,75.36199951171875,0.018033948110388387,-0.010876430747148724,-0.0010344492581151332,1.0064477019290898,1.0082284156924604,0.013185144556007052,-0.27609492571869576,0.00624316146593884,1
2020-08-13,GOOGL,75.8324966430664,0.00624316146593884,0.018033948110388387,-0.010876430747148724,1.0111511793301704,1.015999104078302,0.011066865381503631,-0.005508173418621198,-0.007925334802485917,0
2020-08-14,GOOGL,75.23149871826172,-0.007925334802485917,0.00624316146593884,0.018033948110388387,1.0023008491369325,1.0068219606896893,0.01164510415438052,-0.019921386457030565,0.007716152829457146,1
2020-08-17,GOOGL,75.81199645996094,0.007716152829457146,-0.007925334802485917,0.00624316146593884,1.0074282503043273,1.0123228397081763,0.01193779631771878,-0.08896180840397416,0.02607773303961114,1
2020-08-18,GOOGL,77.78900146484375,0.02607773303961114,0.007716152829457146,-0.007925334802485917,1.0234667923473293,1.0330332104762665,0.01288100345450089,0.41960980490245126,-0.007179706471975189,0
2020-08-19,GOOGL,77.23049926757812,-0.007179706471975189,0.02607773303961114,0.007716152829457146,1.0111470385673142,1.0211737094463689,0.013861839448438535,0.07378955528930864,0.02048414483170391,1
2020-08-20,GOOGL,78.8125,0.02048414483170391,-0.007179706471975189,0.02607773303961114,1.023870067559428,1.0372024208905524,0.015545432296139515,-0.13422158046731425,-0.0004313602795400495,0
2020-08-21,GOOGL,78.77850341796875,-0.0004313602795400495,0.02048414483170391,-0.007179706471975189,1.0140826457553227,1.0315150122751477,0.013922648062825787,0.3205215677355773,0.006080291654108949,1
2020-08-24,GOOGL,79.25749969482422,0.006080291654108949,-0.0004313602795400495,0.02048414483170391,1.011278018581614,1.0318200122668957,0.013989214683802815,-0.26407945347034845,0.01305874732479051,1
2020-08-25,GOOGL,80.2925033569336,0.01305874732479051,0.006080291654108949,-0.0004313602795400495,1.0179805359773804,1.0368370226545378,0.010884394181252217,-0.019034246041032876,0.02383776511414415,1
2020-08-26,GOOGL,82.20649719238281,0.02383776511414415,0.01305874732479051,0.006080291654108949,1.0292601861603008,1.0522525973426209,0.010012246577929361,1.07506958250497,-0.009494318777685695,0
2020-08-27,GOOGL,81.4260025024414,-0.009494318777685695,0.02383776511414415,0.01305874732479051,1.0128594721089443,1.0348528860530646,0.01272392099006126,-0.39928719245803634,0.006699261449971017,1
2020-08-28,GOOGL,81.97149658203125,0.006699261449971017,-0.009494318777685695,0.02383776511414415,1.0116091253926585,1.0329375502971143,0.012122783429700024,-0.28491228070175434,-0.0060386248614131555,0
2020-08-31,GOOGL,81.47650146484375,-0.0060386248614131555,0.006699261449971017,-0.009494318777685695,1.0000233354335222,1.0194234399994035,0.013718168812274088,0.17860647693817477,0.015679322441720878,1
2020-09-01,GOOGL,82.75399780273438,0.015679322441720878,-0.0060386248614131555,0.006699261449971017,1.0096026408514254,1.0290149249177647,0.014118012502942097,-0.14268412686397702,0.03764774496133949,1
2020-09-02,GOOGL,85.86949920654297,0.03764774496133949,0.015679322441720878,-0.0060386248614131555,1.0383315463036753,1.0564068066800811,0.01896542097206583,1.1862087232915415,-0.05117063955169787,0
2020-09-03,GOOGL,81.47550201416016,-0.05117063955169787,0.03764774496133949,0.015679322441720878,0.9850815335543042,0.9990766698913133,0.03302039570029225,0.28682201849682976,-0.029640822772808773,0
2020-09-04,GOOGL,79.06050109863281,-0.029640822772808773,-0.05117063955169787,0.03764774496133949,0.9626591530345774,0.9691280968129848,0.03525589666576657,-0.12359162665160217,-0.03643413276451957,0
2020-09-08,GOOGL,76.18000030517578,-0.03643413276451957,-0.029640822772808773,-0.05117063955169787,0.9397061009953215,0.9373548476508824,0.03765148394711251,-0.032551477170993715,0.015509363233989992,1
2020-09-09,GOOGL,77.36150360107422,0.015509363233989992,-0.03643413276451957,-0.029640822772808773,0.9671469269286049,0.9553379946563059,0.03761942641513385,-0.2737266804856381,-0.013689053185491407,0
2020-09-10,GOOGL,76.30249786376953,-0.013689053185491407,0.015509363233989992,-0.03643413276451957,0.9772849135379597,0.9491806603871358,0.025435162653220482,-0.15845267825289233,-0.0067428441271732975,0
2020-09-11,GOOGL,75.78800201416016,-0.0067428441271732975,-0.013689053185491407,0.015509363233989992,0.9850465118529823,0.9494393829010312,0.020440720208441867,-0.07019137596899228,-0.00457201934629492,0
2020-09-14,GOOGL,75.44149780273438,-0.00457201934629492,-0.0067428441271732975,-0.013689053185491407,0.9898549425317089,0.9528936750197174,0.0187073315851662,0.3893050218198397,0.017424082761510862,1
2020-09-15,GOOGL,76.75599670410156,0.017424082761510862,-0.00457201934629492,-0.0067428441271732975,1.0055823092809284,0.9753121944382352,0.0140118075729496,-0.4598687294889826,-0.015002044617388188,0
2020-09-16,GOOGL,75.60449981689453,-0.015002044617388188,0.017424082761510862,-0.00457201934629492,0.9950775676126024,0.9694879494495153,0.013042538482517305,-0.03966669559934033,-0.016566506549738014,0
2020-09-17,GOOGL,74.35199737548828,-0.016566506549738014,-0.015002044617388188,0.017424082761510862,0.9836429744808254,0.9677192311470652,0.013600026966195564,0.8080260303687636,-0.024175552423614466,0
2020-09-18,GOOGL,72.55449676513672,-0.024175552423614466,-0.016566506549738014,-0.015002044617388188,0.9681458920570803,0.9554174592969974,0.016128580345543903,0.5760847830433913,-0.014437326804813022,0
2020-09-21,GOOGL,71.50700378417969,-0.014437326804813022,-0.024175552423614466,-0.016566506549738014,0.9642936782966918,0.9510838855153709,0.016119362087445136,-0.09750063435676226,0.020753121397064644,1
2020-09-22,GOOGL,72.99099731445312,0.020753121397064644,-0.014437326804813022,-0.024175552423614466,0.9944033838092375,0.9749571799803127,0.017567475087870505,-0.40342306881282064,-0.03454535116058444,0
2020-09-23,GOOGL,70.46949768066406,-0.03454535116058444,0.020753121397064644,-0.014437326804813022,0.9736745256553718,0.9500226675664507,0.02085665040198092,0.11122238586156108,0.009557327399822846,1
2020-09-24,GOOGL,71.14299774169922,0.009557327399822846,-0.03454535116058444,0.020753121397064644,0.9917750417998467,0.965820294910485,0.023136135720661224,-0.08413295870222126,0.01138559259098404,1
2020-09-25,GOOGL,71.9530029296875,0.01138559259098404,0.009557327399822846,-0.03454535116058444,1.0047519928737898,0.9819289508379796,0.022599031787617897,-0.12230840472331561,0.01361994201265948,1
2020-09-28,GOOGL,72.93299865722656,0.01361994201265948,0.01138559259098404,0.009557327399822846,1.014396801698304,0.9987216912640141,0.022046918990549773,0.01510255226538293,0.0050457797154948025,1
2020-09-29,GOOGL,73.3010025024414,0.0050457797154948025,0.01361994201265948,0.01138559259098404,1.0186368046914693,1.0085325508753582,0.02012579714938743,0.03352390852390852,-0.0002865407351534399,0
2020-09-30,GOOGL,73.27999877929688,-0.0002865407351534399,0.0050457797154948025,0.01361994201265948,1.0104519822391922,1.0114785065466707,0.005540160635702033,0.2862710585868746,0.01521558245555732,1
2020-10-01,GOOGL,74.3949966430664,0.01521558245555732,-0.0002865407351534399,0.0050457797154948025,1.01670844119305,1.0268077985028665,0.00647193945389145,-0.19646173394585087,-0.021708420413243612,0
2020-10-02,GOOGL,72.77999877929688,-0.021708420413243612,0.01521558245555732,-0.0002865407351534399,0.9923940955411124,1.004204874081527,0.01487915702507849,-0.050541296679236125,0.018707112172438256,1
2020-10-05,GOOGL,74.1415023803711,0.018707112172438256,-0.021708420413243612,0.01521558245555732,1.0076380318550022,1.0192855117325907,0.015973786969795106,-0.3081160720005125,-0.021452220778719666,0
2020-10-06,GOOGL,72.5510025024414,-0.021452220778719666,0.018707112172438256,-0.021708420413243612,0.9880361800551036,0.9980232760097335,0.019331724072116502,0.20803629293583925,0.0055960388688882645,1
2020-10-07,GOOGL,72.95700073242188,0.0055960388688882645,-0.021452220778719666,0.018707112172438256,0.9944401277185156,1.0001857681203226,0.01963151956141786,0.3836603310852238,0.0166467976349578,1
2020-10-08,GOOGL,74.17150115966797,0.0166467976349578,0.0055960388688882645,-0.021452220778719666,1.0116107162273218,1.0126313635866553,0.019930274893054167,-0.27783316716517115,0.018214515058774472,1
2020-10-09,GOOGL,75.52249908447266,0.018214515058774472,0.0166467976349578,0.0055960388688882645,1.022388344269783,1.026075600727132,0.017072721295675136,0.2642276422764227,0.035843632894007715,1
2020-10-12,GOOGL,78.22949981689453,0.035843632894007715,0.018214515058774472,0.0166467976349578,1.0474410852652045,1.055260209241827,0.02111567250484802,0.6788206030455621,0.0015850868228308723,1
2020-10-13,GOOGL,78.35350036621094,0.0015850868228308723,0.035843632894007715,0.018214515058774472,1.033049517271817,1.0497781676070694,0.013362546358705122,-0.2940156114483955,-0.002316466974035869,0
2020-10-14,GOOGL,78.1719970703125,-0.002316466974035869,0.0015850868228308723,0.035843632894007715,1.016675782472406,1.040526482336105,0.01518444102414914,-0.1509520884520884,-0.0050977146560272635,0
2020-10-15,GOOGL,77.77349853515625,-0.0050977146560272635,-0.002316466974035869,0.0015850868228308723,1.0021040992383012,1.030587588598782,0.017213305018178852,-0.05920299029360343,0.00786262174894703,1
2020-10-16,GOOGL,78.38500213623047,0.00786262174894703,-0.0050977146560272635,-0.002316466974035869,1.0025875616005007,1.0310329499901885,0.01653417828737809,0.09561038128804866,-0.02407991996168224,0
2020-10-19,GOOGL,76.49749755859375,-0.02407991996168224,0.00786262174894703,-0.0050977146560272635,0.982799778642941,1.003097215267441,0.012024141250852912,-0.13043223957419425,0.01381095237905261,1
2020-10-20,GOOGL,77.55400085449219,0.01381095237905261,-0.02407991996168224,0.00786262174894703,0.9984242526986747,1.010322884434654,0.0145298824304202,0.40142597699603155,0.02250688085713959,1
2020-10-21,GOOGL,79.29949951171875,0.02250688085713959,0.01381095237905261,-0.02407991996168224,1.017940509763144,1.0245962788954661,0.018165456425457468,0.44761219102471794,0.013032877606421689,1
2020-10-22,GOOGL,80.33300018310547,0.013032877606421689,0.02250688085713959,0.01381095237905261,1.0244752853844892,1.0297518418437417,0.017953110801930544,-0.49418122741288417,0.01638183422865125,1
2020-10-23,GOOGL,81.64900207519531,0.01638183422865125,0.013032877606421689,0.02250688085713959,1.0326610988379181,1.0384657009179992,0.018495788659787158,0.0011798636601991763,-0.02981667364050755,0
2020-10-26,GOOGL,79.2145004272461,-0.02981667364050755,0.01638183422865125,0.013032877606421689,0.9950320288899226,1.0062415001968281,0.02101527150545116,0.1727772685609532,0.00920917020191947,1
2020-10-27,GOOGL,79.94400024414062,0.00920917020191947,-0.02981667364050755,0.01638183422865125,0.9982019747869508,1.013460582823642,0.02075155706779688,-0.2770055267124435,-0.05508855342694796,0
2020-10-28,GOOGL,75.54000091552734,-0.05508855342694796,0.00920917020191947,-0.02981667364050755,0.9521516709704888,0.9608364476901021,0.031695501941519176,0.7440352096363214,0.03050040808271426,1
2020-10-29,GOOGL,77.84400177001953,0.03050040808271426,-0.05508855342694796,0.00920917020191947,0.9873881184309609,0.9900535663185223,0.03550064705586662,0.22650197015982654,0.038043964576103706,1
2020-10-30,GOOGL,80.80549621582031,0.038043964576103706,0.03050040808271426,-0.05508855342694796,1.0271502118173919,1.0245650172989347,0.039924868121095816,0.8026567519763204,0.0050801891130281,1
2020-11-02,GOOGL,81.21600341796875,0.0050801891130281,0.038043964576103706,0.03050040808271426,1.0271418440058473,1.023645752778615,0.0366368155114044,-0.5571797593063538,0.013137727399460175,1
2020-11-03,GOOGL,82.28299713134766,0.013137727399460175,0.0050801891130281,0.038043964576103706,1.0345156730079312,1.0309492385785346,0.03677679277750985,-0.28931898344939855,0.06088142629988669,1
2020-11-04,GOOGL,87.2925033569336,0.06088142629988669,0.013137727399460175,0.0050801891130281,1.0659961136469176,1.0828702960491428,0.021925105821907737,1.2697251208959024,0.009536862972784554,1
2020-11-05,GOOGL,88.125,0.009536862972784554,0.06088142629988669,0.013137727399460175,1.0498020115024953,1.0827317571047688,0.023630902196239558,-0.44271256763197,-0.0015715903424201594,0
2020-11-06,GOOGL,87.98650360107422,-0.0015715903424201594,0.009536862972784554,0.06088142629988669,1.030521008915177,1.072677788160087,0.024911485654627415,-0.2800945721615775,0.0009603239244133643,1
2020-11-09,GOOGL,88.07099914550781,0.0009603239244133643,-0.0015715903424201594,0.009536862972784554,1.0152089239702253,1.0622385942665549,0.025482962466092406,0.8670952414226818,-0.013455025718919544,0
2020-11-10,GOOGL,86.88600158691406,-0.013455025718919544,0.0009603239244133643,-0.0015715903424201594,0.991032505886939,1.0392446959752701,0.028925854104821947,-0.19494760479041917,0.005472711431938837,1
2020-11-11,GOOGL,87.36150360107422,0.005472711431938837,-0.013455025718919544,0.0009603239244133643,0.9962993182495817,1.030363140012707,0.008734331755099689,-0.25996002045465116,-0.0025240495144073227,0
2020-11-12,GOOGL,87.14099884033203,-0.0025240495144073227,0.005472711431938837,-0.013455025718919544,0.9960200515120075,1.01661515757909,0.007000551609880289,-0.16847791946730317,0.016892164901247675,1
2020-11-13,GOOGL,88.61299896240234,0.016892164901247675,-0.0025240495144073227,0.005472711431938837,1.0113964986422013,1.0244567386528507,0.011099926350899085,0.12351741331117316,0.0009987358243011002,1
2020-11-16,GOOGL,88.70149993896484,0.0009987358243011002,0.016892164901247675,-0.0025240495144073227,1.0109515930664983,1.0166815400599722,0.011099499365355049,-0.14376008606777835,-0.006972821838243548,0
2020-11-17,GOOGL,88.08300018310547,-0.006972821838243548,0.0009987358243011002,0.016892164901247675,1.0011707192267836,1.002925090135834,0.00912177407284792,-0.1631066436312235,-0.011931956226020946,0
2020-11-18,GOOGL,87.03199768066406,-0.011931956226020946,-0.006972821838243548,0.0009987358243011002,0.9899663256605215,0.9912522524731694,0.010968158149078897,-0.056582527915923775,0.010300804964611832,1
2020-11-19,GOOGL,87.92849731445312,0.010300804964611832,-0.011931956226020946,-0.006972821838243548,0.998375168574333,1.0016871332194857,0.011897391626302994,-9.946290033813199e-05,-0.012618173904925034,0
2020-11-20,GOOGL,86.81900024414062,-0.012618173904925034,0.010300804964611832,-0.011931956226020946,0.9898099383718377,0.9903648831867442,0.009689129484568067,0.37739978115985284,-0.0050795550611009155,0
2020-11-23,GOOGL,86.37799835205078,-0.0050795550611009155,-0.012618173904925034,0.010300804964611832,0.9900272852331542,0.9872408752957802,0.009270419255485178,-0.18646638260995163,0.021035464787779512,1
2020-11-24,GOOGL,88.19499969482422,0.021035464787779512,-0.0050795550611009155,-0.012618173904925034,1.010593511574041,1.0065021237257108,0.014793635855308948,0.24207723035952067,0.00013036450590608872,1
2020-11-25,GOOGL,88.20649719238281,0.00013036450590608872,0.021035464787779512,-0.0050795550611009155,1.0080120614768153,1.0056635477654265,0.013188233376626519,-0.2995997712978845,0.012975242967937728,1
2020-11-27,GOOGL,89.35099792480469,0.012975242967937728,0.00013036450590608872,0.021035464787779512,1.0177822194421844,1.0161519058604072,0.013618077951620443,-0.24540816326530612,-0.01825381631970313,0
2020-11-30,GOOGL,87.72000122070312,-0.01825381631970313,0.012975242967937728,0.00013036450590608872,0.9971570151739874,0.9986174208722199,0.015382677871600362,1.1918864097363082,0.02334697323867263,1
2020-12-01,GOOGL,89.76799774169922,0.02334697323867263,-0.01825381631970313,0.012975242967937728,1.0126330852273888,1.020692874690658,0.017184896898010688,0.15213770127706838,0.01649250629203247,1
2020-12-02,GOOGL,91.24849700927734,0.01649250629203247,0.02334697323867263,-0.01825381631970313,1.0222913464132628,1.0338057039210913,0.0164161719507705,-0.21220883534136548,-0.001715032529347682,0
2020-12-03,GOOGL,91.09200286865234,-0.001715032529347682,0.01649250629203247,0.02334697323867263,1.0139822000410872,1.0273072763180844,0.016626888741780834,-0.15959760739532358,0.0010538869314922206,1
2020-12-04,GOOGL,91.18800354003906,0.0010538869314922206,-0.001715032529347682,0.01649250629203247,1.0109164859685598,1.0246234572056867,0.016330727633865574,-0.16920090585571013,-0.0036902011463333384,0
2020-12-07,GOOGL,90.85150146484376,-0.0036902011463333384,0.0010538869314922206,-0.001715032529347682,1.0002411211743183,1.0162377427789004,0.012071371175293583,0.08489096573208732,-0.0031370275396017666,0
2020-12-08,GOOGL,90.56649780273438,-0.0031370275396017666,-0.0036902011463333384,0.0010538869314922206,0.9953532697594201,1.0083256399801555,0.00841573564333613,-0.10552763819095479,-0.01847813597341763,0
2020-12-09,GOOGL,88.89299774169922,-0.01847813597341763,-0.0031370275396017666,-0.0036902011463333384,0.9820455673044648,0.9889251493231284,0.007650165334655893,0.5914927768860354,-0.005742837567008108,0
2020-12-10,GOOGL,88.38249969482422,-0.005742837567008108,-0.01847813597341763,-0.0031370275396017666,0.9822864426172339,0.9830534300656822,0.007400322734863385,-0.09581442259203232,0.004044897691055649,1
2020-12-11,GOOGL,88.73999786376953,0.004044897691055649,-0.005742837567008108,-0.01847813597341763,0.9916557314229923,0.987701020259246,0.00819154632568833,-0.3506692693809258,-0.012700010463120748,0
2020-12-14,GOOGL,87.61299896240234,-0.012700010463120748,0.004044897691055649,-0.005742837567008108,0.9861997605490451,0.9752733586200172,0.008696626118603388,0.7742108653639683,0.005033521250415118,1
2020-12-15,GOOGL,88.05400085449219,0.005033521250415118,-0.012700010463120748,0.004044897691055649,0.9968020221305085,0.9820561354838624,0.010275794443725898,-0.35394856278366116,-0.0022089147828853184,0
2020-12-16,GOOGL,87.8594970703125,-0.0022089147828853184,0.005033521250415118,-0.012700010463120748,0.9969329123377711,0.9836045998884186,0.007315374724478509,0.15567628325215432,-0.009492424400308397,0
2020-12-17,GOOGL,87.02549743652344,-0.009492424400308397,-0.0022089147828853184,0.005033521250415118,0.9905199614858782,0.9787234794700532,0.00792172304030816,0.41351920894796557,-0.00821024238059942,0
2020-12-18,GOOGL,86.31099700927734,-0.00821024238059942,-0.009492424400308397,-0.0022089147828853184,0.9878497231582272,0.9760413886678271,0.00701623313917186,1.4442660550458717,0.004831363688797552,1
2020-12-21,GOOGL,86.72799682617188,0.004831363688797552,-0.00821024238059942,-0.009492424400308397,0.9946373323336222,0.9853517282682329,0.006908051355490059,-0.6015060523599511,-0.0082671716803846,0
2020-12-22,GOOGL,86.01100158691406,-0.0082671716803846,0.004831363688797552,-0.00821024238059942,0.991058609965373,0.9822896762089846,0.006022075811920278,-0.4004238535350563,0.004656351270584169,1
2020-12-23,GOOGL,86.4114990234375,0.004656351270584169,-0.0082671716803846,0.004831363688797552,0.9990069140270152,0.9896682805026892,0.0073578517883749585,0.12783505154639174,0.003431269715475471,1
2020-12-24,GOOGL,86.70800018310547,0.003431269715475471,0.004656351270584169,-0.0082671716803846,1.0031712240305113,0.9949722563169626,0.006892369289851933,-0.5946722381822931,0.022950568108676794,1
2020-12-28,GOOGL,88.697998046875,0.022950568108676794,0.003431269715475471,0.004656351270584169,1.0205577287578438,1.0178564901306217,0.01117467795621095,1.969286941580756,-0.00913208388497877,0
2020-12-29,GOOGL,87.88800048828125,-0.00913208388497877,0.022950568108676794,0.003431269715475471,1.0085457014332266,1.0082431591021956,0.012987693960418201,-0.2865822784810127,-0.012237170971077571,0
2020-12-30,GOOGL,86.8125,-0.012237170971077571,-0.00913208388497877,0.022950568108676794,0.994374807557987,0.9973255446257614,0.013916082846132665,0.0659028693095407,0.009439928399477937,1
2020-12-31,GOOGL,87.63200378417969,0.009439928399477937,-0.012237170971077571,-0.00913208388497877,1.000962941153331,1.0070034071586698,0.014308937146503269,0.0020926471987063877,-0.015125758068315953,0
2021-01-04,GOOGL,86.30650329589844,-0.015125758068315953,0.009439928399477937,-0.012237170971077571,0.9867276515336804,0.9925918123862817,0.01638904573407937,0.7714285714285714,0.008064272319336263,1
2021-01-05,GOOGL,87.00250244140625,0.008064272319336263,-0.015125758068315953,0.009439928399477937,0.9985561573259621,0.9998012162047273,0.011661329396569962,-0.4545064837637981,-0.00986759259713954,0
2021-01-06,GOOGL,86.14399719238281,-0.00986759259713954,0.008064272319336263,-0.015125758068315953,0.992676794167318,0.9906003881470913,0.011749739178144014,1.2882121807465619,0.029868658991099695,1
2021-01-07,GOOGL,88.71700286865234,0.029868658991099695,-0.00986759259713954,0.008064272319336263,1.0178590382550048,1.0170235936784897,0.017834453888081588,-0.09985403966686701,0.013238719453334324,1
2021-01-08,GOOGL,89.8915023803711,0.013238719453334324,0.029868658991099695,-0.00986759259713954,1.0260146201169893,1.0263930267648442,0.018176428639366766,-0.1538534910339565,-0.023105670992294436,0
2021-01-11,GOOGL,87.81449890136719,-0.023105670992294436,0.013238719453334324,0.029868658991099695,0.9988693272097697,1.001412327997321,0.020599988636216388,-0.019389020403562163,-0.010738554626568031,0
2021-01-12,GOOGL,86.87149810791016,-0.010738554626568031,-0.023105670992294436,0.013238719453334324,0.9884374971298958,0.9927263469482384,0.021294866660408262,-0.15139671226577767,0.005652083301680211,1
2021-01-13,GOOGL,87.36250305175781,0.005652083301680211,-0.010738554626568031,-0.023105670992294436,0.9912755499062941,0.998937194315999,0.020640023389433413,-0.20644811704145216,-0.009346177176782211,0
2021-01-14,GOOGL,86.5459976196289,-0.009346177176782211,0.005652083301680211,-0.010738554626568031,0.9868729857690111,0.9899026026322094,0.014367108627678489,0.2466712188460225,-0.0019065112202244494,0
2021-01-15,GOOGL,86.38099670410156,-0.0019065112202244494,-0.009346177176782211,0.005652083301680211,0.9929409566656145,0.9894311060179949,0.01073477424028468,0.07640695604546077,0.03290661739443013,1
2021-01-19,GOOGL,89.22350311279297,0.03290661739443013,-0.0019065112202244494,-0.009346177176782211,1.022303764224173,1.0185866252146978,0.017791836270932834,0.32489505152016274,0.05357331434581969,1
2021-01-20,GOOGL,94.00350189208984,0.05357331434581969,0.03290661739443013,-0.0019065112202244494,1.0597520203596622,1.064646575387729,0.026303917204163516,0.5398943831012961,0.002170076080896921,1
2021-01-21,GOOGL,94.2074966430664,0.002170076080896921,0.05357331434581969,0.03290661739443013,1.045909757891364,1.057301240182421,0.026695371839424123,-0.08601446564409532,0.004463569503152964,1
2021-01-22,GOOGL,94.62799835205078,0.004463569503152964,0.002170076080896921,0.05357331434581969,1.032057374925831,1.055021589693904,0.02407003928546851,-0.44155268274380055,0.0009088064489783942,1
2021-01-25,GOOGL,94.71399688720705,0.0009088064489783942,0.004463569503152964,0.002170076080896921,1.0145540480168387,1.050333104932849,0.023507245480519225,0.544893720987051,0.007216485627563385,1
2021-01-26,GOOGL,95.39749908447266,0.007216485627563385,0.0009088064489783942,0.004463569503152964,1.0085357825489805,1.0490908189051622,0.022437563114247498,-0.3780492626418377,-0.04665217150336842,0
2021-01-27,GOOGL,90.9469985961914,-0.04665217150336842,0.007216485627563385,0.0009088064489783942,0.9677395393030469,0.9956859418452031,0.022641365406433564,1.622592333608798,0.018835201736824514,1
2021-01-28,GOOGL,92.66000366210938,0.018835201736824514,-0.04665217150336842,0.007216485627563385,0.9892249044066448,1.008590372709663,0.025286547418244515,-0.33006108202443285,-0.013943528979347253,0
2021-01-29,GOOGL,91.36799621582033,-0.013943528979347253,0.018835201736824514,-0.04665217150336842,0.9822688608136734,0.9893343702033599,0.0252598995409772,-0.19443539925467634,0.035959059388669834,1
2021-02-01,GOOGL,94.65350341796876,0.035959059388669834,-0.013943528979347253,0.018835201736824514,1.017722699582333,1.0158107928983808,0.03189962020379611,-0.09607006512463512,0.013760693653545708,1
2021-02-02,GOOGL,95.95600128173828,0.013760693653545708,0.035959059388669834,-0.013943528979347253,1.0304896385899753,1.0224019529091006,0.03238577089941808,0.6479181158700189,0.07282503302617571,1
2021-02-03,GOOGL,102.94400024414062,0.07282503302617571,0.013760693653545708,0.035959059388669834,1.0777636822698673,1.0865083145077683,0.03196510869079564,0.4756377012603268,-0.002549900408179706,0
2021-02-04,GOOGL,102.68150329589844,-0.002549900408179706,0.07282503302617571,0.013760693653545708,1.0529211505838398,1.074131041278298,0.03441453914745682,-0.5035246521321591,0.017140326644460302,1
2021-02-05,GOOGL,104.44149780273438,0.017140326644460302,-0.002549900408179706,0.07282503302617571,1.043003781306576,1.0814402472441962,0.028831300595052702,-0.3854226685323895,-0.0020633549160385956,0
2021-02-08,GOOGL,104.22599792480467,-0.0020633549160385956,0.017140326644460302,-0.002549900408179706,1.0213248611226928,1.0686831689701526,0.03095449483796326,-0.034755240072323,-0.004379878355418976,0
2021-02-09,GOOGL,103.76950073242188,-0.004379878355418976,-0.0020633549160385956,0.017140326644460302,1.0015152682583846,1.0549465448234985,0.03284782609383895,-0.2405994172332454,0.0053435427676049585,1
2021-02-10,GOOGL,104.3239974975586,0.0053435427676049585,-0.004379878355418976,-0.0020633549160385956,1.0041919755235442,1.0463539220762963,0.008886605323139724,0.14662890553626906,0.0010879807634294192,1
2021-02-11,GOOGL,104.4375,0.0010879807634294192,0.0053435427676049585,-0.004379878355418976,1.0018975612054648,1.0352631331762232,0.008489564379848462,-0.18412875468090195,0.003006611520983027,1
2021-02-12,GOOGL,104.75150299072266,0.003006611520983027,0.0010879807634294192,0.0053435427676049585,1.0043125199527725,1.0247802742073875,0.0038866355910894394,-0.07275390625,0.0074796126930618545,1
2021-02-16,GOOGL,105.53500366210938,0.0074796126930618545,0.003006611520983027,0.0010879807634294192,1.0092910305840337,1.0215702774911317,0.004540516792419335,0.6326487625065824,0.00375227251630994,1
2021-02-17,GOOGL,105.93099975585938,0.00375227251630994,0.0074796126930618545,0.003006611520983027,1.008907013115294,1.01559716808144,0.002416147338354133,-0.3454392981550768,-0.0060464163574749374,0
2021-02-18,GOOGL,105.29049682617188,-0.0060464163574749374,0.00375227251630994,0.0074796126930618545,1.000963941877776,1.007190600781649,0.004989559446578947,0.11096875923918392,-0.008072888814689372,0
2021-02-19,GOOGL,104.44049835205078,-0.008072888814689372,-0.0060464163574749374,0.00375227251630994,0.9928776109916512,0.997381444978028,0.006722940412679266,0.6826931606493392,-0.016540527312539632,0
2021-02-22,GOOGL,102.71299743652344,-0.016540527312539632,-0.008072888814689372,-0.0060464163574749374,0.980254225098901,0.9825060290234577,0.009615805431260008,-0.2233117191206706,0.0028526016657162145,1
2021-02-23,GOOGL,103.00599670410156,0.0028526016657162145,-0.016540527312539632,-0.008072888814689372,0.9878188777740624,0.9864599240486176,0.008393575070706412,0.17620308151768138,0.011499346502629848,1
2021-02-24,GOOGL,104.19049835205078,0.011499346502629848,0.0028526016657162145,-0.016540527312539632,1.002524830378857,0.9974014384390413,0.010752936999196987,-0.3476830746148075,-0.03256532788848532,0
2021-02-25,GOOGL,100.79750061035156,-0.03256532788848532,0.011499346502629848,0.0028526016657162145,0.978336323890857,0.9681892119576802,0.017123131838365085,0.8377565463552725,0.0029563879976355345,1
2021-02-26,GOOGL,101.09549713134766,0.0029563879976355345,-0.03256532788848532,0.011499346502629848,0.9876417080840302,0.9741787570245685,0.01789543040239601,-0.03624723211706937,0.023616329563469707,1
2021-03-01,GOOGL,103.48300170898438,0.023616329563469707,0.0029563879976355345,-0.03256532788848532,1.0094474715088742,0.9984056909163541,0.020936621223053446,-0.34918335747465157,-0.0025028524614626457,0
2021-03-02,GOOGL,103.2239990234375,-0.0025028524614626457,0.023616329563469707,0.0029563879976355345,1.006492901704737,0.9981323255448091,0.02099801424829108,-0.01903300076745973,-0.02570619055333956,0
2021-03-03,GOOGL,100.57050323486328,-0.02570619055333956,-0.0025028524614626457,0.023616329563469707,0.9875916112314791,0.9775411059273607,0.02269412764058265,0.32577061492724146,0.011196120278468058,1
2021-03-04,GOOGL,101.69650268554688,0.011196120278468058,-0.02570619055333956,-0.0025028524614626457,0.9968886782199847,0.9919510031319143,0.018307231693534463,0.45214209843030795,0.03104332594824566,1
2021-03-05,GOOGL,104.85350036621094,0.03104332594824566,0.011196120278468058,-0.02570619055333956,1.0203180924909587,1.022332621383959,0.022529921342215226,0.07891742522756817,-0.042711977669504075,0
2021-03-08,GOOGL,100.375,-0.042711977669504075,0.03104332594824566,0.011196120278468058,0.9826822644952847,0.980902811885179,0.029222851470186523,-0.30568738229755177,0.016368595185048296,1
2021-03-09,GOOGL,102.01799774169922,0.016368595185048296,-0.042711977669504075,0.03104332594824566,1.0011314414154246,0.997922317201415,0.030914582542652308,-0.07996094173809265,-0.0020437187394903855,0
2021-03-10,GOOGL,101.80950164794922,-0.0020437187394903855,0.016368595185048296,-0.042711977669504075,0.9966617996123166,0.9982077199323284,0.02804944043052442,-0.20106132075471694,0.031603128659079216,1
2021-03-11,GOOGL,105.0270004272461,0.031603128659079216,-0.0020437187394903855,0.016368595185048296,1.021498477773411,1.0255015734512232,0.03091975864710233,0.02221402214022139,-0.02406048365626312,0
2021-03-12,GOOGL,102.5,-0.02406048365626312,0.031603128659079216,-0.0020437187394903855,1.001505678651282,0.9994568738429704,0.029946565223924443,0.22077828315645087,0.0021658548494665197,1
2021-03-15,GOOGL,102.72200012207033,0.0021658548494665197,-0.02406048365626312,0.031603128659079216,0.9990925488158502,1.0023653448679193,0.02085031535377814,-0.2262108936069549,0.014334842198939768,1
2021-03-16,GOOGL,104.19450378417967,0.014334842198939768,0.0021658548494665197,-0.02406048365626312,1.009141860453637,1.0157721349587412,0.020586545023556068,0.21904616325282777,-0.0008014215732288221,0
2021-03-17,GOOGL,104.11100006103516,-0.0008014215732288221,0.014334842198939768,0.0021658548494665197,1.0038578315175959,1.0114669323107943,0.020496634760065136,-0.17297805642633224,-0.029238012472045938,0
2021-03-18,GOOGL,101.06700134277344,-0.029238012472045938,-0.0008014215732288221,0.014334842198939768,0.9820062233454819,0.9824945213934695,0.018451618309647956,0.20157683268895465,0.0027803162876818277,1
2021-03-19,GOOGL,101.3479995727539,0.0027803162876818277,-0.029238012472045938,-0.0008014215732288221,0.9869459443748766,0.9885950758325742,0.016203886211179328,0.45337539432176666,0.0018401996102799245,1
2021-03-22,GOOGL,101.53450012207033,0.0018401996102799245,0.0027803162876818277,-0.029238012472045938,0.9910542518300838,0.9892953655330088,0.016182834239259643,-0.27209584997395386,0.005239575513982464,1
2021-03-23,GOOGL,102.06649780273438,0.005239575513982464,0.0018401996102799245,0.0027803162876818277,1.0004028214792537,0.9944318606868016,0.014253351543258418,-0.14986879770992367,-0.004310864206020892,0
2021-03-24,GOOGL,101.62650299072266,-0.004310864206020892,0.005239575513982464,0.0018401996102799245,1.0009652720581732,0.9903215695835151,0.014140216218938458,-0.11546825675201688,-3.445845312788354e-05,0
2021-03-25,GOOGL,101.6230010986328,-3.445845312788354e-05,-0.004310864206020892,0.005239575513982464,0.9998357018104356,0.9935832608686327,0.0035732284960638253,0.4123245300975493,-0.003803248215268229,0
2021-03-26,GOOGL,101.23650360107422,-0.003803248215268229,-3.445845312788354e-05,-0.004310864206020892,0.9962516506251579,0.9910286737748413,0.003989375135155083,-0.21445417789757415,0.010401324986127669,1
2021-03-29,GOOGL,102.28949737548828,0.010401324986127669,-0.003803248215268229,-3.445845312788354e-05,1.0051204185073173,1.0017608180121664,0.006274216026015633,-0.05311316034026736,0.000332431112658238,1
2021-03-30,GOOGL,102.32350158691406,0.000332431112658238,0.010401324986127669,-0.003803248215268229,1.0049469774028763,1.0039333869947338,0.005916309448413197,0.030952740449947225,0.007842752166645539,1
2021-03-31,GOOGL,103.1259994506836,0.007842752166645539,0.000332431112658238,0.010401324986127669,1.0098541106367356,1.01278576437187,0.005933512099248401,0.5586555360281196,0.03261058297922803,1
2021-04-01,GOOGL,106.48899841308594,0.03261058297922803,0.007842752166645539,0.000332431112658238,1.0329421165261803,1.0402739788734974,0.014130427600079813,-0.063190039934226,0.04187286668329793,1
2021-04-05,GOOGL,110.947998046875,0.04187286668329793,0.03261058297922803,0.007842752166645539,1.0562935009405272,1.0737633883575153,0.01770990376929563,0.21639919759277837,-0.0043714228187032855,0
2021-04-06,GOOGL,110.46299743652344,-0.0043714228187032855,0.04187286668329793,0.03261058297922803,1.0355592204148973,1.0599107521929894,0.020443447863568737,-0.2735518449804164,0.013475123226642127,1
2021-04-07,GOOGL,111.95149993896484,0.013475123226642127,-0.0043714228187032855,0.04187286668329793,1.0309036868308072,1.0641003762127526,0.01875565732576,-0.31515323496027237,0.0050914877883276866,1
2021-04-08,GOOGL,112.52149963378906,0.0050914877883276866,0.013475123226642127,-0.0043714228187032855,1.0185282496079835,1.0585561324607502,0.01917432173087189,0.18770199718239833,0.00899384598402353,1
2021-04-09,GOOGL,113.53350067138672,0.00899384598402353,0.0050914877883276866,0.013475123226642127,1.0147474966235461,1.0562415323499164,0.01742288417854996,-0.08784538096567118,-0.011472365919020566,0
2021-04-12,GOOGL,112.2310028076172,-0.011472365919020566,0.00899384598402353,0.0050914877883276866,1.0008106173427864,1.0335521883662475,0.010144701987577958,-0.042912873862158696,0.004370394651599385,1
2021-04-13,GOOGL,112.72149658203124,0.004370394651599385,-0.011472365919020566,0.00899384598402353,1.0011519191926748,1.0281913999623105,0.009425988820291758,0.02629475703324813,-0.0055535054950944795,0
2021-04-14,GOOGL,112.09549713134766,-0.0055535054950944795,0.004370394651599385,-0.011472365919020566,0.9953374228440769,1.0134479193278798,0.008484700462361487,-0.18222879838018846,0.019331729394583608,1
2021-04-15,GOOGL,114.2624969482422,0.019331729394583608,-0.0055535054950944795,0.004370394651599385,1.0114518179668837,1.0227422086795472,0.012114573675090834,0.38910579944767165,-0.0010939722423238818,0
2021-04-16,GOOGL,114.1374969482422,-0.0010939722423238818,0.019331729394583608,-0.0055535054950944795,1.0092660941634297,1.0146768511797633,0.011728566816294273,-0.0991293617604716,0.0030708752472388134,1
2021-04-19,GOOGL,114.48799896240234,0.0030708752472388134,-0.0010939722423238818,0.019331729394583608,1.0083406141424536,1.0145998072079496,0.009397835662414887,0.1524998097557264,-0.004694801891835132,0
2021-04-20,GOOGL,113.95050048828124,-0.004694801891835132,0.0030708752472388134,-0.0010939722423238818,1.001438676501297,1.0067250304021693,0.010158238548677853,-0.2641795972268075,-0.0002895742555429903,0
2021-04-21,GOOGL,113.9175033569336,-0.0002895742555429903,-0.004694801891835132,0.0030708752472388134,0.997952750516541,1.0046884489776908,0.009396429655094542,0.04109834888729358,-0.011337185842314135,0
2021-04-22,GOOGL,112.6259994506836,-0.011337185842314135,-0.0002895742555429903,-0.004694801891835132,0.9894758447716596,0.9932065724465314,0.005480191662920864,0.04059644888812275,0.021047526048943554,1
2021-04-23,GOOGL,114.99649810791016,0.021047526048943554,-0.011337185842314135,-0.0002895742555429903,1.0087792612706001,1.0128044311220672,0.012154498013153771,0.20376045721858693,0.0043479584876646715,1
2021-04-26,GOOGL,115.49649810791016,0.0043479584876646715,0.021047526048943554,-0.011337185842314135,1.011375900035179,1.0142909541772405,0.01220750468554228,0.10225005160668821,-0.008203664373881536,0
2021-04-27,GOOGL,114.54900360107422,-0.008203664373881536,0.0043479584876646715,0.021047526048943554,1.0020285948043386,1.0043581393722534,0.012763471924972318,0.38541731693613834,0.029707808631674437,1
2021-04-28,GOOGL,117.9520034790039,0.029707808631674437,-0.008203664373881536,0.0043479584876646715,1.0245648423977072,1.0289120108544119,0.017939839824577416,0.8272878835668904,0.014293924304367156,1
2021-04-29,GOOGL,119.63800048828124,0.014293924304367156,0.029707808631674437,-0.008203664373881536,1.0267029592541737,1.038748377385403,0.014723647497270492,-0.4916035804995931,-0.0164078087941274,0
2021-04-30,GOOGL,117.6750030517578,-0.0164078087941274,0.014293924304367156,0.029707808631674437,1.005235693678935,1.0185763226815128,0.01823177587427056,0.08784013192996065,-0.004427480005378515,0
2021-05-03,GOOGL,117.15399932861328,-0.004427480005378515,-0.0164078087941274,0.014293924304367156,0.9979589802419238,1.0117318753446332,0.018696337126908,-0.3703852327447833,-0.015471089424066498,0
2021-05-04,GOOGL,115.34149932861328,-0.015471089424066498,-0.004427480005378515,-0.0164078087941274,0.9811947061320738,0.9948841717897995,0.02001998904517156,0.5869272714396998,0.003441980346527762,1
2021-05-05,GOOGL,115.7385025024414,0.003441980346527762,-0.015471089424066498,-0.004427480005378515,0.9882938651679803,0.996742947054453,0.012993886827776866,-0.4056852157615244,0.009754729656283212,1
2021-05-06,GOOGL,116.86750030517578,0.009754729656283212,0.003441980346527762,-0.015471089424066498,1.0026785517212506,1.0028028753245841,0.011493084909070913,-0.05428743054512686,0.006237801569741963,1
2021-05-07,GOOGL,117.59649658203124,0.006237801569741963,0.009754729656283212,0.003441980346527762,1.0090689943692857,1.0068119872408972,0.010060147427139303,0.1472012703453751,-0.02558745492943626,0
2021-05-10,GOOGL,114.5875015258789,-0.02558745492943626,0.006237801569741963,0.009754729656283212,0.9875993759833441,0.9818143228159059,0.01538233440336354,0.06976261332964229,-0.009464410685167013,0
2021-05-11,GOOGL,113.50299835205078,-0.009464410685167013,-0.02558745492943626,0.006237801569741963,0.9813623759565223,0.9733944271924008,0.014503660897554593,0.10584201332729504,-0.03075250393810869,0
2021-05-12,GOOGL,110.0124969482422,-0.03075250393810869,-0.009464410685167013,-0.02558745492943626,0.9606954134288896,0.9499280476618676,0.018219704233608438,0.3565787164336278,0.01308493644534714,1
2021-05-13,GOOGL,111.4520034790039,0.01308493644534714,-0.03075250393810869,-0.009464410685167013,0.9825593698571254,0.9692085360383048,0.019157418497603013,-0.28402622045885806,0.022135046138695547,1
2021-05-14,GOOGL,113.91899871826172,0.022135046138695547,0.01308493644534714,-0.03075250393810869,1.010862958323684,0.9939084099894765,0.023259967228792044,-0.036381158896518495,0.0046260977815424376,1
2021-05-17,GOOGL,114.4459991455078,0.0046260977815424376,0.022135046138695547,0.01308493644534714,1.0157944005316457,1.0008710327308794,0.02072342077515742,-0.3249781222652831,-0.011555686927500308,0
2021-05-18,GOOGL,113.12349700927734,-0.011555686927500308,0.0046260977815424376,0.022135046138695547,1.0047330590090784,0.9912279871975469,0.020979839198813417,0.028058153532734442,0.0039912127091317195,1
2021-05-19,GOOGL,113.5749969482422,0.0039912127091317195,-0.011555686927500308,0.0046260977815424376,1.002399739199009,0.9970743826163674,0.012486191074467821,0.06665465681859128,0.015606487004132807,1
2021-05-20,GOOGL,115.34750366210938,0.015606487004132807,0.0039912127091317195,-0.011555686927500308,1.0110911656283676,1.0139882813974708,0.012865994139320953,0.3659854754264482,-0.005557176786454732,0
2021-05-21,GOOGL,114.7064971923828,-0.005557176786454732,0.015606487004132807,0.0039912127091317195,1.0040861312294846,1.0109216351145642,0.010430676326816882,0.2559347181008902,0.029165782607163182,1
2021-05-24,GOOGL,118.052001953125,0.029165782607163182,-0.005557176786454732,0.015606487004132807,1.0268882952159704,1.0372389495891254,0.016387486637338838,-0.21657806654853318,0.0007750764671454746,1
2021-05-25,GOOGL,118.14350128173828,0.0007750764671454746,0.029165782607163182,-0.005557176786454732,1.018786728314517,1.0338276843947076,0.013736317332241696,-0.29504900728826333,0.0073808685072718205,1
2021-05-26,GOOGL,119.0155029296875,0.0073808685072718205,0.0007750764671454746,0.029165782607163182,1.0167659222945398,1.0333175695371335,0.013521856793264207,-0.03868092691622105,-0.007406600169235111,0
2021-05-27,GOOGL,118.13400268554688,-0.007406600169235111,0.0073808685072718205,0.0007750764671454746,1.0044528538033617,1.0197481794183727,0.014771584433499513,0.632857407750788,-0.002467569875084452,0
2021-05-28,GOOGL,117.84249877929688,-0.002467569875084452,-0.007406600169235111,0.0073808685072718205,0.9966592431209689,1.0137983304893192,0.014282802445099396,-0.3901317283670225,0.010323095158492945,1
2021-06-01,GOOGL,119.05899810791016,0.010323095158492945,-0.002467569875084452,-0.007406600169235111,1.0052355885364668,1.0202150820340725,0.0072073248575649194,0.08714272414114133,-0.004447334915231638,0
2021-06-02,GOOGL,118.52950286865234,-0.004447334915231638,0.010323095158492945,-0.002467569875084452,1.0001130799470461,1.0109945131651363,0.007737582361381768,-0.09403100111329965,-0.009706486892068544,0
2021-06-03,GOOGL,117.37899780273438,-0.009706486892068544,-0.004447334915231638,0.010323095158492945,0.9931482319326435,0.9979433678700791,0.007809333482553414,-0.11636260516116836,0.019590382902938464,1
2021-06-04,GOOGL,119.67849731445312,0.019590382902938464,-0.009706486892068544,-0.004447334915231638,1.0099647364468805,1.0137606283704115,0.011990590692246944,0.3081942661531878,0.003647276320402737,1
2021-06-07,GOOGL,120.11499786376952,0.003647276320402737,0.019590382902938464,-0.009706486892068544,1.0097753474427467,1.0128179908574784,0.011643892065542873,-0.013819609125848342,-0.0016068001239605278,0
2021-06-08,GOOGL,119.9219970703125,-0.0016068001239605278,0.003647276320402737,0.019590382902938464,1.0066921287238617,1.0095986668254955,0.011208043894678695,0.004975124378109541,0.003960958915961932,1
2021-06-09,GOOGL,120.39700317382812,0.003960958915961932,-0.0016068001239605278,0.003647276320402737,1.0075206470635893,1.0116783128739135,0.01071335460791924,-0.2598184818481848,0.011291784965358875,1
2021-06-10,GOOGL,121.75650024414062,0.011291784965358875,0.003960958915961932,-0.0016068001239605278,1.0114867281816757,1.0207509530962688,0.008227713882812668,0.44376323709731347,-0.0020245170271474544,0
2021-06-11,GOOGL,121.51000213623048,-0.0020245170271474544,0.011291784965358875,0.003960958915961932,1.006376523109982,1.015809396403337,0.005397917308027392,-0.15233168622606552,0.007698963724681374,1
2021-06-14,GOOGL,122.44550323486328,0.007698963724681374,-0.0020245170271474544,0.011291784965358875,1.0102247413994183,1.0197061876955764,0.005798547750028835,0.006375808361417157,-0.008379245864133744,0
2021-06-15,GOOGL,121.41950225830078,-0.008379245864133744,0.007698963724681374,-0.0020245170271474544,0.9992905686761657,1.009177987478155,0.007830834770378497,-0.024255588741062595,-0.005328659414627901,0
2021-06-16,GOOGL,120.77249908447266,-0.005328659414627901,-0.008379245864133744,0.007698963724681374,0.9933517274283673,1.0019325529764025,0.00847585030505308,0.22771542528522404,0.008039915367715977,1
2021-06-17,GOOGL,121.74349975585938,0.008039915367715977,-0.005328659414627901,-0.008379245864133744,1.0013596060819687,1.0063442297718643,0.007526940195356463,-0.023798730734360785,-0.013409337649221365,0
2021-06-18,GOOGL,120.11100006103516,-0.013409337649221365,0.008039915367715977,-0.005328659414627901,0.9902109111969539,0.9924949921307434,0.009700999400042922,0.7845368005572324,0.014166062542982916,1
2021-06-21,GOOGL,121.8125,0.014166062542982916,-0.013409337649221365,0.008039915367715977,1.0052875319739416,1.0051448505597416,0.011607219422381802,-0.4055425448868072,0.004252418608100328,1
2021-06-22,GOOGL,122.33049774169922,0.004252418608100328,0.014166062542982916,-0.013409337649221365,1.0080466932980239,1.0074170145722179,0.010950852305978129,-0.1832640256803093,-0.001663516817872357,0
2021-06-23,GOOGL,122.1269989013672,-0.001663516817872357,0.004252418608100328,0.014166062542982916,1.0041282633103736,1.0043103311978054,0.010488709905681858,-0.1447967842786958,0.003054206702762352,1
2021-06-24,GOOGL,122.5,0.003054206702762352,-0.001663516817872357,0.004252418608100328,1.005943695591566,1.0067621516641654,0.010030885074258802,0.11562565280969284,6.938077965545908e-05,1
2021-06-25,GOOGL,122.5084991455078,6.938077965545908e-05,0.003054206702762352,-0.001663516817872357,1.0020677971622969,1.006006461209951,0.00616095179359532,0.619417657522704,0.0002245066054762379,1
2021-06-28,GOOGL,122.53600311279295,0.0002245066054762379,6.938077965545908e-05,0.003054206702762352,1.001107866745231,1.0061575426641618,0.00240749681734889,-0.17540613979302766,-0.0021504212772285314,0
2021-06-29,GOOGL,122.27249908447266,-0.0021504212772285314,0.0002245066054762379,6.938077965545908e-05,0.9990497417712317,1.0032911691896247,0.0020452135118843324,-0.18993199186706866,-0.0014966460863790054,0
2021-06-30,GOOGL,122.0895004272461,-0.0014966460863790054,-0.0021504212772285314,0.0002245066054762379,0.9976156494013894,1.0007081836803604,0.002014310034800895,0.059113726847844994,0.002907730441121137,1
2021-07-01,GOOGL,122.44450378417967,0.002907730441121137,-0.0014966460863790054,-0.0021504212772285314,1.0006071958096443,1.0030416467960428,0.0019579765924337966,-0.26003105336275234,0.022973639679268354,1
2021-07-02,GOOGL,125.25749969482422,0.022973639679268354,0.002907730441121137,-0.0014966460863790054,1.019016420850209,1.021777439619789,0.010515203959390856,0.4346769740474876,0.007444685937799678,1
2021-07-06,GOOGL,126.19000244140624,0.007444685937799678,0.022973639679268354,0.002907730441121137,1.0205352600441762,1.0257214920870958,0.010275725671872968,0.016242013701793567,0.0022505474010361404,1
2021-07-07,GOOGL,126.4739990234375,0.0022505474010361404,0.007444685937799678,0.022973639679268354,1.0159280296511843,1.0245791451480035,0.00957447882848887,-0.08877442811695202,-0.011306674227251845,0
2021-07-08,GOOGL,125.04399871826172,-0.011306674227251845,0.0022505474010361404,0.007444685937799678,0.9996961831923248,1.0106064064391551,0.012316313549963504,-0.01122194513715713,0.0037946848176670933,1
2021-07-09,GOOGL,125.51850128173828,0.0037946848176670933,-0.011306674227251845,0.0022505474010361404,0.998581515600506,1.0119725767821866,0.012287627810095715,-0.21681378730559053,0.011607856352200185,1
2021-07-12,GOOGL,126.97550201416016,0.011607856352200185,0.0037946848176670933,-0.011306674227251845,1.0074190601838553,1.0200457666094633,0.008652055636698732,-0.05173894375268351,0.002882424630322067,1
2021-07-13,GOOGL,127.34149932861328,0.002882424630322067,0.011607856352200185,0.0037946848176670933,1.0084801878404888,1.019051972221136,0.008266224737330796,0.08897441702513009,0.0070322729654264116,1
2021-07-14,GOOGL,128.23699951171875,0.0070322729654264116,0.002882424630322067,0.011607856352200185,1.012744094796474,1.021343251329854,0.008594837041982963,0.23399168399168402,-0.009607229294133712,0
2021-07-15,GOOGL,127.00499725341795,-0.009607229294133712,0.0070322729654264116,0.002882424630322067,0.9999173122609302,1.0075863262898443,0.007903182459613193,0.02004885856288441,-0.00027554847030941687,0
2021-07-16,GOOGL,126.97000122070312,-0.00027554847030941687,-0.009607229294133712,0.0070322729654264116,0.9973622675056932,1.0037051095261005,0.008027787174125226,-0.15666033528780243,-0.018839082208542912,0
2021-07-19,GOOGL,124.5780029296875,-0.018839082208542912,-0.00027554847030941687,-0.009607229294133712,0.9822726270633533,0.9853254901719884,0.010419994764907358,0.36936936936936937,0.013096214466220335,1
2021-07-20,GOOGL,126.20950317382812,0.013096214466220335,-0.018839082208542912,-0.00027554847030941687,0.9969162879155443,0.9982141279299942,0.012781630238436384,-0.05921052631578949,0.010613308772804642,1
2021-07-21,GOOGL,127.54900360107422,0.010613308772804642,0.013096214466220335,-0.018839082208542912,1.0085930902037679,1.0079514811634576,0.013476036626870266,-0.21153846153846156,0.006840429204198584,1
2021-07-22,GOOGL,128.42149353027344,0.006840429204198584,0.010613308772804642,0.013096214466220335,1.01322249156876,1.0121448333970968,0.012843074561787862,-0.3106140942832353,0.035768980200282074,1
2021-07-23,GOOGL,133.01499938964844,0.035768980200282074,0.006840429204198584,0.010613308772804642,1.0395483932893936,1.0421906350228676,0.019457699965006816,1.9021115927842258,0.00766834024088503,1
2021-07-26,GOOGL,134.03500366210938,0.00766834024088503,0.035768980200282074,0.006840429204198584,1.0322613170144852,1.0444056743638575,0.011982744937973007,-0.26343179299378405,-0.015928747769554108,0
2021-07-27,GOOGL,131.89999389648438,-0.015928747769554108,0.00766834024088503,0.035768980200282074,1.0069924142613187,1.024131887726012,0.018351160121067498,0.7895459897945833,0.03179681909183474,1
2021-07-28,GOOGL,136.093994140625,0.03179681909183474,-0.015928747769554108,0.00766834024088503,1.0256297975979047,1.0502887062901913,0.02106373448538955,0.7388046061049169,-0.002325582438320817,0
2021-07-29,GOOGL,135.77749633789062,-0.002325582438320817,0.03179681909183474,-0.015928747769554108,1.0120240547058743,1.0407998867254804,0.022130604917257397,-0.6666035950804163,-0.007740567482783844,0
2021-07-30,GOOGL,134.72650146484375,-0.007740567482783844,-0.002325582438320817,0.03179681909183474,1.0016348905398378,1.0266393834454148,0.01838886402695091,-0.19359313910959763,0.0009501173121364559,1
2021-08-02,GOOGL,134.85450744628906,0.0009501173121364559,-0.007740567482783844,-0.002325582438320817,1.0013663630186063,1.0196302142858547,0.01817877984111904,-0.15412887081639037,0.005750623032250601,1
2021-08-03,GOOGL,135.6300048828125,0.005750623032250601,0.0009501173121364559,-0.007740567482783844,1.0015766470627514,1.0182409878252034,0.015400209428400929,-0.04030692428584637,-0.0037196883035530703,0
2021-08-04,GOOGL,135.12550354003906,-0.0037196883035530703,0.005750623032250601,0.0009501173121364559,0.9992804527611585,1.008715822483302,0.005076747617318964,-0.052307099508717814,0.008332933397398268,1
2021-08-05,GOOGL,136.25149536132812,0.008332933397398268,-0.0037196883035530703,0.005750623032250601,1.0069014880898146,1.0112107369658907,0.0066069805892253666,-0.09178694856678182,-0.0037650998759376497,0
2021-08-06,GOOGL,135.73849487304688,-0.0037650998759376497,0.008332933397398268,-0.0037196883035530703,1.0016122612926184,1.0053712879757803,0.005477798158845357,0.14650251818690552,0.008652663438011743,1
2021-08-09,GOOGL,136.91299438476562,0.008652663438011743,-0.0037650998759376497,0.008332933397398268,1.0072190356363762,1.011913397365143,0.006302119748140767,-0.13315111284654435,-0.0007741233715936602,0
2021-08-10,GOOGL,136.8070068359375,-0.0007741233715936602,0.008652663438011743,-0.0037650998759376497,1.00469943063793,1.007476201874688,0.006278667882450652,0.09313063063063054,-0.0038594505511174715,0
2021-08-11,GOOGL,136.2790069580078,-0.0038594505511174715,-0.0007741233715936602,0.008652663438011743,0.9991290715474459,1.003451179662669,0.0063093168559655065,-0.20923045225095294,0.006714117651405838,1
2021-08-12,GOOGL,137.19400024414062,0.006714117651405838,-0.0038594505511174715,-0.0007741233715936602,1.004449198653365,1.0091359383253427,0.005914128405607308,0.07516935904116728,0.003888603299290194,1
2021-08-13,GOOGL,137.7274932861328,0.003888603299290194,0.006714117651405838,-0.0038594505511174715,1.0054268556896826,1.010828772825237,0.005191443761564237,-0.03380588876772084,0.004225741124996407,1
2021-08-16,GOOGL,138.3094940185547,0.004225741124996407,0.003888603299290194,0.006714117651405838,1.0076210683106592,1.012532762023298,0.004265119464102495,0.40356157511913726,-0.011915270219238216,0
2021-08-17,GOOGL,136.6614990234375,-0.011915270219238216,0.004225741124996407,0.003888603299290194,0.9958261186305613,0.9997132433891662,0.007660734973913995,-0.029842744817726974,-0.008872242037067268,0
2021-08-18,GOOGL,135.44900512695312,-0.008872242037067268,-0.011915270219238216,0.004225741124996407,0.9881862310067074,0.9906091183253591,0.008538819983791836,-0.1131884324921717,0.0017053469577841263,1
2021-08-19,GOOGL,135.67999267578125,0.0017053469577841263,-0.008872242037067268,-0.011915270219238216,0.9920630263072104,0.9927133746618374,0.007624271377270559,0.13106241561948284,0.012894397208073283,1
2021-08-20,GOOGL,137.42950439453125,0.012894397208073283,0.0017053469577841263,-0.008872242037067268,1.0052931537828254,1.0042712901531698,0.010086513382490177,0.43209989899917356,0.01900610442587536,1
2021-08-23,GOOGL,140.04150390625,0.01900610442587536,0.012894397208073283,0.0017053469577841263,1.0218106727030114,1.021024339807566,0.01339994484068322,-0.08783740462909528,0.008711711790240662,1
2021-08-24,GOOGL,141.26150512695312,0.008711711790240662,0.01900610442587536,0.012894397208073283,1.0238395882891957,1.026585151942013,0.01073892953575178,-0.3228368594925143,0.005787065791835966,1
2021-08-25,GOOGL,142.07899475097656,0.005787065791835966,0.008711711790240662,0.01900610442587536,1.0199621573031876,1.0281922310192204,0.006651667722912344,-0.1774963670334233,-0.004493899824181136,0
2021-08-26,GOOGL,141.4405059814453,-0.004493899824181136,0.005787065791835966,0.008711711790240662,1.0070494860068018,1.0204357409213265,0.008744491249309446,0.30047955577990915,0.01812417032519198,1
2021-08-27,GOOGL,144.00399780273438,0.01812417032519198,-0.004493899824181136,0.005787065791835966,1.0157915672252606,1.0342469706910977,0.009681841553137518,0.3964095099466278,0.0040728180060580765,1
2021-08-30,GOOGL,144.5904998779297,0.0040728180060580765,0.01812417032519198,-0.004493899824181136,1.013424901474868,1.0337957524499903,0.00817405268192312,-0.15100764419735924,0.000739983809424416,1
2021-08-31,GOOGL,144.69749450683594,0.000739983809424416,0.0040728180060580765,0.01812417032519198,1.0093134383030933,1.0286505398191748,0.008394735256163837,-0.08128018335106824,0.0035799194233405718,1
2021-09-01,GOOGL,145.2154998779297,0.0035799194233405718,0.000739983809424416,0.0040728180060580765,1.0085138112188685,1.025214984406769,0.00839091023367068,-0.022808267997148968,-0.013280244299501476,0
2021-09-02,GOOGL,143.28700256347656,-0.013280244299501476,0.0035799194233405718,0.000739983809424416,0.9925747815321327,1.0061960875513865,0.011177655367923447,0.47438001458789203,0.0031579932691241375,1
2021-09-03,GOOGL,143.739501953125,0.0031579932691241375,-0.013280244299501476,0.0035799194233405718,0.9960743295241169,1.0049208104080054,0.007343207764808779,-0.3862469853441346,0.0037637556750917955,1
2021-09-07,GOOGL,144.28050231933594,0.0037637556750917955,0.0031579932691241375,-0.013280244299501476,1.0002530578404198,1.0057225318254335,0.007297874595926556,0.01380352644836269,-0.004085846993628239,0
2021-09-08,GOOGL,143.6909942626953,-0.004085846993628239,0.0037637556750917955,0.0031579932691241375,0.9975583217189049,0.9999199378785895,0.007426129126886784,-0.08845160007950703,-0.0010438642815022714,0
2021-09-09,GOOGL,143.54100036621094,-0.0010438642815022714,-0.004085846993628239,0.0037637556750917955,0.9988393119481491,0.997860949837813,0.0069262487484382605,-0.1651766245093763,-0.018566077144047455,0
2021-09-10,GOOGL,140.87600708007812,-0.018566077144047455,-0.0010438642815022714,-0.004085846993628239,0.9835951527060386,0.9797190531498103,0.009087740602321905,1.4056418963040356,0.010338859132732914,1
2021-09-13,GOOGL,142.33250427246094,0.010338859132732914,-0.018566077144047455,-0.0010438642815022714,0.9957207261253619,0.9910002051927209,0.010783495349062679,-0.400271444082519,0.0014894022804481377,1
2021-09-14,GOOGL,142.54449462890625,0.0014894022804481377,0.010338859132732914,-0.018566077144047455,0.9996317910396494,0.993892047837786,0.010528837859471289,-0.10953199963791072,0.013224009601579878,1
2021-09-15,GOOGL,144.42950439453125,0.013224009601579878,0.0014894022804481377,0.010338859132732914,1.011802905612159,1.0072234917865375,0.012488493105130538,0.3931076547727965,-0.005674074612491142,0
2021-09-16,GOOGL,143.61000061035156,-0.005674074612491142,0.013224009601579878,0.0014894022804481377,1.0059646073612438,1.0026310205560545,0.012852501633447647,-0.04443957968476353,-0.019566865445659,0
2021-09-17,GOOGL,140.8000030517578,-0.019566865445659,-0.005674074612491142,0.013224009601579878,0.986386062807161,0.98472247700768,0.01321963486766209,1.0383352424589538,-0.014776316235795561,0
2021-09-20,GOOGL,138.71949768066406,-0.014776316235795561,-0.019566865445659,-0.005674074612491142,0.9767554842999954,0.9735900585430298,0.013061706514349968,-0.12861531545032223,0.0022600073192293735,1
2021-09-21,GOOGL,139.0330047607422,0.0022600073192293735,-0.014776316235795561,-0.019566865445659,0.9838280273134116,0.9793974097409899,0.013162474727179923,-0.45543660518508966,0.008994182952471785,1
2021-09-22,GOOGL,140.2834930419922,0.008994182952471785,0.0022600073192293735,-0.014776316235795561,0.9985357821999158,0.9905840512914087,0.011767933487260846,-0.010895310279488424,0.006647327891225352,1
2021-09-23,GOOGL,141.21600341796875,0.006647327891225352,0.008994182952471785,0.0022600073192293735,1.0086108105110774,0.9988085827371048,0.013012743880293148,-0.1637931034482759,0.007074218896884421,1
2021-09-24,GOOGL,142.21499633789062,0.007074218896884421,0.006647327891225352,0.008994182952471785,1.0136969900442974,1.0049226557339201,0.009718132351835492,0.09698358151966402,-0.008037057565919659,0
2021-09-27,GOOGL,141.07200622558594,-0.008037057565919659,0.007074218896884421,0.006647327891225352,1.0021888102495984,0.9977347126504559,0.006845528154908036,-0.04794639749390883,-0.03715836000906403,0
2021-09-28,GOOGL,135.8300018310547,-0.03715836000906403,-0.008037057565919659,0.007074218896884421,0.9693605679097801,0.9652443169243031,0.0194897255491946,1.091764920939585,-0.010870216041668157,0
2021-09-29,GOOGL,134.35350036621094,-0.010870216041668157,-0.03715836000906403,-0.008037057565919659,0.9670081308938272,0.961637494381432,0.01802170089710966,-0.32605086078825485,-0.005042708164040177,0
2021-09-30,GOOGL,133.67599487304688,-0.005042708164040177,-0.010870216041668157,-0.03715836000906403,0.9726891932381869,0.9636399889426459,0.016240657323041807,0.23171680497925307,0.021447413929883696,1
2021-10-01,GOOGL,136.54299926757812,0.021447413929883696,-0.005042708164040177,-0.010870216041668157,1.0018203084190938,0.9873374939180174,0.020822597340291734,-0.0693757237603958,-0.02111788345777532,0
2021-10-04,GOOGL,133.6595001220703,-0.02111788345777532,0.021447413929883696,-0.005042708164040177,0.9914481221610425,0.9700362483884702,0.02164458517406267,0.4480203619909502,0.017682954603962298,1
2021-10-05,GOOGL,136.0229949951172,0.017682954603962298,-0.02111788345777532,0.021447413929883696,1.0086910522602586,0.9893506115817065,0.01844825412330586,-0.36713409632436234,0.0113363732826528,1
2021-10-06,GOOGL,137.56500244140625,0.0113363732826528,0.017682954603962298,-0.02111788345777532,1.0152900853912807,1.0025485674968053,0.01770895202232307,-0.24811751635600543,0.012067049268700725,1
2021-10-07,GOOGL,139.22500610351562,0.012067049268700725,0.0113363732826528,0.017682954603962298,1.0191936018020957,1.0161207641361785,0.01695372382308654,0.030618945985880774,0.004025865139600571,1
2021-10-08,GOOGL,139.78550720214844,0.004025865139600571,0.012067049268700725,0.0113363732826528,1.018461751915331,1.0220237204994553,0.015279403305103405,0.05639187574671456,-0.006234592947066964,0
2021-10-11,GOOGL,138.91400146484375,-0.006234592947066964,0.004025865139600571,0.012067049268700725,1.0044214602964003,1.0172568437912983,0.0092140834644267,-0.32315464072985,-0.017744765192113987,0
2021-10-12,GOOGL,136.44900512695312,-0.017744765192113987,-0.006234592947066964,0.004025865139600571,0.9859908122020207,0.9987531336677833,0.01266590961533738,1.0236159073187032,0.008303436176867685,1
2021-10-13,GOOGL,137.58200073242188,0.008303436176867685,-0.017744765192113987,-0.006234592947066964,0.994153501421463,1.0046720404210792,0.012088014569375027,-0.45904436860068254,0.02594089506723951,1
2021-10-14,GOOGL,141.1510009765625,0.02594089506723951,0.008303436176867685,-0.017744765192113987,1.0171116957500688,1.0251384024147348,0.016362960526351337,0.6227739900274754,0.0015373269601810513,1
2021-10-15,GOOGL,141.3679962158203,0.0015373269601810513,0.02594089506723951,0.008303436176867685,1.0163573908766235,1.0231290711312397,0.016356408889093413,-0.050793252649401155,0.009973994820983378,1
2021-10-18,GOOGL,142.7779998779297,0.009973994820983378,0.0015373269601810513,0.02594089506723951,1.020822841926759,1.026559108136814,0.015824630804439486,-0.3262865825460791,0.0032147784265186274,1
2021-10-19,GOOGL,143.23699951171875,0.0032147784265186274,0.009973994820983378,0.0015373269601810513,1.0142596971070414,1.0245451625680353,0.009675164147458422,-0.011374779368503618,-0.010248764804765664,0
2021-10-20,GOOGL,141.7689971923828,-0.010248764804765664,0.0032147784265186274,0.009973994820983378,0.9979473438444171,1.0110047165775897,0.013276786274631086,0.15492957746478875,0.0008253172191976521,1
2021-10-21,GOOGL,141.88600158691406,0.0008253172191976521,-0.010248764804765664,0.0032147784265186274,0.9977385365298425,1.0099226367655465,0.007284803545268991,0.12899347303332198,-0.030443480934472023,0
2021-10-22,GOOGL,137.56649780273438,-0.030443480934472023,0.0008253172191976521,-0.010248764804765664,0.9725636232455052,0.9807260905292852,0.015811344338913378,0.9240833713677163,-0.0008686095746930356,0
2021-10-25,GOOGL,137.44700622558594,-0.0008686095746930356,-0.030443480934472023,0.0008253172191976521,0.9790990793733201,0.9809000834672392,0.013802641609961351,-0.31975962678896186,0.013543372262503128,1
2021-10-26,GOOGL,139.30850219726562,0.013543372262503128,-0.0008686095746930356,-0.030443480934472023,0.9979447832689781,0.9921600774816937,0.01634639484907726,0.43077996047890266,0.04959493837818929,1
2021-10-27,GOOGL,146.21749877929688,0.04959493837818929,0.013543372262503128,-0.0008686095746930356,1.0408043088351915,1.0350007007106745,0.028974546714388334,0.7422617596880332,-0.00252021651947143,0
2021-10-28,GOOGL,145.8489990234375,-0.00252021651947143,0.04959493837818929,0.013543372262503128,1.0323568276642718,1.028970455870031,0.02917714851018255,-0.5779301018861767,0.015063567390221744,1
2021-10-29,GOOGL,148.04600524902344,0.015063567390221744,-0.00252021651947143,0.04959493837818929,1.0325890043865282,1.0395726189681136,0.020962462482834558,0.19648677014859417,-0.030727010991056458,0
2021-11-01,GOOGL,143.4969940185547,-0.030727010991056458,0.015063567390221744,-0.00252021651947143,0.992484584447601,1.007121189808655,0.02922459786962171,0.08319482917820875,0.0134880950773264,1
2021-11-02,GOOGL,145.4324951171875,0.0134880950773264,-0.030727010991056458,0.015063567390221744,0.9974219364293092,1.0191349617862242,0.029222455554939925,-0.28646321711704037,0.008014110491756155,1
2021-11-03,GOOGL,146.59800720214844,0.008014110491756155,0.0134880950773264,-0.030727010991056458,1.0048909039649936,1.0238377709419246,0.018850489949065165,-0.17884236306074908,0.011388249136321082,1
2021-11-04,GOOGL,148.2675018310547,0.011388249136321082,0.008014110491756155,0.0134880950773264,1.012976187030998,1.0309029335263569,0.019284405479718963,0.39710482287044435,0.003942220423287068,1
2021-11-05,GOOGL,148.8520050048828,0.003942220423287068,0.011388249136321082,0.008014110491756155,1.0158507737017666,1.0269090247470467,0.01822142539414767,-0.0015099448089138656,0.0012025424480262004,1
2021-11-08,GOOGL,149.031005859375,0.0012025424480262004,0.003942220423287068,0.011388249136321082,1.0094475665729337,1.019992515240915,0.0050867118348555404,-0.39896751316681445,-0.0007548969498599734,0
2021-11-09,GOOGL,148.9185028076172,-0.0007548969498599734,0.0012025424480262004,0.003942220423287068,1.0039444808026352,1.0125626571922137,0.004956341030817024,-0.15278500780843307,-0.020313185388261323,0
2021-11-10,GOOGL,145.89349365234375,-0.020313185388261323,-0.0007548969498599734,0.0012025424480262004,0.9844863393875899,0.9922128740662199,0.011787296403737938,0.5345622119815667,-0.0008704905077523417,0
2021-11-11,GOOGL,145.76649475097656,-0.0008704905077523417,-0.020313185388261323,-0.0007548969498599734,0.9869606901737553,0.9914047905541998,0.009676439469913851,-0.4488488488488489,0.019973719121197497,1
2021-11-12,GOOGL,148.67799377441406,0.019973719121197497,-0.0008704905077523417,-0.020313185388261323,1.0069112345673168,1.0107723653160763,0.014267379436341508,0.35367477902893807,-0.0015200495989177165,0
2021-11-15,GOOGL,148.45199584960938,-0.0015200495989177165,0.019973719121197497,-0.0008704905077523417,1.006169779162542,1.0058476347116463,0.014254685368568906,0.051341681574239795,-0.003879966491759146,0
2021-11-16,GOOGL,147.87600708007812,-0.003879966491759146,-0.0015200495989177165,0.019973719121197497,1.003684234575556,1.000288881453654,0.014326191506976688,-0.19584822188191253,0.0011563065138875395,1
2021-11-17,GOOGL,148.0469970703125,0.0011563065138875395,-0.003879966491759146,-0.0015200495989177165,1.001915889940853,1.0004649151182667,0.009672743710690783,0.0365002115954296,0.012100913505183497,1
2021-11-18,GOOGL,149.8385009765625,0.012100913505183497,0.0011563065138875395,-0.003879966491759146,1.00848173680323,1.0114976058886334,0.010113990843731845,0.8172910074512605,-0.006086570257528234,0
2021-11-19,GOOGL,148.92649841308594,-0.006086570257528234,0.012100913505183497,0.0011563065138875395,1.0020083600358036,1.005290501187638,0.007098470820445792,-0.05408896877106273,-0.017622763496938032,0
2021-11-22,GOOGL,146.302001953125,-0.017622763496938032,-0.006086570257528234,0.012100913505183497,0.9872063109390664,0.9893971171663214,0.010832240285745216,-0.09168101656671224,-0.003554320962932178,0
2021-11-23,GOOGL,145.78199768066406,-0.003554320962932178,-0.017622763496938032,-0.006086570257528234,0.9864852323693433,0.9879761035994649,0.010825599730484537,-0.11034843433352948,0.002318512860989941,1
2021-11-24,GOOGL,146.1199951171875,0.002318512860989941,-0.003554320962932178,-0.017622763496938032,0.9913578201995942,0.9901147544749865,0.010943652240399502,-0.3372033213314718,-0.026943584666858866,0
2021-11-26,GOOGL,142.18299865722656,-0.026943584666858866,0.002318512860989941,-0.003554320962932178,0.9747728531811328,0.9657826182770322,0.011758885967874052,0.6890243902439024,0.02354362823771572,1
2021-11-29,GOOGL,145.53050231933594,0.02354362823771572,-0.026943584666858866,0.002318512860989941,1.0023901006372655,0.9906385747531746,0.01942769456191485,0.06977354775188704,-0.024963808600735216,0
2021-11-30,GOOGL,141.8975067138672,-0.024963808600735216,0.02354362823771572,-0.026943584666858866,0.9833329865008571,0.9702373679474505,0.020893974482054718,0.2905878021843171,-0.005962108287689727,0
2021-12-01,GOOGL,141.05149841308594,-0.005962108287689727,-0.024963808600735216,0.02354362823771572,0.9839211906880456,0.9689742527165752,0.02085353050199983,-0.19130930873823337,0.013573092284889787,1
2021-12-02,GOOGL,142.96600341796875,0.013573092284889787,-0.005962108287689727,-0.024963808600735216,1.0016836597085577,0.985566313584875,0.022567071755327017,-0.14185773074661967,-0.006746415466485689,0
2021-12-03,GOOGL,142.00149536132812,-0.006746415466485689,0.013573092284889787,-0.005962108287689727,0.9951789980349883,0.9842347052997464,0.01899159103789739,0.41227649517024045,0.00812317796396167,1
2021-12-06,GOOGL,143.15499877929688,0.00812317796396167,-0.006746415466485689,0.013573092284889787,1.0066146529472402,0.9962149949469873,0.015028477459973388,-0.2573853989813243,0.028741587707100225,1
2021-12-07,GOOGL,147.26950073242188,0.028741587707100225,0.00812317796396167,-0.006746415466485689,1.0277816841796645,1.0241582483195166,0.014770359198001686,0.052975373963028316,0.006226626578751837,1
2021-12-08,GOOGL,148.18649291992188,0.006226626578751837,0.028741587707100225,0.00812317796396167,1.0239835395875703,1.0288149547132004,0.012866778876539418,-0.24720843672456572,-0.0036979678836025487,0
2021-12-09,GOOGL,147.6385040283203,-0.0036979678836025487,0.006226626578751837,0.028741587707100225,1.0136512389711267,1.0239309449286822,0.013936098923346407,-0.04120313143798926,0.0024586494925347147,1
2021-12-10,GOOGL,148.00149536132812,0.0024586494925347147,-0.0036979678836025487,0.006226626578751837,1.007839941722207,1.0223229952724988,0.012249861930344951,0.05105285775676838,-0.014695714983546493,0
2021-12-13,GOOGL,145.82650756835938,-0.014695714983546493,0.0024586494925347147,-0.0036979678836025487,0.9894290610449502,1.00709331141173,0.016031853526878158,0.10679532259383429,-0.013162969611649644,0
2021-12-14,GOOGL,143.90699768066406,-0.013162969611649644,-0.014695714983546493,0.0024586494925347147,0.9808808969928147,0.9924596613047376,0.009261460987157218,0.42024381233838204,0.017608570972026616,1
2021-12-15,GOOGL,146.4409942626953,0.017608570972026616,-0.013162969611649644,-0.014695714983546493,1.000533567471942,1.006195544829409,0.013158724232852933,-0.05399781511730739,-0.013629973959996655,0
2021-12-16,GOOGL,144.44500732421875,-0.013629973959996655,0.017608570972026616,-0.013162969611649644,0.9912218210058675,0.9914735674600323,0.01413625768241829,-0.07478691229034917,-0.01883070430117295,0
2021-12-17,GOOGL,141.72500610351562,-0.01883070430117295,-0.013629973959996655,0.017608570972026616,0.9810070095693729,0.9729880782983407,0.01478866834355513,0.4982466567607726,-0.0008326792699037133,0
2021-12-20,GOOGL,141.60699462890625,-0.0008326792699037133,-0.01883070430117295,-0.013629973959996655,0.9859494839262402,0.9732121773997486,0.01464540800773615,-0.46064741351951766,0.013173848072207672,1
2021-12-21,GOOGL,143.47250366210938,0.013173848072207672,-0.0008326792699037133,-0.01883070430117295,0.9995429956671227,0.988612946642475,0.015995437253202068,0.05751691674021764,0.02050908396324691,1
2021-12-22,GOOGL,146.4149932861328,0.02050908396324691,0.013173848072207672,-0.0008326792699037133,1.0200796630253899,1.01012151877712,0.016846419603117127,-0.08464320489636945,0.003425268197343012,1
2021-12-23,GOOGL,146.91650390625,0.003425268197343012,0.02050908396324691,0.013173848072207672,1.0200608189460063,1.0140865826532772,0.015002747363711256,0.0023554441151887318,0.006738454891403789,1
2021-12-27,GOOGL,147.906494140625,0.006738454891403789,0.003425268197343012,0.02050908396324691,1.0181944965774434,1.0209869098443762,0.008395906228574144,-0.39448150394178294,-0.008245058391449622,0
2021-12-28,GOOGL,146.68699645996094,-0.008245058391449622,0.006738454891403789,0.003425268197343012,1.0027857503868014,1.0119677157455607,0.010791180246878137,0.1392088132198297,-0.00021813576824303293,0
2021-12-29,GOOGL,146.65499877929688,-0.00021813576824303293,-0.008245058391449622,0.006738454891403789,0.9982234845767161,1.0098325314137233,0.01057280653002494,-0.0226373626373626,-0.0030990985291923234,0
2021-12-30,GOOGL,146.20050048828125,-0.0030990985291923234,-0.00021813576824303293,-0.008245058391449622,0.9954205482671536,1.0068696969841542,0.0057961413877546525,-0.11805711715763434,-0.009223603742085196,0
2021-12-31,GOOGL,144.8520050048828,-0.009223603742085196,-0.0030990985291923234,-0.00021813576824303293,0.9890195836071112,0.997303190141342,0.006493236872670433,0.15604283528811824,0.0009630232567694463,1
2022-01-03,GOOGL,144.9915008544922,0.0009630232567694463,-0.009223603742085196,-0.0030990985291923234,0.993928458587335,0.9960235839915446,0.004611019474949129,0.5795103661226291,-0.00408296511015438,0
2022-01-04,GOOGL,144.39950561523438,-0.00408296511015438,0.0009630232567694463,-0.009223603742085196,0.9929844682795337,0.9900576031589556,0.003977212384668671,-0.008587586399497305,-0.04587627700334107,0
2022-01-05,GOOGL,137.77499389648438,-0.04587627700334107,-0.00408296511015438,0.0009630232567694463,0.9591439984662572,0.9483420764422854,0.01913705874471888,0.923169014084507,-0.00019957422688243742,0
2022-01-06,GOOGL,137.74749755859375,-0.00019957422688243742,-0.04587627700334107,-0.00408296511015438,0.9703732922353625,0.9538435077771399,0.01952421778419413,-0.316196125819327,-0.005303176322803194,0
2022-01-07,GOOGL,137.01699829101562,-0.005303176322803194,-0.00019957422688243742,-0.04587627700334107,0.9760011783907978,0.955333913265232,0.0197254073803412,-0.20317018314233692,0.012060520654384899,1
2022-01-10,GOOGL,138.66949462890625,0.012060520654384899,-0.005303176322803194,-0.00019957422688243742,0.9967495841723628,0.9731230222190564,0.02189854737596524,0.4922043010752688,0.007690933074995465,1
2022-01-11,GOOGL,139.73599243164062,0.007690933074995465,0.012060520654384899,-0.005303176322803194,1.0111947920763698,0.9854140134530185,0.023115699348575425,-0.35304449648711944,0.012126466164461114,1
2022-01-12,GOOGL,141.4304962158203,0.012126466164461114,0.007690933074995465,0.012060520654384899,1.0180708224804558,1.0010517817134705,0.007757115911421583,-0.09126348764357817,-0.020105215470974658,0
2022-01-13,GOOGL,138.58700561523438,-0.020105215470974658,0.012126466164461114,0.007690933074995465,0.9963980226150161,0.9862401377620468,0.013925069130297703,0.20407537919411678,0.006447167599712866,1
2022-01-14,GOOGL,139.48049926757812,0.006447167599712866,-0.020105215470974658,0.012126466164461114,0.9992821474175312,0.9964074370565706,0.013518974661064286,-0.05643211604529841,-0.024967634810831307,0
2022-01-18,GOOGL,135.9980010986328,-0.024967634810831307,0.006447167599712866,-0.020105215470974658,0.9780763985928497,0.9778116369388953,0.01735381640468682,0.17564560717416233,-0.006481714709184017,0
2022-01-19,GOOGL,135.1165008544922,-0.006481714709184017,-0.024967634810831307,0.006447167599712866,0.9782367120304359,0.978001297986826,0.016129816253848187,-0.1784813030511585,-0.013388488643980012,0
2022-01-20,GOOGL,133.3074951171875,-0.013388488643980012,-0.006481714709184017,-0.024967634810831307,0.9766267080716456,0.9680376514882957,0.012309335526049105,0.043982127897235435,-0.02217424946545732,0
2022-01-21,GOOGL,130.35150146484375,-0.02217424946545732,-0.013388488643980012,-0.006481714709184017,0.9666349913358654,0.9516833898211053,0.01269141878949746,0.8607730373144309,0.0034713784234428058,1
2022-01-24,GOOGL,130.8040008544922,0.0034713784234428058,-0.02217424946545732,-0.013388488643980012,0.9826353878732589,0.9593386490092728,0.011628741376679677,0.37680586501832813,-0.029578631162836877,0
2022-01-25,GOOGL,126.93499755859376,-0.029578631162836877,0.0034713784234428058,-0.02217424946545732,0.9667341571363514,0.939044402576248,0.01295160693340958,-0.3871211923468455,0.018103786934961175,1
2022-01-26,GOOGL,129.23300170898438,0.018103786934961175,-0.029578631162836877,0.0034713784234428058,0.9931359123961154,0.9635312434506343,0.019403860014477095,0.04620954003407163,-0.0017642306775887961,0
2022-01-27,GOOGL,129.0050048828125,-0.0017642306775887961,0.018103786934961175,-0.029578631162836877,0.9979832514849395,0.9708252301300918,0.019400033879288108,-0.3496845104823937,0.033688561509222614,1
2022-01-28,GOOGL,133.3509979248047,0.033688561509222614,-0.0017642306775887961,0.018103786934961175,1.0268384955149132,1.0075008412853388,0.023655248470090453,0.0754929577464789,0.014641805611004477,1
2022-01-31,GOOGL,135.30349731445312,0.014641805611004477,0.033688561509222614,-0.0017642306775887961,1.034703323435919,1.025488742574379,0.024024866924647604,0.16366916943134857,0.017298147678254328,1
2022-02-01,GOOGL,137.6439971923828,0.017298147678254328,0.014641805611004477,0.033688561509222614,1.0356391063143715,1.0419279628611944,0.012605893839356725,0.7167008452958537,0.07523759131422758,1
2022-02-02,GOOGL,148.0,0.07523759131422758,0.017298147678254328,0.014641805611004477,1.082974114589458,1.1094997592733469,0.029336278172029377,0.7947672047083503,-0.033175700419657894,0
2022-02-03,GOOGL,143.08999633789062,-0.033175700419657894,0.07523759131422758,0.017298147678254328,1.0258987540098194,1.0648819419926479,0.03902052380044586,-0.4194967532467533,0.0014187080500591698,1
2022-02-04,GOOGL,143.29299926757812,0.0014187080500591698,-0.033175700419657894,0.07523759131422758,1.0129140569412407,1.0562201173139512,0.03917681528158314,-0.1890433177661568,-0.028556839902671216,0
2022-02-07,GOOGL,139.2010040283203,-0.028556839902671216,0.0014187080500591698,-0.033175700419657894,0.9785962071902369,1.0197461159213714,0.043790420588929055,-0.052139728956170917,0.0014223895025549105,1
2022-02-08,GOOGL,139.3990020751953,0.0014223895025549105,-0.028556839902671216,0.0014187080500591698,0.9775759151414753,1.0119566510751927,0.04338032952937553,-0.012551387928839142,0.015731770898040898,1
2022-02-09,GOOGL,141.5919952392578,0.015731770898040898,0.0014223895025549105,-0.028556839902671216,1.0019601305650903,1.018736499800076,0.021184270629197362,-0.26048190995505116,-0.020989888002131196,0
2022-02-10,GOOGL,138.6199951171875,-0.020989888002131196,0.015731770898040898,0.0014223895025549105,0.987174254283335,0.9905011824117406,0.01813640709793755,-0.020277002789956144,-0.031290535631728456,0
2022-02-11,GOOGL,134.28250122070312,-0.031290535631728456,-0.020989888002131196,0.015731770898040898,0.9687171206095216,0.9588696459374711,0.020454647431392404,0.015967454869056708,0.009260326137473296,1
2022-02-14,GOOGL,135.5260009765625,0.009260326137473296,-0.031290535631728456,-0.020989888002131196,0.9828993960310919,0.9675953571713451,0.020131623914575274,-0.14154862605736018,0.007987428719660628,1
2022-02-15,GOOGL,136.60850524902344,0.007987428719660628,0.009260326137473296,-0.031290535631728456,0.9947766966307946,0.9760455418836215,0.02086989075193179,-0.2222027870095038,0.008268162664648582,1
2022-02-16,GOOGL,137.73800659179688,0.008268162664648582,0.007987428719660628,0.009260326137473296,1.0086632107566869,0.9913845034491223,0.019328220511411,-0.06214392803598201,-0.03774561034820989,0
2022-02-17,GOOGL,132.53900146484375,-0.03774561034820989,0.008268162664648582,0.007987428719660628,0.9793126466940797,0.9612641174333539,0.023679853437270585,0.5566301654544001,-0.016116022931413454,0
2022-02-18,GOOGL,130.4029998779297,-0.016116022931413454,-0.03774561034820989,0.008268162664648582,0.969085811419406,0.9546975585305423,0.0208666992292324,0.17124518613607198,-0.004520546294206285,0
2022-02-22,GOOGL,129.81350708007812,-0.004520546294206285,-0.016116022931413454,-0.03774561034820989,0.9729659267766074,0.9569587039712963,0.01924918361506311,-0.013809732573432654,-0.017143898917867162,0
2022-02-23,GOOGL,127.58799743652344,-0.017143898917867162,-0.004520546294206285,-0.016116022931413454,0.9693935707241903,0.9488138633826283,0.017047308953015667,-0.271260280062236,0.039995900309593546,1
2022-02-24,GOOGL,132.6909942626953,0.039995900309593546,-0.017143898917867162,-0.004520546294206285,1.0159569994991968,0.9933376977865616,0.02892230641664573,0.6609528457268345,0.01332802516824616,1
2022-02-25,GOOGL,134.45950317382812,0.01332802516824616,0.039995900309593546,-0.017143898917867162,1.0264789397586118,1.009721791730238,0.02399512079209715,-0.3314602614955193,0.00444374438403905,1
2022-02-28,GOOGL,135.0570068359375,0.00444374438403905,0.01332802516824616,0.039995900309593546,1.023765632642592,1.0136192022263237,0.021509969801770255,0.06751634345986934,-0.007371064555169227,0
2022-03-01,GOOGL,134.06149291992188,-0.007371064555169227,0.00444374438403905,0.01332802516824616,1.0097166558805468,1.007254854731511,0.021932581511059257,-0.3182379580074105,0.0038042972259726415,1
2022-03-02,GOOGL,134.57150268554688,0.0038042972259726415,-0.007371064555169227,0.00444374438403905,1.003006696152322,1.0126365688660204,0.017876750708668915,-0.1123188405797102,-0.004993606052558941,0
2022-03-03,GOOGL,133.89950561523438,-0.004993606052558941,0.0038042972259726415,-0.007371064555169227,0.9962034269649094,1.0104986173932575,0.008278806173328376,0.04608843537414975,-0.014884382623012615,0
2022-03-04,GOOGL,131.906494140625,-0.014884382623012615,-0.004993606052558941,0.0038042972259726415,0.985117862598969,0.9959333621208422,0.008105945243536852,0.2367907657291497,-0.041908416143952576,0
2022-03-07,GOOGL,126.37850189208984,-0.041908416143952576,-0.014884382623012615,-0.004993606052558941,0.9562284777367567,0.9571036427530183,0.017445587832250378,0.48248439040420643,0.0057446315151337135,1
2022-03-08,GOOGL,127.10449981689452,0.0057446315151337135,-0.041908416143952576,-0.014884382623012615,0.9719542548456173,0.9645807992581201,0.01939406467447358,-0.1038304663947508,0.049687448997862704,1
2022-03-09,GOOGL,133.4199981689453,0.049687448997862704,0.0057446315151337135,-0.041908416143952576,1.0220480968073242,1.008046908847507,0.033528212682949816,-0.08414959928762245,-0.007423877889428776,0
2022-03-10,GOOGL,132.42950439453125,-0.007423877889428776,0.049687448997862704,0.0057446315151337135,1.0167504151105073,1.0007610091638546,0.03361318084457141,-0.26802787230594716,-0.01932353178398183,0
2022-03-11,GOOGL,129.87049865722656,-0.01932353178398183,-0.007423877889428776,0.049687448997862704,1.0002302675061125,0.9848380726178202,0.03410167913169135,0.16323518559515904,-0.03018008168772579,0
2022-03-14,GOOGL,125.95099639892578,-0.03018008168772579,-0.01932353178398183,-0.007423877889428776,0.9706824386601385,0.9617567970325458,0.030986877475152427,0.2311108291568864,0.02577988059471137,1
2022-03-15,GOOGL,129.197998046875,0.02577988059471137,-0.03018008168772579,-0.01932353178398183,0.9925038595099577,0.9902282278817688,0.033181507972305575,-0.20333917345150987,0.03159881990570579,1
2022-03-16,GOOGL,133.28050231933594,0.03159881990570579,0.02577988059471137,-0.03018008168772579,1.024085294710314,1.0225300416974423,0.027397066992539715,0.15058214747736098,0.004190426863244223,1
2022-03-17,GOOGL,133.83900451660156,0.004190426863244223,0.03159881990570579,0.02577988059471137,1.0261539681657426,1.026862542453711,0.02709136498220408,-0.2055318192039577,0.017083951212098825,1
2022-03-18,GOOGL,136.12550354003906,0.017083951212098825,0.004190426863244223,0.03159881990570579,1.033769312471848,1.0410355999064236,0.024563284462998315,0.5767761109538636,-0.00017632313248527876,0
2022-03-21,GOOGL,136.10150146484375,-0.00017632313248527876,0.017083951212098825,0.004190426863244223,1.017894092703765,1.0331696224769056,0.013609000607049617,-0.39792667055602926,0.027674160170447992,1
2022-03-22,GOOGL,139.8679962158203,0.027674160170447992,-0.00017632313248527876,0.017083951212098825,1.0296305111032502,1.0515730465365856,0.013981202225917675,0.32289803220035784,-0.011385726702194288,0
2022-03-23,GOOGL,138.27549743652344,-0.011385726702194288,0.027674160170447992,-0.00017632313248527876,1.0104762999863917,1.0358188436081255,0.015210162447311795,-0.2913567725940951,0.02384015136576023,1
2022-03-24,GOOGL,141.57200622558594,0.02384015136576023,-0.011385726702194288,0.027674160170447992,1.0230041168634567,1.0532992658384812,0.016621622160440008,0.04937584479605639,0.000713403217891484,1
2022-03-25,GOOGL,141.67300415039062,0.000713403217891484,0.02384015136576023,-0.011385726702194288,1.0155916431391727,1.0448755429860346,0.01683484113490282,-0.08599787846643436,-0.0015352168227193985,0
2022-03-28,GOOGL,141.45550537109375,-0.0015352168227193985,0.000713403217891484,0.02384015136576023,1.0063079679086162,1.0314765172791933,0.0170125550165927,0.4527895216778579,0.0074227425098387645,1
2022-03-29,GOOGL,142.5054931640625,0.0074227425098387645,-0.0015352168227193985,0.000713403217891484,1.0099874474515058,1.0291464096209526,0.013070283384132787,-0.020884450784593445,-0.00397869633931669,0
2022-03-30,GOOGL,141.93850708007812,-0.00397869633931669,0.0074227425098387645,-0.0015352168227193985,1.0007727894622631,1.0186822955815213,0.011203729627306454,-0.42059560580453403,-0.02022708464621148,0
2022-03-31,GOOGL,139.0675048828125,-0.02022708464621148,-0.00397869633931669,0.0074227425098387645,0.9840053068039203,0.9943460821276564,0.010258432576440994,0.8871454435727217,0.007787531347625221,1
2022-04-01,GOOGL,140.15049743652344,0.007787531347625221,-0.02022708464621148,-0.00397869633931669,0.9938095130204055,0.9992139361496749,0.011411456852768058,-0.30865579362541307,0.02012835628204246,1
2022-04-04,GOOGL,142.97149658203125,0.02012835628204246,0.007787531347625221,-0.02022708464621148,1.0116382591181896,1.0143581271447764,0.015174570745682561,0.0,-0.01665012412244471,0
2022-04-05,GOOGL,140.59100341796875,-0.01665012412244471,0.02012835628204246,0.007787531347625221,0.9974968855869609,0.9969575379391279,0.016841163645793796,-0.1743890216637114,-0.02875716915938442,0
2022-04-06,GOOGL,136.54800415039062,-0.02875716915938442,-0.01665012412244471,0.02012835628204246,0.976279408655149,0.9694754672106446,0.02058273447375654,0.5159211877859744,-0.0048298041862548935,0
2022-04-07,GOOGL,135.8885040283203,-0.0048298041862548935,-0.02875716915938442,-0.01665012412244471,0.9760008657064724,0.9687020188372832,0.01932406213253823,-0.19200443513613408,-0.01914067671436448,0
2022-04-08,GOOGL,133.28750610351562,-0.01914067671436448,-0.0048298041862548935,-0.02875716915938442,0.9668512537367111,0.9558743662515955,0.01880122083021949,-0.04162537165510405,-0.033491545060004846,0
2022-04-11,GOOGL,128.82350158691406,-0.033491545060004846,-0.01914067671436448,-0.0048298041862548935,0.9540523752291683,0.9323064866593708,0.01117092372121511,0.4670272850210804,-0.008608686660482978,0
2022-04-12,GOOGL,127.7145004272461,-0.008608686660482978,-0.033491545060004846,-0.01914067671436448,0.9642293932352686,0.9342814422917006,0.01238946059714229,-0.11316560026027545,0.01706538222242271,1
2022-04-13,GOOGL,129.8939971923828,0.01706538222242271,-0.008608686660482978,-0.033491545060004846,0.9906376626138853,0.9586722010729188,0.018684273995707112,-0.14619382451849583,-0.024358276008421775,0
2022-04-14,GOOGL,126.7300033569336,-0.024358276008421775,0.01706538222242271,-0.008608686660482978,0.9802003223597194,0.943915510206786,0.019412206551156226,0.13140933829848178,0.007468594895295277,1
2022-04-18,GOOGL,127.67649841308594,0.007468594895295277,-0.024358276008421775,0.01706538222242271,0.9961675072465369,0.9598834466566678,0.021122219422570348,-0.3414773086904235,0.01826886154814744,1
2022-04-19,GOOGL,130.00900268554688,0.01826886154814744,0.007468594895295277,-0.024358276008421775,1.0124933200731017,0.9870384297837609,0.01822666101599596,0.27306805074971163,-0.015145177324192738,0
2022-04-20,GOOGL,128.0399932861328,-0.015145177324192738,0.01826886154814744,0.007468594895295277,0.9966536464644709,0.9814415416691326,0.01937319862555636,0.1965269913174783,-0.02519130391984281,0
2022-04-21,GOOGL,124.8144989013672,-0.02519130391984281,-0.015145177324192738,0.01826886154814744,0.9792905641160723,0.9654004347194259,0.01964243336616028,0.1498611812216053,-0.04149358367880662,0
2022-04-22,GOOGL,119.635498046875,-0.04149358367880662,-0.02519130391984281,-0.015145177324192738,0.9492236662029689,0.9371232589591697,0.02421750783340448,0.5607748449761292,0.02874146475602357,1
2022-04-25,GOOGL,123.0739974975586,0.02874146475602357,-0.04149358367880662,-0.02519130391984281,0.9836901479348102,0.9718326020721824,0.029593225301434562,-0.1890865621264327,-0.035945821714025716,0
2022-04-26,GOOGL,118.6500015258789,-0.035945821714025716,0.02874146475602357,-0.04149358367880662,0.9658686028077123,0.9444866525647588,0.027921514621167546,0.5837235518557058,-0.036708800771723005,0
2022-04-27,GOOGL,114.29450225830078,-0.036708800771723005,-0.035945821714025716,0.02874146475602357,0.9517110605736205,0.9196399061404074,0.029050145019934477,0.2568784734579901,0.036992127728215474,1
2022-04-28,GOOGL,118.52249908447266,0.036992127728215474,-0.036708800771723005,-0.035945821714025716,0.997367780457659,0.9624656821088129,0.03900977437106052,-0.4676105423654977,-0.03723345397075151,0
2022-04-29,GOOGL,114.1094970703125,-0.03723345397075151,0.036992127728215474,-0.036708800771723005,0.9692465866183813,0.9362246795009025,0.038178966285762846,-0.1269945176335815,0.021676575362249206,1
2022-05-02,GOOGL,116.58300018310548,0.021676575362249206,-0.03723345397075151,0.036992127728215474,1.0012977556722835,0.9653048261624756,0.03653619725382163,-0.16735401630893243,0.00644175779919931,1
2022-05-03,GOOGL,117.33399963378906,0.00644175779919931,0.021676575362249206,-0.03723345397075151,1.0100311012462395,0.9818272414697338,0.03390447503279558,-0.2973490178420668,0.04199125546305971,1
2022-05-04,GOOGL,122.26100158691406,0.04199125546305971,0.00644175779919931,0.021676575362249206,1.0382041923018435,1.028026673481946,0.03183185703481738,0.9991989746876002,-0.04707552464606213,0
2022-05-05,GOOGL,116.50550079345705,-0.04707552464606213,0.04199125546305971,0.00644175779919931,0.9927308347140865,0.9865242160975805,0.03819930064283282,-0.08165718406923628,-0.0065147369040751135,0
2022-05-06,GOOGL,115.74649810791016,-0.0065147369040751135,-0.04707552464606213,0.04199125546305971,0.9835196883901303,0.9833354501240729,0.03346118976731128,-0.13372600349040142,-0.027953299442196933,0
2022-05-09,GOOGL,112.51100158691406,-0.027953299442196933,-0.0065147369040751135,-0.04707552464606213,0.9626889788269346,0.9645033307284995,0.03400527117979953,0.027499370435658532,0.016744985197709505,1
2022-05-10,GOOGL,114.3949966430664,0.016744985197709505,-0.027953299442196933,-0.0065147369040751135,0.9837569540662603,0.9842440665807755,0.03528299540795317,-0.0221067594725749,-0.006927713193714213,0
2022-05-11,GOOGL,113.60250091552734,-0.006927713193714213,0.016744985197709505,-0.027953299442196933,0.9917103335767234,0.9780078036186002,0.024183617390159916,-0.05929824561403507,-0.006676782107744583,0
2022-05-12,GOOGL,112.84400177001952,-0.006676782107744583,-0.006927713193714213,0.016744985197709505,0.9914268164559906,0.9762503930891397,0.01581544239026344,0.4343262109021153,0.02841530911778367,1
2022-05-13,GOOGL,116.05049896240234,0.02841530911778367,-0.006676782107744583,-0.006927713193714213,1.019054158366584,1.0023077502891138,0.022131359538059784,-0.34917155806523514,-0.013834488278230195,0
2022-05-16,GOOGL,114.44499969482422,-0.013834488278230195,0.02841530911778367,-0.006676782107744583,1.0015542499285217,0.9902699217790581,0.018089921545026616,-0.2582339174610423,0.017720301309253284,1
2022-05-17,GOOGL,116.4729995727539,0.017720301309253284,-0.013834488278230195,0.02841530911778367,1.0156082365022758,1.0085691935783743,0.018272190584227146,-0.11296652558676412,-0.03926662491470623,0
2022-05-18,GOOGL,111.89949798583984,-0.03926662491470623,0.017720301309253284,-0.013834488278230195,0.9786352077625226,0.9777386383136042,0.02674909718505564,0.5236401492148868,-0.013543361029955125,0
2022-05-19,GOOGL,110.38400268554688,-0.013543361029955125,-0.03926662491470623,0.017720301309253284,0.9695530529412584,0.9696833655592617,0.02717535509432657,-0.02795649945909018,-0.013371553108143308,0
2022-05-20,GOOGL,108.90799713134766,-0.013371553108143308,-0.013543361029955125,-0.03926662491470623,0.9687436140019949,0.9624992867960286,0.020207297821572223,0.4339854732895969,0.02368973720031864,1
2022-05-23,GOOGL,111.48799896240234,0.02368973720031864,-0.013371553108143308,-0.013543361029955125,0.9969373265127228,0.9861922602747893,0.02577099227805383,-0.24055389894203671,-0.04949409616330169,0
2022-05-24,GOOGL,105.97000122070312,-0.04949409616330169,0.02368973720031864,-0.013371553108143308,0.9657349693176801,0.9444198735853436,0.0283843134917509,1.0648666092943202,-0.0015570530681008332,0
2022-05-25,GOOGL,105.80500030517578,-0.0015570530681008332,-0.04949409616330169,0.02368973720031864,0.9750624383303323,0.9495480030141075,0.026392853018980866,-0.4756707475905184,0.018784585284487676,1
2022-05-26,GOOGL,107.7925033569336,0.018784585284487676,-0.0015570530681008332,-0.04949409616330169,0.9981462002707884,0.9717904534222274,0.029362418237790372,-0.05737989964727508,0.04196947194760359,1
2022-05-27,GOOGL,112.31649780273438,0.04196947194760359,0.018784585284487676,-0.0015570530681008332,1.0335138492791192,1.0159961784340896,0.035016342923933394,-0.0008959628965953259,0.012869910148036068,1
2022-05-31,GOOGL,113.76200103759766,0.012869910148036068,0.04196947194760359,0.018784585284487676,1.0424524349244515,1.029708141632278,0.03402247548508689,0.31909057340296454,0.001142712436773996,1
2022-06-01,GOOGL,113.89199829101562,0.001142712436773996,0.012869910148036068,0.04196947194760359,1.0287082899279625,1.0332987674134255,0.01740497144007783,-0.26805566664000635,0.03275470905380029,1
2022-06-02,GOOGL,117.62249755859376,0.03275470905380029,0.001142712436773996,0.012869910148036068,1.0401973340748998,1.0616318993081788,0.016139538028276498,0.037862645467956035,-0.026198195552239234,0
2022-06-03,GOOGL,114.54100036621094,-0.026198195552239234,0.03275470905380029,0.001142712436773996,1.0009980297969294,1.0299546647198048,0.0269507786108278,-0.31206569804169304,0.019901195740951394,1
2022-06-06,GOOGL,116.82050323486328,0.019901195740951394,-0.026198195552239234,0.03275470905380029,1.012944890346655,1.0430308926888854,0.022330723424248355,0.2833639424548515,0.0028162415146861797,1
2022-06-07,GOOGL,117.14949798583984,0.0028162415146861797,0.019901195740951394,-0.026198195552239234,1.009865070618386,1.0407076830598652,0.022245653144621437,-0.058195694949615406,0.0003798757917525819,1
2022-06-08,GOOGL,117.19400024414062,0.0003798757917525819,0.0028162415146861797,0.019901195740951394,1.0045300484441753,1.0308247347734745,0.02229057897071811,-0.17353592909148463,-0.02012473006054616,0
2022-06-09,GOOGL,114.83550262451172,-0.02012473006054616,0.0003798757917525819,0.0028162415146861797,0.989039539387566,1.0021197038354757,0.018625234952890615,-0.011873755170828892,-0.031993621459449284,0
2022-06-10,GOOGL,111.1614990234375,-0.031993621459449284,-0.02012473006054616,0.0003798757917525819,0.9630025107717951,0.9672146768283147,0.020397828028374497,0.6067912241259013,-0.042901519269520794,0
2022-06-13,GOOGL,106.39250183105467,-0.042901519269520794,-0.031993621459449284,-0.02012473006054616,0.9386474892959109,0.9305160059735256,0.019942994452159475,0.1399208723342662,0.00303590987443747,1
2022-06-14,GOOGL,106.71549987792967,0.00303590987443747,-0.042901519269520794,-0.031993621459449284,0.9591559501916355,0.9391287416621387,0.02000147683209916,-0.28667569626682465,0.028571328481447722,1
2022-06-15,GOOGL,109.7645034790039,0.028571328481447722,0.00303590987443747,-0.042901519269520794,0.9999143886837714,0.9694823681342057,0.02868118764652792,0.17777250341185535,-0.033990977860441585,0
2022-06-16,GOOGL,106.03350067138672,-0.033990977860441585,0.028571328481447722,0.00303590987443747,0.9816689553872954,0.9462140176384267,0.030210309662280756,0.30192956824021366,0.010468395396956875,1
2022-06-17,GOOGL,107.14350128173828,0.010468395396956875,-0.033990977860441585,0.028571328481447722,0.9993806528538894,0.9624729581227228,0.030366959835507912,-0.005959291076542028,0.04107106248984849,1
2022-06-21,GOOGL,111.54399871826172,0.04107106248984849,0.010468395396956875,-0.033990977860441585,1.0305228361367265,1.006774755000247,0.02869706728119877,-0.07707879165369047,-0.0005064877281889535,0
2022-06-22,GOOGL,111.4875030517578,-0.0005064877281889535,0.04107106248984849,0.010468395396956875,1.0209983056037708,1.0114336748015325,0.028949388536917923,-0.35097857263371013,0.006767518266407313,1
2022-06-23,GOOGL,112.24199676513672,0.006767518266407313,-0.0005064877281889535,0.04107106248984849,1.023264603325264,1.0228738746761339,0.02685369307367736,-0.07837785143302789,0.05107715359858145,1
2022-06-24,GOOGL,117.9749984741211,0.05107715359858145,0.006767518266407313,-0.0005064877281889535,1.0526113759109728,1.072052157611163,0.022806154557191614,0.45137860517593964,-0.018152106621525665,0
2022-06-27,GOOGL,115.83350372314452,-0.018152106621525665,0.05107715359858145,0.006767518266407313,1.0177224334460069,1.048142260879235,0.029081871060516153,-0.11524633174618604,-0.0330302020170683,0
2022-06-28,GOOGL,112.00749969482422,-0.0330302020170683,-0.018152106621525665,0.05107715359858145,0.9833059813371654,1.0083983979807754,0.03188983267632389,-0.01724327292696326,-0.002731957741161084,0
2022-06-29,GOOGL,111.70149993896484,-0.002731957741161084,-0.0330302020170683,-0.018152106621525665,0.9802513184438512,1.001149463320862,0.0319356466935877,-0.3094546267322307,-0.02451625541230651,0
2022-06-30,GOOGL,108.96299743652344,-0.02451625541230651,-0.002731957741161084,-0.0330302020170683,0.9617541784527922,0.9773070930881236,0.03349715608098686,0.7466418514322706,-0.002069458348895048,0
2022-07-01,GOOGL,108.7375030517578,-0.002069458348895048,-0.02451625541230651,-0.002731957741161084,0.9756740084794476,0.9729249964784442,0.013576053273571883,-0.17822561964327077,0.04161855210496568,1
2022-07-05,GOOGL,113.26300048828124,0.04161855210496568,-0.002069458348895048,-0.02451625541230651,1.0209898666659036,1.0078980805233115,0.02893937716045386,0.10897508174540538,0.011557155490027782,1
2022-07-06,GOOGL,114.5719985961914,0.011557155490027782,0.04161855210496568,-0.002069458348895048,1.0280365328987988,1.0168066904843613,0.02431369765941473,-0.048548624879263924,0.036754168442133084,1
2022-07-07,GOOGL,118.78299713134766,0.036754168442133084,0.011557155490027782,0.04161855210496568,1.052446427195803,1.0473970716616812,0.02747441299927366,0.09360974567215208,0.004802903181778007,1
2022-07-08,GOOGL,119.35350036621094,0.004802903181778007,0.036754168442133084,0.011557155490027782,1.0383820371898154,1.0458692485438532,0.019535819346182988,-0.06590775845221808,-0.030807659112157548,0
2022-07-11,GOOGL,115.67649841308594,-0.030807659112157548,0.004802903181778007,0.036754168442133084,0.9943857746303847,1.0156942019110937,0.029032034733287058,-0.1841623515874261,-0.014315770728699051,0
2022-07-12,GOOGL,114.02050018310548,-0.014315770728699051,-0.030807659112157548,0.004802903181778007,0.9788755533960685,1.0027500369751998,0.025733184816412565,-0.0396204641620721,-0.02339052900672789,0
2022-07-13,GOOGL,111.35350036621094,-0.02339052900672789,-0.014315770728699051,-0.030807659112157548,0.961291439956463,0.9798587565990284,0.027063684255060394,0.45934579439252343,-0.008854684026927573,0
2022-07-14,GOOGL,110.36750030517578,-0.008854684026927573,-0.02339052900672789,-0.014315770728699051,0.9668273588992121,0.9723237863187183,0.013688370899249592,-0.15365262339325736,0.012775464052516172,1
2022-07-15,GOOGL,111.77749633789062,0.012775464052516172,-0.008854684026927573,-0.02339052900672789,0.9923507663863962,0.9823099988227754,0.016645811482546832,0.2639174143335856,-0.024580059928059006,0
2022-07-18,GOOGL,109.02999877929688,-0.024580059928059006,0.012775464052516172,-0.008854684026927573,0.9795184212752126,0.957918529433869,0.015137265427732811,-0.07708787684413088,0.043841133933907095,1
2022-07-19,GOOGL,113.80999755859376,0.043841133933907095,-0.024580059928059006,0.012775464052516172,1.0228484898992394,0.9994344536981646,0.02878780305883521,-0.15368380571116147,0.0007908265461371577,1
2022-07-20,GOOGL,113.9000015258789,0.0007908265461371577,0.043841133933907095,-0.024580059928059006,1.0189931975753355,1.0008154354903365,0.02575621189860229,-0.025471587067386836,0.003862992152039224,1
2022-07-21,GOOGL,114.33999633789062,0.003862992152039224,0.0007908265461371577,0.043841133933907095,1.015709999952965,1.008619198424056,0.02467665147281551,-0.08213952652217393,-0.05632320288852066,0
2022-07-22,GOOGL,107.9000015258789,-0.05632320288852066,0.003862992152039224,0.0007908265461371577,0.9651508314303978,0.9615252013542628,0.03709452774833878,0.49653876521749774,-0.0036144521235700333,0
2022-07-25,GOOGL,107.51000213623048,-0.0036144521235700333,-0.05632320288852066,0.003862992152039224,0.9642844537078556,0.9650730165855741,0.03569584534587719,-0.2905920509108161,-0.023160686854129975,0
2022-07-26,GOOGL,105.0199966430664,-0.023160686854129975,-0.0036144521235700333,-0.05632320288852066,0.9570415458613145,0.9503999059679171,0.025033099764664262,0.38338872730312556,0.07655685747975283,1
2022-07-27,GOOGL,113.05999755859376,0.07655685747975283,-0.023160686854129975,-0.0036144521235700333,1.0318894433970658,1.0215818771057892,0.04898016214433665,0.24728594944885507,0.010260071529792691,1
2022-07-28,GOOGL,114.22000122070312,0.010260071529792691,0.07655685747975283,-0.023160686854129975,1.0427050940427245,1.0284832059992293,0.0492068104540247,-0.4517637428268333,0.01838555814811582,1
2022-07-29,GOOGL,116.31999969482422,0.01838555814811582,0.010260071529792691,0.07655685747975283,1.0457986466230789,1.0431257941099865,0.037495206808970484,0.13428569687292402,-0.01255157400535667,0
2022-08-01,GOOGL,114.86000061035156,-0.01255157400535667,0.01838555814811582,0.010260071529792691,1.019202114371866,1.0246757287807744,0.03883436415973005,-0.30059317526072304,0.00235065855503791,1
2022-08-02,GOOGL,115.12999725341795,0.00235065855503791,-0.01255157400535667,0.01838555814811582,1.0035913979364202,1.0258763371852215,0.03414036512572267,-0.22271772238930954,0.02562324891872736,1
2022-08-03,GOOGL,118.08000183105467,0.02562324891872736,0.00235065855503791,-0.01255157400535667,1.020376434096343,1.0482582505494284,0.014786135666956367,0.4083316861039732,0.0009315769702387122,1
2022-08-04,GOOGL,118.19000244140624,0.0009315769702387122,0.02562324891872736,0.00235065855503791,1.0143671433102226,1.0456608688537732,0.015142233482353799,-0.24197691147057787,-0.006091896148830878,0
2022-08-05,GOOGL,117.47000122070312,-0.006091896148830878,0.0009315769702387122,0.02562324891872736,1.0062015019371353,1.0305651672819682,0.014461463771763558,-0.11310518495202038,-0.0014471624004321892,0
2022-08-08,GOOGL,117.3000030517578,-0.0014471624004321892,-0.006091896148830878,0.0009315769702387122,1.0005629927447408,1.0203105544824143,0.012357638963847293,-0.0011065006915629283,-0.005711899240481766,0
2022-08-09,GOOGL,116.62999725341795,-0.005711899240481766,-0.0014471624004321892,-0.006091896148830878,0.9923085754136631,1.0043400878258768,0.013170529698507063,-0.002706614485090131,0.026322556521660934,1
2022-08-10,GOOGL,119.6999969482422,0.026322556521660934,-0.005711899240481766,-0.0014471624004321892,1.0156289497723954,1.0249164893557012,0.013475517635449198,0.620538076651036,-0.0071846335194430955,0
2022-08-11,GOOGL,118.83999633789062,-0.0071846335194430955,0.026322556521660934,-0.005711899240481766,1.0072210511491069,1.0135434506714636,0.014224942349592722,-0.21456883842433339,0.023897711669481625,1
2022-08-12,GOOGL,121.68000030517578,0.023897711669481625,-0.0071846335194430955,0.026322556521660934,1.0239838555512588,1.0330424201863464,0.01652945051372247,-0.21394023965060904,0.003287323511470097,1
2022-08-15,GOOGL,122.08000183105467,0.003287323511470097,0.023897711669481625,-0.0071846335194430955,1.0191508467095605,1.0301240569423604,0.01604039612038621,0.020867916821583288,-0.003112752925236273,0
2022-08-16,GOOGL,121.6999969482422,-0.003112752925236273,0.003287323511470097,0.023897711669481625,1.0074503185884882,1.0212558605590452,0.015513445157656808,-0.023267743193056578,-0.017666343059965506,0
2022-08-17,GOOGL,119.5500030517578,-0.017666343059965506,-0.003112752925236273,0.003287323511470097,0.9898981812855076,1.0019780001752827,0.015453104159289924,0.19987185681574693,0.005186073620751852,1
2022-08-18,GOOGL,120.16999816894533,0.005186073620751852,-0.017666343059965506,-0.003112752925236273,0.992845088307172,1.005505712061675,0.015030938378599062,-0.2126887556353132,-0.024631764413537316,0
2022-08-19,GOOGL,117.20999908447266,-0.024631764413537316,0.005186073620751852,-0.017666343059965506,0.975595539137933,0.9809517414007239,0.01316566883000843,0.2124674082845499,-0.025339145498693094,0
2022-08-22,GOOGL,114.23999786376952,-0.025339145498693094,-0.024631764413537316,0.005186073620751852,0.9634489753625387,0.9585500841909262,0.013580818615767723,-0.01618102203168348,-0.0033263065522033397,0
2022-08-23,GOOGL,113.86000061035156,-0.0033263065522033397,-0.025339145498693094,-0.024631764413537316,0.9731124972046549,0.9575872892847587,0.013541786573034916,-0.26034879710671777,-0.0014930455650276064,0
2022-08-24,GOOGL,113.69000244140624,-0.0014930455650276064,-0.0033263065522033397,-0.025339145498693094,0.9814907781898138,0.9610150526957499,0.014114441816176512,0.11746395806028831,0.026035702532403393,1
2022-08-25,GOOGL,116.6500015258789,0.026035702532403393,-0.0014930455650276064,-0.0033263065522033397,1.0132024773445152,0.9878644796032919,0.021062896768062597,-0.04385776955781351,-0.054093485687511156,0
2022-08-26,GOOGL,110.33999633789062,-0.054093485687511156,0.026035702532403393,-0.0014930455650276064,0.969970784615316,0.943488157568183,0.029922824589938304,1.196505236837139,-0.008337848463652486,0
2022-08-29,GOOGL,109.41999816894533,-0.008337848463652486,-0.054093485687511156,0.026035702532403393,0.9701042480546201,0.945860659884231,0.0289268095399859,-0.4310430465798737,-0.0043867276144345935,0
2022-08-30,GOOGL,108.94000244140624,-0.0043867276144345935,-0.008337848463652486,-0.054093485687511156,0.9743489040408345,0.9522144839954331,0.028885607624020045,0.29833610177809655,-0.006609153704493109,0
2022-08-31,GOOGL,108.22000122070312,-0.006609153704493109,-0.0043867276144345935,-0.008337848463652486,0.9774735018187706,0.955382536370172,0.028667123632010287,0.040478604892906445,0.014045431767890415,1
2022-09-01,GOOGL,109.73999786376952,0.014045431767890415,-0.006609153704493109,-0.0043867276144345935,1.003731740571722,0.9778046894573814,0.025251653951257,-0.009295420407307797,-0.017222520743937486,0
2022-09-02,GOOGL,107.8499984741211,-0.017222520743937486,0.014045431767890415,-0.006609153704493109,0.9909586970709613,0.9690462174387936,0.01145628638500232,-0.14809826204387022,-0.009643031342062347,0
2022-09-06,GOOGL,106.80999755859376,-0.009643031342062347,-0.017222520743937486,0.014045431767890415,0.9861326357199925,0.9661516560797133,0.011579738045867064,0.03756513677169959,0.024716781668309595,1
2022-09-07,GOOGL,109.4499969482422,0.024716781668309595,-0.009643031342062347,-0.017222520743937486,1.0095559480355003,0.9939969453182055,0.01757758579195132,-0.07584479202817906,-0.009776150979065257,0
2022-09-08,GOOGL,108.37999725341795,-0.009776150979065257,0.024716781668309595,-0.009643031342062347,0.9993913987822542,0.9890490825036801,0.01797547314358765,0.04624250010791209,0.02094486372013038,1
2022-09-09,GOOGL,110.6500015258789,0.02094486372013038,-0.009776150979065257,0.024716781668309595,1.0186140148442673,1.0153239380187926,0.019484039253932616,-0.04293205381565535,0.0018978678859171705,1
2022-09-12,GOOGL,110.86000061035156,0.0018978678859171705,0.02094486372013038,-0.009776150979065257,1.0149226572303471,1.0167657331527578,0.01645747589246397,-0.009953572983528503,-0.0589933328479223,0
2022-09-13,GOOGL,104.31999969482422,-0.0589933328479223,0.0018978678859171705,0.02094486372013038,0.9594231730869044,0.9612797433781053,0.03368613362018803,0.662090495846178,0.006518407852425634,1
2022-09-14,GOOGL,105.0,0.006518407852425634,-0.0589933328479223,0.0018978678859171705,0.9736466328358157,0.9710713308246487,0.030618465780454837,-0.30853825619745945,-0.019904727027529767,0
2022-09-15,GOOGL,102.91000366210938,-0.019904727027529767,0.006518407852425634,-0.0589933328479223,0.964046189183653,0.9564393456607697,0.031106305797074307,0.2952517702149262,-0.001068901043991266,0
2022-09-16,GOOGL,102.8000030517578,-0.001068901043991266,-0.019904727027529767,0.006518407852425634,0.9773907250536072,0.9616194416353422,0.026924642344207817,0.25180836718994515,0.002626426411003857,1
2022-09-19,GOOGL,103.06999969482422,0.002626426411003857,-0.001068901043991266,-0.019904727027529767,0.9946921297104847,0.9684754493288628,0.027036027166518733,-0.4617217948837774,-0.018725141271856427,0
2022-09-20,GOOGL,101.13999938964844,-0.018725141271856427,0.002626426411003857,-0.001068901043991266,0.9820942889259026,0.9554308527905668,0.012355674708229684,0.15107567023197666,-0.018390356155587706,0
2022-09-21,GOOGL,99.27999877929688,-0.018390356155587706,-0.018725141271856427,0.002626426411003857,0.9748625087076158,0.9469577592021308,0.010929921549703953,0.18743376915273546,0.00866237531150027,1
2022-09-22,GOOGL,100.13999938964844,0.00866237531150027,-0.018390356155587706,-0.018725141271856427,0.9886854977914408,0.9627272352733348,0.01252236899967086,0.08928361593404333,-0.013980442724304987,0
2022-09-23,GOOGL,98.73999786376952,-0.013980442724304987,0.00866237531150027,-0.018390356155587706,0.9827417921400393,0.9602629457397469,0.012740703490119841,-0.07793904124366591,-0.0057727335138351155,0
2022-09-26,GOOGL,98.16999816894533,-0.0057727335138351155,-0.013980442724304987,0.00866237531150027,0.9866926591917812,0.9666492531134745,0.011487826731004947,-0.14395707247971568,-0.006824877064704582,0
2022-09-27,GOOGL,97.5,-0.006824877064704582,-0.0057727335138351155,-0.013980442724304987,0.987181835295579,0.966542750929368,0.01030743057712091,0.11081643131272467,0.026153877453926055,1
2022-09-28,GOOGL,100.0500030517578,0.026153877453926055,-0.006824877064704582,-0.0057727335138351155,1.0114234063932444,0.9967125199002319,0.0159753297600775,0.07959019446144033,-0.026286904573625258,0
2022-09-29,GOOGL,97.41999816894533,-0.026286904573625258,0.026153877453926055,-0.006824877064704582,0.9902821695629378,0.9758491691677911,0.01941446929745697,-0.043709939229293115,-0.018168719732440386,0
2022-09-30,GOOGL,95.6500015258789,-0.018168719732440386,-0.026286904573625258,0.026153877453926055,0.9784365611686187,0.9650308921741614,0.019962955542066785,0.061013553557164535,0.03125977852661688,1
2022-10-03,GOOGL,98.63999938964844,0.03125977852661688,-0.018168719732440386,-0.026286904573625258,1.008052967327819,0.9996655601507164,0.026083321385714196,-0.15055477133706718,0.030413625492325735,1
2022-10-04,GOOGL,101.63999938964844,0.030413625492325735,0.03125977852661688,-0.018168719732440386,1.0299959371232126,1.029547317540173,0.028421256458395154,0.031048531198627716,-0.0020661067073367567,0
2022-10-05,GOOGL,101.43000030517578,-0.0020661067073367567,0.030413625492325735,0.03125977852661688,1.0250010161629428,1.0251874970865789,0.02684036259000691,-0.2313246079831408,-9.861122153564938e-05,0
2022-10-06,GOOGL,101.41999816894533,-9.861122153564938e-05,-0.0020661067073367567,0.030413625492325735,1.0166806850430887,1.023761922103455,0.021764332652562956,0.006633028060729851,-0.027016347004909846,0
2022-10-07,GOOGL,98.68000030517578,-0.027016347004909846,-9.861122153564938e-05,-0.0020661067073367567,0.9832406766034333,0.9961639456609966,0.02462302517900872,0.23198351549901441,-0.00830968476173799,0
2022-10-10,GOOGL,97.86000061035156,-0.00830968476173799,-0.027016347004909846,-9.861122153564938e-05,0.9765882367201207,0.9881953823615262,0.020725490739776416,-0.3373365620954958,-0.006948705302826763,0
2022-10-11,GOOGL,97.18000030517578,-0.006948705302826763,-0.00830968476173799,-0.027016347004909846,0.9785126000855816,0.9816459103341106,0.010683209497896516,0.4544282335899392,0.003910241327687469,1
2022-10-12,GOOGL,97.55999755859376,0.003910241327687469,-0.006948705302826763,-0.00830968476173799,0.9900547814377435,0.9879693561459453,0.011902058263952272,-0.1746965907247492,0.015375154136295643,1
2022-10-13,GOOGL,99.05999755859376,0.015375154136295643,0.003910241327687469,-0.006948705302826763,1.0101154127587428,1.0014962597824895,0.015757551825866703,0.5804474227935126,-0.025237230583629477,0
2022-10-14,GOOGL,96.55999755859376,-0.025237230583629477,0.015375154136295643,0.003910241327687469,0.9888984353990287,0.9753239641401269,0.01513244688772184,-0.26504504765072523,0.035314868976049185,1
2022-10-17,GOOGL,99.97000122070312,0.035314868976049185,-0.025237230583629477,0.015375154136295643,1.0194155201893282,1.0084127050568141,0.022822944654264096,0.11839500682783233,0.008002354832397529,1
2022-10-18,GOOGL,100.7699966430664,0.008002354832397529,0.035314868976049185,-0.025237230583629477,1.0201044559158943,1.0173752146573602,0.02191201929748247,-0.15336462673122397,-0.011312885061278699,0
2022-10-19,GOOGL,99.62999725341795,-0.011312885061278699,0.008002354832397529,0.035314868976049185,1.0043549185976397,1.0076970389608655,0.02352879214050319,-0.01037376302435089,0.0034126666331260047,1
2022-10-20,GOOGL,99.97000122070312,0.0034126666331260047,-0.011312885061278699,0.008002354832397529,1.005936832850205,1.0126210669096762,0.022732122427122765,0.06350399603546242,0.011603441217870047,1
2022-10-21,GOOGL,101.12999725341795,0.011603441217870047,0.0034126666331260047,-0.011312885061278699,1.0083354791497012,1.0218351055698565,0.016906069058596054,0.2817771845580337,0.013744679396809456,1
2022-10-24,GOOGL,102.5199966430664,0.013744679396809456,0.011603441217870047,0.0034126666331260047,1.0170231228694928,1.0310252765485806,0.009970936367437247,-0.16273911154790555,0.019118286949336705,1
2022-10-25,GOOGL,104.4800033569336,0.019118286949336705,0.013744679396809456,0.011603441217870047,1.0288933511523342,1.0430789675973102,0.011845625564627494,0.4943627559205781,-0.0914050798709517,0
2022-10-26,GOOGL,94.93000030517578,-0.0914050798709517,0.019118286949336705,0.013744679396809456,0.9435818990471986,0.9502312401066144,0.046574395437502546,1.1696888065912527,-0.02854734094343936,0
2022-10-27,GOOGL,92.22000122070312,-0.02854734094343936,-0.0914050798709517,0.019118286949336705,0.9309885463575679,0.9294684623905558,0.04668853343585471,-0.31099676442249313,0.0441335896871633,1
2022-10-28,GOOGL,96.29000091552734,0.0441335896871633,-0.02854734094343936,-0.0914050798709517,0.9816695256932195,0.9707534080778791,0.05315777667381098,-0.280239627480403,-0.01848581121998749,0
2022-10-31,GOOGL,94.51000213623048,-0.01848581121998749,0.0441335896871633,-0.02854734094343936,0.9795203509505614,0.9580820358722075,0.05170650235842172,-0.27512683850031927,-0.04274680800137898,0
2022-11-01,GOOGL,90.47000122070312,-0.04274680800137898,-0.01848581121998749,0.0441335896871633,0.9656931824091592,0.9268042931853097,0.04881087953025443,0.48891554853985797,-0.03868685699983232,0
2022-11-02,GOOGL,86.97000122070312,-0.03868685699983232,-0.04274680800137898,-0.01848581121998749,0.944381704736703,0.9026559769676841,0.035376522856110364,0.20942762513411384,-0.040703700883525484,0
2022-11-03,GOOGL,83.43000030517578,-0.040703700883525484,-0.03868685699983232,-0.04274680800137898,0.9235725112818909,0.8810391245775181,0.03677024824359163,0.07450607749529703,0.03775622095597053,1
2022-11-04,GOOGL,86.58000183105469,0.03775622095597053,-0.040703700883525484,-0.03868685699983232,0.9795004131121318,0.928571439091829,0.03402825689160003,-0.16582528390549534,0.022060475771782162,1
2022-11-07,GOOGL,88.48999786376953,0.022060475771782162,0.03775622095597053,-0.040703700883525484,1.014933217509252,0.9635549600268646,0.039102996738633544,-0.33341874507334,0.004633333393685657,1
2022-11-08,GOOGL,88.9000015258789,0.004633333393685657,0.022060475771782162,0.03775622095597053,1.0233211428477083,0.98472513745654,0.035505228089221394,-0.10710146160820921,-0.017772798694438152,0
2022-11-09,GOOGL,87.31999969482422,-0.017772798694438152,0.004633333393685657,0.022060475771782162,1.0043246164154833,0.9754462669055332,0.03122175369877653,0.04404022478556646,0.075813132956005,1
2022-11-10,GOOGL,93.94000244140624,0.075813132956005,-0.017772798694438152,0.004633333393685657,1.0549603770311957,1.0473854552625288,0.035342574252564464,0.6248524509665052,0.026293391063554328,1
2022-11-11,GOOGL,96.41000366210938,0.026293391063554328,0.075813132956005,-0.017772798694438152,1.0593108882671614,1.0747809679039555,0.0346321945675608,-0.3589609473828993,-0.007364450647212473,0
2022-11-14,GOOGL,95.6999969482422,-0.007364450647212473,0.026293391063554328,0.075813132956005,1.0351093091023578,1.0654523578329305,0.03707678417323275,-0.08797086777171692,0.028631197288814247,1
2022-11-15,GOOGL,98.44000244140624,0.028631197288814247,-0.007364450647212473,0.026293391063554328,1.043216563436205,1.0863184089194118,0.03673736031367186,0.37977103663082556,0.004164933183122388,1
2022-11-16,GOOGL,98.8499984741211,0.004164933183122388,0.028631197288814247,-0.007364450647212473,1.0225720782756869,1.0767269886011415,0.03192609479018217,-0.3010412864306161,-0.00495698402967415,0
2022-11-17,GOOGL,98.36000061035156,-0.00495698402967415,0.004164933183122388,0.028631197288814247,1.008282763854833,1.0542449547287487,0.01710110065576738,-0.10488160191306017,-0.009455066077723284,0
2022-11-18,GOOGL,97.43000030517578,-0.009455066077723284,-0.00495698402967415,0.004164933183122388,0.996665171943433,1.0322724179484222,0.015660545786539963,0.08788758127787633,-0.01878273453066459,0
2022-11-21,GOOGL,95.5999984741211,-0.01878273453066459,-0.009455066077723284,-0.00495698402967415,0.9781451912746567,1.0053104581095376,0.018054233736412177,-0.23621583287171477,0.015167412142053749,1
2022-11-22,GOOGL,97.0500030517578,0.015167412142053749,-0.01878273453066459,-0.009455066077723284,0.9958136106776138,1.0118861686388438,0.012997352580622663,0.08273972855862599,0.014528552172872189,1
2022-11-23,GOOGL,98.45999908447266,0.014528552172872189,0.015167412142053749,-0.01878273453066459,1.0110905604427223,1.0148004465598834,0.015045281255679806,-0.19499541352902272,-0.010156408788324911,0
2022-11-25,GOOGL,97.45999908447266,-0.010156408788324911,0.014528552172872189,0.015167412142053749,1.002674887700336,1.0008626239593466,0.015583158828406,-0.48583058177558947,-0.014467433264520713,0
2022-11-28,GOOGL,96.0500030517578,-0.014467433264520713,-0.010156408788324911,0.014528552172872189,0.9909826514319959,0.9867475128538327,0.01634612662650722,1.70450656606263,-0.008953676033598201,0
2022-11-29,GOOGL,95.19000244140624,-0.008953676033598201,-0.014467433264520713,-0.010156408788324911,0.982941297386865,0.9784251226207017,0.014411310719744563,-0.2353806574559314,0.060930720386664916,1
2022-11-30,GOOGL,100.98999786376952,0.060930720386664916,-0.008953676033598201,-0.014467433264520713,1.0344156258126695,1.0353276225191093,0.03148588105318981,1.1756630794000507,0.0,0
2022-12-01,GOOGL,100.98999786376952,0.0,0.060930720386664916,-0.008953676033598201,1.0290820677525,1.0330612090530735,0.031446544845483926,-0.34275502606105734,-0.005446038558246102,0
2022-12-02,GOOGL,100.44000244140624,-0.005446038558246102,0.0,0.060930720386664916,1.0172993730129436,1.025253680521274,0.030927626913136542,-0.25120698850702927,-0.009557935694323394,0
2022-12-05,GOOGL,99.4800033569336,-0.009557935694323394,-0.005446038558246102,0.0,1.000623655303685,1.0133339038676867,0.030167585624043713,0.13614081477791684,-0.02513067868554464,0
2022-12-06,GOOGL,96.9800033569336,-0.02513067868554464,-0.009557935694323394,-0.005446038558246102,0.9719772531243691,0.9864814229922254,0.0330855779928499,0.0207169812866983,-0.021035273715336533,0
2022-12-07,GOOGL,94.94000244140624,-0.021035273715336533,-0.02513067868554464,-0.009557935694323394,0.9632124730527942,0.9678077165501939,0.01056758294067551,0.24626766811049072,-0.012955585899554811,0
2022-12-08,GOOGL,93.70999908447266,-0.012955585899554811,-0.021035273715336533,-0.02513067868554464,0.9649881271036518,0.9599172124384224,0.008123670751906427,0.03761909977001432,-0.00939064413632884,0
2022-12-09,GOOGL,92.83000183105467,-0.00939064413632884,-0.012955585899554811,-0.021035273715336533,0.9711470045927216,0.9554343404586794,0.007113905757520344,-0.1237966926704187,0.005170696090393889,1
2022-12-12,GOOGL,93.30999755859376,0.005170696090393889,-0.00939064413632884,-0.012955585899554811,0.9889352514313788,0.9630906092214722,0.011772557860516474,0.04232358088813615,0.024863356076795018,1
2022-12-13,GOOGL,95.62999725341795,0.024863356076795018,0.005170696090393889,-0.00939064413632884,1.0164320992479752,0.9865882281268453,0.018081799027462212,0.3797994561522773,-0.0058558775977975985,0
2022-12-14,GOOGL,95.06999969482422,-0.0058558775977975985,0.024863356076795018,0.005170696090393889,1.0102008354020902,0.986837999677902,0.015285402145856644,-0.2921660257626183,-0.044283150289121664,0
2022-12-15,GOOGL,90.86000061035156,-0.044283150289121664,-0.0058558775977975985,0.024863356076795018,0.9713491683046401,0.9531602400540048,0.025270522128492748,0.39582231255394373,-0.006603549087503824,0
2022-12-16,GOOGL,90.26000213623048,-0.006603549087503824,-0.044283150289121664,-0.0058558775977975985,0.9702664058350755,0.9570869758897966,0.0252049056559699,0.44642581095569356,-0.020163966892857932,0
2022-12-19,GOOGL,88.44000244140625,-0.020163966892857932,-0.006603549087503824,-0.044283150289121664,0.9607613308882449,0.9488965144178595,0.02510960433628435,-0.4916034324051314,0.006558052754967125,1
2022-12-20,GOOGL,89.0199966430664,0.006558052754967125,-0.020163966892857932,-0.006603549087503824,0.9811528308568536,0.9633468965821357,0.019356569549882338,-0.2047672329027227,0.006290779702381677,1
2022-12-21,GOOGL,89.58000183105469,0.006290779702381677,0.006558052754967125,-0.020163966892857932,0.9994198623154422,0.9750628807820135,0.021308924740106153,0.0550784947428562,-0.02031703123043782,0
2022-12-22,GOOGL,87.76000213623047,-0.02031703123043782,0.006290779702381677,0.006558052754967125,0.9859344932506533,0.9614794900174886,0.013333597711147022,0.11770577395577386,0.016750241396088716,1
2022-12-23,GOOGL,89.2300033569336,0.016750241396088716,-0.02031703123043782,0.006290779702381677,1.0047744754754824,0.9814554423590334,0.017020844689232786,-0.16831475542603846,-0.02062091110682651,0
2022-12-27,GOOGL,87.38999938964844,-0.02062091110682651,0.016750241396088716,-0.02031703123043782,0.9863876329337767,0.9675169263781,0.017142361981532676,-0.12631830630787289,-0.01567688243678267,0
2022-12-28,GOOGL,86.0199966430664,-0.01567688243678267,-0.02062091110682651,0.016750241396088716,0.9775443882307842,0.962590738594848,0.017164445907695596,-0.028566026282137447,0.02824924901193482,1
2022-12-29,GOOGL,88.44999694824219,0.02824924901193482,-0.01567688243678267,-0.02062091110682651,1.0077474906663133,0.9971702318488365,0.023105063481353837,0.19516780036059656,-0.002487208579976863,0
2022-12-30,GOOGL,88.2300033569336,-0.002487208579976863,0.02824924901193482,-0.01567688243678267,1.0041655674476806,0.9976481022840943,0.020904781199349538,0.02797694302183551,0.010087264601452484,1
2023-01-03,GOOGL,89.12000274658203,0.010087264601452484,-0.002487208579976863,0.02824924901193482,1.014548882452033,1.0090122978161657,0.019855135184769643,0.1728028082697206,-0.011669668800220356,0
2023-01-04,GOOGL,88.08000183105469,-0.011669668800220356,0.010087264601452484,-0.002487208579976863,1.0011366392990684,0.9976440891618767,0.017842684998462234,0.23900864520532372,-0.02134428750828732,0
2023-01-05,GOOGL,86.19999694824219,-0.02134428750828732,-0.011669668800220356,0.010087264601452484,0.9793673490000359,0.9794786314579668,0.019339797840613696,-0.21978034589210094,0.0132250513922052,1
2023-01-06,GOOGL,87.33999633789062,0.0132250513922052,-0.02134428750828732,-0.011669668800220356,0.9948287593117128,0.994964757789234,0.01453347231095833,0.5216919659929986,0.007785669036956211,1
2023-01-09,GOOGL,88.0199966430664,0.007785669036956211,0.0132250513922052,-0.02134428750828732,1.0030540357490938,1.0024143269895716,0.015233984408017818,-0.2991095054553363,0.004544439231246145,1
2023-01-10,GOOGL,88.41999816894531,0.004544439231246145,0.007785669036956211,0.0132250513922052,1.0092224832406635,1.0078994981733878,0.014463778934477093,0.050472522660745645,0.03505992465864893,1
2023-01-11,GOOGL,91.5199966430664,0.03505992465864893,0.004544439231246145,0.007785669036956211,1.0364665889706843,1.0383480606877749,0.02020215572953785,-0.11834789515488486,-0.004261357123618303,0
2023-01-12,GOOGL,91.12999725341795,-0.004261357123618303,0.03505992465864893,0.004544439231246145,1.0206527373374015,1.0279635717856446,0.014734139968518252,0.12642766733675814,0.010863662054230616,1
2023-01-13,GOOGL,92.12000274658205,0.010863662054230616,-0.004261357123618303,0.03505992465864893,1.0208107587501571,1.0348469242684242,0.014693626982898776,-0.1298462229948344,-0.009010006581719243,0
2023-01-17,GOOGL,91.29000091552734,-0.009010006581719243,0.010863662054230616,-0.004261357123618303,1.0043346436996508,1.0220097836369149,0.01725174226724283,0.2382601826109414,-0.0018621773166876965,0
2023-01-18,GOOGL,91.12000274658205,-0.0018621773166876965,-0.009010006581719243,0.010863662054230616,0.9965440601705873,1.0178276634260575,0.017751191333725366,-0.10691544180796508,0.02118086311458267,1
2023-01-19,GOOGL,93.0500030517578,0.02118086311458267,-0.0018621773166876965,-0.009010006581719243,1.0142573923594418,1.0336477481365651,0.01237193321636771,0.27076213994030907,0.05341207338321219,1
2023-01-20,GOOGL,98.0199966430664,0.05341207338321219,0.02118086311458267,-0.0018621773166876965,1.0526202250658248,1.0747453219107541,0.024451884588501994,0.7078491043340072,0.01805758348376907,1
2023-01-23,GOOGL,99.79000091552734,0.01805758348376907,0.05341207338321219,0.02118086311458267,1.0542607815271383,1.079417633444794,0.02436525979289504,-0.3669187591290546,-0.02094402192715017,0
2023-01-24,GOOGL,97.6999969482422,-0.02094402192715017,0.01805758348376907,0.05341207338321219,1.018387225713859,1.045859353463694,0.02781199740052159,-0.1731429242771546,-0.025383785107515267,0
2023-01-25,GOOGL,95.22000122070312,-0.025383785107515267,-0.02094402192715017,0.01805758348376907,0.9841250306024228,1.011945261364452,0.0327161455575184,0.2796831778950073,0.02415454098800418,1
2023-01-26,GOOGL,97.5199966430664,0.02415454098800418,-0.025383785107515267,-0.02094402192715017,0.998668696025744,1.0298217109207295,0.033012609431835344,-0.2885896527285613,0.01897053083673561,1
2023-01-27,GOOGL,99.37000274658205,0.01897053083673561,0.02415454098800418,-0.025383785107515267,1.0148080377479256,1.0403057189108864,0.024022148682328937,0.12505147107657577,-0.024454062976861368,0
2023-01-30,GOOGL,96.94000244140624,-0.024454062976861368,0.01897053083673561,0.02415454098800418,0.9957884174772085,1.009770650715461,0.02485625168003782,-0.1963884084321631,0.019599688968780615,1
2023-01-31,GOOGL,98.83999633789062,0.019599688968780615,-0.024454062976861368,0.01897053083673561,1.0129332068861803,1.021528120643108,0.025182304982208446,0.09713070498270038,0.016086645347998862,1
2023-02-01,GOOGL,100.43000030517578,0.016086645347998862,0.019599688968780615,-0.024454062976861368,1.018353281443445,1.028068960236092,0.01995813055928688,0.18949673091022312,0.0727869913012138,1
2023-02-02,GOOGL,107.73999786376952,0.0727869913012138,0.016086645347998862,0.019599688968780615,1.07029323222895,1.086559685407061,0.034559285268539915,0.966834688484173,-0.02747353947616904,0
2023-02-03,GOOGL,104.77999877929688,-0.02747353947616904,0.0727869913012138,0.016086645347998862,1.029819350728967,1.0495527469660655,0.040786599743921396,-0.06545866137788725,-0.017942329407522717,0
2023-02-06,GOOGL,102.9000015258789,-0.017942329407522717,-0.02747353947616904,0.0727869913012138,0.9996308706512032,1.027520391226187,0.039440930690290546,-0.5100299651045104,0.04606411849836012,1
2023-02-07,GOOGL,107.63999938964844,0.04606411849836012,-0.017942329407522717,-0.02747353947616904,1.0280998665581014,1.0642883948858388,0.04228628089030249,0.5315878948486856,-0.07683014390523779,0
2023-02-08,GOOGL,99.37000274658205,-0.07683014390523779,0.04606411849836012,-0.017942329407522717,0.9510365282290009,0.9785038636576794,0.05999403639293809,0.9331384079232485,-0.043876426384636735,0
2023-02-09,GOOGL,95.01000213623048,-0.043876426384636735,-0.07683014390523779,0.04606411849836012,0.9320188471938565,0.9378887063979111,0.045121605969489526,0.2608252808899818,-0.0046311170562375326,0
2023-02-10,GOOGL,94.56999969482422,-0.0046311170562375326,-0.043876426384636735,-0.07683014390523779,0.9466655854450173,0.93798972030235,0.045834220493146796,-0.5397371395086016,0.0004229767966208442,1
2023-02-13,GOOGL,94.61000061035156,0.0004229767966208442,-0.0046311170562375326,-0.043876426384636735,0.9630496715050207,0.9405601076435673,0.046712037525174444,-0.08920584859778069,0.0007398762749459831,1
2023-02-14,GOOGL,94.68000030517578,0.0007398762749459831,0.0004229767966208442,-0.0046311170562375326,0.9898795502013803,0.9451648646630351,0.03451922465389797,0.09285866910562124,0.023869899967743358,1
2023-02-15,GOOGL,96.94000244140624,0.023869899967743358,0.0007398762749459831,0.0004229767966208442,1.0186839430068952,0.9711091712209492,0.02452994767288712,-0.08327105348270747,-0.014751395390567357,0
2023-02-16,GOOGL,95.51000213623048,-0.014751395390567357,0.023869899967743358,0.0007398762749459831,1.0026033580644076,0.9686514456271418,0.01417007690654466,-0.15360880224840046,-0.012145363167878731,0
2023-02-17,GOOGL,94.3499984741211,-0.012145363167878731,-0.014751395390567357,0.023869899967743358,0.9908840522579467,0.9671169720492936,0.015288206728359422,-0.19260478632961708,-0.02713298993105895,0
2023-02-21,GOOGL,91.79000091552734,-0.02713298993105895,-0.012145363167878731,-0.014751395390567357,0.9697424312431595,0.9517144138568414,0.019355394874679487,-0.0190992325888677,-0.0015252139476202853,0
2023-02-22,GOOGL,91.6500015258789,-0.0015252139476202853,-0.02713298993105895,-0.012145363167878731,0.9745023866032091,0.9662828996319249,0.019187381402668114,-0.08163417020276964,-0.00829243997356477,0
2023-02-23,GOOGL,90.88999938964844,-0.00829243997356477,-0.0015252139476202853,-0.02713298993105895,0.979017201055739,0.9669148792760738,0.009448615433360138,0.3342313171868929,-0.019364090087461427,0
2023-02-24,GOOGL,89.12999725341797,-0.019364090087461427,-0.00829243997356477,-0.0015252139476202853,0.9734387379997144,0.9541600328796096,0.009904681129384528,-0.11215005436048764,0.008302541411058906,1
2023-02-27,GOOGL,89.87000274658203,0.008302541411058906,-0.019364090087461427,-0.00829243997356477,0.9912205499700685,0.9669471518356955,0.014054857108987566,-0.24826500405902951,0.0021141071125532207,1
2023-02-28,GOOGL,90.05999755859375,0.0021141071125532207,0.008302541411058906,-0.019364090087461427,0.9971213226626553,0.9737584448748798,0.010595219491234107,0.09598106340196999,0.0033311465677381413,1
2023-03-01,GOOGL,90.36000061035156,0.0033311465677381413,0.0021141071125532207,0.008302541411058906,1.003308843910289,0.9815870980478513,0.011062777049192948,0.03215446884745532,0.018149616850053008,1
2023-03-02,GOOGL,92.0,0.018149616850053008,0.0033311465677381413,0.0021141071125532207,1.019006694133749,1.0047946171259838,0.013760976760404695,0.03513847103293988,0.017934799194335938,1
2023-03-03,GOOGL,93.6500015258789,0.017934799194335938,0.018149616850053008,0.0033311465677381413,1.026999177791096,1.0248974175198786,0.007728420615348021,0.09177938418352771,0.015803477879603456,1
2023-03-06,GOOGL,95.12999725341795,0.015803477879603456,0.017934799194335938,0.018149616850053008,1.0313312866748983,1.040206416196257,0.008046172234860708,-0.07169490416693924,-0.013350117520588567,0
2023-03-07,GOOGL,93.86000061035156,-0.013350117520588567,0.015803477879603456,0.017934799194335938,1.009247318390877,1.0240017539450341,0.013597208906174317,-0.1471784014975811,0.004155118123932988,1
2023-03-08,GOOGL,94.25,0.004155118123932988,-0.013350117520588567,0.015803477879603456,1.005033164736769,1.02534813221183,0.013525619420648451,0.2251728907330568,-0.020477456818841167,0
2023-03-09,GOOGL,92.31999969482422,-0.020477456818841167,0.004155118123932988,-0.013350117520588567,0.983781248001534,1.0027915663214229,0.017196784856380407,-0.15511108895620074,-0.01830591905321477,0
2023-03-10,GOOGL,90.62999725341795,-0.01830591905321477,-0.020477456818841167,0.004155118123932988,0.9720285534008936,0.9828331962235384,0.015753004977455083,0.24736668575494125,0.00529629671720544,1
2023-03-13,GOOGL,91.11000061035156,0.00529629671720544,-0.01830591905321477,-0.020477456818841167,0.9856762768171561,0.9867117308570172,0.012385700904763153,0.03880248184524637,0.031390633203734364,1
2023-03-14,GOOGL,93.97000122070312,0.031390633203734364,0.00529629671720544,-0.01830591905321477,1.0163753728134641,1.0133940270943884,0.021120327308065266,-0.0344282668552266,0.022773218706492404,1
2023-03-15,GOOGL,96.11000061035156,0.022773218706492404,0.031390633203734364,0.00529629671720544,1.0353557195753196,1.0300847854419937,0.023457244221863856,0.404211349728989,0.04380396480841564,1
2023-03-16,GOOGL,100.31999969482422,0.04380396480841564,0.022773218706492404,0.031390633203734364,1.0623967448692264,1.0657035094007294,0.0241989521925543,0.2937432465267147,0.012958563155028635,1
2023-03-17,GOOGL,101.62000274658205,0.012958563155028635,0.04380396480841564,0.022773218706492404,1.0516838296063902,1.0704504569507607,0.01514275142842351,-0.06815336224271662,-0.003936247934143822,0
2023-03-20,GOOGL,101.22000122070312,-0.003936247934143822,0.012958563155028635,0.04380396480841564,1.0260725011498073,1.0594404583657744,0.018144003255045896,-0.4599179072072884,0.03655401011282966,1
2023-03-21,GOOGL,104.91999816894533,0.03655401011282966,-0.003936247934143822,0.012958563155028635,1.0404807479412332,1.0856001535114983,0.018982485189970554,0.27760282035412187,-0.014773117131277824,0
2023-03-22,GOOGL,103.37000274658205,-0.014773117131277824,0.03655401011282966,-0.003936247934143822,1.0105582346406132,1.059563980014379,0.02521606795253715,0.03127738344300557,0.021572948324341423,1
2023-03-23,GOOGL,105.5999984741211,0.021572948324341423,-0.014773117131277824,0.03655401011282966,1.0218102083108325,1.0678855479569362,0.020338379955434083,-0.060551633300635066,-0.0015151139680562586,0
2023-03-24,GOOGL,105.44000244140624,-0.0015151139680562586,0.021572948324341423,-0.014773117131277824,1.012774967085366,1.0505340507716863,0.020918310003760935,-0.25502600630426153,-0.028262550151111676,0
2023-03-27,GOOGL,102.45999908447266,-0.028262550151111676,-0.0015151139680562586,0.021572948324341423,0.9818125961085628,1.0094282773667893,0.026381989777532113,0.02393948666317902,-0.01395666911920257,0
2023-03-28,GOOGL,101.02999877929688,-0.01395666911920257,-0.028262550151111676,-0.0015151139680562586,0.9753813330916596,0.9884647965163998,0.018752743300617384,0.030108383754968493,0.0035633041146323485,1
2023-03-29,GOOGL,101.38999938964844,0.0035633041146323485,-0.01395666911920257,-0.028262550151111676,0.9826135810735412,0.9868888435382708,0.018740113647047876,-0.10226184497424973,-0.004931452835683192,0
2023-03-30,GOOGL,100.88999938964844,-0.004931452835683192,0.0035633041146323485,-0.01395666911920257,0.9867764673063184,0.9814775098744082,0.012510250914621325,0.14964071773061471,0.028149509212669788,1
2023-03-31,GOOGL,103.7300033569336,0.028149509212669788,-0.004931452835683192,0.0035633041146323485,1.0179588160641178,1.0070385228834506,0.021067190661137727,0.11416240003385103,0.0060734332693517246,1
2023-04-03,GOOGL,104.36000061035156,0.0060734332693517246,0.028149509212669788,-0.004931452835683192,1.0203363345616898,1.0100755946510427,0.01572941999711932,-0.3208602570571353,0.0034496033752979827,1
2023-04-04,GOOGL,104.72000122070312,0.0034496033752979827,0.0060734332693517246,0.028149509212669788,1.0165213886324436,1.0137561899324312,0.012395520733682906,-0.02457719868665964,-0.0023873185359606364,0
2023-04-05,GOOGL,104.47000122070312,-0.0023873185359606364,0.0034496033752979827,0.0060734332693517246,1.0080668511461517,1.0102602367289508,0.013104669165945854,0.1584923894660546,0.037809867924644136,1
2023-04-06,GOOGL,108.41999816894533,0.037809867924644136,-0.0023873185359606364,0.0034496033752979827,1.0311964735101462,1.0456066368926207,0.017377341831426887,0.7218324172425372,-0.018262274128189593,0
2023-04-10,GOOGL,106.44000244140624,-0.018262274128189593,0.037809867924644136,-0.0023873185359606364,1.007172476899861,1.0255224640464846,0.020464497226190353,-0.4443324471634008,-0.010240548123673476,0
2023-04-11,GOOGL,105.3499984741211,-0.010240548123673476,-0.018262274128189593,0.037809867924644136,0.9949943159281538,1.0122021345620822,0.021587380832737327,-0.027915499826359436,-0.006739431369304327,0
2023-04-12,GOOGL,104.63999938964844,-0.006739431369304327,-0.010240548123673476,-0.018262274128189593,0.9884379907237391,1.0019053726289457,0.021903643066544826,-0.07378818628904138,0.026662852941523818,1
2023-04-13,GOOGL,107.43000030517578,0.026662852941523818,-0.006739431369304327,-0.010240548123673476,1.009149325087831,1.0227045536390955,0.024765950485374673,0.019421180699457974,0.013404099760920163,1
2023-04-14,GOOGL,108.87000274658205,0.013404099760920163,0.026662852941523818,-0.006739431369304327,1.0218121943625373,1.0285989808530838,0.018504874293851756,0.06981274855495978,-0.026637287156401457,0
2023-04-17,GOOGL,105.97000122070312,-0.026637287156401457,0.013404099760920163,0.026662852941523818,0.9954721451489079,0.9990854897508122,0.020903890186189523,0.4136202874557906,-0.013871861883266057,0
2023-04-18,GOOGL,104.5,-0.013871861883266057,-0.026637287156401457,0.013404099760920163,0.9832332782583921,0.9850962895234132,0.021375546872662386,-0.29210672004088234,-0.003062198036595354,0
2023-04-19,GOOGL,104.18000030517578,-0.003062198036595354,-0.013871861883266057,-0.026637287156401457,0.9810716584139547,0.982579907810014,0.02121009274716223,-0.21396504790121973,0.010654642033979922,1
2023-04-20,GOOGL,105.29000091552734,0.010654642033979922,-0.003062198036595354,-0.013871861883266057,0.9955371483383477,0.9922815267494837,0.016795785262053237,0.33077581712164617,0.0011397354500766177,1
2023-04-21,GOOGL,105.41000366210938,0.0011397354500766177,0.010654642033979922,-0.003062198036595354,1.0032359611445332,0.9962384953843093,0.0143545803704944,-0.07263270646422826,0.0053125655928143445,1
2023-04-24,GOOGL,105.97000122070312,0.0053125655928143445,0.0011397354500766177,0.010654642033979922,1.0085657179931837,1.0019761575164778,0.009284979511998174,-0.08749190894608938,-0.020005687667840166,0
2023-04-25,GOOGL,103.8499984741211,-0.020005687667840166,0.0053125655928143445,0.0011397354500766177,0.9896130890804579,0.9833255784329832,0.011678417866122082,0.9820964371272747,-0.0013480923611502993,0
2023-04-26,GOOGL,103.70999908447266,-0.0013480923611502993,-0.020005687667840166,0.0053125655928143445,0.989165046071003,0.9828654665991692,0.011634877676668404,0.14322573455825793,0.0374119881175361,1
2023-04-27,GOOGL,107.58999633789062,0.0374119881175361,-0.0013480923611502993,-0.020005687667840166,1.0216891400995807,1.0194818346071703,0.020795910011266863,-0.06107866145805996,-0.0023236361047440646,0
2023-04-28,GOOGL,107.33999633789062,-0.0023236361047440646,0.0374119881175361,-0.0013480923611502993,1.01559245802447,1.0185896564520145,0.02099265166038308,-0.2784911717495987,-0.0013042611740708976,0
2023-05-01,GOOGL,107.1999969482422,-0.0013042611740708976,-0.0023236361047440646,0.0374119881175361,1.011912623820126,1.0160751974372688,0.02108257339354103,-0.26170869788986106,-0.017537288310984556,0
2023-05-02,GOOGL,105.31999969482422,-0.017537288310984556,-0.0013042611740708976,-0.0023236361047440646,0.9914150349635584,0.9974807303521322,0.020443438790081973,0.16174006903608085,0.0008545762205274254,1
2023-05-03,GOOGL,105.41000366210938,0.0008545762205274254,-0.017537288310984556,-0.0013042611740708976,0.9890966206002675,0.9971715182934707,0.0203503844414859,-0.29685907114190957,-0.006830482835491591,0
2023-05-04,GOOGL,104.69000244140624,-0.006830482835491591,0.0008545762205274254,-0.017537288310984556,0.9877160787820066,0.9909227976894261,0.007326576320649137,0.07451572350128921,0.008405742983056186,1
2023-05-05,GOOGL,105.56999969482422,0.008405742983056186,-0.006830482835491591,0.0008545762205274254,0.9993562847352021,0.9991009350743106,0.009662181746452373,0.1374837208309314,0.02083922472863331,1
2023-05-08,GOOGL,107.7699966430664,0.02083922472863331,0.008405742983056186,-0.006830482835491591,1.01908234556006,1.018186950074235,0.014605661882635047,-0.004801177208109797,-0.003897171587898818,0
2023-05-09,GOOGL,107.3499984741211,-0.003897171587898818,0.02083922472863331,0.008405742983056186,1.0112285300114887,1.0108762140764949,0.011095601881234284,0.37148924613562473,0.04098743910964853,1
2023-05-10,GOOGL,111.75,0.04098743910964853,-0.003897171587898818,0.02083922472863331,1.0402509687731734,1.0444022936655866,0.01961237044391932,0.7368874123008462,0.04313198832057474,1
2023-05-11,GOOGL,116.56999969482422,0.04313198832057474,0.04098743910964853,-0.003897171587898818,1.061638229368999,1.0803822199617028,0.02039510801333036,0.24933891128585328,0.008063845276375936,1
2023-05-12,GOOGL,117.51000213623048,0.008063845276375936,0.04313198832057474,0.04098743910964853,1.0474195808496716,1.0789246763692713,0.020452127440154746,-0.4790583016476553,-0.0085099138951652,0
2023-05-15,GOOGL,116.51000213623048,-0.0085099138951652,0.008063845276375936,0.04313198832057474,1.0225736947895077,1.0606764226928067,0.024597371572987276,-0.11764548455925827,0.02574886228645168,1
2023-05-16,GOOGL,119.51000213623048,0.02574886228645168,-0.0085099138951652,0.008063845276375936,1.026982906957027,1.0741120342815882,0.022057551039527994,0.24178587578722133,0.011128727118120851,1
2023-05-17,GOOGL,120.83999633789062,0.011128727118120851,0.02574886228645168,-0.0085099138951652,1.0224387910672228,1.071210087765665,0.019484575512975614,-0.2600609295757135,0.01646810289202283,1
2023-05-18,GOOGL,122.83000183105467,0.01646810289202283,0.011128727118120851,0.02574886228645168,1.0283824588876624,1.071618655649177,0.01260774650038868,0.057334741744589524,-0.0005698908554969684,0
2023-05-19,GOOGL,122.76000213623048,-0.0005698908554969684,0.01646810289202283,0.011128727118120851,1.0188397477255775,1.0551831010419659,0.013591362507333109,0.17367217078860886,0.018654291916564425,1
2023-05-22,GOOGL,125.0500030517578,0.018654291916564425,-0.0005698908554969684,0.01646810289202283,1.023339186627308,1.0591354322202404,0.009822253105285868,-0.14751870462888184,-0.01991207862772648,0
2023-05-23,GOOGL,122.55999755859376,-0.01991207862772648,0.018654291916564425,-0.0005698908554969684,0.9979805662160288,1.0248433956237764,0.01586691049301245,-0.03422971094658611,-0.0135443543226349,0
2023-05-24,GOOGL,120.9000015258789,-0.0135443543226349,-0.01991207862772648,0.018654291916564425,0.9843673695184708,1.0032862035167187,0.017314776423066076,0.004003371878882556,0.021339965248076798,1
2023-05-25,GOOGL,123.4800033569336,0.021339965248076798,-0.0135443543226349,-0.01991207862772648,1.0043107102438151,1.0188539305517177,0.018550732215087656,0.23796902517655183,0.009151257067523622,1
2023-05-26,GOOGL,124.61000061035156,0.009151257067523622,0.021339965248076798,-0.0135443543226349,1.010460585281213,1.022189405836803,0.01882706286581801,-0.1578821750124063,-0.007543555387224288,0
2023-05-30,GOOGL,123.66999816894533,-0.007543555387224288,0.009151257067523622,0.021339965248076798,1.0050875940603574,1.0085547947889433,0.016984540229411673,-0.015692040891348347,-0.006468791414312225,0
2023-05-31,GOOGL,122.87000274658205,-0.006468791414312225,-0.007543555387224288,0.009151257067523622,0.9980829648213807,0.9992924519521328,0.014314480116646825,0.06411948672480583,0.006917868113620829,1
2023-06-01,GOOGL,123.72000122070312,0.006917868113620829,-0.006468791414312225,-0.007543555387224288,1.000404301766851,1.0038541116904967,0.012002765199200457,-0.1755648907726023,0.0076786044202141746,1
2023-06-02,GOOGL,124.66999816894533,0.0076786044202141746,0.006917868113620829,-0.006468791414312225,1.0061497077243908,1.0100543414097318,0.00822128830515121,-0.12324560405814244,0.010748407692035666,1
2023-06-05,GOOGL,126.01000213623048,0.010748407692035666,0.0076786044202141746,0.006917868113620829,1.0146713180080644,1.0182297240183036,0.008593767515953917,0.19738251526124806,0.010316605033922954,1
2023-06-06,GOOGL,127.30999755859376,0.010316605033922954,0.010748407692035666,0.0076786044202141746,1.0191648562663265,1.0268591486144638,0.00707426780646647,-0.17542523718871395,-0.03778177402273519,0
2023-06-07,GOOGL,122.5,-0.03778177402273519,0.010316605033922954,0.010748407692035666,0.9812402891628655,0.9881104058690915,0.02094839967537574,0.9723105453426082,-0.0029387804926658267,0
2023-06-08,GOOGL,122.13999938964844,-0.0029387804926658267,-0.03778177402273519,0.010316605033922954,0.980839342213189,0.9842221394321553,0.020544652871989096,-0.4406212527836464,0.0007368918268784164,1
2023-06-09,GOOGL,122.2300033569336,0.0007368918268784164,-0.0029387804926658267,-0.03778177402273519,0.9854238449166353,0.9859405114497505,0.019918706237558363,-0.19091707157731408,0.011535596776491852,1
2023-06-12,GOOGL,123.63999938964844,0.011535596776491852,0.0007368918268784164,-0.0029387804926658267,1.0006150614314941,0.9980948624142882,0.020064858872880946,0.19042992980995277,0.0015367392619232145,1
2023-06-13,GOOGL,123.83000183105467,0.0015367392619232145,0.011535596776491852,0.0007368918268784164,1.0078295490394995,0.9994995742381336,0.018889345864724922,-0.21295890681965912,-0.0012921235544165466,0
2023-06-14,GOOGL,123.66999816894533,-0.0012921235544165466,0.0015367392619232145,0.011535596776491852,1.0046140415243285,0.9975639503046848,0.005655345408198075,0.373188259427335,0.011482155655937243,1
2023-06-15,GOOGL,125.08999633789062,0.011482155655937243,-0.0012921235544165466,0.0015367392619232145,1.0113022388114477,1.0079043156176926,0.006210699560225944,0.15212978429212587,-0.012471001712878071,0
2023-06-16,GOOGL,123.52999877929688,-0.012471001712878071,0.011482155655937243,-0.0012921235544165466,0.9965954552906717,0.9962498413914126,0.010014691809861035,0.2919256773051355,-0.003480938309924464,0
2023-06-20,GOOGL,123.0999984741211,-0.003480938309924464,-0.012471001712878071,0.011482155655937243,0.9939924400710511,0.9951173700303118,0.008659437836059011,-0.4268769929461784,-0.020714829033075643,0
2023-06-21,GOOGL,120.5500030517578,-0.020714829033075643,-0.003480938309924464,-0.012471001712878071,0.978585609532876,0.9798582694294746,0.01214550244891762,0.16127215250502913,0.02156780098134714,1
2023-06-22,GOOGL,123.1500015258789,0.02156780098134714,-0.020714829033075643,-0.003480938309924464,1.0005362345413393,1.0004630766603073,0.01725645262194381,-0.11067335834463465,-0.006577386747478542,0
2023-06-23,GOOGL,122.33999633789062,-0.006577386747478542,0.02156780098134714,-0.020714829033075643,0.9984167390562763,0.9937211879397326,0.015899733810921392,0.29538961568999933,-0.03269576687702691,0
2023-06-26,GOOGL,118.33999633789062,-0.03269576687702691,-0.006577386747478542,0.02156780098134714,0.9740238128842625,0.9642775437532016,0.020417673284693533,-0.02702958159571056,-8.445586568561758e-05,0
2023-06-27,GOOGL,118.33000183105467,-8.445586568561758e-05,-0.03269576687702691,-0.006577386747478542,0.9816495662159254,0.9683860985516505,0.020676285204852863,0.16385093862507683,0.015634230081078115,1
2023-06-28,GOOGL,120.18000030517578,0.015634230081078115,-8.445586568561758e-05,-0.03269576687702691,0.997609332236334,0.9864727417195865,0.021336308294919924,-0.3147645557581843,-0.008986535432785936,0
2023-06-29,GOOGL,119.0999984741211,-0.008986535432785936,0.015634230081078115,-8.445586568561758e-05,0.9953367080398535,0.9812887700737795,0.01748915081140296,-0.11075470444495306,0.005037770628111948,1
2023-06-30,GOOGL,119.6999969482422,0.005037770628111948,-0.008986535432785936,0.015634230081078115,1.00478467367402,0.9906316020116013,0.01823861732815792,0.22586536825108228,0.0016708820612851838,1
2023-07-03,GOOGL,119.9000015258789,0.0016708820612851838,0.005037770628111948,-0.008986535432785936,1.003834511392027,0.9952768101522164,0.008918190136195102,-0.5100974529496618,0.015429511681213759,1
2023-07-05,GOOGL,121.75,0.015429511681213759,0.0016708820612851838,0.005037770628111948,1.0135191428728394,1.0117672509059803,0.010316281354083821,0.9066208641198792,-0.01347022085953542,0
2023-07-06,GOOGL,120.11000061035156,-0.01347022085953542,0.015429511681213759,0.0016708820612851838,0.9999833580210528,0.9985036264011123,0.011493750251895177,-0.10294074997824887,-0.005245169013542328,0
2023-07-07,GOOGL,119.4800033569336,-0.005245169013542328,-0.01347022085953542,0.015429511681213759,0.9941092527667379,0.9963059945348385,0.01087263056277082,-0.12267833761699243,-0.025359945794775185,0
2023-07-10,GOOGL,116.4499969482422,-0.025359945794775185,-0.005245169013542328,-0.01347022085953542,0.9741671809179895,0.9758325146697734,0.015390075356438389,0.6267164144729267,0.005925310944515649,1
2023-07-11,GOOGL,117.13999938964844,0.005925310944515649,-0.025359945794775185,-0.005245169013542328,0.984485564096282,0.9826027098295649,0.015984526084855195,-0.3464910293584632,0.01528086840408105,1
2023-07-12,GOOGL,118.93000030517578,0.01528086840408105,0.005925310944515649,-0.025359945794775185,1.0042897450016197,0.9971158887786334,0.0159381624216873,0.31741685009619225,0.04717060956828578,1
2023-07-13,GOOGL,124.54000091552734,0.04717060956828578,0.01528086840408105,0.005925310944515649,1.043852891041608,1.0403475154479307,0.0268280610169535,0.45695688781886834,0.007065980784879411,1
2023-07-14,GOOGL,125.41999816894533,0.007065980784879411,0.04717060956828578,0.01528086840408105,1.0408644192201886,1.0421963932773026,0.02590886788863159,-0.24865287067784247,-0.006139345035145127,0
2023-07-17,GOOGL,124.6500015258789,-0.006139345035145127,0.007065980784879411,0.04717060956828578,1.0205836236947945,1.0315549148237202,0.020129004966864664,-0.2273496158711178,-0.007139986993611402,0
2023-07-18,GOOGL,123.76000213623048,-0.007139986993611402,-0.006139345035145127,0.007065980784879411,1.0024299491689277,1.0209283864737846,0.02216204538632628,0.01856417355596851,-0.013978695273690112,0
2023-07-19,GOOGL,122.02999877929688,-0.013978695273690112,-0.007139986993611402,-0.006139345035145127,0.9834783887746864,1.006424677440197,0.024563696850860017,0.4211105002748763,-0.02319103383892518,0
2023-07-20,GOOGL,119.1999969482422,-0.02319103383892518,-0.013978695273690112,-0.007139986993611402,0.9690111324211634,0.9838230199600665,0.01112888916301918,0.018343004513217354,0.006879192246793897,1
2023-07-21,GOOGL,120.0199966430664,0.006879192246793897,-0.02319103383892518,-0.013978695273690112,0.9843191075688197,0.9901496317168359,0.011062950947560971,0.9241376217459665,0.012581254611438997,1
2023-07-24,GOOGL,121.52999877929688,0.012581254611438997,0.006879192246793897,-0.02319103383892518,1.0018300534550701,0.9984226304131967,0.014716669149948118,-0.5929948627531092,0.005595328824208101,1
2023-07-25,GOOGL,122.20999908447266,0.005595328824208101,0.012581254611438997,0.006879192246793897,1.0100167032278347,0.9998445520764713,0.015336210065954892,0.7688278352494939,0.057769456189164625,1
2023-07-26,GOOGL,129.27000427246094,0.057769456189164625,0.005595328824208101,0.012581254611438997,1.0557307317068307,1.0487332334967032,0.029158213088798013,0.17468234379999092,0.0010055667960640058,1
2023-07-27,GOOGL,129.39999389648438,0.0010055667960640058,0.057769456189164625,0.005595328824208101,1.0394742815991498,1.0456649744049775,0.023290124678382998,-0.27122941663789013,0.02457502383743715,1
2023-07-28,GOOGL,132.5800018310547,0.02457502383743715,0.0010055667960640058,0.057769456189164625,1.0439534660158405,1.0651990718772395,0.022750370170125756,-0.18599575993112671,0.0010559615908500852,1
2023-07-31,GOOGL,132.72000122070312,0.0010559615908500852,0.02457502383743715,0.0010055667960640058,1.0269584415953956,1.0594546418966322,0.02426225282306044,-0.23327193423555392,-0.008815537659615402,0
2023-08-01,GOOGL,131.5500030517578,-0.008815537659615402,0.0010559615908500852,0.02457502383743715,1.0034018961615108,1.0436252280825877,0.02682488553066885,-0.17425103812086762,-0.02409728692821156,0
2023-08-02,GOOGL,128.3800048828125,-0.02409728692821156,-0.008815537659615402,0.0010559615908500852,0.9805539306573201,1.0133716813299118,0.017724084169893253,0.13409275342300186,0.0005451944443652934,1
2023-08-03,GOOGL,128.4499969482422,0.0005451944443652934,-0.02409728692821156,-0.008815537659615402,0.982514344855865,1.0065746439319945,0.01771059395954206,-0.23536441939154962,-0.0026469158892049593,0
2023-08-04,GOOGL,128.11000061035156,-0.0026469158892049593,0.0005451944443652934,-0.02409728692821156,0.9866607052070191,0.9975860469840594,0.010442393232136646,0.3015356280644117,0.026695793869732976,1
2023-08-07,GOOGL,131.52999877929688,0.026695793869732976,-0.0026469158892049593,0.0005451944443652934,1.0148606363392054,1.0163034949317729,0.018469714569132826,-0.13006746420266802,-0.0009884048051322925,0
2023-08-08,GOOGL,131.39999389648438,-0.0009884048051322925,0.026695793869732976,-0.0026469158892049593,1.0140922938769266,1.008140264679155,0.01803868519662974,0.03468256375762202,-0.013241935427681595,0
2023-08-09,GOOGL,129.66000366210938,-0.013241935427681595,-0.0009884048051322925,0.026695793869732976,0.9986906329909431,0.9944929649442962,0.014788620794227467,0.05853784968897657,0.00023136494253894746,1
2023-08-10,GOOGL,129.69000244140625,0.00023136494253894746,-0.013241935427681595,-0.0009884048051322925,0.997017194015225,0.9945018420254385,0.01479738822317485,-0.16277109449321436,-0.0010024279463733965,0
2023-08-11,GOOGL,129.55999755859375,-0.0010024279463733965,0.00023136494253894746,-0.013241935427681595,0.993802146895528,0.9958110545689737,0.014685859230339873,-0.06073027836109268,0.013661657192147292,1
2023-08-14,GOOGL,131.3300018310547,0.013661657192147292,-0.0010024279463733965,0.00023136494253894746,1.0076883091435724,1.01049506379361,0.009535015505978432,0.260551985340282,-0.011802353081147188,0
2023-08-15,GOOGL,129.77999877929688,-0.011802353081147188,0.013661657192147292,-0.0010024279463733965,0.9982769601418189,0.999930647746171,0.010871996180045494,-0.19942418892434277,-0.008321789499253551,0
2023-08-16,GOOGL,128.6999969482422,-0.008321789499253551,-0.011802353081147188,0.013661657192147292,0.9914337459737212,0.9913650164099479,0.009820668803776373,0.27542777949187425,0.009479419189059923,1
2023-08-17,GOOGL,129.9199981689453,0.009479419189059923,-0.008321789499253551,-0.011802353081147188,1.000477440838145,0.9996306698656336,0.011014095504622404,0.32638671325066126,-0.018934722284045358,0
2023-08-18,GOOGL,127.45999908447266,-0.018934722284045358,0.009479419189059923,-0.008321789499253551,0.9847185533322079,0.9811936595216326,0.014079208909364455,-0.08794694779392642,0.007139463669003643,1
2023-08-21,GOOGL,128.3699951171875,0.007139463669003643,-0.018934722284045358,0.009479419189059923,0.9963056477404394,0.9906085977502178,0.012320635107914028,-0.17230403084104795,0.005530939790244771,1
2023-08-22,GOOGL,129.0800018310547,0.005530939790244771,0.007139463669003643,-0.018934722284045358,1.002905875454273,0.9978740851752557,0.012185881772216687,-0.12649364125677753,0.02548801703953263,1
2023-08-23,GOOGL,132.3699951171875,0.02548801703953263,0.005530939790244771,0.007139463669003643,1.0226359494883621,1.0211685653898288,0.015928053517681173,0.26138409151707775,-0.01956634005763691,0
2023-08-24,GOOGL,129.77999877929688,-0.01956634005763691,0.02548801703953263,0.005530939790244771,1.0028436373689038,1.0011185286353306,0.019186871420259904,0.02447905620837032,0.0007705817880743204,1
2023-08-25,GOOGL,129.8800048828125,0.0007705817880743204,-0.01956634005763691,0.02548801703953263,0.9998768687041901,1.0016427142635482,0.016121842100660165,-0.060973940990923015,0.008700258558220764,1
2023-08-28,GOOGL,131.00999450683594,0.008700258558220764,0.0007705817880743204,-0.01956634005763691,1.0044930034946493,1.0106066741474578,0.016215748938427907,-0.23239633970907492,0.02717359718076362,1
2023-08-29,GOOGL,134.57000732421875,0.02717359718076362,0.008700258558220764,0.0007705817880743204,1.0231748848049715,1.0342469540280983,0.019266541814731006,1.0968198877492905,0.00973469188745435,1
2023-08-30,GOOGL,135.8800048828125,0.00973469188745435,0.02717359718076362,0.008700258558220764,1.0276500692025494,1.038583870264978,0.016944862302405404,-0.3426487384969681,0.0021341866037090096,1
2023-08-31,GOOGL,136.1699981689453,0.0021341866037090096,0.00973469188745435,0.02717359718076362,1.0199846906921823,1.0358520139707814,0.010527384425876512,0.061379159338602385,-0.0037452780619354753,0
2023-09-01,GOOGL,135.66000366210938,-0.0037452780619354753,0.0021341866037090096,0.00973469188745435,1.0074410873502375,1.0255751432519364,0.011622066718444238,-0.28316219579554003,0.0008108551332899339,1
2023-09-05,GOOGL,135.77000427246094,0.0008108551332899339,-0.0037452780619354753,0.0021341866037090096,1.0011798584619924,1.0206966245058648,0.012161924822695614,-0.09936083402572449,-0.00964865226022138,0
2023-09-06,GOOGL,134.4600067138672,-0.00964865226022138,0.0008108551332899339,-0.0037452780619354753,0.991680703331259,1.0067762709775356,0.007193713357258295,-0.03703531909849456,0.005949633742553084,1
2023-09-07,GOOGL,135.25999450683594,0.005949633742553084,-0.00964865226022138,0.0008108551332899339,0.9984940134958233,1.0105794261833971,0.005993440571768935,0.008552543552142078,0.008280426005192298,1
2023-09-08,GOOGL,136.3800048828125,0.008280426005192298,0.005949633742553084,-0.00964865226022138,1.0064499140782432,1.0139475589517117,0.0072663981641116655,0.2501552193501484,0.00395947548613762,1
2023-09-11,GOOGL,136.9199981689453,0.00395947548613762,0.008280426005192298,0.005949633742553084,1.0085593220681888,1.012661946322125,0.006998285825560536,-0.11863759269556806,-0.011539598686709951,0
2023-09-12,GOOGL,135.33999633789062,-0.011539598686709951,0.00395947548613762,0.008280426005192298,0.9975528938625438,0.9977808660360775,0.009274985333233237,-0.11356039954920683,0.010122730996358076,1
2023-09-13,GOOGL,136.7100067138672,0.010122730996358076,-0.011539598686709951,0.00395947548613762,1.004319702849426,1.0062935105170125,0.008645932396119757,0.12735323680421606,0.01016750289945989,1
2023-09-14,GOOGL,138.10000610351562,0.01016750289945989,0.010122730996358076,-0.011539598686709951,1.0103153386270058,1.014866613177497,0.009153312387378813,0.19284802043422733,-0.005068878900023721,0
2023-09-15,GOOGL,137.39999389648438,-0.005068878900023721,0.01016750289945989,0.010122730996358076,1.0036962441848536,1.008810516572406,0.00960082588432155,0.5724455577552423,0.005895290053601121,1
2023-09-18,GOOGL,138.2100067138672,0.005895290053601121,-0.005068878900023721,0.01016750289945989,1.0077141036636403,1.0128614184842075,0.009761072566553012,-0.4382958714889156,-0.0012301093949467212,0
2023-09-19,GOOGL,138.0399932861328,-0.0012301093949467212,0.005895290053601121,-0.005068878900023721,1.0025273214127601,1.0099354161223426,0.006868662264421422,-0.06896204708777609,-0.03115030427490406,0
2023-09-20,GOOGL,133.74000549316406,-0.03115030427490406,-0.0012301093949467212,0.005895290053601121,0.975506604191458,0.9789913249076582,0.016157074655552307,0.4703714803696626,-0.02467476384189682,0
2023-09-21,GOOGL,130.44000244140625,-0.02467476384189682,-0.03115030427490406,-0.0012301093949467212,0.9621881746827553,0.9582158049501549,0.015880898440287235,0.05267396207501451,-0.001456627091766527,0
2023-09-22,GOOGL,130.25,-0.001456627091766527,-0.02467476384189682,-0.03115030427490406,0.9710293915060819,0.9611482058815817,0.01630855053967343,-0.1620942169064783,0.006602691826115725,1
2023-09-25,GOOGL,131.11000061035156,0.006602691826115725,-0.001456627091766527,-0.02467476384189682,0.9878989741144409,0.9716602152426249,0.0164886680796525,-0.2387630553124751,-0.0193729942362022,0
2023-09-26,GOOGL,128.57000732421875,-0.0193729942362022,0.006602691826115725,-0.001456627091766527,0.9827858021206335,0.9576409808172189,0.01595900341900104,0.27988116210325154,0.015322282411840416,1
2023-09-27,GOOGL,130.5399932861328,0.015322282411840416,-0.0193729942362022,0.006602691826115725,1.002749938944684,0.9768032953594934,0.01698123075997029,-0.11556571677417604,0.013559095782862851,1
2023-09-28,GOOGL,132.30999755859375,0.013559095782862851,0.015322282411840416,-0.0193729942362022,1.0134348310764298,0.9943559532688248,0.014112946635711918,-0.010260919262304102,-0.010959088315303234,0
2023-09-29,GOOGL,130.86000061035156,-0.010959088315303234,0.013559095782862851,0.015322282411840416,1.001392741950381,0.9883163268292996,0.015429864577414801,0.3707485863785973,0.025294188775450088,1
2023-10-02,GOOGL,134.1699981689453,0.025294188775450088,-0.010959088315303234,0.013559095782862851,1.021936162637563,1.0164162806377095,0.01897451959272765,-0.2777658960848741,-0.012968663016400095,0
2023-10-03,GOOGL,132.42999267578125,-0.012968663016400095,0.025294188775450088,-0.010959088315303234,1.0027865413645467,1.0075165689829966,0.01705666416332023,0.031469849246231085,0.021218855038845685,1
2023-10-04,GOOGL,135.24000549316406,0.021218855038845685,-0.012968663016400095,0.025294188775450088,1.016826864334998,1.0277220931465862,0.018033921855320736,0.1636797828564469,-0.001257010958594651,0
2023-10-05,GOOGL,135.07000732421875,-0.001257010958594651,0.021218855038845685,-0.012968663016400095,1.011351262111408,1.0228314491088968,0.017950797963460097,-0.25865813406697746,0.018582915308585246,1
2023-10-06,GOOGL,137.5800018310547,0.018582915308585246,-0.001257010958594651,0.021218855038845685,1.0198816936543105,1.0360876082564128,0.016489160463098316,0.39152708167360806,0.006105511896431937,1
2023-10-09,GOOGL,138.4199981689453,0.006105511896431937,0.018582915308585246,-0.001257010958594651,1.0196835095079673,1.036706370747558,0.014158595115032018,-0.3014573731049077,-0.002600784677891488,0
2023-10-10,GOOGL,138.05999755859375,-0.002600784677891488,0.006105511896431937,0.018582915308585246,1.0086648703582648,1.026712662570876,0.01104031384002576,0.44135573526436733,0.018035676786878785,1
2023-10-11,GOOGL,140.5500030517578,0.018035676786878785,-0.002600784677891488,0.006105511896431937,1.0189508281722712,1.0375067565159577,0.01017489344538187,-0.06846105676837033,-0.011241563833142343,0
2023-10-12,GOOGL,138.97000122070312,-0.011241563833142343,0.018035676786878785,-0.002600784677891488,1.0018310854827246,1.020824920833298,0.012982616574369594,-0.04322311207952312,-0.011585238513416085,0
2023-10-13,GOOGL,137.36000061035156,-0.011585238513416085,-0.011241563833142343,0.018035676786878785,0.9905388289592433,1.0042036772850405,0.012545781545084348,-0.054309422381942585,0.012667483149624736,1
2023-10-16,GOOGL,139.10000610351562,0.012667483149624736,-0.011585238513416085,-0.011241563833142343,1.0021036567844515,1.0132723719829482,0.013670579928854605,0.2169637710552721,0.004457189719503818,1
2023-10-17,GOOGL,139.72000122070312,0.004457189719503818,0.012667483149624736,-0.011585238513416085,1.0041684545717982,1.01241240614151,0.013562674309321343,-0.17493921457867723,-0.01259658238948791,0
2023-10-18,GOOGL,137.9600067138672,-0.01259658238948791,0.004457189719503818,0.012667483149624736,0.9952244488984133,0.9976931011866399,0.011539361930653773,-0.005987463747778143,-0.0015222289333658434,0
2023-10-19,GOOGL,137.75,-0.0015222289333658434,-0.01259658238948791,0.004457189719503818,0.995461685265059,0.9942474276709761,0.010733351619441632,0.11512299465240639,-0.015607941172300355,0
2023-10-20,GOOGL,135.60000610351562,-0.015607941172300355,-0.0015222289333658434,-0.01259658238948791,0.9824236168982555,0.9801299906002535,0.011759762793316194,0.010346811938924283,0.006637122831671061,1
2023-10-23,GOOGL,136.5,0.006637122831671061,-0.015607941172300355,-0.0015222289333658434,0.9926839353404471,0.9880063823677729,0.009988534332972195,-0.0006758886226680971,0.016923059037316834,1
2023-10-24,GOOGL,138.80999755859375,0.016923059037316834,0.006637122831671061,-0.015607941172300355,1.0108210907120572,1.0041813421700492,0.013485500588265321,0.7028068348918417,-0.09509399308699129,0
2023-10-25,GOOGL,125.61000061035156,-0.09509399308699129,0.016923059037316834,0.006637122831671061,0.9314517909326625,0.9186180780771084,0.044852462417415556,0.8825731965020094,-0.02651064258318503,0
2023-10-26,GOOGL,122.27999877929688,-0.02651064258318503,-0.09509399308699129,0.016923059037316834,0.9280509882578893,0.9053150402895673,0.043978282904921756,-0.3236497554707928,-0.0008995797468897004,0
2023-10-27,GOOGL,122.16999816894533,-0.0008995797468897004,-0.02651064258318503,-0.09509399308699129,0.946511296568424,0.9147884445757314,0.045052602330036655,-0.2189687895957141,0.018744380370379954,1
2023-10-30,GOOGL,124.45999908447266,0.018744380370379954,-0.0008995797468897004,-0.02651064258318503,0.9825841206317716,0.9422648752181936,0.04710654817600431,-0.3506310793982027,-0.003053167734318185,0
2023-10-31,GOOGL,124.08000183105467,-0.003053167734318185,0.018744380370379954,-0.0008995797468897004,1.0029098135880896,0.9506443434036036,0.04423053541160094,-0.09149242746224096,0.019100540636793895,1
2023-11-01,GOOGL,126.4499969482422,0.019100540636793895,-0.003053167734318185,0.018744380370379954,1.020679952919551,0.9774215012462439,0.01882969925001278,0.144152470495164,0.008224602140188386,1
2023-11-02,GOOGL,127.48999786376952,0.008224602140188386,0.019100540636793895,-0.003053167734318185,1.020491468098028,0.993338253667165,0.010478466572976554,-0.09832327207935532,0.012628506288520747,1
2023-11-03,GOOGL,129.10000610351562,0.012628506288520747,0.008224602140188386,0.019100540636793895,1.0220400086230832,1.0110028302756506,0.009129038914194663,-0.026968139622335463,0.008907775694156683,1
2023-11-06,GOOGL,130.25,0.008907775694156683,0.012628506288520747,0.008224602140188386,1.0217769854144465,1.0250255789156606,0.008076894866728631,-0.2781181445150437,0.005527840466050815,1
2023-11-07,GOOGL,130.97000122070312,0.005527840466050815,0.008907775694156683,0.012628506288520747,1.0164374692393925,1.0370904229875375,0.005249308472036818,0.5618416287455321,0.006642705268983251,1
2023-11-08,GOOGL,131.83999633789062,0.006642705268983251,0.005527840466050815,0.008907775694156683,1.0147001926285593,1.038854586501592,0.0027159395604511374,-0.11195572178927526,-0.012135853224889193,0
2023-11-09,GOOGL,130.24000549316406,-0.012135853224889193,0.006642705268983251,0.005527840466050815,0.9981606657378701,1.0198504771303425,0.009588114227878091,-0.10134035677254805,0.01804354073718084,1
2023-11-10,GOOGL,132.58999633789062,0.01804354073718084,-0.012135853224889193,0.006642705268983251,1.0107639730844722,1.0298492097849006,0.010968481907703708,0.1332965579969514,-0.003771023559920761,0
2023-11-13,GOOGL,132.08999633789062,-0.003771023559920761,0.01804354073718084,-0.012135853224889193,1.0041354141966803,1.0199212145279766,0.011410655307876074,-0.31911731374450547,0.011583002662692854,1
2023-11-14,GOOGL,133.6199951171875,0.011583002662692854,-0.003771023559920761,0.01804354073718084,1.0116902178794203,1.024190550351779,0.012066846737502636,0.7678337553479437,0.007483909867853189,1
2023-11-15,GOOGL,134.6199951171875,0.007483909867853189,0.011583002662692854,-0.003771023559920761,1.0149888222396373,1.0254339634058365,0.01211739907096969,-0.263424828369635,0.017159394164164787,1
2023-11-16,GOOGL,136.92999267578125,0.017159394164164787,0.007483909867853189,0.011583002662692854,1.0220944813501305,1.0355832426239808,0.008865430110950367,0.1739915763887434,-0.011830827458110482,0
2023-11-17,GOOGL,135.30999755859375,-0.011830827458110482,0.017159394164164787,0.007483909867853189,1.0059176161939687,1.0185477920533208,0.011765788629714342,0.3293947139205804,0.006947028736728811,1
2023-11-20,GOOGL,136.25,0.006947028736728811,-0.011830827458110482,0.017159394164164787,1.0066792068649288,1.021012262865789,0.010913051716593115,-0.2530866849621113,0.005284412629013691,1
2023-11-21,GOOGL,136.97000122070312,0.005284412629013691,0.006947028736728811,-0.011830827458110482,1.007013909577448,1.0218134345896057,0.010502009965762851,-0.18623429382898027,0.011097351674924205,1
2023-11-22,GOOGL,138.49000549316406,0.011097351674924205,0.005284412629013691,0.006947028736728811,1.0124278537254257,1.02805269799126,0.010833995940945671,-0.2130035828992768,-0.01299734984736256,0
2023-11-24,GOOGL,136.69000244140625,-0.01299734984736256,0.011097351674924205,0.005284412629013691,0.9996197298499614,1.0098555234261521,0.011267069162643396,-0.2974980212081577,-0.0020484217886885814,0
2023-11-27,GOOGL,136.41000366210938,-0.0020484217886885814,-0.01299734984736256,0.011097351674924205,0.9959696931189994,1.0049507485364741,0.00947025455651534,0.87277754249139,0.005791314895714272,1
2023-11-28,GOOGL,137.1999969482422,0.005791314895714272,-0.0020484217886885814,-0.01299734984736256,1.0003499401717344,1.0069798525612734,0.009321788877541362,-0.20081923495402465,-0.016107809797633044,0
2023-11-29,GOOGL,134.99000549316406,-0.016107809797633044,0.005791314895714272,-0.0020484217886885814,0.9870865097092852,0.9897643851476957,0.01171091002616901,0.2796155899626267,-0.018223621110910804,0
2023-11-30,GOOGL,132.52999877929688,-0.018223621110910804,-0.016107809797633044,0.005791314895714272,0.9776194074181729,0.9732186666139876,0.01022597728267342,0.6267357054641343,-0.005055445371738521,0
2023-12-01,GOOGL,131.86000061035156,-0.005055445371738521,-0.018223621110910804,-0.016107809797633044,0.9796579409357287,0.9719171476666122,0.010009446582254162,-0.19354524306009757,-0.01964201672912247,0
2023-12-04,GOOGL,129.27000427246094,-0.01964201672912247,-0.005055445371738521,-0.018223621110910804,0.9707141479875885,0.9570876642646194,0.010835354580072247,0.16626010183733375,0.013305493647837174,1
2023-12-05,GOOGL,130.99000549316406,0.013305493647837174,-0.01964201672912247,-0.005055445371738521,0.9928900808342915,0.9736138183155731,0.013800711606124373,-0.2532076716871331,-0.007405154439464101,0
2023-12-06,GOOGL,130.02000427246094,-0.007405154439464101,0.013305493647837174,-0.01964201672912247,0.9930193960748224,0.9714221794192555,0.013240393608761227,-0.13907715228886097,0.05314557895906713,1
2023-12-07,GOOGL,136.92999267578125,0.05314557895906713,-0.007405154439464101,0.013305493647837174,1.038812198659351,1.0242427662367557,0.028424145099904055,1.4078138122343717,-0.014167730127691125,0
2023-12-08,GOOGL,134.99000549316406,-0.014167730127691125,0.05314557895906713,-0.007405154439464101,1.0192540244997803,1.0110171863453432,0.02964576515311141,-0.4317113257503026,-0.01259361536300807,0
2023-12-11,GOOGL,133.2899932861328,-0.01259361536300807,-0.014167730127691125,0.05314557895906713,1.0003451790842957,1.0006230344745743,0.028316029182593336,-0.03478290519868199,-0.005776795351913222,0
2023-12-12,GOOGL,132.52000427246094,-0.005776795351913222,-0.01259361536300807,-0.014167730127691125,0.992287564750737,0.9983501669444093,0.028447864180503813,-0.06760870961526111,0.00037732455588379565,1
2023-12-13,GOOGL,132.57000732421875,0.00037732455588379565,-0.005776795351913222,-0.01259361536300807,0.9888856237554146,1.000550998704586,0.027969706707670346,0.036923755201013986,-0.004752242950939345,0
2023-12-14,GOOGL,131.94000244140625,-0.004752242950939345,0.00037732455588379565,-0.005776795351913222,0.9915678398005842,0.996239753203913,0.00597717508211171,0.28625335494671944,0.005002301424107403,1
2023-12-15,GOOGL,132.60000610351562,0.005002301424107403,-0.004752242950939345,0.00037732455588379565,1.0001207039887514,1.0006641175013329,0.006647494125229072,0.31311850505133987,0.024132705889501116,1
2023-12-18,GOOGL,135.8000030517578,0.024132705889501116,0.005002301424107403,-0.004752242950939345,1.0203928160624736,1.0197874859162863,0.012159718105104767,-0.3655882046370392,0.006259137154824623,1
2023-12-19,GOOGL,136.64999389648438,0.006259137154824623,0.024132705889501116,0.005002301424107403,1.0204461981046842,1.0218273443462558,0.01091873413744302,-0.21021762043524084,0.012367380291919083,1
2023-12-20,GOOGL,138.33999633789062,0.012367380291919083,0.006259137154824623,0.024132705889501116,1.0242399712940542,1.028068606049984,0.010632068883889593,0.9275262199334295,0.015035433613677096,1
2023-12-21,GOOGL,140.4199981689453,0.015035433613677096,0.012367380291919083,0.006259137154824623,1.0267471861356714,1.0408265913260946,0.007695974175502677,-0.44023890590381853,0.007620049410137275,1
2023-12-22,GOOGL,141.49000549316406,0.007620049410137275,0.015035433613677096,0.012367380291919083,1.0212935333947752,1.0437291011507146,0.007120903069251181,-0.034782070917444896,0.0002120204829472172,1
2023-12-26,GOOGL,141.52000427246094,0.0002120204829472172,0.007620049410137275,0.015035433613677096,1.0131439867378178,1.0376507831198425,0.00574352913893707,-0.3675496189535734,-0.008126124367968446,0
2023-12-27,GOOGL,140.3699951171875,-0.008126124367968446,0.0002120204829472172,0.007620049410137275,0.9995869430541444,1.0233286714879857,0.009436410792822694,0.16974070785385242,-0.000997359795671171,0
2023-12-28,GOOGL,140.22999572753906,-0.000997359795671171,-0.008126124367968446,0.0002120204829472172,0.9959092366140716,1.0166308698634792,0.008851883696624952,-0.18253466879960878,-0.0038507687555092707,0
2023-12-29,GOOGL,139.69000244140625,-0.0038507687555092707,-0.000997359795671171,-0.008126124367968446,0.9931039516228045,1.0070578568386093,0.0058025584929737375,0.16747789127305124,-0.010881267419968088,0
2024-01-02,GOOGL,138.1699981689453,-0.010881267419968088,-0.0038507687555092707,-0.000997359795671171,0.9869567631381764,0.9921159124536341,0.004703747444177377,0.26574494208082,0.005428095895919194,1
2024-01-03,GOOGL,138.9199981689453,0.005428095895919194,-0.010881267419968088,-0.0038507687555092707,0.9960136527851973,0.9952715244582058,0.0063602133457202874,0.02112503795674625,-0.01821191198275185,0
2024-01-04,GOOGL,136.38999938964844,-0.01821191198275185,0.005428095895919194,-0.010881267419968088,0.983487168951502,0.9773277730900821,0.009120888635234442,0.12083214591051572,-0.004839091319473021,0
2024-01-05,GOOGL,135.72999572753906,-0.004839091319473021,-0.01821191198275185,0.005428095895919194,0.9851211854411349,0.9744207996182591,0.008780898213710558,-0.17038289906661208,0.022913141591741404,1
2024-01-08,GOOGL,138.83999633789062,0.022913141591741404,-0.004839091319473021,-0.01821191198275185,1.0089382951901669,0.9978797373161088,0.015982153137665062,-0.0492984334122476,0.015197354263943641,1
2024-01-09,GOOGL,140.9499969482422,0.015197354263943641,0.022913141591741404,-0.004839091319473021,1.020149672769726,1.0134382032200486,0.016252524004395107,0.15677443468510566,0.00943598339731122,1
2024-01-10,GOOGL,142.27999877929688,0.00943598339731122,0.015197354263943641,0.022913141591741404,1.0247914937288485,1.0224422856966162,0.016432394008147895,-0.1389117756345014,-0.001405657506030944,0
2024-01-11,GOOGL,142.0800018310547,-0.001405657506030944,0.00943598339731122,0.015197354263943641,1.015031176326246,1.019751977431343,0.011502559578879997,0.12610106847027702,0.004011768426829487,1
2024-01-12,GOOGL,142.64999389648438,0.004011768426829487,-0.001405657506030944,0.00943598339731122,1.0091256109236697,1.0220677492867114,0.009487137550493926,-0.21755446983801707,-0.0011215451115715869,0
2024-01-16,GOOGL,142.49000549316406,-0.0011215451115715869,0.004011768426829487,-0.001405657506030944,1.0028151601466244,1.0188774190049883,0.007122085462340193,0.20680844268185572,-0.007158426788816952,0
2024-01-17,GOOGL,141.47000122070312,-0.007158426788816952,-0.0011215451115715869,0.004011768426829487,0.994908371505166,1.00920247148409,0.00626055441075415,-0.07507112767693702,0.01420792033287821,1
2024-01-18,GOOGL,143.47999572753906,0.01420792033287821,-0.007158426788816952,-0.0011215451115715869,1.0073437247878974,1.0202223984044303,0.008029166563835082,0.22785498316530428,0.020211940630249225,1
2024-01-19,GOOGL,146.3800048828125,0.020211940630249225,0.01420792033287821,-0.007158426788816952,1.0215361748113252,1.0335016473965581,0.011148523195822036,0.3311336730572041,-0.0026642941429101397,0
2024-01-22,GOOGL,145.99000549316406,-0.0026642941429101397,0.020211940630249225,0.01420792033287821,1.0140870708490826,1.0233350770757574,0.011829689700772356,-0.06044310353379878,0.007192189557235995,1
2024-01-23,GOOGL,147.0399932861328,0.007192189557235995,-0.0026642941429101397,0.020211940630249225,1.0149648873642645,1.0248046329223328,0.01138358881334387,-0.32807977540651667,0.011289470469976637,1
2024-01-24,GOOGL,148.6999969482422,0.011289470469976637,0.007192189557235995,-0.0026642941429101397,1.0162795943943164,1.0308063248662371,0.008542686189977607,0.16626841251427016,0.02131807823808285,1
2024-01-25,GOOGL,151.8699951171875,0.02131807823808285,0.011289470469976637,0.007192189557235995,1.02617635607751,1.045828569744934,0.009893390389699963,0.1551746685953197,0.0021071135478196723,1
2024-01-26,GOOGL,152.19000244140625,0.0021071135478196723,0.02131807823808285,0.011289470469976637,1.0203274635720168,1.0407862009022144,0.009181270584295279,-0.10407182382989522,0.008673316540210196,1
2024-01-29,GOOGL,153.50999450683594,0.008673316540210196,0.0021071135478196723,0.02131807823808285,1.0189032278463923,1.0420739316258085,0.007099927025411038,0.06390074859757622,-0.01335409983926139,0
2024-01-30,GOOGL,151.4600067138672,-0.01335409983926139,0.008673316540210196,0.0021071135478196723,0.9994325654776406,1.0219352879252344,0.012840406497127171,0.30763776665238995,-0.07500330190670379,0
2024-01-31,GOOGL,140.10000610351562,-0.07500330190670379,-0.01335409983926139,0.008673316540210196,0.9350847328924682,0.9461613673619416,0.03776553146963166,0.9792578402391294,0.007566006512594647,1
2024-02-01,GOOGL,141.16000366210938,0.007566006512594647,-0.07500330190670379,-0.01335409983926139,0.9558246058828145,0.9548160361738987,0.03521516375500546,-0.4372618550966486,0.008642683402186657,1
2024-02-02,GOOGL,142.3800048828125,0.008642683402186657,0.007566006512594647,-0.07500330190670379,0.9770659322667351,0.965680982085629,0.03607342847825037,0.5444775307970791,0.009130409807463602,1
2024-02-05,GOOGL,143.67999267578125,0.009130409807463602,0.008642683402186657,0.007566006512594647,0.9994712559451332,0.9760272336148815,0.03614163394074011,-0.3839096570218049,0.0029232561883696384,1
2024-02-06,GOOGL,144.10000610351562,0.0029232561883696384,0.009130409807463602,0.008642683402186657,1.0127632297636593,0.9808392962293192,0.03678451553072437,-0.2435294789821687,0.009992971003642825,1
2024-02-07,GOOGL,145.5399932861328,0.009992971003642825,0.0029232561883696384,0.009130409807463602,1.015121454413809,0.9927761631442547,0.0027845871754367405,-0.13455345678758046,0.0025423278345844125,1
2024-02-08,GOOGL,145.91000366210938,0.0025423278345844125,0.009992971003642825,0.0029232561883696384,1.0110031979787968,0.9993630422607409,0.0036076376544808514,-0.10492722808214561,0.021177412516870886,1
2024-02-09,GOOGL,149.0,0.021177412516870886,0.0025423278345844125,0.009992971003642825,1.023028444819424,1.022761585444772,0.007546576244187897,0.1890506031785426,-0.009865780004718938,0
2024-02-12,GOOGL,147.52999877929688,-0.009865780004718938,0.021177412516870886,0.0025423278345844125,1.0076084472345894,1.0168451619429235,0.01137273224515838,-0.1962541232598446,-0.016200090892862007,0
2024-02-13,GOOGL,145.13999938964844,-0.016200090892862007,-0.009865780004718938,0.021177412516870886,0.9898788762844215,1.0047489064414854,0.01502404262715117,0.2909279775181899,0.005511940575458452,1
2024-02-14,GOOGL,145.94000244140625,0.005511940575458452,-0.016200090892862007,-0.009865780004718938,0.9947922455513417,1.006219073277957,0.014518090525666072,-0.18440819464251712,-0.02172124240040385,0
2024-02-15,GOOGL,142.77000427246094,-0.02172124240040385,0.005511940575458452,-0.016200090892862007,0.9773679681672556,0.9832712603553324,0.017474482282271168,0.655671637846742,-0.015759612892538133,0
2024-02-16,GOOGL,140.52000427246094,-0.015759612892538133,-0.02172124240040385,0.005511940575458452,0.9732650124003287,0.969016597127901,0.010449025679559056,-0.16285411019214857,0.004269789542300506,1
2024-02-20,GOOGL,141.1199951171875,0.004269789542300506,-0.015759612892538133,-0.02172124240040385,0.9861772633701436,0.9748750969083888,0.012706347549963795,-0.20096666867923574,0.010133276530960966,1
2024-02-21,GOOGL,142.5500030517578,0.010133276530960966,0.004269789542300506,-0.015759612892538133,0.999789600372341,0.9858093430974304,0.01422815735713215,-0.07641371740366754,0.01080317960830679,1
2024-02-22,GOOGL,144.08999633789062,0.01080317960830679,0.010133276530960966,0.004269789542300506,1.0132198559838992,0.9974594211933622,0.015228818464963259,0.17088871951875917,-0.000902141906635956,0
2024-02-23,GOOGL,143.9600067138672,-0.000902141906635956,0.01080317960830679,0.010133276530960966,1.0106144389782448,0.9979066259891143,0.010865089499082518,-0.28310268866831667,-0.044387323504013865,0
2024-02-26,GOOGL,137.57000732421875,-0.044387323504013865,-0.000902141906635956,0.01080317960830679,0.9697726294385405,0.9612281082373844,0.023065148441805922,1.7517364495378018,0.009522406693680097,1
2024-02-27,GOOGL,138.8800048828125,0.009522406693680097,-0.044387323504013865,-0.000902141906635956,0.9821087708522931,0.9762818800096962,0.02364913954802711,-0.38295881197126125,-0.018001151440839247,0
2024-02-28,GOOGL,136.3800048828125,-0.018001151440839247,0.009522406693680097,-0.044387323504013865,0.972919764892564,0.9646479795774121,0.023093700168720043,0.12777952337216614,0.015251516033028212,1
2024-02-29,GOOGL,138.4600067138672,0.015251516033028212,-0.018001151440839247,0.009522406693680097,0.995756926546201,0.9845694617701264,0.024091843154638918,0.12870560374618933,-0.009533491695884355,0
2024-03-01,GOOGL,137.13999938964844,-0.009533491695884355,0.015251516033028212,-0.018001151440839247,0.9960344172201356,0.9791028335078413,0.023790022943049126,-0.2606484228514466,-0.027635943583202982,0
2024-03-04,GOOGL,133.35000610351562,-0.027635943583202982,-0.009533491695884355,0.015251516033028212,0.9744815321401769,0.9569429722508606,0.018146403424699163,0.7976700662255907,-0.005099421848113295,0
2024-03-05,GOOGL,132.6699981689453,-0.005099421848113295,-0.027635943583202982,-0.009533491695884355,0.9783922948608331,0.9578715205475198,0.016062022018656676,-0.28222802387168433,-0.00957265613920999,0
2024-03-06,GOOGL,131.39999389648438,-0.00957265613920999,-0.005099421848113295,-0.027635943583202982,0.9761967925346337,0.9564014234043232,0.015306174017303994,-0.1213141998467463,0.022678927890025236,1
2024-03-07,GOOGL,134.3800048828125,0.022678927890025236,-0.00957265613920999,-0.005099421848113295,1.0044249438841348,0.9850534136460206,0.018141907172814057,0.06850781174791742,0.007664821713580849,1
2024-03-08,GOOGL,135.41000366210938,0.007664821713580849,0.022678927890025236,-0.00957265613920999,1.0147479976284282,0.9988640101707249,0.01888014650287969,0.043250605487278104,0.01669001141507498,1
2024-03-11,GOOGL,137.6699981689453,0.01669001141507498,0.007664821713580849,0.022678927890025236,1.0250472683216014,1.01546016243282,0.013782451579793678,-0.17608660313331848,0.006028923092133098,1
2024-03-12,GOOGL,138.5,0.006028923092133098,0.01669001141507498,0.007664821713580849,1.0223514813038947,1.0218687166389901,0.012261187705453957,-0.1502691304589091,0.009314030946807383,1
2024-03-13,GOOGL,139.7899932861328,0.009314030946807383,0.006028923092133098,0.01669001141507498,1.0192489484953176,1.0287980515214707,0.007010133968589207,-0.1529637127495157,0.02367846753241931,1
2024-03-14,GOOGL,143.10000610351562,0.02367846753241931,0.009314030946807383,0.006028923092133098,1.0302821277519685,1.0495742712694642,0.007378430588357455,0.8312003152412282,-0.013417284038027777,0
2024-03-15,GOOGL,141.17999267578125,-0.013417284038027777,0.02367846753241931,0.009314030946807383,1.0080829047518935,1.032432578820832,0.014005265935990049,0.15722726145756827,0.046040518042292256,1
2024-03-18,GOOGL,147.67999267578125,0.046040518042292256,-0.013417284038027777,0.02367846753241931,1.039633902488505,1.068766333548422,0.02211860296708723,0.4001645262089846,-0.00440136733965979,0
2024-03-19,GOOGL,147.02999877929688,-0.00440136733965979,0.046040518042292256,-0.013417284038027777,1.0227747165353687,1.0531178853876004,0.023543078304396763,-0.6525319132657849,0.011630325294595512,1
2024-03-20,GOOGL,148.74000549316406,0.011630325294595512,-0.00440136733965979,0.046040518042292256,1.021944995852913,1.0522965018447634,0.023493776830643343,-0.11461795400159536,-0.00766437641217399,0
2024-03-21,GOOGL,147.60000610351562,-0.00766437641217399,0.011630325294595512,-0.00440136733965979,1.0078800852515009,1.034555312393894,0.024010002526687148,0.16160758276048148,0.021476951476018913,1
2024-03-22,GOOGL,150.77000427246094,0.021476951476018913,-0.00766437641217399,0.011630325294595512,1.0162168907812001,1.0455182483926773,0.02176216670105511,0.18000775582090522,-0.0046428130822175895,0
2024-03-25,GOOGL,150.07000732421875,-0.0046428130822175895,0.021476951476018913,-0.00766437641217399,1.008250378881169,1.031791913366386,0.012672911283642866,-0.3417283426560499,0.003998073002224212,1
2024-03-26,GOOGL,150.6699981689453,0.003998073002224212,-0.0046428130822175895,0.021476951476018913,1.00735437497535,1.027321121668885,0.011935421309669774,0.151841200667731,0.0013273840225174194,1
2024-03-27,GOOGL,150.8699951171875,0.0013273840225174194,0.003998073002224212,-0.0046428130822175895,1.005826774761453,1.020971600867022,0.01137191809978635,0.03296296463513193,0.0003976772090907854,1
2024-03-28,GOOGL,150.92999267578125,0.0003976772090907854,0.0013273840225174194,0.003998073002224212,1.0017787707911154,1.0159941392214697,0.009986913081342702,0.07020350361900762,0.03021276776431292,1
2024-04-01,GOOGL,155.49000549316406,0.03021276776431292,0.0003976772090907854,0.0013273840225174194,1.025619076709097,1.0367037027730128,0.013751547637935685,0.2959069486306125,-0.005981142849796894,0
2024-04-02,GOOGL,154.55999755859375,-0.005981142849796894,0.03021276776431292,0.0003976772090907854,1.0134816121903822,1.0257975644715303,0.014027050383810585,-0.22516923619952856,0.0023291965323375408,1
2024-04-03,GOOGL,154.9199981689453,0.0023291965323375408,-0.005981142849796894,0.03021276776431292,1.0102116696574508,1.022830789951661,0.014105959963630213,0.004840152932563235,-0.028337202695167818,0
2024-04-04,GOOGL,150.52999877929688,-0.028337202695167818,0.0023291965323375408,-0.005981142849796894,0.982020538195292,0.9926734749557771,0.020957013152166578,0.4055737704918032,0.013087100489461267,1
2024-04-05,GOOGL,152.5,0.013087100489461267,-0.028337202695167818,0.0023291965323375408,0.9928385416666667,1.002425542754158,0.02180993663513321,-0.3244232491569402,0.015409876088626984,1
2024-04-08,GOOGL,154.85000610351562,0.015409876088626984,0.013087100489461267,-0.028337202695167818,1.00897887549748,1.0151502642961832,0.017681160238291305,-0.11753171463647527,0.011301258837730588,1
2024-04-09,GOOGL,156.60000610351562,0.011301258837730588,0.015409876088626984,0.013087100489461267,1.017676138810079,1.0222466335754776,0.018075142185531735,0.5012800695584967,-0.0029374629370264582,0
2024-04-10,GOOGL,156.13999938964844,-0.0029374629370264582,0.011301258837730588,0.015409876088626984,1.0130803592387223,1.0156173739365861,0.018258904870826997,-0.26515548834440705,0.020942771136437832,1
2024-04-11,GOOGL,159.41000366210938,0.020942771136437832,-0.0029374629370264582,0.011301258837730588,1.022514435802713,1.0311592558778782,0.008880221732726144,0.18949497780074087,-0.010538911586322475,0
2024-04-12,GOOGL,157.72999572753906,-0.010538911586322475,0.020942771136437832,-0.0029374629370264582,1.0049953074261047,1.0158237079950911,0.013132583606836315,-0.066725808351493,-0.018195620331754148,0
2024-04-15,GOOGL,154.86000061035156,-0.018195620331754148,-0.010538911586322475,0.020942771136437832,0.9866962275806938,0.9977449906666861,0.015945458715126173,0.07031715292048113,-0.0029704682426330287,0
2024-04-16,GOOGL,154.39999389648438,-0.0029704682426330287,-0.018195620331754148,-0.010538911586322475,0.9865310094127586,0.9948837819348224,0.014668546090827109,-0.23426012934608365,0.006930099524071975,1
2024-04-17,GOOGL,155.47000122070312,0.006930099524071975,-0.0029704682426330287,-0.018195620331754148,0.9942190018265192,1.0014235239557405,0.015286119825250353,0.04733511393440648,0.0034732956962304495,1
2024-04-18,GOOGL,156.00999450683594,0.0034732956962304495,0.006930099524071975,-0.0029704682426330287,1.002029604995385,1.0013671276378797,0.010250747851519306,-0.08638934710588109,-0.0123068921001801,0
2024-04-19,GOOGL,154.08999633789062,-0.0123068921001801,0.0034732956962304495,0.006930099524071975,0.9943471407163925,0.9880350648843912,0.010547663032681391,0.6403762007745311,0.014212489411733031,1
2024-04-22,GOOGL,156.27999877929688,0.014212489411733031,-0.0123068921001801,0.0034732956962304495,1.0066344724721512,1.0011595190039124,0.010061393855369897,-0.18915488293945226,0.012669540203511742,1
2024-04-23,GOOGL,158.25999450683594,0.012669540203511742,0.014212489411733031,-0.0123068921001801,1.014344114795011,1.0127667530818745,0.010598069874948076,-0.20020267562069405,0.005497348705765237,1
2024-04-24,GOOGL,159.1300048828125,0.005497348705765237,0.012669540203511742,0.014212489411733031,1.0151575533216588,1.0163895052230099,0.01055196135774733,0.07694453374685595,-0.01966948272965563,0
2024-04-25,GOOGL,156.0,-0.01966948272965563,0.005497348705765237,0.012669540203511742,0.9952026200199184,0.998572565821531,0.0152565445686,1.5071095872971276,0.10224357018103958,1
2024-04-26,GOOGL,171.9499969482422,0.10224357018103958,-0.01966948272965563,0.005497348705765237,1.0725156432949574,1.0907418500139565,0.046342500155473365,0.13229976693976675,-0.033730754025565024,0
2024-04-29,GOOGL,166.14999389648438,-0.033730754025565024,0.10224357018103958,-0.01966948272965563,1.023734093432852,1.0464559469130907,0.05308263386841297,-0.29467581531362264,-0.020282848275559373,0
2024-04-30,GOOGL,162.77999877929688,-0.020282848275559373,-0.033730754025565024,0.10224357018103958,0.9974142466090422,1.0198481369410468,0.05519970001938365,-0.2641328655996492,0.00663473300868489,1
2024-05-01,GOOGL,163.86000061035156,0.00663473300868489,-0.020282848275559373,-0.033730754025565024,0.9982455013771098,1.0212463788299062,0.055195273577919035,-0.0020766977823728494,0.016843613429484927,1
2024-05-02,GOOGL,166.6199951171875,0.016843613429484927,0.00663473300868489,-0.020282848275559373,1.0020929444104039,1.0316261156759108,0.053155940099997044,-0.27464380829541524,0.003721104274072795,1
2024-05-03,GOOGL,167.24000549316406,0.003721104274072795,0.016843613429484927,0.00663473300868489,1.0115526929654,1.0271024254059369,0.020898155233735338,0.426759143015909,0.005142313932695375,1
2024-05-06,GOOGL,168.10000610351562,0.005142313932695375,0.003721104274072795,0.016843613429484927,1.01436160309728,1.0249437925898044,0.01369605277468653,-0.36901945624076804,0.01873880893582247,1
2024-05-07,GOOGL,171.25,0.01873880893582247,0.005142313932695375,0.003721104274072795,1.022913248005495,1.0359450226868199,0.007023442281472995,0.2820317036481599,-0.010919679516423364,0
2024-05-08,GOOGL,169.3800048828125,-0.010919679516423364,0.01873880893582247,0.005142313932695375,1.0051151957156665,1.0183187022199611,0.011932927019507657,-0.3020931037065304,0.0034242638702011163,1
2024-05-09,GOOGL,169.9600067138672,0.0034242638702011163,-0.010919679516423364,0.01873880893582247,1.0045748587588454,1.0133012529020573,0.010506440643936351,-0.21576873744832414,-0.007707771038090505,0
2024-05-10,GOOGL,168.64999389648438,-0.007707771038090505,0.0034242638702011163,-0.010919679516423364,0.9951730803947866,1.007473123155233,0.011756910263776848,0.9417790143809419,0.0029054581138308055,1
2024-05-13,GOOGL,169.13999938964844,0.0029054581138308055,-0.007707771038090505,0.0034242638702011163,0.9968410288795756,1.0085987804360739,0.011636815093698427,0.051265272702257336,0.007094696420553603,1
2024-05-14,GOOGL,170.33999633789062,0.007094696420553603,0.0029054581138308055,-0.007707771038090505,1.004991304072896,1.011195907926387,0.007806036343916536,-0.19792451384721454,0.012739216951964893,1
2024-05-15,GOOGL,172.50999450683594,0.012739216951964893,0.007094696420553603,0.0029054581138308055,1.0140488852787146,1.0188460495165588,0.007484577218861042,0.07248349391692632,0.009680587920250172,1
2024-05-16,GOOGL,174.17999267578125,0.009680587920250172,0.012739216951964893,0.007094696420553603,1.0188109625518296,1.0241363673425328,0.007938027443349042,0.03412076412699827,0.010793460568757407,1
2024-05-17,GOOGL,176.05999755859375,0.010793460568757407,0.009680587920250172,0.012739216951964893,1.0209572941483605,1.029849601804753,0.0038012068161954863,-0.12159509686772241,0.004884701932733826,1
2024-05-20,GOOGL,176.9199981689453,0.004884701932733826,0.010793460568757407,0.009680587920250172,1.0167699359141718,1.029568373901046,0.0030911114581775086,-0.07863378446279101,0.005256658061245423,1
2024-05-21,GOOGL,177.85000610351562,0.005256658061245423,0.004884701932733826,0.010793460568757407,1.0133672641657894,1.0310205109036665,0.003466564571148029,-0.24673677863299404,-0.008265398764437104,0
2024-05-22,GOOGL,176.3800048828125,-0.008265398764437104,0.005256658061245423,0.004884701932733826,1.0005786598722102,1.0183661907823414,0.007584813285882887,0.052420921280327715,-0.016044912987358995,0
2024-05-23,GOOGL,173.5500030517578,-0.016044912987358995,-0.008265398764437104,0.005256658061245423,0.9852286725525856,0.9999539312187822,0.011084548021315746,0.17588926174496655,0.00829733457842008,1
2024-05-24,GOOGL,174.99000549316406,0.00829733457842008,-0.016044912987358995,-0.008265398764437104,0.9946117494355945,1.0045811844235577,0.010478542359240022,-0.21143976903576234,0.00805753676815213,1
2024-05-28,GOOGL,176.39999389648438,0.00805753676815213,0.00829733457842008,-0.016044912987358995,1.0032188951072774,1.008472510748532,0.011019318015742435,0.24082898054211843,-0.002834467218255199,0
2024-05-29,GOOGL,175.89999389648438,-0.002834467218255199,0.00805753676815213,0.00829733457842008,1.0025990837629626,1.0024276808838783,0.010538921819737557,0.13690806039217973,-0.021546295722802533,0
2024-05-30,GOOGL,172.11000061035156,-0.021546295722802533,-0.002834467218255199,0.00805753676815213,0.9857952987687341,0.9810527091078343,0.01367118529783203,-0.019547901336970375,0.002265989124777157,1
2024-05-31,GOOGL,172.5,0.002265989124777157,-0.021546295722802533,-0.002834467218255199,0.9892189540517414,0.9842182718814174,0.01229375995254992,0.6413623182085777,0.003884047356204734,1
2024-06-03,GOOGL,173.1699981689453,0.003884047356204734,0.002265989124777157,-0.021546295722802533,0.9951383829155714,0.9896729155609677,0.011583638627750071,-0.2704595511558521,0.0035802686593704447,1
2024-06-04,GOOGL,173.7899932861328,0.0035802686593704447,0.003884047356204734,0.002265989124777157,1.0017060883865727,0.9949960687197279,0.010751613079950883,-0.021104114847172672,0.00932165509270333,1
2024-06-05,GOOGL,175.41000366210938,0.00932165509270333,0.0035802686593704447,0.003884047356204734,1.011615057593754,1.0056759773478805,0.012071978145552721,-0.17898703849759667,0.007525181220407351,1
2024-06-06,GOOGL,176.72999572753906,0.007525181220407351,0.00932165509270333,0.0035802686593704447,1.0138251352908922,1.0130405947904093,0.002970335450413351,0.05358316151981324,-0.012844390134946093,0
2024-06-07,GOOGL,174.4600067138672,-0.012844390134946093,0.007525181220407351,0.00932165509270333,0.9985576674838831,0.9995073365642203,0.008804924538332818,-0.1543847576448325,0.003152515028104874,1
2024-06-10,GOOGL,175.00999450683594,0.003152515028104874,-0.012844390134946093,0.007525181220407351,0.9996001583678945,1.0026468161487414,0.008777921260584111,0.2067655406023987,0.009199478092027924,1
2024-06-11,GOOGL,176.6199951171875,0.009199478092027924,0.003152515028104874,-0.012844390134946093,1.00554522150472,1.0117431229291658,0.009348464783345129,-0.09213670674809393,0.0066243811645958495,1
2024-06-12,GOOGL,177.7899932861328,0.0066243811645958495,0.009199478092027924,0.003152515028104874,1.0094706864762295,1.0173438576041223,0.008982681269127032,0.2935897793004838,-0.014792675197364824,0
2024-06-13,GOOGL,175.16000366210938,-0.014792675197364824,0.0066243811645958495,0.009199478092027924,0.9963141893425419,1.0005484008699317,0.011261119588334362,-0.24946975922941927,0.009305718143097108,1
2024-06-14,GOOGL,176.7899932861328,0.009305718143097108,-0.014792675197364824,0.0066243811645958495,1.0029272458005436,1.0073905828786547,0.0100930412685174,-0.13626256975226292,0.0025454619838289894,1
2024-06-17,GOOGL,177.24000549316406,0.0025454619838289894,0.009305718143097108,-0.014792675197364824,1.0029425493979556,1.0076180047223826,0.01008985589514369,0.08607918687304861,-0.012130495873610037,0
2024-06-18,GOOGL,175.08999633789062,-0.012130495873610037,0.0025454619838289894,0.009305718143097108,0.9924949148757738,0.9946599872298766,0.011052804396633354,0.11475902846802755,0.006910770113514042,1
2024-06-20,GOOGL,176.3000030517578,0.006910770113514042,-0.012130495873610037,0.0025454619838289894,1.0010447811962813,1.0010277388289361,0.011107267609285912,-0.07818051294244599,0.01888826870908833,1
2024-06-21,GOOGL,179.6300048828125,0.01888826870908833,0.006910770113514042,-0.012130495873610037,1.014801447734178,1.0182587354143495,0.011341283902449045,1.8650155505181027,-0.0022824898455959808,0
2024-06-24,GOOGL,179.22000122070312,-0.0022824898455959808,0.01888826870908833,0.006910770113514042,1.0097128893163547,1.013200679245363,0.011451485521641686,-0.6832008864419398,0.026838508681128692,1
2024-06-25,GOOGL,184.02999877929688,0.026838508681128692,-0.0022824898455959808,0.01888826870908833,1.0289397939105407,1.0351150493833865,0.015692085998415744,0.26408350639414135,-0.0008150513366261825,0
2024-06-26,GOOGL,183.8800048828125,-0.0008150513366261825,0.026838508681128692,-0.0022824898455959808,1.0180940484184455,1.030065061815392,0.0126477528629114,-0.14229016610318979,0.008320637038659706,1
2024-06-27,GOOGL,185.41000366210935,0.008320637038659706,-0.0008150513366261825,0.026838508681128692,1.0163127538329138,1.0342211802204047,0.012579759492826225,-0.04990674933212358,-0.017582706980395546,0
2024-06-28,GOOGL,182.1499938964844,-0.017582706980395546,0.008320637038659706,-0.0008150513366261825,0.9956924936880606,1.0120905983115696,0.016299052943322772,0.5468594984322692,0.0046116476795330374,1
2024-07-01,GOOGL,182.9900054931641,0.0046116476795330374,-0.017582706980395546,0.008320637038659706,0.9961784081806622,1.0132673494117252,0.016041044315989957,-0.4510299554817777,0.012295753497226114,1
2024-07-02,GOOGL,185.2400054931641,0.012295753497226114,0.0046116476795330374,-0.017582706980395546,1.0071003881204605,1.0212024856699546,0.011642284976063502,0.08536745365829268,0.003131082994251244,1
2024-07-03,GOOGL,185.82000732421875,0.003131082994251244,0.012295753497226114,0.0046116476795330374,1.0081271043315316,1.018375949639399,0.011591105359940401,-0.4104417901856382,0.02572381116612865,1
2024-07-05,GOOGL,190.6000061035156,0.02572381116612865,0.003131082994251244,0.012295753497226114,1.0282693263804534,1.0364497670652713,0.015766298985332335,1.0471875884828306,-0.008237184018588306,0
2024-07-08,GOOGL,189.02999877929688,-0.008237184018588306,0.02572381116612865,0.003131082994251244,1.0122846911342234,1.0226848312711647,0.012551846424673737,0.003262191486824939,-0.0002645244251217038,0
2024-07-09,GOOGL,188.97999572753903,-0.0002645244251217038,-0.008237184018588306,0.02572381116612865,1.0055657466293757,1.0170439833544993,0.013013783299459009,-0.2811622036613599,0.011641427653612979,1
2024-07-10,GOOGL,191.17999267578125,0.011641427653612979,-0.0002645244251217038,-0.008237184018588306,1.0108818252365277,1.0249399084156898,0.01294441091964625,0.05496184215747224,-0.029343998150875406,0
2024-07-11,GOOGL,185.57000732421875,-0.029343998150875406,0.011641427653612979,-0.0002645244251217038,0.981477993591909,0.9939635113912777,0.020773676432414182,0.6063814449145901,-0.002694400928305307,0
2024-07-12,GOOGL,185.07000732421875,-0.002694400928305307,-0.029343998150875406,0.011641427653612979,0.984592995348361,0.9914659323339257,0.015039508766458275,-0.10643179920236634,0.007888860416590315,1
2024-07-15,GOOGL,186.52999877929688,0.007888860416590315,-0.002694400928305307,-0.029343998150875406,0.9950070861645012,0.9969481525191877,0.016074272225460002,-0.28056108723753626,-0.013992390647253106,0
2024-07-16,GOOGL,183.9199981689453,-0.013992390647253106,0.007888860416590315,-0.002694400928305307,0.986409502215378,0.9825101041159612,0.01674379481141249,0.11027679980575456,-0.015767692069138306,0
2024-07-17,GOOGL,181.0200042724609,-0.015767692069138306,-0.013992390647253106,0.007888860416590315,0.9815531832274881,0.9692031068643233,0.014086534317220626,0.13358701416566898,-0.018395767055902512,0
2024-07-18,GOOGL,177.69000244140625,-0.018395767055902512,-0.015767692069138306,-0.013992390647253106,0.9718014083223063,0.9555332161030388,0.010990553430053398,0.22096932107012113,-0.00016882648930549582,0
2024-07-19,GOOGL,177.66000366210938,-0.00016882648930549582,-0.018395767055902512,-0.015767692069138306,0.9795769955844719,0.9620664597043902,0.011380497959592565,-0.2541426861591819,0.02257117203747505,1
2024-07-22,GOOGL,181.6699981689453,0.02257117203747505,-0.00016882648930549582,-0.018395767055902512,1.0070845537310908,0.9877180723265387,0.017026810244082067,0.27637049237629685,0.0006605114680295898,1
2024-07-23,GOOGL,181.7899932861328,0.0006605114680295898,0.02257117203747505,-0.00016882648930549582,1.0101352084072004,0.9922492914170182,0.01637301339288685,0.5083920117176965,-0.050387748179861136,0
2024-07-24,GOOGL,172.6300048828125,-0.050387748179861136,0.0006605114680295898,0.02257117203747505,0.9682648546734886,0.9518899569344651,0.02724507423156642,0.36400322396960894,-0.030991171593532707,0
2024-07-25,GOOGL,167.27999877929688,-0.030991171593532707,-0.050387748179861136,0.0006605114680295898,0.9493433765653279,0.93178702733503,0.028849384019441603,-0.09545590216435551,-0.001673832982664547,0
2024-07-26,GOOGL,167.0,-0.001673832982664547,-0.030991171593532707,-0.050387748179861136,0.9593621157489175,0.9396856822882446,0.028706974838528004,-0.0783710871310086,0.015149693289202792,1
2024-07-29,GOOGL,169.52999877929688,0.015149693289202792,-0.001673832982664547,-0.030991171593532707,0.9876723001016927,0.9631346533280872,0.026588611425346027,-0.5090633308254853,0.0044829499929706085,1
2024-07-30,GOOGL,170.2899932861328,0.0044829499929706085,0.015149693289202792,-0.001673832982664547,1.005574351596071,0.9750022531385723,0.027144831876856478,-0.06573928983236255,0.007340419574153545,1
2024-07-31,GOOGL,171.5399932861328,0.007340419574153545,0.0044829499929706085,0.015149693289202792,1.0142613671611092,0.9875192542205737,0.017750116903883787,0.357041514369953,-0.004547037482949046,0
2024-08-01,GOOGL,170.75999450683594,-0.004547037482949046,0.007340419574153545,0.0044829499929706085,1.0055115799731407,0.9869664284323538,0.007759484129791793,-0.0465504040172412,-0.024010254020958244,0
2024-08-02,GOOGL,166.66000366210938,-0.024010254020958244,-0.004547037482949046,0.007340419574153545,0.9817620991181316,0.9694326017685532,0.015001314099619087,0.1874617836731698,-0.04446179946769113,0
2024-08-05,GOOGL,159.25,-0.04446179946769113,-0.024010254020958244,-0.004547037482949046,0.9496124203815571,0.9385700838268004,0.021788843455130547,0.8410750392205999,-0.006028299616120503,0
2024-08-06,GOOGL,158.2899932861328,-0.006028299616120503,-0.04446179946769113,-0.024010254020958244,0.9575922335660763,0.9460145654441858,0.020222905808301442,-0.08625843033933922,0.004106445023965843,1
2024-08-07,GOOGL,158.94000244140625,0.004106445023965843,-0.006028299616120503,-0.04446179946769113,0.9764099006838239,0.9577353034323073,0.019390678704767832,-0.4870155046669088,0.019441275263788693,1
2024-08-08,GOOGL,162.02999877929688,0.019441275263788693,0.004106445023965843,-0.006028299616120503,1.0061850239562629,0.9794534267354346,0.024825774019846633,0.01751091946249983,0.010121578732357417,1
2024-08-09,GOOGL,163.6699981689453,0.010121578732357417,0.019441275263788693,0.004106445023965843,1.0201575685215085,0.991362604355988,0.02476830926740289,0.11820335590410802,-0.008431630098681975,0
2024-08-12,GOOGL,162.2899932861328,-0.008431630098681975,0.010121578732357417,0.019441275263788693,1.0077369918498826,0.9873335858827031,0.011520690508968236,-0.4442649716980802,0.011522647441851497,1
2024-08-13,GOOGL,164.16000366210938,0.011522647441851497,-0.008431630098681975,0.010121578732357417,1.0119715716091893,1.0024487543208769,0.010378728836146758,0.16711858222241793,-0.02308728350617517,0
2024-08-14,GOOGL,160.3699951171875,-0.02308728350617517,0.011522647441851497,-0.008431630098681975,0.9868679988529429,0.9860306489240078,0.017313232433954818,1.1879989434930494,0.005799139258504837,1
2024-08-15,GOOGL,161.3000030517578,0.005799139258504837,-0.02308728350617517,0.011522647441851497,0.9934835633955896,0.9975509839708919,0.014744836413799712,-0.22336916220550807,0.010291405026053857,1
2024-08-16,GOOGL,162.9600067138672,0.010291405026053857,0.005799139258504837,-0.02308728350617517,1.0045865164100742,1.0101286046188922,0.014776489356035899,-0.23206542254705098,0.022766269650395188,1
2024-08-19,GOOGL,166.6699981689453,0.022766269650395188,0.010291405026053857,0.005799139258504837,1.0219385181168508,1.0283954816630343,0.01713671159035192,-0.07403980403658206,0.0030599058765152787,1
2024-08-20,GOOGL,167.17999267578125,0.0030599058765152787,0.022766269650395188,0.010291405026053857,1.0212833150990852,1.0259147719324762,0.016802694848572143,-0.18177478787662493,-0.007955417098533535,0
2024-08-21,GOOGL,165.85000610351562,-0.007955417098533535,0.0030599058765152787,0.022766269650395188,1.0064202434106102,1.0134557497586931,0.01117836902389117,0.2486437859498951,-0.012360584723031587,0
2024-08-22,GOOGL,163.8000030517578,-0.012360584723031587,-0.007955417098533535,0.0030599058765152787,0.9909735602515841,0.9998474167664143,0.01413960583789269,-0.017845603004104427,0.011111062463500687,1
2024-08-23,GOOGL,165.6199951171875,0.011111062463500687,-0.012360584723031587,-0.007955417098533535,0.9987697564438718,1.009754880047191,0.014247292588297383,-0.37956191399216654,0.0032605274776138504,1
2024-08-26,GOOGL,166.16000366210938,0.0032605274776138504,0.011111062463500687,-0.012360584723031587,1.0026430017723442,1.0106625808017786,0.009458573008159674,0.01681750109274338,-0.008907143438307563,0
2024-08-27,GOOGL,164.67999267578125,-0.008907143438307563,0.0032605274776138504,0.011111062463500687,0.9967195201251128,1.0013437576689892,0.009815586196966545,-0.16690861427443904,-0.011112379485396673,0
2024-08-28,GOOGL,162.85000610351562,-0.011112379485396673,-0.008907143438307563,0.0032605274776138504,0.9892359829352048,0.9887254663089696,0.010305722236488781,0.38788181256819976,-0.006570508345812409,0
2024-08-29,GOOGL,161.77999877929688,-0.006570508345812409,-0.011112379485396673,-0.008907143438307563,0.9851538777773758,0.9819428756616291,0.009357115591642012,0.2006655533478796,0.009890011840699708,1
2024-08-30,GOOGL,163.3800048828125,0.009890011840699708,-0.006570508345812409,-0.011112379485396673,0.9976186338463473,0.9914015713987016,0.008920666270528748,0.1230469344866445,-0.03684664030203022,0
2024-09-03,GOOGL,157.36000061035156,-0.03684664030203022,0.009890011840699708,-0.006570508345812409,0.9712980681286233,0.960296829474573,0.016793094146632,0.7603350238205009,-0.005782941399210428,0
2024-09-04,GOOGL,156.4499969482422,-0.005782941399210428,-0.03684664030203022,0.009890011840699708,0.975592997924415,0.961036384769008,0.01693444239410957,-0.5030517161249239,0.00504959130924898,1
2024-09-05,GOOGL,157.24000549316406,0.00504959130924898,-0.005782941399210428,-0.03684664030203022,0.9874279660345386,0.9710249041694303,0.0181854571485746,-0.03436534427347604,-0.04019338020497276,0
2024-09-06,GOOGL,150.9199981689453,-0.04019338020497276,0.00504959130924898,-0.005782941399210428,0.9608454637807237,0.9394686259031328,0.02349630690379161,1.0286108718102382,-0.014643463304340743,0
2024-09-09,GOOGL,148.7100067138672,-0.014643463304340743,-0.04019338020497276,0.00504959130924898,0.964797355470602,0.9355596018981748,0.0196110955669432,0.03556648141358565,-0.0003362453735479276,0
2024-09-10,GOOGL,148.66000366210938,-0.0003362453735479276,-0.014643463304340743,-0.04019338020497276,0.9754849308296141,0.9456562682301799,0.01777559204844556,-0.20737637065243697,0.01681689720445778,1
2024-09-11,GOOGL,151.16000366210938,0.01681689720445778,-0.0003362453735479276,-0.014643463304340743,0.9988238256500945,0.9699007464500682,0.021888880562650533,-0.048559070401172244,0.023352730178463954,1
2024-09-12,GOOGL,154.69000244140625,0.023352730178463954,0.01681689720445778,-0.0003362453735479276,1.025605321536473,0.9977746980354728,0.02555968093392257,0.00046609496853866617,0.017906808641432237,1
2024-09-13,GOOGL,157.4600067138672,0.017906808641432237,0.023352730178463954,0.01681689720445778,1.0349950170430728,1.0184796137852448,0.015747145225373366,-0.0010229056597403918,0.0038104332474522273,1
2024-09-16,GOOGL,158.05999755859375,0.0038104332474522273,0.017906808641432237,0.023352730178463954,1.0263236151647983,1.0258906303226405,0.010071599129803793,-0.37887615236962335,0.007971718240460612,1
2024-09-17,GOOGL,159.32000732421875,0.007971718240460612,0.0038104332474522273,0.017906808641432237,1.0203794317336954,1.0327549272469414,0.007918886877129237,0.12708516958835236,0.003075509740455118,1
2024-09-18,GOOGL,159.80999755859375,0.003075509740455118,0.007971718240460612,0.0038104332474522273,1.0123013860359715,1.0336797767846357,0.008995863322381035,0.14296954951823748,0.01457982520899792,1
2024-09-19,GOOGL,162.13999938964844,0.01457982520899792,0.003075509740455118,0.007971718240460612,1.0174575336715408,1.0454372342074,0.006566107997633559,0.12291942071097628,0.008942870073396447,1
2024-09-20,GOOGL,163.58999633789062,0.008942870073396447,0.01457982520899792,0.003075509740455118,1.018719154529447,1.0462394097140069,0.004622291869250179,0.5381699056330558,-0.010636287507343023,0
2024-09-23,GOOGL,161.85000610351562,-0.010636287507343023,0.008942870073396447,0.01457982520899792,1.0031486206723252,1.026485051266275,0.009540965726572169,-0.4094614684911141,0.002718487278497772,1
2024-09-24,GOOGL,162.2899932861328,0.002718487278497772,-0.010636287507343023,0.008942870073396447,1.0021860164149956,1.0204543108038495,0.00939061058726815,-0.03390349842034868,-0.004929372272252763,0
2024-09-25,GOOGL,161.49000549316406,-0.004929372272252763,0.002718487278497772,-0.010636287507343023,0.9951809638858337,1.0088711455090391,0.010180525121088382,-0.191277253226242,0.007678433291201436,1
2024-09-26,GOOGL,162.72999572753906,0.007678433291201436,-0.004929372272252763,0.002718487278497772,1.0020937024396115,1.0115369492390642,0.008380094662692909,0.07685010493290645,0.007497088752744796,1
2024-09-27,GOOGL,163.9499969482422,0.007497088752744796,0.007678433291201436,-0.004929372272252763,1.0091590491376177,1.0150257076819273,0.008045183827543774,0.038485577751202094,0.011588955112169064,1
2024-09-30,GOOGL,165.85000610351562,0.011588955112169064,0.007497088752744796,0.007678433291201436,1.0158518614223582,1.0218605172267115,0.006336041047699424,-0.0325761919881713,0.0068736771039785705,1
2024-10-01,GOOGL,166.99000549316406,0.0068736771039785705,0.011588955112169064,0.007497088752744796,1.0169791080917208,1.0240450683033138,0.0062485172931056095,0.3881766835342586,-0.006766901285351179,0
2024-10-02,GOOGL,165.86000061035156,-0.006766901285351179,0.0068736771039785705,0.011588955112169064,1.004749325335912,1.0133558173790496,0.007037295304567425,-0.3732748490548061,0.0,0
2024-10-03,GOOGL,165.86000061035156,0.0,-0.006766901285351179,0.0068736771039785705,1.0009535108530025,1.0110578735936306,0.007243544450282163,-0.151298971858425,0.007234999058400415,1
2024-10-04,GOOGL,167.05999755859375,0.007234999058400415,0.0,-0.006766901285351179,1.0044250707908393,1.016223298755204,0.007211327449186916,0.26366838938240966,-0.02442237454016294,0
2024-10-07,GOOGL,162.97999572753906,-0.02442237454016294,0.007234999058400415,0.0,0.9832880586880185,0.9907237180979112,0.013071788348577567,0.179326312252591,0.008590067443699612,1
2024-10-08,GOOGL,164.3800048828125,0.008590067443699612,-0.02442237454016294,0.007234999058400415,0.9948677282558424,0.9979662081118729,0.013427267179337938,0.02713783938993286,-0.015330357693184582,0
2024-10-09,GOOGL,161.86000061035156,-0.015330357693184582,0.008590067443699612,-0.02442237454016294,0.9843822264487521,0.9824463447521439,0.014518092830792834,0.35145865026633216,0.001359206844640637,1
2024-10-10,GOOGL,162.0800018310547,0.001359206844640637,-0.015330357693184582,0.008590067443699612,0.9902732398343744,0.9841699758322285,0.014642293973166921,-0.5463988608739714,0.00715698203976145,1
2024-10-11,GOOGL,163.24000549316406,0.00715698203976145,0.001359206844640637,-0.015330357693184582,1.0020379832831832,0.9916411747150329,0.014626677381132148,0.08485516929320358,0.010536640301541444,1
2024-10-14,GOOGL,164.9600067138672,0.010536640301541444,0.00715698203976145,0.001359206844640637,1.0101406136286033,1.002631815784655,0.010518793023488656,0.23929407011072512,0.003031037703989048,1
2024-10-15,GOOGL,165.4600067138672,0.003031037703989048,0.010536640301541444,0.00715698203976145,1.0118640067925497,1.0066069124372543,0.009989690977176412,0.06473987831363948,-0.0018131454102779943,0
2024-10-16,GOOGL,165.16000366210938,-0.0018131454102779943,0.003031037703989048,0.010536640301541444,1.0059690507379164,1.005209862628645,0.004857594054383143,-0.1897151211031649,-0.013502124829752216,0
2024-10-17,GOOGL,162.92999267578125,-0.013502124829752216,-0.0018131454102779943,0.003031037703989048,0.9913598396738126,0.9934089243973067,0.009369804452448557,0.3076557357064489,0.003007460352245417,1
2024-10-18,GOOGL,163.4199981689453,0.003007460352245417,-0.013502124829752216,-0.0018131454102779943,0.9941235664311842,0.9986128466961328,0.008867499842678189,-0.07904108439687885,0.003977537403968556,1
2024-10-21,GOOGL,164.07000732421875,0.003977537403968556,0.003007460352245417,-0.013502124829752216,0.999159636660032,1.001917514541256,0.00731490438214965,0.06016894679036522,0.006521557979303871,1
2024-10-22,GOOGL,165.13999938964844,0.006521557979303871,0.003977537403968556,0.003007460352245417,1.006067837654903,1.007983770651142,0.00794255817751697,-0.2090277612011553,-0.014290908435715344,0
2024-10-23,GOOGL,162.77999877929688,-0.014290908435715344,0.006521557979303871,0.003977537403968556,0.9945743792784473,0.9930211361276206,0.010162591830349794,0.1033552429065494,-0.000368580655139894,0
2024-10-24,GOOGL,162.72000122070312,-0.000368580655139894,-0.014290908435715344,0.006521557979303871,0.9944629841806796,0.9922677221633109,0.008238573975523366,0.22603320478105093,0.01567111008252242,1
2024-10-25,GOOGL,165.27000427246094,0.01567111008252242,-0.000368580655139894,-0.014290908435715344,1.0077684947079555,1.0065716291875741,0.010974992150571234,-0.11527495817066369,0.00877350342323302,1
2024-10-28,GOOGL,166.72000122070312,0.00877350342323302,0.01567111008252242,-0.000368580655139894,1.0133352797194237,1.0143155247629219,0.011360822037705777,0.6207959090015078,0.017754267234917354,1
2024-10-29,GOOGL,169.67999267578125,0.017754267234917354,0.00877350342323302,0.01567111008252242,1.0256657824352386,1.0296803350868562,0.013138249081534836,0.3120982245648536,0.028170758158974074,1
2024-10-30,GOOGL,174.4600067138672,0.028170758158974074,0.017754267234917354,0.00877350342323302,1.039876053194774,1.0527459522254488,0.01062391046726022,0.6336835115843391,-0.01920214361226058,0
2024-10-31,GOOGL,171.11000061035156,-0.01920214361226058,0.028170758158974074,0.017754267234917354,1.0098083158310693,1.027459360648157,0.017863814530673545,-0.3501454475779059,0.001051912074917949,1
2024-11-01,GOOGL,171.2899932861328,0.001051912074917949,-0.01920214361226058,0.028170758158974074,1.0037385696556322,1.0237024737861649,0.017947515246732024,-0.28976523933972165,-0.011967936676512858,0
2024-11-04,GOOGL,169.24000549316406,-0.011967936676512858,0.001051912074917949,-0.01920214361226058,0.9888055676375451,1.0083353002180673,0.019823563126557902,-0.32405453430409004,0.0029543842104176044,1
2024-11-05,GOOGL,169.74000549316406,0.0029543842104176044,-0.011967936676512858,0.001051912074917949,0.9916573377802952,1.0085501839457387,0.018132688359261816,-0.15124204962615218,0.0398844632648756,1
2024-11-06,GOOGL,176.50999450683594,0.0398844632648756,0.0029543842104176044,-0.011967936676512858,1.0287449127068455,1.0402889890931322,0.0228045829079801,0.84712834596894,0.024021333777787035,1
2024-11-07,GOOGL,180.75,0.024021333777787035,0.0398844632648756,0.0029543842104176044,1.0417507190202857,1.0540772205581486,0.020584651849563877,-0.2475879568488374,-0.013277974531033854,0
2024-11-08,GOOGL,178.35000610351562,-0.013277974531033854,0.024021333777787035,0.0398844632648756,1.0196206436082784,1.0322076885927947,0.023182482039835098,-0.13200462274532698,0.011213904858736967,1
2024-11-11,GOOGL,180.3500061035156,0.011213904858736967,-0.013277974531033854,0.024021333777787035,1.0181212804441004,1.0356134148296663,0.020241494059749784,-0.2070234752024429,0.007041801889061006,1
2024-11-12,GOOGL,181.6199951171875,0.007041801889061006,0.011213904858736967,-0.013277974531033854,1.0117203744885384,1.0358042780756296,0.01981445185601009,0.4403623985696603,-0.015086390860252319,0
2024-11-13,GOOGL,178.8800048828125,-0.015086390860252319,0.007041801889061006,0.011213904858736967,0.9938330043694782,1.0176125455258715,0.016714921503300673,-0.07761717770908183,-0.018448138202588393,0
2024-11-14,GOOGL,175.5800018310547,-0.018448138202588393,-0.015086390860252319,0.007041801889061006,0.9811350224435232,0.9963059879025322,0.013752073541659552,0.33745255348516223,-0.017598794314080624,0
2024-11-15,GOOGL,172.49000549316406,-0.017598794314080624,-0.018448138202588393,-0.015086390860252319,0.9702223084618783,0.9781061805462439,0.01446376208514472,0.0482818672901717,0.016290784793934643,1
2024-11-18,GOOGL,175.3000030517578,0.016290784793934643,-0.017598794314080624,-0.018448138202588393,0.9916616753247998,0.9906361478472365,0.016109399465385824,-0.3805399851097998,0.016086662956857234,1
2024-11-19,GOOGL,178.1199951171875,0.016086662956857234,0.016290784793934643,-0.017598794314080624,1.011620074615663,1.0018279135760457,0.01824461820530003,0.1638714099119456,-0.012014369235977762,0
2024-11-20,GOOGL,175.97999572753906,-0.012014369235977762,0.016086662956857234,0.016290784793934643,1.00276929970667,0.9900867234422753,0.017814110780565454,-0.18936714046144854,-0.047448522829006246,0
2024-11-21,GOOGL,167.6300048828125,-0.047448522829006246,-0.012014369235977762,0.016086662956857234,0.9639226473177623,0.9501218791763724,0.026600089783845534,2.1443957235578064,-0.01712110178594184,0
2024-11-22,GOOGL,164.75999450683594,-0.01712110178594184,-0.047448522829006246,-0.012014369235977762,0.9559173104260684,0.9411038600053196,0.026562031943296757,-0.3537291744790272,0.017540662090326453,1
2024-11-25,GOOGL,167.64999389648438,0.017540662090326453,-0.01712110178594184,-0.047448522829006246,0.9813964748827365,0.9646089172465053,0.02686186881933835,-0.1416748263160349,0.008768274823861777,1
2024-11-26,GOOGL,169.1199951171875,0.008768274823861777,0.017540662090326453,-0.01712110178594184,1.0005442784198066,0.9801159984907725,0.025337130427068148,-0.38172583317489206,0.0006504293609714829,1
2024-11-27,GOOGL,169.22999572753906,0.0006504293609714829,0.008768274823861777,0.017540662090326453,1.0092558292127984,0.9862692595682016,0.025722405927758648,-0.05956059297007321,-0.001654545803733698,0
2024-11-29,GOOGL,168.9499969482422,-0.001654545803733698,0.0006504293609714829,0.008768274823861777,1.006002082490138,0.9884567839250531,0.012917580328606387,-0.2600005190356318,0.015034084585985541,1
2024-12-02,GOOGL,171.49000549316406,0.015034084585985541,-0.001654545803733698,0.0006504293609714829,1.0130074670974019,1.0039046700614986,0.008489645122389365,0.6685674606514602,-0.000874739929257351,0
2024-12-03,GOOGL,171.33999633789062,-0.000874739929257351,0.015034084585985541,-0.001654545803733698,1.007728220561111,1.0053571263735335,0.007257825014243312,-0.06475234456116452,0.01768413005753522,1
2024-12-04,GOOGL,174.3699951171875,0.01768413005753522,-0.000874739929257351,0.015034084585985541,1.019254584116649,1.0253922200758674,0.009387021647264945,0.4209863947107022,-0.009921407214448785,0
2024-12-05,GOOGL,172.63999938964844,-0.009921407214448785,0.01768413005753522,-0.000874739929257351,1.0051351362924417,1.017216804857646,0.011816669168652866,-0.32449367549050934,0.011990311234575168,1
2024-12-06,GOOGL,174.7100067138672,0.011990311234575168,-0.009921407214448785,0.01768413005753522,1.0104100751672072,1.0251370614884279,0.011744246713882668,0.004972794785589096,0.0037776222194372266,1
2024-12-09,GOOGL,175.3699951171875,0.0037776222194372266,0.011990311234575168,-0.009921407214448785,1.009695638083863,1.022643099342542,0.010808651983388195,0.18298046816758617,0.05588186876101098,1
2024-12-10,GOOGL,185.1699981689453,0.05588186876101098,0.0037776222194372266,0.011990311234575168,1.0494072003823052,1.0688701727968322,0.024651136886274464,1.1588760752434069,0.055246507688602176,1
2024-12-11,GOOGL,195.3999938964844,0.055246507688602176,0.05588186876101098,0.0037776222194372266,1.081601674704859,1.1110668618631143,0.030392460456628197,0.23864959042562894,-0.017604847953268554,0
2024-12-12,GOOGL,191.9600067138672,-0.017604847953268554,0.055246507688602176,0.05588186876101098,1.0403095922810086,1.0775794732882535,0.032611362289671486,-0.4871792983484574,-0.011148152296318159,0
2024-12-13,GOOGL,189.82000732421875,-0.011148152296318159,-0.017604847953268554,0.055246507688602176,1.0121358565302823,1.0532273570232622,0.03584332030305367,-0.2778487829396137,0.03603411692112979,1
2024-12-16,GOOGL,196.66000366210935,0.03603411692112979,-0.011148152296318159,-0.017604847953268554,1.025328211694952,1.076150261564688,0.035719279839930486,0.7871378288623303,-0.006305326299569036,0
2024-12-17,GOOGL,195.4199981689453,-0.006305326299569036,0.03603411692112979,-0.011148152296318159,1.0080886253431598,1.0554571255941354,0.03237442642369751,-0.031843845207177535,-0.03592265038500275,0
2024-12-18,GOOGL,188.3999938964844,-0.03592265038500275,-0.006305326299569036,0.03603411692112979,0.9789453577228698,1.0098898104488783,0.02654527688138882,-0.21464463037881576,0.0005838673774691827,1
2024-12-19,GOOGL,188.50999450683597,0.0005838673774691827,-0.03592265038500275,-0.006305326299569036,0.9830414523567582,1.0019559412055765,0.025966837749380828,-0.05563702032131268,0.01538384828274042,1
2024-12-20,GOOGL,191.41000366210935,0.01538384828274042,0.0005838673774691827,-0.03592265038500275,0.9965118954526995,1.0084188784402535,0.026676532617618768,0.9669148184421605,0.016822533614216484,1
2024-12-23,GOOGL,194.6300048828125,0.016822533614216484,0.01538384828274042,0.0005838673774691827,1.0154220492838653,1.015083105003528,0.02140316061353916,-0.5954329222270018,0.00760414987622382,1
2024-12-24,GOOGL,196.1100006103516,0.00760414987622382,0.016822533614216484,0.01538384828274042,1.0224073629886241,1.0169992525383706,0.021588549771353816,-0.5948081791626095,-0.0026005532876892667,0
2024-12-26,GOOGL,195.6000061035156,-0.0026005532876892667,0.00760414987622382,0.016822533614216484,1.0121499602936075,1.0142492902461988,0.008644540792052308,0.15795949362221595,-0.014519486237524082,0
2024-12-27,GOOGL,192.75999450683597,-0.014519486237524082,-0.0026005532876892667,0.00760414987622382,0.9930860710719865,0.9991084619195731,0.013153803545368879,0.5681935151827071,-0.007885396643430465,0
2024-12-30,GOOGL,191.2400054931641,-0.007885396643430465,-0.014519486237524082,-0.0026005532876892667,0.9854278047263123,0.9905010770433389,0.012455034924047707,-0.24491038250209085,-0.010144333746505918,0
2024-12-31,GOOGL,189.3000030517578,-0.010144333746505918,-0.007885396643430465,-0.014519486237524082,0.9808188575045647,0.9842049026775209,0.00849611976232058,0.22448421628215098,0.0006866857999356935,1
2025-01-02,GOOGL,189.42999267578125,0.0006866857999356935,-0.010144333746505918,-0.007885396643430465,0.988333832363813,0.9879575502953567,0.006033159400965788,0.16625159587562766,0.01245843161906679,1
2025-01-03,GOOGL,191.7899932861328,0.01245843161906679,0.0006866857999356935,-0.010144333746505918,1.0046410525373803,0.9985005748082554,0.010680387522965016,-0.08711488994050309,0.026487314296298026,1
2025-01-06,GOOGL,196.8699951171875,0.026487314296298026,0.01245843161906679,0.0006866857999356935,1.0268299408951325,1.0205065219707967,0.015239861555307913,0.5897656510469882,-0.007009649302840537,0
2025-01-07,GOOGL,195.4900054931641,-0.007009649302840537,0.026487314296298026,0.01245843161906679,1.0151317277322236,1.0112144782783379,0.01506858017572814,-0.1040603985982762,-0.00787768428895852,0
2025-01-08,GOOGL,193.9499969482422,-0.00787768428895852,-0.007009649302840537,0.026487314296298026,1.0022945037967974,1.003601465543,0.014542962140694006,-0.061252227491014555,-0.009847917979700083,0
2025-01-10,GOOGL,192.0399932861328,-0.009847917979700083,-0.00787768428895852,-0.007009649302840537,0.9897540377030223,0.9958153079076516,0.016004509433114773,0.07240758019368743,-0.005363459775600932,0
2025-01-13,GOOGL,191.00999450683597,-0.005363459775600932,-0.009847917979700083,-0.00787768428895852,0.9852376691491006,0.9928373757820201,0.0152963285080429,-0.18156623614298784,-0.007067645063349337,0
2025-01-14,GOOGL,189.66000366210935,-0.007067645063349337,-0.005363459775600932,-0.009847917979700083,0.9856051804045142,0.98741139167064,0.001629822028663956,-0.21301612467180175,0.031055569313084286,1
2025-01-15,GOOGL,195.5500030517578,0.031055569313084286,-0.007067645063349337,-0.005363459775600932,1.0161503454980871,1.015796689888454,0.017335256707821402,0.2678967563129917,-0.013500380201731388,0
2025-01-16,GOOGL,192.91000366210935,-0.013500380201731388,0.031055569313084286,-0.007067645063349337,1.0035165685030123,1.000207422064312,0.01815175973571923,-0.18187913299044822,0.01601781286212045,1
2025-01-17,GOOGL,196.0,0.01601781286212045,-0.013500380201731388,0.031055569313084286,1.0154072456994983,1.0127785844490524,0.01865878696789807,0.5568047868697867,0.010459199243662232,1
2025-01-21,GOOGL,198.0500030517578,0.010459199243662232,0.01601781286212045,-0.013500380201731388,1.0185975720103804,1.0200718154047492,0.01795375833264316,0.08062707543870395,0.0016157135092094155,1
2025-01-22,GOOGL,198.3699951171875,0.0016157135092094155,0.010459199243662232,0.01601781286212045,1.0111838050001187,1.0209312014833167,0.016572099557891882,-0.12581035857637135,-0.00196602005972768,0
2025-01-23,GOOGL,197.97999572753903,-0.00196602005972768,0.0016157135092094155,0.010459199243662232,1.0067018347168881,1.0176199517122912,0.011432589272866717,0.02865583230918367,0.011263819751754722,1
2025-01-24,GOOGL,200.2100067138672,0.011263819751754722,-0.00196602005972768,0.0016157135092094155,1.0105389941072187,1.025781629277299,0.0074112128153338425,-0.11405344434797449,-0.04195599057782584,0
2025-01-27,GOOGL,191.80999755859372,-0.04195599057782584,0.011263819751754722,-0.00196602005972768,0.9722531878644162,0.982859764078034,0.02189928724219611,0.7476243325306251,0.018195117760209323,1
2025-01-28,GOOGL,195.3000030517578,0.018195117760209323,-0.04195599057782584,0.011263819751754722,0.9927109875024115,0.9985479481643373,0.023407829492880592,-0.42107508225714074,0.0005632391635057576,1
2025-01-29,GOOGL,195.41000366210935,0.0005632391635057576,0.018195117760209323,-0.04195599057782584,0.9962680217615152,0.9961816817320099,0.023365479277506627,-0.24586574164145059,0.02794120747533091,1
2025-01-30,GOOGL,200.8699951171875,0.02794120747533091,0.0005632391635057576,0.018195117760209323,1.0210959428158424,1.0212464970089932,0.027147845562812526,0.3368261583133443,0.015681830197863622,1
2025-01-31,GOOGL,204.0200042724609,0.015681830197863622,0.02794120747533091,0.0005632391635057576,1.0331068326014061,1.0314354952517373,0.027544854971915125,0.3139599338115435,-0.013675171485615367,0
2025-02-03,GOOGL,201.22999572753903,-0.013675171485615367,0.015681830197863622,0.02794120747533091,1.0093496150692904,1.0146476527293031,0.016359718085933304,-0.13008302839589891,0.025592651516260334,1
2025-02-04,GOOGL,206.3800048828125,0.025592651516260334,-0.013675171485615367,0.015681830197863622,1.0238017488315312,1.0362626893876579,0.017602669767375543,0.5753979230053559,-0.07292374598161078,0
2025-02-05,GOOGL,191.3300018310547,-0.07292374598161078,0.025592651516260334,-0.013675171485615367,0.9530000173438513,0.9641025174964306,0.04220800398990371,0.6046437920121122,0.0014111967275227677,1
2025-02-06,GOOGL,191.6000061035156,0.0014111967275227677,-0.07292374598161078,0.025592651516260334,0.9632400440107802,0.9685768808937656,0.03880110699773616,-0.5836894075786621,-0.03267228374848197,0
2025-02-07,GOOGL,185.33999633789065,-0.03267228374848197,0.0014111967275227677,-0.07292374598161078,0.9496044360502447,0.9440276043336769,0.03717083390051986,0.6832551694006976,0.0060969294547323916,1
2025-02-10,GOOGL,186.47000122070312,0.0060969294547323916,-0.03267228374848197,0.0014111967275227677,0.970066168676265,0.9523736564168526,0.038821341992903595,-0.5314691270404542,-0.006167179111685961,0
2025-02-11,GOOGL,185.32000732421875,-0.006167179111685961,0.0060969294547323916,-0.03267228374848197,0.985681790510428,0.9513493829804529,0.03274417705653311,-0.08076397063915242,-0.009227318402138196,0
2025-02-12,GOOGL,183.6100006103516,-0.009227318402138196,-0.006167179111685961,0.0060969294547323916,0.9846729644044243,0.948315485401482,0.015006821390875977,0.039224087196026325,0.013779199231450878,1
2025-02-13,GOOGL,186.13999938964844,0.013779199231450878,-0.009227318402138196,-0.006167179111685961,1.004121344775274,0.96875259011438,0.017739447075189752,-0.030358906517582884,-0.0048888130713081734,0
2025-02-14,GOOGL,185.22999572753903,-0.0048888130713081734,0.013779199231450878,-0.009227318402138196,0.9993309821941717,0.9735368819080724,0.009670621970076105,-0.044578904333605895,-0.007882046583997493,0
2025-02-18,GOOGL,183.7700042724609,-0.007882046583997493,-0.0048888130713081734,0.013779199231450878,0.9943510925356949,0.9748089187139232,0.009456197413693775,0.4630337825942372,0.008162376694381912,1
2025-02-19,GOOGL,185.2700042724609,0.008162376694381912,-0.007882046583997493,-0.0048888130713081734,1.0025216089252074,0.9938951256057125,0.010339978729350425,-0.34653888965026225,-0.0038322809817774584,0
2025-02-20,GOOGL,184.55999755859372,-0.0038322809817774584,0.008162376694381912,-0.007882046583997493,0.9976539634530086,0.9936951628157743,0.009374226309626291,0.045633114059766555,-0.026549598836707378,0
2025-02-21,GOOGL,179.66000366210938,-0.026549598836707378,-0.0038322809817774584,0.008162376694381912,0.9780182832019206,0.9735717100198532,0.012523518109201033,0.7219479979453562,-0.0022821087262164808,0
2025-02-24,GOOGL,179.25,-0.0022821087262164808,-0.026549598836707378,-0.0038322809817774584,0.9821810066830924,0.9745661271361385,0.012686472924801127,-0.15185004204641017,-0.021366816351769513,0
2025-02-25,GOOGL,175.4199981689453,-0.021366816351769513,-0.0022821087262164808,-0.026549598836707378,0.9700716546764049,0.959507267219109,0.014380179843423813,0.4039364645510515,-0.015334639547855522,0
2025-02-26,GOOGL,172.72999572753906,-0.015334639547855522,-0.021366816351769513,-0.0022821087262164808,0.9686301152591178,0.95134495707081,0.010655452015667465,-0.15465459733641274,-0.024489062885240664,0
2025-02-27,GOOGL,168.5,-0.024489062885240664,-0.015334639547855522,-0.021366816351769513,0.9622413111028622,0.9358355601641613,0.009755705809627506,0.12869129837177873,0.010563790975055554,1
2025-02-28,GOOGL,170.27999877929688,0.010563790975055554,-0.024489062885240664,-0.015334639547855522,0.9829365733400989,0.9541259670079205,0.014563129088162211,0.2035357955539996,-0.019203689780966315,0
2025-03-03,GOOGL,167.00999450683594,-0.019203689780966315,0.010563790975055554,-0.024489062885240664,0.9778789904068542,0.9454555452764929,0.014111379706268754,-0.1529193486056687,0.02341179444772301,1
2025-03-04,GOOGL,170.9199981689453,0.02341179444772301,-0.019203689780966315,0.010563790975055554,1.0060745947211924,0.9746806515812734,0.020843669702028507,0.11325590807078645,0.012286485642480915,1
2025-03-05,GOOGL,173.02000427246094,0.012286485642480915,0.02341179444772301,-0.019203689780966315,1.0180881288315657,0.9935969516876337,0.021082214964655052,-0.3179937428395171,-0.0038723740168810084,0
2025-03-06,GOOGL,172.35000610351562,-0.0038723740168810084,0.012286485642480915,0.02341179444772301,1.0095714855889284,0.9967382986013377,0.016484252512620107,-0.08570210209046059,0.00876120947700465,1
2025-03-07,GOOGL,173.86000061035156,0.00876120947700465,-0.0038723740168810084,0.012286485642480915,1.0141630492997595,1.0088549037323178,0.01634132371021945,-0.032372270510917955,-0.04595654817160022,0
2025-03-10,GOOGL,165.8699951171875,-0.04595654817160022,0.00876120947700465,-0.0038723740168810084,0.9688441525274978,0.9700226668814725,0.026912181624896288,0.5922120222889236,-0.01103274784424868,0
2025-03-11,GOOGL,164.0399932861328,-0.01103274784424868,-0.04595654817160022,0.00876120947700465,0.9659184198367923,0.9657478280853026,0.02323471070744345,-0.0921154022566737,0.018714992988714485,1
2025-03-12,GOOGL,167.11000061035156,0.018714992988714485,-0.01103274784424868,-0.04595654817160022,0.9908921732923472,0.9870877129631551,0.02476294101325606,-0.2832972107286662,-0.026030794612098007,0
2025-03-13,GOOGL,162.75999450683594,-0.026030794612098007,0.018714992988714485,-0.01103274784424868,0.9762007437570733,0.9646637419011106,0.026083103556769197,0.1192637915720911,0.016773231005567935,1
2025-03-14,GOOGL,165.49000549316406,0.016773231005567935,-0.026030794612098007,0.018714992988714485,1.0026416063605486,0.9836368004232044,0.027798672112073503,0.0075481323332136085,-0.007251266947844837,0
2025-03-17,GOOGL,164.2899932861328,-0.007251266947844837,0.016773231005567935,-0.026030794612098007,0.9972805050603868,0.9780854678599235,0.019156690635486844,-0.025365749986717034,-0.022034178983030284,0
2025-03-18,GOOGL,160.6699981689453,-0.022034178983030284,-0.007251266947844837,0.016773231005567935,0.9793129493553175,0.9624069998161955,0.021027662594931294,0.3492302216179295,0.02004108581190911,1
2025-03-19,GOOGL,163.88999938964844,0.02004108581190911,-0.022034178983030284,-0.007251266947844837,1.0028760324682982,0.9870929316165498,0.021390478877996034,-0.18536511165828473,-0.0066507800472874745,0
2025-03-20,GOOGL,162.8000030517578,-0.0066507800472874745,0.02004108581190911,-0.022034178983030284,0.9961573486389055,0.9862004911433756,0.017784480462080855,-0.17905157021321294,0.007309597168913662,1
2025-03-21,GOOGL,163.99000549316406,0.007309597168913662,-0.0066507800472874745,0.02004108581190911,1.005284228433374,0.9993845284148326,0.0159894638170169,0.30162588624127085,0.022501293121616417,1
2025-03-24,GOOGL,167.67999267578125,0.022501293121616417,0.007309597168913662,-0.0066507800472874745,1.0236498841659998,1.0207460438097382,0.018718392824868167,-0.15690305740761978,0.01717560238913629,1
2025-03-25,GOOGL,170.55999755859375,0.01717560238913629,0.022501293121616417,0.007309597168913662,1.028808557733887,1.0341733075145438,0.011953515780175889,-0.21712744218581503,-0.03224671715951766,0
2025-03-26,GOOGL,165.05999755859375,-0.03224671715951766,0.01717560238913629,0.022501293121616417,0.9942295310556036,1.0020701852426583,0.0219416099773793,0.1955457012376729,-0.017084648655884216,0
2025-03-27,GOOGL,162.24000549316406,-0.017084648655884216,-0.03224671715951766,0.01717560238913629,0.9779031845256347,0.9852611978937539,0.0233740027680476,-0.15200888532122792,-0.04875495188788481,0
2025-03-28,GOOGL,154.3300018310547,-0.04875495188788481,-0.017084648655884216,-0.03224671715951766,0.9411858145204817,0.9436200472598801,0.030934441607423438,0.9858292904852641,0.002008666849710128,1
2025-03-31,GOOGL,154.63999938964844,0.002008666849710128,-0.04875495188788481,-0.017084648655884216,0.9583183510696293,0.9511273992323831,0.02628074737529711,0.12192901890925079,0.015713967564416453,1
2025-04-01,GOOGL,157.07000732421875,0.015713967564416453,0.002008666849710128,-0.04875495188788481,0.9899286877520457,0.9682172178238638,0.025826732863544033,-0.4382612836173505,-0.00019108701016345986,0
2025-04-02,GOOGL,157.0399932861328,-0.00019108701016345986,0.015713967564416453,0.002008666849710128,0.9998471439764234,0.9721370607469657,0.024764879300268196,-0.18358877054337863,-0.04024447488299632,0
2025-04-03,GOOGL,150.72000122070312,-0.04024447488299632,-0.00019108701016345986,0.015713967564416453,0.9738950673706691,0.9400435409340311,0.02839952274832852,0.8722131484683548,-0.03397024333678289,0
2025-04-04,GOOGL,145.60000610351562,-0.03397024333678289,-0.04024447488299632,-0.00019108701016345986,0.9515469480547403,0.9186467997478555,0.024402862811540516,0.32796469539325224,0.007898309397506242,1
2025-04-07,GOOGL,146.75,0.007898309397506242,-0.03397024333678289,-0.04024447488299632,0.969056224822308,0.9382932275605528,0.025332524895799707,0.23345192299970297,-0.013969356400393984,0
2025-04-08,GOOGL,144.6999969482422,-0.013969356400393984,0.007898309397506242,-0.03397024333678289,0.9713886590039947,0.9407404745113842,0.020831785603572295,-0.3202576760454253,0.09682107851485466,1
2025-04-09,GOOGL,158.7100067138672,0.09682107851485466,-0.013969356400393984,0.007898309397506242,1.0630559718817036,1.0361013501547784,0.05556698509050543,0.3487726100666282,-0.037111707771944835,0
2025-04-10,GOOGL,152.82000732421875,-0.037111707771944835,0.09682107851485466,-0.013969356400393984,1.020732612649193,1.00382299624508,0.054967574676168,-0.3179293869005855,0.028268497960901806,1
2025-04-11,GOOGL,157.13999938964844,0.028268497960901806,-0.037111707771944835,0.09682107851485466,1.0336525630467392,1.0302978485696936,0.05115292952716872,-0.29956686518678943,0.012282092033006897,1
2025-04-14,GOOGL,159.07000732421875,0.012282092033006897,0.028268497960901806,-0.037111707771944835,1.029659285376111,1.0399315167059706,0.05100854609547009,-0.0982037209910751,-0.017350912419331843,0
2025-04-15,GOOGL,156.30999755859375,-0.017350912419331843,0.012282092033006897,0.028268497960901806,0.9968113889940783,1.0223957454321493,0.05154568353267733,-0.0916988098770316,-0.01906465212771813,0
2025-04-16,GOOGL,153.3300018310547,-0.01906465212771813,-0.017350912419331843,0.012282092033006897,0.9845634170249495,1.0053437325941856,0.02633561952244186,0.023080413044661796,-0.014152469464758122,0
2025-04-17,GOOGL,151.16000366210938,-0.014152469464758122,-0.01906465212771813,-0.017350912419331843,0.9727030653550064,0.9908297838946869,0.021181922948752454,0.17238908164640931,-0.023088154330594857,0
2025-04-21,GOOGL,147.6699981689453,-0.023088154330594857,-0.014152469464758122,-0.01906465212771813,0.9619693861229034,0.9666417680633927,0.014101101287016067,-0.21174644290184164,0.025733074415090984,1
2025-04-22,GOOGL,151.47000122070312,0.025733074415090984,-0.023088154330594857,-0.014152469464758122,0.9965918410274891,0.9884623868086349,0.020004602808060722,0.03542156926726836,0.025615665488501804,1
2025-04-23,GOOGL,155.35000610351562,0.025615665488501804,0.025733074415090984,-0.023088154330594857,1.0234130270547666,1.0067853713404737,0.024547180135934807,0.15412393685256442,0.025297666696984633,1
2025-04-24,GOOGL,159.27999877929688,0.025297666696984633,0.025615665488501804,0.025733074415090984,1.041141000660816,1.031873520179951,0.02439834777310198,0.47432602605946905,0.016825765664927106,1
2025-04-25,GOOGL,161.9600067138672,0.016825765664927106,0.025297666696984633,0.025615665488501804,1.0439199490808513,1.0430593953225602,0.021117011164315,0.2209439142371552,-0.00833542879447191,0
2025-04-28,GOOGL,160.61000061035156,-0.00833542879447191,0.016825765664927106,0.025297666696984633,1.0182332146261335,1.0320586446729205,0.014673599790196484,-0.46914730342292177,-0.002801799056921128,0
2025-04-29,GOOGL,160.16000366210938,-0.002801799056921128,-0.00833542879447191,0.016825765664927106,1.0043142399580403,1.0284466819428963,0.015935932374726697,-0.09872990472604537,-0.008491512108233734,0
2025-04-30,GOOGL,158.8000030517578,-0.008491512108233734,-0.002801799056921128,-0.00833542879447191,0.9914961133732144,1.018085771984279,0.015582933952688654,0.3048267372897162,0.0157430727453145,1
2025-05-01,GOOGL,161.3000030517578,0.0157430727453145,-0.008491512108233734,-0.002801799056921128,1.0045713265458716,1.0288564606642905,0.012717082302166727,-0.13658518457109692,0.01692495769304525,1
2025-05-02,GOOGL,164.02999877929688,0.01692495769304525,0.0157430727453145,-0.008491512108233734,1.0189464338026477,1.0377507493157834,0.012744892527648339,-0.14860014832865387,0.001097408619825213,1
2025-05-05,GOOGL,164.2100067138672,0.001097408619825213,0.01692495769304525,0.0157430727453145,1.0155225950200257,1.0281310302880513,0.01134084859574005,-0.17006416488430875,-0.005968034506178221,0
2025-05-06,GOOGL,163.22999572753906,-0.005968034506178221,0.001097408619825213,0.01692495769304525,1.0056433471815658,1.0145251401522406,0.01192353298309272,-0.003026923689660621,-0.07259689490224808,0
2025-05-07,GOOGL,151.3800048828125,-0.07259689490224808,-0.005968034506178221,0.001097408619825213,0.9412423251840224,0.9432010941727468,0.03687828140057914,4.991864531047319,0.01915704718552047,1
2025-05-08,GOOGL,154.27999877929688,0.01915704718552047,-0.07259689490224808,-0.005968034506178221,0.9677216880198722,0.9642740859804656,0.037476743973247975,-0.548994784693086,-0.009917026130429218,0
2025-05-09,GOOGL,152.75,-0.009917026130429218,0.01915704718552047,-0.07259689490224808,0.9718775772324617,0.9602388718201588,0.03479034496507795,-0.43589507241033276,0.03738138601549723,1
2025-05-12,GOOGL,158.4600067138672,0.03738138601549723,-0.009917026130429218,0.01915704718552047,1.0156390557240957,0.997482088524585,0.04172695994805059,0.3608260136332946,0.00675244238353323,1
2025-05-13,GOOGL,159.52999877929688,0.00675244238353323,0.03738138601549723,-0.009917026130429218,1.0273698924402783,1.0046159381080297,0.04214471324172914,-0.03979945082331193,0.036607511957484684,1
2025-05-14,GOOGL,165.3699951171875,0.036607511957484684,0.00675244238353323,0.03738138601549723,1.0461290960468173,1.0371015730617752,0.020180957696195753,0.15038896137756264,-0.00852626501150433,0
2025-05-15,GOOGL,163.9600067138672,-0.00852626501150433,0.036607511957484684,0.00675244238353323,1.0246603747978293,1.0265464904880959,0.023334034399506737,-0.3201499715931816,0.013600851648113865,1
2025-05-16,GOOGL,166.19000244140625,0.013600851648113865,-0.00852626501150433,0.036607511957484684,1.0214379690871054,1.0391031462112272,0.019798226724649266,0.29264451664871616,0.002105968106294265,1
2025-05-19,GOOGL,166.5399932861328,0.002105968106294265,0.013600851648113865,-0.00852626501150433,1.0135225235729433,1.0397766923204932,0.01685936134935906,-0.28988794988668953,-0.015371668438796005,0
2025-05-20,GOOGL,163.97999572753906,-0.015371668438796005,0.002105968106294265,0.013600851648113865,0.9925669281168682,1.02331441724936,0.02047568830676088,0.531832867176536,0.027930247288605825,1
2025-05-21,GOOGL,168.55999755859375,0.027930247288605825,-0.015371668438796005,0.002105968106294265,1.0163645697036368,1.0407379389410267,0.01732466224390734,0.575190365540458,0.013704304651468435,1
2025-05-22,GOOGL,170.8699951171875,0.013704304651468435,0.027930247288605825,-0.015371668438796005,1.0217786397023063,1.0443035796721494,0.016134760140143513,0.01972866949983665,-0.014045730467999284,0
2025-05-23,GOOGL,168.47000122070312,-0.014045730467999284,0.013704304651468435,0.027930247288605825,1.0046874159412544,1.0198374142224813,0.018472155778250635,-0.5296642997205614,0.02629543920984334,1
2025-05-27,GOOGL,172.89999389648438,0.02629543920984334,-0.014045730467999284,0.013704304651468435,1.0233433395044869,1.0375846659886223,0.02119129293799961,0.0790738226824268,-0.003123153876200324,0
2025-05-28,GOOGL,172.36000061035156,-0.003123153876200324,0.02629543920984334,-0.014045730467999284,1.0101270743657438,1.0264411772857402,0.01837835305806328,-0.08452798606158063,-0.002900905072113158,0
2025-05-29,GOOGL,171.86000061035156,-0.002900905072113158,-0.003123153876200324,0.02629543920984334,1.0033159886334615,1.019523173994705,0.015931645843527818,-0.1571613385464582,-0.0006982143416812692,0
2025-05-30,GOOGL,171.74000549316406,-0.0006982143416812692,-0.002900905072113158,-0.003123153876200324,1.001598014337349,1.0141307901339236,0.015010654572020948,0.7955234622560741,-0.015779705526881793,0
2025-06-02,GOOGL,169.02999877929688,-0.015779705526881793,-0.0006982143416812692,-0.002900905072113158,0.9851496048418468,0.9964570187232596,0.015461468276346077,-0.2664822691532469,-0.016860948494928918,0
2025-06-03,GOOGL,166.17999267578125,-0.016860948494928918,-0.015779705526881793,-0.0006982143416812692,0.9761856799068994,0.9798637605469818,0.007779131137080935,0.16763052188033356,0.011252921280511696,1
2025-06-04,GOOGL,168.0500030517578,0.011252921280511696,-0.016860948494928918,-0.015779705526881793,0.9921947130023869,0.9885178064833114,0.011661401345779301,-0.40333016153967294,0.0009521193644970172,1
2025-06-05,GOOGL,168.2100067138672,0.0009521193644970172,0.011252921280511696,-0.016860948494928918,0.9974383924202359,0.9896627397970185,0.011958106327439608,0.35234268125854995,0.03251879046184669,1
2025-06-06,GOOGL,173.67999267578125,0.03251879046184669,0.0009521193644970172,0.011252921280511696,1.0275098735731276,1.0201587866620465,0.020549309956183225,-0.01779318344873837,0.013876115636464181,1
2025-06-09,GOOGL,176.08999633789062,0.013876115636464181,0.03251879046184669,0.0009521193644970172,1.0331373611170147,1.0297058492521751,0.018120539975953146,-0.19019192987758804,0.014254130375519258,1
2025-06-10,GOOGL,178.60000610351562,0.014254130375519258,0.013876115636464181,0.03251879046184669,1.0328117523964608,1.0409138931452029,0.01139287067734037,1.134583683244689,-0.006998879939990044,0
2025-06-11,GOOGL,177.35000610351562,-0.006998879939990044,0.014254130375519258,0.013876115636464181,1.0146693928193475,1.0306313101706148,0.015056623924898704,-0.48763480290968675,-0.009303688178676217,0
2025-06-12,GOOGL,175.6999969482422,-0.009303688178676217,-0.006998879939990044,0.014254130375519258,0.9966871486535359,1.0187692226784661,0.017287420527985316,-0.3382616883855556,-0.005862258378981577,0
2025-06-13,GOOGL,174.6699981689453,-0.005862258378981577,-0.009303688178676217,-0.006998879939990044,0.9897326494715805,1.0110792008138116,0.011816498840231686,0.32094509094208257,0.01202270639222447,1
2025-06-16,GOOGL,176.77000427246094,0.01202270639222447,-0.005862258378981577,-0.009303688178676217,1.000860625480579,1.0186711459781432,0.011338573361605339,-0.009901276429612027,-0.004638837497310089,0
2025-06-17,GOOGL,175.9499969482422,-0.004638837497310089,0.01202270639222447,-0.005862258378981577,0.9992162808388058,1.0082689875464246,0.008548069200581026,-0.08821725351598442,-0.014947369534749622,0
2025-06-18,GOOGL,173.32000732421875,-0.014947369534749622,-0.004638837497310089,0.01202270639222447,0.988806646432578,0.9902076520899177,0.010088201913320452,0.14954150482521134,-0.0385414704147482,0
2025-06-20,GOOGL,166.63999938964844,-0.0385414704147482,-0.014947369534749622,-0.004638837497310089,0.9606271875079716,0.9528983170029585,0.018501220002753387,1.6355447182791951,-0.008701373941149115,0
2025-06-23,GOOGL,165.19000244140625,-0.008701373941149115,-0.0385414704147482,-0.014947369534749622,0.9627915677400171,0.9492150752114026,0.018370491951529243,-0.23776002876028124,0.009564754571724787,1
2025-06-24,GOOGL,166.77000427246094,0.009564754571724787,-0.008701373941149115,-0.0385414704147482,0.9834644593603977,0.9634538184331064,0.01761920905982474,-0.29731927658615254,0.02344539367482623,1
2025-06-25,GOOGL,170.67999267578125,0.02344539367482623,0.009564754571724787,-0.008701373941149115,1.0128174189380006,0.9905747506113779,0.023745833711354147,-0.12450060827700915,0.01675650769322634,1
2025-06-26,GOOGL,173.5399932861328,0.01675650769322634,0.02344539367482623,0.009564754571724787,1.0295199148091672,1.0094053367926183,0.024909016890829357,-0.10378815637419314,0.028754210477215603,1
2025-06-27,GOOGL,178.52999877929688,0.028754210477215603,0.01675650769322634,0.02344539367482623,1.044389328334417,1.0367234534940895,0.014573244211335516,2.40098815285863,-0.01288300603531134,0
2025-06-30,GOOGL,176.22999572753906,-0.01288300603531134,0.028754210477215603,0.01675650769322634,1.017788038311185,1.0224411194275878,0.016225460596196593,-0.4139191530994024,-0.002213013670223307,0
2025-07-01,GOOGL,175.83999633789062,-0.002213013670223307,-0.01288300603531134,0.028754210477215603,1.0050067499587754,1.020729194725681,0.017663231752422084,-0.4334944279563072,0.015923584565922022,1
2025-07-02,GOOGL,178.63999938964844,0.015923584565922022,-0.002213013670223307,-0.01288300603531134,1.0118036358121527,1.0353661249344601,0.016602467398180935,-0.1887117213719729,0.004982083479003974,1
2025-07-03,GOOGL,179.52999877929688,0.004982083479003974,0.015923584565922022,-0.002213013670223307,1.0099913419586402,1.036792778550361,0.016102201154961974,-0.25538897795659976,-0.015262103892355383,0
2025-07-07,GOOGL,176.7899932861328,-0.015262103892355383,0.004982083479003974,0.015923584565922022,0.9965277193025431,1.0150194393316998,0.012887135128250808,0.5756603364730726,-0.01374508042346223,0
2025-07-08,GOOGL,174.36000061035156,-0.01374508042346223,-0.015262103892355383,0.004982083479003974,0.9849066998886137,0.9958250468881119,0.013075361144263675,0.1833735179484779,0.012961656910557284,1
2025-07-09,GOOGL,176.6199951171875,0.012961656910557284,-0.01374508042346223,-0.015262103892355383,0.9967943521708381,1.0030895677399958,0.014692864839334845,0.06387092786054271,0.0056618731040984915,1
2025-07-10,GOOGL,177.6199951171875,0.0056618731040984915,0.012961656910557284,-0.01374508042346223,1.003593536971923,1.0048084996903486,0.012658062354728715,-0.3201163958201628,0.014469132951631547,1
2025-07-11,GOOGL,180.19000244140625,0.014469132951631547,0.0056618731040984915,0.012961656910557284,1.0173558863883736,1.015526840368134,0.014386955803728035,0.17196879572274404,0.007603058430686094,1
2025-07-14,GOOGL,181.55999755859372,0.007603058430686094,0.014469132951631547,0.0056618731040984915,1.0195990308616572,1.0215035624188082,0.01130136594462304,-0.0509379311551823,0.0024234547660437755,1
2025-07-15,GOOGL,182.0,0.0024234547660437755,0.007603058430686094,0.014469132951631547,1.0133743247655693,1.0206656881382785,0.005031006986526541,0.02802075201465426,0.005329677036830294,1
2025-07-16,GOOGL,182.97000122070312,0.005329677036830294,0.0024234547660437755,0.007603058430686094,1.0116217460337762,1.0220189182973523,0.004517451802298883,-0.010287518349213598,0.0033338831845759476,1
2025-07-17,GOOGL,183.5800018310547,0.0033338831845759476,0.005329677036830294,0.0024234547660437755,1.0083489026453223,1.0226044900713878,0.004812719601904222,-0.03357882081427732,0.008061857025696284,1
2025-07-18,GOOGL,185.05999755859372,0.008061857025696284,0.0033338831845759476,0.005329677036830294,1.0110689704036313,1.0276829050490817,0.0025030105431874364,0.06319898976638338,0.0272344569945544,1
2025-07-21,GOOGL,190.1000061035156,0.0272344569945544,0.008061857025696284,0.0033338831845759476,1.0290026346028418,1.0479256824986871,0.010269127420721341,0.34657572505843093,0.0065228311129030825,1
2025-07-22,GOOGL,191.33999633789065,0.0065228311129030825,0.0272344569945544,0.008061857025696284,1.0253469573552785,1.044979885963585,0.009734937578648071,-0.024952459549681172,-0.005801194897022244,0
2025-07-23,GOOGL,190.22999572753903,-0.005801194897022244,0.0065228311129030825,0.0272344569945544,1.011528092977046,1.031252521383274,0.012086271062923632,0.31396411122207235,0.010198194212151845,1
2025-07-24,GOOGL,192.1699981689453,0.010198194212151845,-0.005801194897022244,0.0065228311129030825,1.012593526214677,1.0336166011423196,0.011829276585103726,0.2760612727263432,0.0052557345915569265,1
2025-07-25,GOOGL,193.17999267578125,0.0052557345915569265,0.010198194212151845,-0.005801194897022244,1.0092787762713151,1.0318396850657767,0.011965123743414418,-0.4686832697441431,-0.003105864310356088,0
2025-07-28,GOOGL,192.5800018310547,-0.003105864310356088,0.0052557345915569265,0.010198194212151845,1.0035435377468813,1.02261565467936,0.006769602592377444,-0.04138149444903849,0.016460681996079085,1
2025-07-29,GOOGL,195.75,0.016460681996079085,-0.003105864310356088,0.0052557345915569265,1.0153956404386488,1.0319142252960665,0.009219689967045938,0.08520562671246346,0.003984668093470534,1
2025-07-30,GOOGL,196.52999877929688,0.003984668093470534,0.016460681996079085,-0.003105864310356088,1.0128219690077085,1.0286728215848595,0.007297642221805799,-0.21609018777845423,-0.023558769203535057,0
2025-07-31,GOOGL,191.8999938964844,-0.023558769203535057,0.003984668093470534,0.016460681996079085,0.9892364292243273,1.0000833617640448,0.014823382642949488,0.5820177898870103,-0.014434544563696527,0
2025-08-01,GOOGL,189.1300048828125,-0.014434544563696527,-0.023558769203535057,0.003984668093470534,0.9790452587889141,0.9835614044516756,0.015608760246576092,-0.3213960085097761,0.031248285574688284,1
2025-08-04,GOOGL,195.0399932861328,0.031248285574688284,-0.014434544563696527,-0.023558769203535057,1.0070738634282033,1.011696946111451,0.02229976962929707,-0.09430354671826646,-0.0018970217900114994,0
2025-08-05,GOOGL,194.6699981689453,-0.0018970217900114994,0.031248285574688284,-0.014434544563696527,1.0062857339730498,1.0080365395529935,0.020946151584353034,0.0017402384982596608,0.0072943863065790815,1
2025-08-06,GOOGL,196.08999633789065,0.0072943863065790815,-0.0018970217900114994,0.031248285574688284,1.0140872700540402,1.0123177557625123,0.021191216094697773,-0.31767940941007455,0.0021929111255083455,1
2025-08-07,GOOGL,196.5200042724609,0.0021929111255083455,0.0072943863065790815,-0.0018970217900114994,1.0114777131598018,1.0122644387724136,0.016787762245336083,0.22069851457828027,0.024933817372051914,1
2025-08-08,GOOGL,201.4199981689453,0.024933817372051914,0.0021929111255083455,0.0072943863065790815,1.0237461126336707,1.0331191007571041,0.014546330880937002,0.4878085845192959,-0.0020851860429123015,0
2025-08-11,GOOGL,201.0,-0.0020851860429123015,0.024933817372051914,0.0021929111255083455,1.015459233200905,1.0265315045738883,0.011206621485997527,-0.3403673988427498,0.011641772825326635,1
2025-08-12,GOOGL,203.33999633789065,0.011641772825326635,-0.0020851860429123015,0.024933817372051914,1.0183599133206265,1.0344722226832441,0.01040172350526213,0.17673541753766586,-0.006786611826875122,0
2025-08-13,GOOGL,201.9600067138672,-0.006786611826875122,0.011641772825326635,-0.0020851860429123015,1.005536553060781,1.0246211830470762,0.012586485886789874,-0.0676033541790716,0.00485242471261893,1
2025-08-14,GOOGL,202.94000244140625,0.00485242471261893,-0.006786611826875122,0.011641772825326635,1.0039973962858755,1.0238584255107683,0.012441832624048604,-0.10981586217359551,0.00473042004301405,1
2025-08-15,GOOGL,203.8999938964844,0.00473042004301405,0.00485242471261893,-0.006786611826875122,1.0062774839574047,1.0210928796721286,0.007094741782658117,0.38449648043629914,-0.001961716078753173,0
2025-08-18,GOOGL,203.5,-0.001961716078753173,0.00473042004301405,0.00485242471261893,1.0018313581696954,1.014790511193251,0.007075108535232005,-0.46962904435550823,-0.009483993492782505,0
2025-08-19,GOOGL,201.57000732421875,-0.009483993492782505,-0.001961716078753173,0.00473042004301405,0.9940623810811305,1.0017195104657386,0.006534768028967093,0.30839981432103025,-0.011162374947880749,0
2025-08-20,GOOGL,199.32000732421875,-0.011162374947880749,-0.009483993492782505,-0.001961716078753173,0.9855324958651448,0.9889504963828712,0.007589212775644438,0.19452397257448362,0.0021572981134894142,1
2025-08-21,GOOGL,199.75,0.0021572981134894142,-0.011162374947880749,-0.009483993492782505,0.990784087470564,0.9894981859222097,0.006999962539878644,-0.3170692959886723,0.03173965625977804,1
2025-08-22,GOOGL,206.08999633789065,0.03173965625977804,0.0021572981134894142,-0.011162374947880749,1.0200152148354646,1.0185482402182864,0.017356303430927762,1.1657580937161813,0.011645442272406825,1
2025-08-25,GOOGL,208.4900054931641,0.011645442272406825,0.03173965625977804,0.0021572981134894142,1.026821783006953,1.0266094357268505,0.017594447585321887,-0.30116748779975244,-0.006475159805969244,0
2025-08-26,GOOGL,207.13999938964844,-0.006475159805969244,0.011645442272406825,0.03173965625977804,1.0146063228269384,1.0180570584932767,0.01701812332418618,-0.04894266077269793,0.001641384275815394,1
2025-08-27,GOOGL,207.47999572753903,0.001641384275815394,-0.006475159805969244,0.011645442272406825,1.008212237440609,1.0169690660658266,0.014670203735698559,-0.19116009288893732,0.020050143376580287,1
2025-08-28,GOOGL,211.63999938964844,0.020050143376580287,0.001641384275815394,-0.006475159805969244,1.0166788369695932,1.0329545843840346,0.015023530037405277,0.40465797097672307,0.00600077620545969,1
2025-08-29,GOOGL,212.91000366210935,0.00600077620545969,0.020050143376580287,0.001641384275815394,1.01612165644331,1.0346034148889252,0.010028282643089978,0.22848670193850817,-0.007327028001321567,0
2025-09-02,GOOGL,211.3500061035156,-0.007327028001321567,0.00600077620545969,0.020050143376580287,1.0059304213339866,1.0231200634171853,0.011155017659059087,0.19619717884435306,0.09136502011329983,1
2025-09-03,GOOGL,230.66000366210935,0.09136502011329983,-0.007327028001321567,0.00600077620545969,1.0737961427274987,1.1010917438663794,0.03982848270699259,1.1744439534541171,0.007110029322859424,1
2025-09-04,GOOGL,232.3000030517578,0.007110029322859424,0.09136502011329983,-0.007327028001321567,1.0570045305908267,1.0917328222559441,0.03918770204414156,-0.49984371386185467,0.011622888130744524,1
2025-09-05,GOOGL,235.0,0.011622888130744524,0.007110029322859424,0.09136502011329983,1.0470317609251738,1.0864238560534103,0.039549493280826936,-0.09858525429434917,-0.0040851349526263014,0
2025-09-08,GOOGL,234.0399932861328,-0.0040851349526263014,0.011622888130744524,0.007110029322859424,1.0234835878635729,1.0681831312635963,0.040791568339844715,-0.3029519907102336,0.02388485625123682,1
2025-09-09,GOOGL,239.6300048828125,0.02388485625123682,-0.0040851349526263014,0.011622888130744524,1.0226351488274683,1.0783700645570065,0.03790021528880313,0.1720200648504837,-0.0019196540687471675,0
2025-09-10,GOOGL,239.1699981689453,-0.0019196540687471675,0.02388485625123682,-0.0040851349526263014,1.0133119727008686,1.0610066513192475,0.01127388213363551,-0.07671632379601168,0.005017338953168027,1
2025-09-11,GOOGL,240.3699951171875,0.005017338953168027,-0.0019196540687471675,0.02388485625123682,1.0114794390124222,1.0509953536508088,0.011322486831918822,-0.12924467361579461,0.001788941811812439,1
2025-09-12,GOOGL,240.8000030517578,0.001788941811812439,0.005017338953168027,-0.0019196540687471675,1.008366781515995,1.0396204259058759,0.01115067940732296,-0.12509109685515685,0.04489201587040781,1
2025-09-15,GOOGL,251.6100006103516,0.04489201587040781,0.001788941811812439,0.005017338953168027,1.0383548764014539,1.0684394005876643,0.019574066453815677,1.1808110086808408,-0.0017884700415351507,0
2025-09-16,GOOGL,251.16000366210935,-0.0017884700415351507,0.04489201587040781,0.001788941811812439,1.0267269646097916,1.048798629855379,0.019937022451467046,-0.4157677300895112,-0.006489906271085033,0
2025-09-17,GOOGL,249.52999877929688,-0.006489906271085033,-0.0017884700415351507,0.04489201587040781,1.011496017464347,1.0338455621090232,0.02068771800015529,-4.983919530221481e-05,0.010018835459584041,1
2025-09-18,GOOGL,252.02999877929688,0.010018835459584041,-0.006489906271085033,-0.0017884700415351507,1.0120629885672745,1.0357368849342674,0.02058677520053241,-0.08410050428052074,0.010673342278439968,1
2025-09-19,GOOGL,254.72000122070312,0.010673342278439968,0.010018835459584041,-0.006489906271085033,1.011556334551043,1.0383765642675393,0.020112909769453045,0.7788825045215193,-0.008597685422860546,0
2025-09-22,GOOGL,252.52999877929688,-0.008597685422860546,0.010673342278439968,0.010018835459584041,1.002127028955598,1.0217474801945512,0.009091513270866623,-0.4189367192476706,-0.0034451159125370445,0
2025-09-23,GOOGL,251.66000366210935,-0.0034451159125370445,-0.008597685422860546,0.010673342278439968,0.9982784335144391,1.0132953376841873,0.00923678162021129,-0.17536117433920195,-0.01796075739762637,0
2025-09-24,GOOGL,247.13999938964844,-0.01796075739762637,-0.0034451159125370445,-0.008597685422860546,0.9822109843171819,0.9919126611424243,0.01230177589547347,0.059073156076310696,-0.005462515605930585,0
2025-09-25,GOOGL,245.7899932861328,-0.005462515605930585,-0.01796075739762637,-0.0034451159125370445,0.9817148917000666,0.9843530085102046,0.010358586101762884,0.09997517818517077,0.0030513854122893314,1
2025-09-26,GOOGL,246.5399932861328,0.0030513854122893314,-0.005462515605930585,-0.01796075739762637,0.9911872842458112,0.9850921366354326,0.007703658913375799,-0.40351510618818587,-0.010099741632933035,0
2025-09-29,GOOGL,244.0500030517578,-0.010099741632933035,0.0030513854122893314,-0.005462515605930585,0.9879127110983645,0.9780975237911195,0.007834910984569003,0.756766397163734,-0.0038926323964877385,0
2025-09-30,GOOGL,243.1000061035156,-0.0038926323964877385,-0.010099741632933035,0.0030513854122893314,0.990934466547199,0.9774475650719017,0.007789667975191732,0.068249358576008,0.0074043099456047035,1
2025-10-01,GOOGL,244.8999938964844,0.0074043099456047035,-0.0038926323964877385,-0.010099741632933035,1.0000979923385023,0.9865214131927976,0.0069809401936172,-0.08829839622396995,0.0032258414234822563,1
2025-10-02,GOOGL,245.69000244140625,0.0032258414234822563,0.0074043099456047035,-0.0038926323964877385,1.003406094546911,0.9922378678169773,0.006922406656315224,-0.19504899204629444,-0.0013838427877086446,0
2025-10-03,GOOGL,245.3500061035156,-0.0013838427877086446,0.0032258414234822563,0.0074043099456047035,1.0029924362771307,0.9946285845890973,0.006704424287362119,0.1870362158747101,0.02070505989766458,1
2025-10-06,GOOGL,250.42999267578125,0.02070505989766458,-0.0013838427877086446,0.0032258414234822563,1.0184469422886975,1.016087449722889,0.009684851917003297,-0.04479067491801547,-0.01864791880176786,0
2025-10-07,GOOGL,245.75999450683597,-0.01864791880176786,0.02070505989766458,-0.0013838427877086446,0.9972973492099971,0.9995322665256784,0.01430066139731818,-0.19773176395671177,-0.004638669495155567,0
2025-10-08,GOOGL,244.6199951171875,-0.004638669495155567,-0.01864791880176786,0.02070505989766458,0.9928968500029871,0.9959164942303322,0.014231771925737262,-0.08084965036473368,-0.012631822416684813,0
2025-10-09,GOOGL,241.52999877929688,-0.012631822416684813,-0.004638669495155567,-0.01864791880176786,0.9836766663446349,0.9850446790218113,0.015036174937569832,0.3090519122733737,-0.02053571597791637,0
2025-10-10,GOOGL,236.57000732421875,-0.02053571597791637,-0.012631822416684813,-0.004638669495155567,0.970416230792019,0.9687551487478245,0.016760377745253977,0.18959490321632289,0.03204119853569298,1
2025-10-13,GOOGL,244.1499938964844,0.03204119853569298,-0.02053571597791637,-0.012631822416684813,1.0066961727219992,0.9997542885704386,0.021552151226677172,-0.2466915609563506,0.005324608168161493,1
2025-10-14,GOOGL,245.4499969482422,0.005324608168161493,0.03204119853569298,-0.02053571597791637,1.0123152243413434,1.0041113493293992,0.02035771897883469,-0.11535907181436289,0.02273376207143052,1
2025-10-15,GOOGL,251.02999877929688,0.02273376207143052,0.005324608168161493,0.03204119853569298,1.0298835659224124,1.0243697416725566,0.022405498822139873,0.22142676242334347,0.001712974292560121,1
2025-10-16,GOOGL,251.4600067138672,0.001712974292560121,0.02273376207143052,0.005324608168161493,1.0233099716942546,1.0237140784135217,0.02034519853920573,0.036637699618997654,0.007317252401032315,1
2025-10-17,GOOGL,253.3000030517578,0.007317252401032315,0.001712974292560121,0.02273376207143052,1.0169505262443783,1.0278781167329134,0.012966346179457893,0.05980598059805975,0.012830575215377449,1
2025-10-20,GOOGL,256.54998779296875,0.012830575215377449,0.007317252401032315,0.001712974292560121,1.0198442870526423,1.0384873404835104,0.008183684446050976,-0.2467477318378517,-0.023737990133977593,0
2025-10-21,GOOGL,250.4600067138672,-0.023737990133977593,0.012830575215377449,0.007317252401032315,0.9916851683108592,1.0119105627523681,0.01742424247265721,1.1168535404604882,0.004910946636459412,1
2025-10-22,GOOGL,251.69000244140625,0.004910946636459412,-0.023737990133977593,0.012830575215377449,0.9960347027367598,1.0139836281422923,0.0142027194441064,-0.2596101208781686,0.005522664294033808,1
2025-10-23,GOOGL,253.0800018310547,0.005522664294033808,0.004910946636459412,-0.023737990133977593,1.0002529542193028,1.0148612175831273,0.014378009938734155,-0.43186580415308284,0.027027072653673212,1
2025-10-24,GOOGL,259.9200134277344,0.027027072653673212,0.005522664294033808,0.004910946636459412,1.0219391795736639,1.0326210514134848,0.01852147736136885,0.4398534776447889,0.03597251116846789,1
2025-10-27,GOOGL,269.2699890136719,0.03597251116846789,0.027027072653673212,0.005522664294033808,1.048216261809369,1.0591964798444717,0.023176879303230195,0.22963102554170112,-0.006684695162509802,0
2025-10-28,GOOGL,267.4700012207031,-0.006684695162509802,0.03597251116846789,0.027027072653673212,1.0276004072058798,1.0430811591578755,0.017555014551918824,-0.15599741167922987,0.026545055786114213,1
2025-10-29,GOOGL,274.57000732421875,0.026545055786114213,-0.006684695162509802,0.03597251116846789,1.0366530671322536,1.0610294008041505,0.017621095790776448,0.46544558250892787,0.025166636842274936,1
2025-10-30,GOOGL,281.4800109863281,0.025166636842274936,0.026545055786114213,-0.006684695162509802,1.0404299754349642,1.0752581697799086,0.016380022200012105,0.7181157541366168,-0.0010302988972668015,0
2025-10-31,GOOGL,281.19000244140625,-0.0010302988972668015,0.025166636842274936,0.026545055786114213,1.0232681705447468,1.0628269479920227,0.018699952676699227,-0.4755609273999679,0.008997470597568835,1
2025-11-03,GOOGL,283.7200012207031,0.008997470597568835,-0.0010302988972668015,0.025166636842274936,1.0217295667813102,1.0614886631626,0.015025181745186918,-0.24146694883097897,-0.021782012720963917,0
2025-11-04,GOOGL,277.5400085449219,-0.021782012720963917,0.008997470597568835,-0.0010302988972668015,0.9922774490115872,1.0279525935569562,0.020045182684570964,0.009816692405828276,0.024392839969866964,1
2025-11-05,GOOGL,284.3099975585937,0.024392839969866964,-0.021782012720963917,0.008997470597568835,1.0094514904028278,1.0404566945375187,0.019553174456603123,0.030982366083302404,0.0015476150862954174,1
2025-11-06,GOOGL,284.75,0.0015476150862954174,0.024392839969866964,-0.021782012720963917,1.0086715575162002,1.0301278361727768,0.016766571819034234,0.19875009271113142,-0.02079021396921643,0
2025-11-07,GOOGL,278.8299865722656,-0.02079021396921643,0.0015476150862954174,0.024392839969866964,0.9893552417413854,1.0018575707317925,0.01983300781528097,-0.07247078571889731,0.040418965226070025,1
2025-11-10,GOOGL,290.1000061035156,0.040418965226070025,-0.02079021396921643,0.0015476150862954174,1.0247045500755463,1.034608210638549,0.02749827932554144,-0.14275977679555452,0.004170945982835628,1
2025-11-11,GOOGL,291.3099975585937,0.004170945982835628,0.040418965226070025,-0.02079021396921643,1.0190652768717066,1.030164777114031,0.02337686752642315,-0.3286903742899385,-0.015790759472957383,0
2025-11-12,GOOGL,286.7099914550781,-0.015790759472957383,0.004170945982835628,0.040418965226070025,1.0012921531114043,1.0095635513729255,0.024066575337620036,0.2513746024866319,-0.028391002662824016,0
2025-11-13,GOOGL,278.57000732421875,-0.028391002662824016,-0.015790759472957383,0.004170945982835628,0.9770820804728365,0.981907161517786,0.027638894425570614,0.18784207749527781,-0.007753898859597652,0
2025-11-14,GOOGL,276.4100036621094,-0.007753898859597652,-0.028391002662824016,-0.015790759472957383,0.971154530520055,0.9759378715230271,0.026247940856432096,0.07300467891774609,0.031149326136862943,1
2025-11-17,GOOGL,285.0199890136719,0.031149326136862943,-0.007753898859597652,-0.028391002662824016,1.0049928464404878,1.005875986806472,0.02262732388138565,0.6642925756465028,-0.002596274868074233,0
2025-11-18,GOOGL,284.2799987792969,-0.002596274868074233,0.031149326136862943,-0.007753898859597652,1.0073778012134447,1.000883716023731,0.02226652161263728,-0.0666695778637636,0.030005624088661698,1
2025-11-19,GOOGL,292.8099975585937,0.030005624088661698,-0.002596274868074233,0.031149326136862943,1.0331383268362873,1.0278398892759066,0.025705326136528095,0.387321064226678,-0.011474967998283847,0
2025-11-20,GOOGL,289.45001220703125,-0.011474967998283847,0.030005624088661698,-0.002596274868074233,1.0135017260852621,1.0143719206923063,0.020974923776293366,-0.09052492048991989,0.035273764119848616,1
2025-11-21,GOOGL,299.6600036621094,0.035273764119848616,-0.011474967998283847,0.030005624088661698,1.0324416815164084,1.0425422461609308,0.021775682210796003,0.195283529920097,0.06313816551737772,1
2025-11-24,GOOGL,318.5799865722656,0.06313816551737772,0.035273764119848616,-0.011474967998283847,1.0728188244527281,1.0974920349730524,0.030225831789001067,0.14874213794061597,0.015255245382585159,1
2025-11-25,GOOGL,323.44000244140625,0.015255245382585159,0.06313816551737772,0.035273764119848616,1.0611966413482286,1.1020365161982122,0.027386803159685617,0.04070916373021349,-0.010790224486865174,0
2025-11-26,GOOGL,319.95001220703125,-0.010790224486865174,0.015255245382585159,0.06313816551737772,1.0313781645105762,1.0779369468716622,0.03178296809830154,-0.4203747852076166,0.0007188012501189167,1
2025-11-28,GOOGL,320.17999267578125,0.0007188012501189167,-0.010790224486865174,0.015255245382585159,1.0120684316382982,1.0637986590569393,0.02929982318197417,-0.4935394581631739,-0.016521888151520003,0
2025-12-01,GOOGL,314.8900146484375,-0.016521888151520003,0.0007188012501189167,-0.010790224486865174,0.9858551224879355,1.033015601161427,0.03190775298616223,0.5828292067982135,0.0029216007728392057,1
2025-12-02,GOOGL,315.8099975585937,0.0029216007728392057,-0.016521888151520003,0.0007188012501189167,0.9904532911289666,1.0256734891623374,0.012419835880166206,-0.12938105528980404,0.012095903719799406,1
2025-12-03,GOOGL,319.6300048828125,0.012095903719799406,0.0029216007728392057,-0.016521888151520003,1.004835080627722,1.0262972077356924,0.011379424245353782,0.1668846762070244,-0.00628855155936292,0
2025-12-04,GOOGL,317.6199951171875,-0.00628855155936292,0.012095903719799406,0.0029216007728392057,0.9999810914114192,1.0117831967088249,0.010698987190827668,-0.2532942304061111,0.011491700625263501,1
2025-12-05,GOOGL,321.2699890136719,0.011491700625263501,-0.00628855155936292,0.012095903719799406,1.0107788373129576,1.0131408064173038,0.012213602220823837,-0.07647667000630587,-0.023500445267694903,0
2025-12-08,GOOGL,313.7200012207031,-0.023500445267694903,0.011491700625263501,-0.00628855155936292,0.9877522862384929,0.9849643230847726,0.014803472758940565,0.17529989567339177,0.010710140693894532,1
2025-12-09,GOOGL,317.0799865722656,0.010710140693894532,-0.023500445267694903,0.011491700625263501,0.99753350866879,0.995982481842842,0.015659088656027928,-0.10956843825016072,0.009871341665706579,1
2025-12-10,GOOGL,320.2099914550781,0.009871341665706579,0.010710140693894532,-0.023500445267694903,1.007013016009377,1.0068356819037314,0.0152887457827546,0.10713717957210034,-0.024296552221695134,0
2025-12-11,GOOGL,312.42999267578125,-0.024296552221695134,0.009871341665706579,0.010710140693894532,0.9857639580019757,0.9847013906829838,0.0189562350715519,0.26697857243283507,-0.010050200699258216,0
2025-12-12,GOOGL,309.2900085449219,-0.010050200699258216,-0.024296552221695134,0.009871341665706579,0.9832902417640008,0.9781622427172804,0.017161029226496816,-0.15142714804137536,-0.003459559942633361,0
2025-12-15,GOOGL,308.2200012207031,-0.003459559942633361,-0.010050200699258216,-0.024296552221695134,0.9833272878321156,0.9768388362396417,0.014629670892910696,-0.18887763562807103,-0.005353299234149622,0
2025-12-16,GOOGL,306.57000732421875,-0.005353299234149622,-0.003459559942633361,-0.010050200699258216,0.9846665009886867,0.9744631646939427,0.012326566312784169,0.04915974601998507,-0.03212971219685745,0
2025-12-17,GOOGL,296.7200012207031,-0.03212971219685745,-0.005353299234149622,-0.003459559942633361,0.9676304243152106,0.9500725351048204,0.012555648997060293,0.4363380742193885,0.019344803891752305,1
2025-12-18,GOOGL,302.4599914550781,0.019344803891752305,-0.03212971219685745,-0.005353299234149622,0.9928048708559474,0.9731753984310593,0.018356565359883184,-0.2370203776883434,0.015539285656990032,1
2025-12-19,GOOGL,307.1600036621094,0.015539285656990032,0.019344803891752305,-0.03212971219685745,1.009644154924723,0.9928051208406772,0.020501796076656705,0.7883883286592279,0.008529740480370585,1
2025-12-22,GOOGL,309.7799987792969,0.008529740480370585,0.015539285656990032,0.019344803891752305,1.0172129530062288,1.002550229431958,0.02087096431466968,-0.5590842664388955,0.014752428633956649,1
2025-12-23,GOOGL,314.3500061035156,0.014752428633956649,0.008529740480370585,0.015539285656990032,1.0269721257286653,1.0182399070187513,0.021229811086522776,-0.035989542147340736,-0.0008271345970306543,0
2025-12-24,GOOGL,314.0899963378906,-0.0008271345970306543,0.014752428633956649,0.008529740480370585,1.0146074435374823,1.0194185643015128,0.007893202479219387,-0.6036924960849651,-0.0018465617467220419,0
2025-12-26,GOOGL,313.510009765625,-0.0018465617467220419,-0.0008271345970306543,0.014752428633956649,1.0055552566879713,1.0171795898391591,0.008285859582000676,0.07938677283261031,0.00015944560432390453,1
2025-12-29,GOOGL,313.5599975585937,0.00015944560432390453,-0.0018465617467220419,-0.0008271345970306543,1.001603523458493,1.0159343063951896,0.007215412347259784,0.8003303055326176,0.0009248901236764695,1
2020-01-15,MSFT,163.17999267578125,0.006476208976417874,-0.007043078791535318,0.01202431192165987,1.0047781759288306,1.0148262089320892,0.009205106628440457,-0.08772266094201231,0.018323358422406733,1
2020-01-16,MSFT,166.1699981689453,0.018323358422406733,0.006476208976417874,-0.007043078791535318,1.0180737656726753,1.0298665660957762,0.01080212152612017,0.11427357490697032,0.005596725912127454,1
2020-01-17,MSFT,167.10000610351562,0.005596725912127454,0.018323358422406733,0.006476208976417874,1.0165965369979033,1.030216013104803,0.009392620083781594,0.44023146479841113,-0.0035907006678619346,0
2020-01-21,MSFT,166.5,-0.0035907006678619346,0.005596725912127454,0.018323358422406733,1.0089930650997219,1.0218109120391383,0.009917116351554489,-0.14123537677798892,-0.00480482313368058,0
2020-01-22,MSFT,165.6999969482422,-0.00480482313368058,-0.0035907006678619346,0.005596725912127454,0.9998189716329231,1.0118589522767714,0.00932982813813579,-0.18221240497066116,0.00615572897553851,1
2020-01-23,MSFT,166.72000122070312,0.00615572897553851,-0.00480482313368058,-0.0035907006678619346,1.0016943290089677,1.0139824115358937,0.009313085820891303,-0.18468192287934782,-0.010076822950272901,0
2020-01-24,MSFT,165.0399932861328,-0.010076822950272901,0.00615572897553851,-0.00480482313368058,0.992948726752407,1.001966988319786,0.007030411940737786,0.2661121499126051,-0.016723186010138114,0
2020-01-27,MSFT,162.27999877929688,-0.016723186010138114,-0.010076822950272901,0.00615572897553851,0.9820391211835666,0.9846489878088098,0.008461940175907496,0.2873413301977277,0.019595809455823066,1
2020-01-28,MSFT,165.4600067138672,0.019595809455823066,-0.016723186010138114,-0.010076822950272901,1.0025448820029812,1.0026177790208757,0.01431197203878239,-0.2237726049859562,0.01559281075533403,1
2020-01-29,MSFT,168.0399932861328,0.01559281075533403,0.019595809455823066,-0.016723186010138114,1.015298321830053,1.0146178553584273,0.015842381759682722,0.39576865770545266,0.028207603442907514,1
2020-01-30,MSFT,172.77999877929688,0.028207603442907514,0.01559281075533403,0.019595809455823066,1.0363483725822182,1.0372255775078272,0.019596881847585738,0.48462788991353634,-0.014758670388782091,0
2020-01-31,MSFT,170.22999572753906,-0.014758670388782091,0.028207603442907514,0.01559281075533403,1.0147354945224605,1.019432863196441,0.02071580508927941,-0.2995261398323562,0.0243788360420083,1
2020-02-03,MSFT,174.3800048828125,0.0243788360420083,-0.014758670388782091,0.028207603442907514,1.0246918227261863,1.0397524697647602,0.01709289153702482,-0.1669963782451228,0.03291656195463699,1
2020-02-04,MSFT,180.1199951171875,0.03291656195463699,0.0243788360420083,-0.014758670388782091,1.0404944697444236,1.0653260194750613,0.018997567459518284,0.21012721294051206,-0.001221414760532169,0
2020-02-05,MSFT,179.89999389648438,-0.001221414760532169,0.03291656195463699,0.0243788360420083,1.0251763501339894,1.05516288353644,0.02077329786908522,0.07556274067954316,0.0207338027397288,1
2020-02-06,MSFT,183.6300048828125,0.0207338027397288,-0.001221414760532169,0.03291656195463699,1.033650091293171,1.0664630483605766,0.01972948257279737,-0.2918086167869893,0.0014158606977212607,1
2020-02-07,MSFT,183.88999938964844,0.0014158606977212607,0.0207338027397288,-0.001221414760532169,1.0194363123280177,1.0564080190976144,0.014894856574310065,0.20819490187882406,0.026156928460267848,1
2020-02-10,MSFT,188.6999969482422,0.026156928460267848,0.0014158606977212607,0.0207338027397288,1.0297520243575733,1.0678331421922742,0.015174125983301257,0.0690504666096019,-0.022575487947699258,0
2020-02-11,MSFT,184.44000244140625,-0.022575487947699258,0.026156928460267848,0.0014158606977212607,1.0017815402068164,1.0326351901845656,0.019410562081646564,0.48307820211302777,0.0014639138412868569,1
2020-02-12,MSFT,184.7100067138672,0.0014639138412868569,-0.022575487947699258,0.026156928460267848,0.9980332442307037,1.0245842911444465,0.01923513741384792,-0.11469171311458448,-0.005413891850207575,0
2020-02-13,MSFT,183.7100067138672,-0.005413891850207575,0.0014639138412868569,-0.022575487947699258,0.9925441908836976,1.0128962515166267,0.017514823119221517,-0.250029216219145,0.008927109736611927,1
2020-02-14,MSFT,185.3500061035156,0.008927109736611927,-0.005413891850207575,0.0014639138412868569,0.9998273959715025,1.0134895226537066,0.01796061168045163,-0.344128763195621,0.010142916439794813,1
2020-02-18,MSFT,187.22999572753903,0.010142916439794813,0.008927109736611927,-0.005413891850207575,1.0115728310129868,1.0166260963950844,0.01334692146590426,0.2005529277090219,0.00026706752603145034,1
2020-02-19,MSFT,187.27999877929688,0.00026706752603145034,0.010142916439794813,0.008927109736611927,1.008747338880082,1.01295946433764,0.006456469043621072,0.07934960168680427,-0.015271254960450786,0
2020-02-20,MSFT,184.4199981689453,-0.015271254960450786,0.00026706752603145034,0.010142916439794813,0.9936529330988783,0.9950576066704494,0.010545157310514055,0.22884907075589633,-0.03161263360231614,0
2020-02-21,MSFT,178.58999633789062,-0.03161263360231614,-0.015271254960450786,0.00026706752603145034,0.967579384327112,0.9662287679092556,0.01777250697807997,0.31767329311168013,-0.04311549978238349,0
2020-02-24,MSFT,170.88999938964844,-0.04311549978238349,-0.03161263360231614,-0.015271254960450786,0.9405995176804235,0.9311182720597883,0.02195205898032742,0.40637108163861924,-0.016501796919080047,0
2020-02-25,MSFT,168.07000732421875,-0.016501796919080047,-0.04311549978238349,-0.03161263360231614,0.9450098809346008,0.9261637287078832,0.01663399549961918,-0.003481132641693696,0.012494738818423112,1
2020-02-26,MSFT,170.1699981689453,0.012494738818423112,-0.016501796919080047,-0.04311549978238349,0.975588771802897,0.9451683323879894,0.0209314449922334,-0.1743297298647194,-0.0704589858504926,0
2020-02-27,MSFT,158.17999267578125,-0.0704589858504926,0.012494738818423112,-0.016501796919080047,0.93498045760205,0.8917125229309995,0.030819721370227867,0.6577364378599475,0.024212934684508358,1
2020-02-28,MSFT,162.00999450683594,0.024212934684508358,-0.0704589858504926,0.012494738818423112,0.9767640721125536,0.924614315182426,0.0390338621684754,0.041189204388735634,0.06653909724589258,1
2020-03-02,MSFT,172.7899932861328,0.06653909724589258,0.024212934684508358,-0.0704589858504926,1.039375834341704,0.993257162915817,0.05087624070777448,-0.26781957413823143,-0.047919434579672404,0
2020-03-03,MSFT,164.50999450683594,-0.047919434579672404,0.06653909724589258,0.024212934684508358,0.9938259662468185,0.9581748436438684,0.0556434715388402,0.009097461946085295,0.03671514647501195,1
2020-03-04,MSFT,170.5500030517578,0.03671514647501195,-0.047919434579672404,0.06653909724589258,1.0298415993033483,1.0031291117242003,0.058322250132829004,-0.3050155558965917,-0.025095272370050936,0
2020-03-05,MSFT,166.27000427246094,-0.025095272370050936,0.03671514647501195,-0.047919434579672404,0.9942832235166351,0.9885079689510406,0.04662282226885296,-0.0400908171131239,-0.02826725703657562,0
2020-03-06,MSFT,161.57000732421875,-0.02826725703657562,-0.025095272370050936,0.03671514647501195,0.9666862523914608,0.9703846094453903,0.04873335149475152,0.5229027987778483,-0.06777255499566892,0
2020-03-09,MSFT,150.6199951171875,-0.06777255499566892,-0.02826725703657562,-0.025095272370050936,0.92573012541891,0.9157678174756618,0.039253859728534846,-0.03298219884072062,0.06838403522549608,1
2020-03-10,MSFT,160.9199981689453,0.06838403522549608,-0.06777255499566892,-0.02826725703657562,0.9934191633380322,0.9826635484354023,0.05476056506659486,-0.07192488422918153,-0.04530197221652499,0
2020-03-11,MSFT,153.6300048828125,-0.04530197221652499,0.06838403522549608,-0.06777255499566892,0.9686511077471646,0.9477191082304444,0.05202810703335407,-0.13744751692311463,-0.09483829239823705,0
2020-03-12,MSFT,139.05999755859375,-0.09483829239823705,-0.04530197221652499,0.06838403522549608,0.9079393902091376,0.8680778697845285,0.06221736372008449,0.653783110644367,0.14216888119914373,1
2020-03-13,MSFT,158.8300018310547,0.14216888119914373,-0.09483829239823705,-0.04530197221652499,1.0407438624697298,0.9934636549245016,0.10065617546288669,-0.0053525610771197885,-0.1473903128642552,0
2020-03-16,MSFT,135.4199981689453,-0.1473903128642552,0.14216888119914373,-0.09483829239823705,0.90538334754115,0.8673096731446174,0.11882101004536293,-0.05199649725970967,0.08233650351525679,1
2020-03-17,MSFT,146.57000732421875,0.08233650351525679,-0.1473903128642552,0.14216888119914373,0.9991002533902132,0.9496320274409858,0.12141594862895283,-0.07787986926929824,-0.042096016370430145,0
2020-03-18,MSFT,140.39999389648438,-0.042096016370430145,0.08233650351525679,-0.1473903128642552,0.9746209400124184,0.927779824777166,0.12120839801446034,0.006580327116523899,0.016453083460145734,1
2020-03-19,MSFT,142.7100067138672,0.016453083460145734,-0.042096016370430145,0.08233650351525679,0.9856616326834561,0.9579588627564871,0.11205812916847481,0.05306201987420511,-0.03755868795590722,0
2020-03-20,MSFT,137.35000610351562,-0.03755868795590722,0.016453083460145734,-0.042096016370430145,0.9776496812347895,0.9372164310599396,0.08465628543111768,-0.012295935765519461,-0.009974592756435974,0
2020-03-23,MSFT,135.97999572753906,-0.009974592756435974,-0.03755868795590722,0.016453083460145734,0.9671270240723395,0.937230728839046,0.05078248644997232,-0.06941514996547504,0.09089572730328,1
2020-03-24,MSFT,148.33999633789062,0.09089572730328,-0.009974592756435974,-0.03755868795590722,1.0523851173048369,1.0313636016144065,0.054203697060736716,0.044843191280300676,-0.009572591371182382,0
2020-03-25,MSFT,146.9199981689453,-0.009572591371182382,0.09089572730328,-0.009974592756435974,1.0327569066399587,1.026278643044944,0.04906538664650955,-0.08335888371687183,0.06255106558630996,1
2020-03-26,MSFT,156.11000061035156,0.06255106558630996,-0.009572591371182382,0.09089572730328,1.0770663810386416,1.0776388731709319,0.054589688794699616,-0.1463559418389121,-0.04106081376624071,0
2020-03-27,MSFT,149.6999969482422,-0.04106081376624071,0.06255106558630996,-0.009572591371182382,1.015534898769252,1.039944403947497,0.05551571423949598,-0.1165560083075079,0.0703406746423485,1
2020-03-30,MSFT,160.22999572753906,0.0703406746423485,-0.04106081376624071,0.06255106558630996,1.0523446623981343,1.0942354828874103,0.05679709197018062,0.11181176074597277,-0.015727323727555698,0
2020-03-31,MSFT,157.7100067138672,-0.015727323727555698,0.0703406746423485,-0.04106081376624071,1.0232006376826297,1.0688942833716346,0.0500003621608025,0.2287422166088775,-0.03550824846311562,0
2020-04-01,MSFT,152.11000061035156,-0.03550824846311562,-0.015727323727555698,0.0703406746423485,0.980267061652167,1.0228220247705893,0.054141076377205166,-0.256101848905132,0.020708657444249656,1
2020-04-02,MSFT,155.25999450683594,0.020708657444249656,-0.03550824846311562,-0.015727323727555698,1.0016644663120307,1.0352667875220096,0.046288559119150884,-0.14385396559248853,-0.00921030997278749,0
2020-04-03,MSFT,153.8300018310547,-0.00921030997278749,0.020708657444249656,-0.03550824846311562,0.9871781833275138,1.0145826257361155,0.041177539397069696,-0.16899620597734866,0.07436782360550409,1
2020-04-06,MSFT,165.27000427246094,0.07436782360550409,-0.00921030997278749,0.020708657444249656,1.0537759353733143,1.0693765349881454,0.04275681301109356,0.6272146021293155,-0.010770247070136185,0
2020-04-07,MSFT,163.49000549316406,-0.010770247070136185,0.07436782360550409,-0.00921030997278749,1.034799256314643,1.0475897873400204,0.042153435834569666,-0.06470853815355593,0.010031190498167808,1
2020-04-08,MSFT,165.1300048828125,0.010031190498167808,-0.010770247070136185,0.07436782360550409,1.0282323508898907,1.045894477400637,0.03468266631449486,-0.23022192483550796,6.052508048459693e-05,1
2020-04-09,MSFT,165.13999938964844,6.052508048459693e-05,0.010031190498167808,-0.010770247070136185,1.0157960544600937,1.040009561932255,0.03535718398737375,0.06347297705626453,0.002240493633008267,1
2020-04-13,MSFT,165.50999450683594,0.002240493633008267,6.052508048459693e-05,0.010031190498167808,1.0036504765785343,1.0320637140073936,0.03390852840683546,-0.18448538584142093,0.04948343129253141,1
2020-04-14,MSFT,173.6999969482422,0.04948343129253141,0.002240493633008267,6.052508048459693e-05,1.0426545775579423,1.0741118385113528,0.02317935511442453,0.2617568660766061,-0.010477789852650354,0
2020-04-15,MSFT,171.8800048828125,-0.010477789852650354,0.04948343129253141,0.002240493633008267,1.0214415039823905,1.053625310246391,0.02311345565136481,-0.2256956593278776,0.030020876522771633,1
2020-04-16,MSFT,177.0399932861328,0.030020876522771633,-0.010477789852650354,0.04948343129253141,1.0374207200863834,1.0689207141804244,0.024734323607196258,0.2329900734719399,0.008811640739623705,1
2020-04-17,MSFT,178.60000610351562,0.008811640739623705,0.030020876522771633,-0.010477789852650354,1.0303093638382594,1.063354776286934,0.02376864421959713,0.04528562032979666,-0.019820875833957752,0
2020-04-20,MSFT,175.05999755859375,-0.019820875833957752,0.008811640739623705,0.030020876522771633,0.9988816234677349,1.0292682165351723,0.0285348829896819,-0.3050472277392847,-0.04135719373554614,0
2020-04-21,MSFT,167.82000732421875,-0.04135719373554614,-0.019820875833957752,0.008811640739623705,0.9640395539924724,0.9852234470605519,0.02727861962377012,0.532705565372952,0.033964942792727326,1
2020-04-22,MSFT,173.52000427246094,0.033964942792727326,-0.04135719373554614,-0.019820875833957752,0.9949085051842681,1.0127232598650933,0.032437624466374486,-0.38402276006739766,-0.012102386190690706,0
2020-04-23,MSFT,171.4199981689453,-0.012102386190690706,0.033964942792727326,-0.04135719373554614,0.9892430663666968,0.9968075520912728,0.028700685755187985,-0.05284198242644467,0.01825927497518509,1
2020-04-24,MSFT,174.5500030517578,0.01825927497518509,-0.012102386190690706,0.033964942792727326,1.0120366023376521,1.0094847171107353,0.030199742440410075,0.04534198616685159,-0.0028645086866697644,0
2020-04-27,MSFT,174.0500030517578,-0.0028645086866697644,0.01825927497518509,-0.012102386190690706,1.0103208869994715,1.0016459196640446,0.02893418094809173,-0.031600812192218775,-0.024360846991213214,0
2020-04-28,MSFT,169.80999755859375,-0.024360846991213214,-0.0028645086866697644,0.01825927497518509,0.9834365921011736,0.9794376124821373,0.02346209001273195,0.03609946255994978,0.04487365424146006,1
2020-04-29,MSFT,177.42999267578125,0.04487365424146006,-0.024360846991213214,-0.0028645086866697644,1.0229342630791827,1.0201229941037453,0.02730307952557779,0.491205982664926,0.010032204878340778,1
2020-04-30,MSFT,179.2100067138672,0.010032204878340778,0.04487365424146006,-0.024360846991213214,1.0239986634413347,1.0290731681740533,0.025628376510546554,0.05048687181446998,-0.025891407933803734,0
2020-05-01,MSFT,174.57000732421875,-0.025891407933803734,0.010032204878340778,0.04487365424146006,0.9974630935987474,1.0047541529249027,0.029093259907131512,-0.26923726564196604,0.02446003800493335,1
2020-05-04,MSFT,178.83999633789062,0.02446003800493335,-0.025891407933803734,0.010032204878340778,1.0162980259008865,1.0270959134703754,0.03084995331197116,-0.22853659465843712,0.010735843258002475,1
2020-05-05,MSFT,180.75999450683597,0.010735843258002475,0.02446003800493335,-0.025891407933803734,1.0145822060946634,1.030464690390093,0.025853497904154244,0.21289702333330052,0.009847304898150666,1
2020-05-06,MSFT,182.5399932861328,0.009847304898150666,0.010735843258002475,0.02446003800493335,1.0187293154478225,1.035288479023133,0.018782906916623023,-0.12757877478338286,0.005807016853129898,1
2020-05-07,MSFT,183.6000061035156,0.005807016853129898,0.009847304898150666,0.010735843258002475,1.0196488243015795,1.0341564867992727,0.018641481718027996,-0.11896027604832715,0.005882279609820573,1
2020-05-08,MSFT,184.67999267578125,0.005882279609820573,0.005807016853129898,0.009847304898150666,1.014257134852488,1.0343378774783216,0.007666957424944393,0.09047181805339743,0.0111544991286594,1
2020-05-11,MSFT,186.7400054931641,0.0111544991286594,0.005882279609820573,0.005807016853129898,1.0167480132560316,1.0384945125281129,0.002635970623659123,0.0004825473317400242,-0.022651873524138777,0
2020-05-12,MSFT,182.50999450683597,-0.022651873524138777,0.0111544991286594,0.005882279609820573,0.9918266875388811,1.0078525112242742,0.013988076004665345,0.03707995740093928,-0.015122429400613369,0
2020-05-13,MSFT,179.75,-0.015122429400613369,-0.022651873524138777,0.0111544991286594,0.9797989721743019,0.991341276762262,0.014916071401654497,0.3955684152043497,0.004339353431415116,1
2020-05-14,MSFT,180.52999877929688,0.004339353431415116,-0.015122429400613369,-0.022651873524138777,0.9873552054050574,0.9949187656920138,0.01471282855819313,-0.06346465674379076,0.014568242954611232,1
2020-05-15,MSFT,183.16000366210935,0.014568242954611232,0.004339353431415116,-0.015122429400613369,1.003407527047323,1.0046569056928805,0.016472599660508323,0.11311341909877037,0.009554487688416824,1
2020-05-18,MSFT,184.91000366210935,0.009554487688416824,0.014568242954611232,0.004339353431415116,1.0150297715247367,1.0108901496982658,0.01617717286118257,-0.2434199234505604,-0.0069222797790639,0
2020-05-19,MSFT,183.6300048828125,-0.0069222797790639,0.009554487688416824,0.014568242954611232,1.0067655138856184,1.002319830664713,0.012152378513932997,-0.24005444568900736,0.01105483159243148,1
2020-05-20,MSFT,185.66000366210935,0.01105483159243148,-0.0069222797790639,0.009554487688416824,1.0113412320604627,1.011677404838003,0.008366557343380399,0.16650559160568834,-0.012011262212331952,0
2020-05-21,MSFT,183.42999267578125,-0.012011262212331952,0.01105483159243148,-0.0069222797790639,0.9960468237793243,0.9996184886963556,0.011886399558369544,-0.06851282576220441,0.0004361436746940228,1
2020-05-22,MSFT,183.50999450683597,0.0004361436746940228,-0.012011262212331952,0.01105483159243148,0.996102626248076,1.0006925087036622,0.010062108291399172,-0.28477824138463914,-0.010571561444545408,0
2020-05-26,MSFT,181.57000732421875,-0.010571561444545408,0.0004361436746940228,-0.012011262212331952,0.9891588947509484,0.9929128813481085,0.009505840951151055,0.7320676624941782,0.0013217504251483714,1
2020-05-27,MSFT,181.80999755859372,0.0013217504251483714,-0.010571561444545408,0.0004361436746940228,0.9924343239296771,0.9946059918752516,0.009501104087025612,0.09545761997693614,-0.0022551216523567508,0
2020-05-28,MSFT,181.3999938964844,-0.0022551216523567508,0.0013217504251483714,-0.010571561444545408,0.9948229538101964,0.9914680933967894,0.006255265735799057,-0.1444159616975942,0.010198490439703667,1
2020-05-29,MSFT,183.25,0.010198490439703667,-0.0022551216523567508,0.0013217504251483714,1.0051670872902543,1.0000927770482257,0.007460537076293885,0.24608550082519476,-0.002291940894653788,0
2020-06-01,MSFT,182.8300018310547,-0.002291940894653788,0.010198490439703667,-0.0022551216523567508,1.0036119804829693,0.9979803593398182,0.00750438267476265,-0.46303856597611226,0.011376698628361437,1
2020-06-02,MSFT,184.91000366210935,0.011376698628361437,-0.002291940894653788,0.010198490439703667,1.0113213972838053,1.009334081125051,0.0066742129322307645,0.3612437230355754,0.0024335998016880023,1
2020-06-03,MSFT,185.3600006103516,0.0024335998016880023,0.011376698628361437,-0.002291940894653788,1.0098610766022968,1.0108358430206588,0.006594461603560091,-0.11312372948503957,-0.013163586714349695,0
2020-06-04,MSFT,182.9199981689453,-0.013163586714349695,0.0024335998016880023,0.011376698628361437,0.9949198674970033,0.9990223821241684,0.010040695189277566,0.05312145289443815,0.023398200427182658,1
2020-06-05,MSFT,187.1999969482422,0.023398200427182658,-0.013163586714349695,0.0024335998016880023,1.0138428364892549,1.0202969189905384,0.013844873776343056,0.3870341911841402,0.006196600860149282,1
2020-06-08,MSFT,188.3600006103516,0.006196600860149282,0.023398200427182658,-0.013163586714349695,1.0140511472966436,1.0239126801216396,0.013337873880135924,-0.1674955381314296,0.007644948167021104,1
2020-06-09,MSFT,189.8000030517578,0.007644948167021104,0.006196600860149282,0.023398200427182658,1.0164517542941411,1.0271452259281628,0.013066826308486898,-0.10320791530670004,0.03709163947807248,1
2020-06-10,MSFT,196.83999633789065,0.03709163947807248,0.007644948167021104,0.006196600860149282,1.041349232662695,1.0566491320050921,0.019007160536536193,0.47302065881231137,-0.05369839596666903,0
2020-06-11,MSFT,186.2700042724609,-0.05369839596666903,0.03709163947807248,0.007644948167021104,0.9819498984297186,0.9973015715497167,0.034707644139103364,0.20473966489105888,0.007891776383668114,1
2020-06-12,MSFT,187.7400054931641,0.007891776383668114,-0.05369839596666903,0.03709163947807248,0.9891360658015075,1.0027614363165716,0.03321586343890464,-0.17938045244793743,0.0063918020300999245,1
2020-06-15,MSFT,188.94000244140625,0.0063918020300999245,0.007891776383668114,-0.05369839596666903,0.9948504098295788,1.0058881846466026,0.03322357484279763,-0.24446668019255957,0.024505159431488677,1
2020-06-16,MSFT,193.57000732421875,0.024505159431488677,0.0063918020300999245,0.007891776383668114,1.0151988970701096,1.025808191621408,0.03487311821312918,0.29864022801203527,0.003461270566690322,1
2020-06-17,MSFT,194.2400054931641,0.003461270566690322,0.024505159431488677,0.0063918020300999245,1.021498592603198,1.0245374360696964,0.029886966700607476,-0.39638646793571874,0.010708411100862847,1
2020-06-18,MSFT,196.32000732421875,0.010708411100862847,0.003461270566690322,0.024505159431488677,1.0216380012046187,1.0282410349021298,0.008206243495449956,-0.1022353023614323,-0.005959725876548583,0
2020-06-19,MSFT,195.1499938964844,-0.005959725876548583,0.010708411100862847,0.003461270566690322,1.0077771094118764,1.0178747006100486,0.011154108786888328,0.9270605682172963,0.027773577234182945,1
2020-06-22,MSFT,200.57000732421875,0.027773577234182945,-0.005959725876548583,0.010708411100862847,1.0234729956190762,1.0395244417968519,0.01416215770007043,-0.26151917931824364,0.006680940763613252,1
2020-06-23,MSFT,201.91000366210935,0.006680940763613252,0.027773577234182945,-0.005959725876548583,1.0216152766449336,1.0399423150116764,0.012390761597854918,-0.05793917529228587,-0.02015753182308755,0
2020-06-24,MSFT,197.83999633789065,-0.02015753182308755,0.006680940763613252,0.027773577234182945,0.9973885330229647,1.0184550869681839,0.01802757285444713,0.18834701494951056,0.012636474152224686,1
2020-06-25,MSFT,200.33999633789065,0.012636474152224686,-0.02015753182308755,0.006680940763613252,1.00591476701911,1.0239085449046064,0.018231510875632448,-0.24323772611225725,-0.020015945792834944,0
2020-06-26,MSFT,196.3300018310547,-0.020015945792834944,0.012636474152224686,-0.02015753182308755,0.9846136909564076,0.9990280918371298,0.021053983082688174,0.9664795226568934,0.010747214336437771,1
2020-06-29,MSFT,198.44000244140625,0.010747214336437771,-0.020015945792834944,0.012636474152224686,0.9973262686190133,1.0049070508244682,0.01663087848410855,-0.5116376898006065,0.025549244119399406,1
2020-06-30,MSFT,203.50999450683597,0.025549244119399406,0.010747214336437771,-0.020015945792834944,1.021164905023738,1.025420066853278,0.02073382221693864,0.2849529616202775,0.005847390661524621,1
2020-07-01,MSFT,204.6999969482422,0.005847390661524621,0.025549244119399406,0.010747214336437771,1.0201132169550802,1.0260085753949386,0.016741151732533377,-0.06555174393695185,0.007620896833663515,1
2020-07-02,MSFT,206.25999450683597,0.007620896833663515,0.005847390661524621,0.025549244119399406,1.0218580144596547,1.0287025049877874,0.01646341702818058,-0.08562998265816624,0.021526241441158778,1
2020-07-06,MSFT,210.6999969482422,0.021526241441158778,0.007620896833663515,0.005847390661524621,1.029200574259133,1.0427595659849405,0.008766906967060568,0.08806855006515257,-0.011627892661261074,0
2020-07-07,MSFT,208.25,-0.011627892661261074,0.021526241441158778,0.007620896833663515,1.0075768005451124,1.0267320177293184,0.014706020948423203,0.053392731741572996,0.02199280591142716,1
2020-07-08,MSFT,212.8300018310547,0.02199280591142716,-0.011627892661261074,0.021526241441158778,1.0205324617080105,1.043693623686322,0.013811632028711187,-2.0832899314648934e-05,0.00700091848115858,1
2020-07-09,MSFT,214.32000732421875,0.00700091848115858,0.02199280591142716,-0.011627892661261074,1.0182827511494006,1.0425747591445327,0.013753818765648351,-0.014235119047619094,-0.003032890691768819,0
2020-07-10,MSFT,213.6699981689453,-0.003032890691768819,0.00700091848115858,0.02199280591142716,1.0080960836197244,1.032716123828465,0.014860228481365834,-0.20965409384180156,-0.030888711102566968,0
2020-07-13,MSFT,207.07000732421875,-0.030888711102566968,-0.003032890691768819,0.00700091848115858,0.9803151308169454,0.9956485506633911,0.01985192971872977,0.45680276266731856,0.006181478408375574,1
2020-07-14,MSFT,208.3500061035156,0.006181478408375574,-0.030888711102566968,-0.003032890691768819,0.986281536440875,0.9970521794855822,0.01958254096880718,-0.014259641909396992,-0.0014879424444497191,0
2020-07-15,MSFT,208.0399932861328,-0.0014879424444497191,0.006181478408375574,-0.030888711102566968,0.9893004463876006,0.9934150819343032,0.015442953014887012,-0.14397820801344974,-0.019803861037050563,0
2020-07-16,MSFT,203.9199981689453,-0.019803861037050563,-0.0014879424444497191,0.006181478408375574,0.9793957906496785,0.9741044411377494,0.015125330484528922,-0.0695693518213516,-0.005100006352840358,0
2020-07-17,MSFT,202.8800048828125,-0.005100006352840358,-0.019803861037050563,-0.0014879424444497191,0.984605842019268,0.9707037866448338,0.014920771334923736,0.05659854312023427,0.04298107753763092,1
2020-07-20,MSFT,211.6000061035156,0.04298107753763092,-0.005100006352840358,-0.019803861037050563,1.0224296927695438,1.0119898980662723,0.02346433077782362,0.16593805021605612,-0.013468837529812538,0
2020-07-21,MSFT,208.75,-0.013468837529812538,0.04298107753763092,-0.005100006352840358,1.0082690110399113,0.9981208918540058,0.024734854675632495,0.029974406801717812,0.014371257485029876,1
2020-07-22,MSFT,211.75,0.014371257485029876,-0.013468837529812538,0.04298107753763092,1.019106738540571,1.0129882452030696,0.025404100837296724,0.30574302981805923,-0.04349471883762546,0
2020-07-23,MSFT,202.5399932861328,-0.04349471883762546,0.014371257485029876,-0.013468837529812538,0.9760775332142136,0.9744198779567028,0.03220511275667537,0.35986388660980495,-0.006122199444448695,0
2020-07-24,MSFT,201.3000030517578,-0.006122199444448695,-0.04349471883762546,0.014371257485029876,0.9715813781558431,0.974252259522239,0.03224132876609535,-0.40959426004714117,0.012667675176845972,1
2020-07-27,MSFT,203.8500061035156,0.012667675176845972,-0.006122199444448695,-0.04349471883762546,0.9913051363049625,0.988133695033008,0.0235468141234205,-0.2427021869585959,-0.008977197823214267,0
2020-07-28,MSFT,202.0200042724609,-0.008977197823214267,0.012667675176845972,-0.006122199444448695,0.9888786782870642,0.9822770202667417,0.023333018928207962,-0.22908799140609204,0.010097976650775164,1
2020-07-29,MSFT,204.05999755859372,0.010097976650775164,-0.008977197823214267,0.012667675176845972,1.0064412869713915,0.9941198352570848,0.022447523971951145,-0.15563794008102738,-0.0007841010684290772,0
2020-07-30,MSFT,203.8999938964844,-0.0007841010684290772,0.010097976650775164,-0.008977197823214267,1.0043048324634185,0.9933500255135814,0.009639145978375502,0.27744669580188064,0.005443848178411814,1
2020-07-31,MSFT,205.00999450683597,0.005443848178411814,-0.0007841010684290772,0.010097976650775164,1.0060951437110932,0.9977223577639858,0.008735162851752116,1.0352796695322093,0.056241154520456194,1
2020-08-03,MSFT,216.5399932861328,0.056241154520456194,0.005443848178411814,-0.0007841010684290772,1.0496059094041243,1.051307919338395,0.025527138515209737,0.5473513047566805,-0.015008774825745475,0
2020-08-04,MSFT,213.2899932861328,-0.015008774825745475,0.056241154520456194,0.005443848178411814,1.0226793196388477,1.0332516031426842,0.02689596566628375,-0.3760670017598724,-0.0016409154472476484,0
2020-08-05,MSFT,212.94000244140625,-0.0016409154472476484,-0.015008774825745475,0.056241154520456194,1.0123802250395764,1.030961796844047,0.02752108166126297,-0.41545573162392124,0.01601391764352811,1
2020-08-06,MSFT,216.3500061035156,0.01601391764352811,-0.0016409154472476484,-0.015008774825745475,1.0165581658870266,1.040514445885013,0.027072600216541346,0.13366474116862914,-0.017887729451345202,0
2020-08-07,MSFT,212.47999572753903,-0.017887729451345202,0.01601391764352811,-0.0016409154472476484,0.9914146955154608,1.0164367168172483,0.030343514748523346,-0.14809779280272406,-0.01990773631680187,0
2020-08-10,MSFT,208.25,-0.01990773631680187,-0.017887729451345202,0.01601391764352811,0.9792534654905488,0.9941093442981048,0.01504408768252218,0.3197689465284468,-0.023385330694777884,0
2020-08-11,MSFT,203.3800048828125,-0.023385330694777884,-0.01990773631680187,-0.017887729451345202,0.9653503090715934,0.9702318798748217,0.01646288828596737,-0.007353642095515589,0.028567201392002417,1
2020-08-12,MSFT,209.19000244140625,0.028567201392002417,-0.023385330694777884,-0.01990773631680187,0.9964750184195017,0.9955123839575595,0.023877726113546546,-0.2313912172636604,-0.0023423944139076003,0
2020-08-13,MSFT,208.6999969482422,-0.0023423944139076003,0.028567201392002417,-0.023385330694777884,1.0014395247036574,0.9909169803213255,0.02144965086357336,-0.19363083700126016,0.0009582987597829273,1
2020-08-14,MSFT,208.8999938964844,0.0009582987597829273,-0.0023423944139076003,0.028567201392002417,1.0058550214019353,0.9900379853469286,0.020698886624586407,-0.2049679267250729,0.0066060551609987694,1
2020-08-17,MSFT,210.27999877929688,0.0066060551609987694,0.0009582987597829273,-0.0023423944139076003,1.0105242894712478,0.9995436709908099,0.018650441438379337,0.12394411684457296,0.005754264413598387,1
2020-08-18,MSFT,211.4900054931641,0.005754264413598387,0.0066060551609987694,0.0009582987597829273,1.0084783225832816,1.0061561819332632,0.0121089344093281,0.05704292338789574,-0.008463797335235168,0
2020-08-19,MSFT,209.6999969482422,-0.008463797335235168,0.005754264413598387,0.0066060551609987694,0.9994566546288333,0.9991804377252417,0.006195362775854265,0.2948697518770915,0.0232713636329569,1
2020-08-20,MSFT,214.5800018310547,0.0232713636329569,-0.008463797335235168,0.005754264413598387,1.017015036029155,1.023295749270797,0.011539558467746852,-0.023386034255599486,-0.0072700044052661505,0
2020-08-21,MSFT,213.0200042724609,-0.0072700044052661505,0.0232713636329569,-0.008463797335235168,1.0056936878548008,1.0155948477207424,0.01288032978108693,0.3434872041954673,0.0031452359191974644,1
2020-08-24,MSFT,213.69000244140625,0.0031452359191974644,-0.0072700044052661505,0.0232713636329569,1.00561893038831,1.0161536600606391,0.012796619277483892,-0.29763885095712195,0.013009493881489087,1
2020-08-25,MSFT,216.47000122070312,0.013009493881489087,0.0031452359191974644,-0.0072700044052661505,1.0139489997714168,1.023005457337965,0.013536244841417043,-0.09490928943719779,0.02161959000965563,1
2020-08-26,MSFT,221.1499938964844,0.02161959000965563,0.013009493881489087,0.0031452359191974644,1.0248769273889486,1.0392484625818816,0.012870418703514526,0.7185087464252702,0.024553507051471746,1
2020-08-27,MSFT,226.5800018310547,0.024553507051471746,0.02161959000965563,0.013009493881489087,1.038490806163851,1.0558936825636718,0.013190915643667705,0.4545716248156604,0.01028335162955818,1
2020-08-28,MSFT,228.91000366210935,0.01028335162955818,0.024553507051471746,0.02161959000965563,1.0341073501578437,1.0568963167940653,0.008670229136362909,-0.5435434757700226,-0.014765649507400447,0
2020-08-31,MSFT,225.52999877929688,-0.014765649507400447,0.01028335162955818,0.024553507051471746,1.0080544183220268,1.0340100393669789,0.015531223596378946,0.09437148431705888,0.007715184244144746,1
2020-09-01,MSFT,227.2700042724609,0.007715184244144746,-0.014765649507400447,0.01028335162955818,1.0061180929539963,1.0345031786851697,0.015535338224992175,-0.1059525547191581,0.019272185249631812,1
2020-09-02,MSFT,231.6499938964844,0.019272185249631812,0.007715184244144746,-0.014765649507400447,1.0160622199429807,1.0440092537092265,0.015121885312496114,0.32478669024897466,-0.061946864765034526,0
2020-09-03,MSFT,217.3000030517578,-0.061946864765034526,0.019272185249631812,0.007715184244144746,0.9609431763215378,0.9781370937460842,0.03271466018157589,0.7135836013239125,-0.01403590892279627,0
2020-09-04,MSFT,214.25,-0.01403590892279627,-0.061946864765034526,0.019272185249631812,0.9599014336917563,0.963874391334573,0.031105835454441535,0.021640299792980544,-0.054095665521076586,0
2020-09-08,MSFT,202.66000366210935,-0.054095665521076586,-0.01403590892279627,-0.061946864765034526,0.9269711871271672,0.9162797364582773,0.0362841194012268,-0.1129624011759165,0.04258358565122733,1
2020-09-09,MSFT,211.2899932861328,0.04258358565122733,-0.054095665521076586,-0.01403590892279627,0.9807825951974061,0.9575407920673743,0.04531741999130204,-0.1368993071235708,-0.028018355611040935,0
2020-09-10,MSFT,205.3699951171875,-0.028018355611040935,0.04258358565122733,-0.054095665521076586,0.9771427296974339,0.9374158203862899,0.04150449235096583,-0.22368046585958534,-0.006524791204898239,0
2020-09-11,MSFT,204.02999877929688,-0.006524791204898239,-0.028018355611040935,0.04258358565122733,0.9831823466632494,0.9409849339848327,0.03550394967479338,-0.051926737447654525,0.0067637351912415156,1
2020-09-14,MSFT,205.41000366210935,0.0067637351912415156,-0.006524791204898239,-0.028018355611040935,0.9983378278651777,0.9577295556994998,0.036415270833339626,-0.09649882064598259,0.016406187902761715,1
2020-09-15,MSFT,208.77999877929688,0.016406187902761715,0.0067637351912415156,-0.006524791204898239,1.0087159906104068,0.9811044088995522,0.026272879054341263,-0.28153661796561735,-0.01786567558840768,0
2020-09-16,MSFT,205.0500030517578,-0.01786567558840768,0.016406187902761715,0.0067637351912415156,0.996704401799589,0.9737438382056923,0.01796324013302148,0.2063884090377981,-0.010436475775658982,0
2020-09-17,MSFT,202.91000366210935,-0.010436475775658982,-0.01786567558840768,0.016406187902761715,0.988666715845077,0.9769143899471786,0.013769614970503882,0.29182508422559916,-0.012419320028485559,0
2020-09-18,MSFT,200.38999938964844,-0.012419320028485559,-0.010436475775658982,-0.01786567558840768,0.9798638572333425,0.972700881731423,0.014453733484110524,0.6237338766821616,0.010729047871814279,1
2020-09-21,MSFT,202.5399932861328,0.010729047871814279,-0.012419320028485559,-0.010436475775658982,0.9931644240285606,0.9887572141118819,0.015245492865918284,-0.27859694741359486,0.02409403102881713,1
2020-09-22,MSFT,207.4199981689453,0.02409403102881713,0.010729047871814279,-0.012419320028485559,1.018452134744019,1.010232854552182,0.017825673153289492,-0.15870099423439432,-0.03292836703957336,0
2020-09-23,MSFT,200.58999633789065,-0.03292836703957336,0.02409403102881713,0.010729047871814279,0.9892488935703481,0.9820855783722741,0.022108812066222505,-0.08095270772232677,0.012961793464196125,1
2020-09-24,MSFT,203.19000244140625,0.012961793464196125,-0.03292836703957336,0.02409403102881713,1.001794663999319,0.9958780905085038,0.02291817935990123,0.0129432083054688,0.022786578213402242,1
2020-09-25,MSFT,207.82000732421875,0.022786578213402242,0.012961793464196125,-0.03292836703957336,1.0171698569877625,1.0166821912024127,0.02336529501295924,-0.05657239003284997,0.007795183620892487,1
2020-09-28,MSFT,209.44000244140625,0.007795183620892487,0.022786578213402242,0.012961793464196125,1.018221423653645,1.0225913488992109,0.02330158165535691,0.0872226732750625,-0.01040874670148162,0
2020-09-29,MSFT,207.25999450683597,-0.01040874670148162,0.007795183620892487,0.022786578213402242,1.0077798010878924,1.012699021528409,0.022026188755278033,-0.24318151283084777,0.014812348767660799,1
2020-09-30,MSFT,210.3300018310547,0.014812348767660799,-0.01040874670148162,0.007795183620892487,1.0131112486015152,1.0250549585680473,0.012409299216790508,0.3966327992436596,0.010126966501542656,1
2020-10-01,MSFT,212.4600067138672,0.010126966501542656,0.014812348767660799,-0.01040874670148162,1.0143128782963013,1.030638808125613,0.012280794945081778,-0.1971882196097443,-0.029511456623952492,0
2020-10-02,MSFT,206.19000244140625,-0.029511456623952492,0.010126966501542656,0.014812348767660799,0.9859134767655797,0.9974168548088699,0.018382513596746284,0.22079356663131855,0.020321074697096098,1
2020-10-05,MSFT,210.3800048828125,0.020321074697096098,-0.029511456623952492,0.010126966501542656,1.0050448242779049,1.0138404454294534,0.020666831909331978,-0.3566059816376512,-0.021247272159695352,0
2020-10-06,MSFT,205.91000366210935,-0.021247272159695352,0.020321074697096098,-0.029511456623952492,0.9849608226324593,0.9930217037262675,0.02264527270606756,0.3385915730653115,0.01903743431221483,1
2020-10-07,MSFT,209.8300018310547,0.01903743431221483,-0.021247272159695352,0.020321074697096098,1.0041923002595237,1.0074370634026006,0.023451939387162002,-0.10062232308268804,0.003574322039056499,1
2020-10-08,MSFT,210.5800018310547,0.003574322039056499,0.01903743431221483,-0.021247272159695352,1.0095983223218512,1.0074633961533528,0.022903435720971657,-0.22410644403861202,0.024836146272498194,1
2020-10-09,MSFT,215.80999755859372,0.024836146272498194,0.003574322039056499,0.01903743431221483,1.0252158913274882,1.0285531612391372,0.01886513110047385,0.32782623533308586,0.02590239748449541,1
2020-10-12,MSFT,221.3999938964844,0.02590239748449541,0.024836146272498194,0.003574322039056499,1.0408732906011295,1.049214477339999,0.019820882361103305,0.5292690301610099,0.006594429783723488,1
2020-10-13,MSFT,222.8600006103516,0.006594429783723488,0.02590239748449541,0.024836146272498194,1.0313009102046782,1.0483829190198575,0.010346769749737927,-0.28448348302332593,-0.008974243895371825,0
2020-10-14,MSFT,220.8600006103516,-0.008974243895371825,0.006594429783723488,0.02590239748449541,1.0117177200477223,1.0338532362752988,0.014875813602688581,-0.1909826326042804,-0.005433292334175666,0
2020-10-15,MSFT,219.66000366210935,-0.005433292334175666,-0.008974243895371825,0.006594429783723488,0.9979193177886738,1.0247821418266094,0.016376766673380495,-0.029400086244807166,0.0,0
2020-10-16,MSFT,219.66000366210935,0.0,-0.005433292334175666,-0.008974243895371825,0.9944406358722186,1.018382449379757,0.013775285193446413,0.1462537005511786,-0.024765557455667997,0
2020-10-19,MSFT,214.22000122070312,-0.024765557455667997,0.0,-0.005433292334175666,0.9761587924199505,0.9913966668374179,0.011775007335702688,0.06016985252073259,0.002007248031607789,1
2020-10-20,MSFT,214.6499938964844,0.002007248031607789,-0.024765557455667997,0.0,0.9854919117349428,0.9893847700527714,0.010620258744529954,-0.1763677431965771,0.0006988546915391858,1
2020-10-21,MSFT,214.8000030517578,0.0006988546915391858,0.002007248031607789,-0.024765557455667997,0.9916989167131961,0.9878133044458856,0.01113778160097663,-0.0012569494802997516,0.0004189773585288048,1
2020-10-22,MSFT,214.88999938964844,0.0004189773585288048,0.0006988546915391858,0.002007248031607789,0.996503492544942,0.9862723212691221,0.011449495277766397,-0.01643131542933085,0.006235731498425157,1
2020-10-23,MSFT,216.22999572753903,0.006235731498425157,0.0004189773585288048,0.0006988546915391858,1.0059174214416686,0.9922311832687047,0.012343509720492038,-0.15533185692235418,-0.028441909161546985,0
2020-10-26,MSFT,210.0800018310547,-0.028441909161546985,0.006235731498425157,0.0004189773585288048,0.9810862701567729,0.9690439246840514,0.013961571111974201,0.9656984258141061,0.015089480870695171,1
2020-10-27,MSFT,213.25,0.015089480870695171,-0.028441909161546985,0.006235731498425157,0.9971942950666355,0.9880461460337869,0.016347672932933325,-0.011082788130934773,-0.04956627115694612,0
2020-10-28,MSFT,202.67999267578125,-0.04956627115694612,0.015089480870695171,-0.028441909161546985,0.958633255442247,0.947049666085116,0.02692295687703512,0.39496407386315635,0.010065169817650377,1
2020-10-29,MSFT,204.72000122070312,0.010065169817650377,-0.04956627115694612,0.015089480870695171,0.9776877955774638,0.9633066466193452,0.028279842805226406,-0.38602926814023075,-0.01099062127092476,0
2020-10-30,MSFT,202.47000122070312,-0.01099062127092476,0.010065169817650377,-0.04956627115694612,0.979819985572676,0.9604884376049229,0.026927384502713682,0.17564884864758246,-0.0006914574445813226,0
2020-11-02,MSFT,202.3300018310547,-0.0006914574445813226,-0.01099062127092476,0.010065169817650377,0.9865425054034447,0.965268845545464,0.025722247947881326,-0.1653826274500253,0.02026387983799882,1
2020-11-03,MSFT,206.42999267578125,0.02026387983799882,-0.0006914574445813226,-0.01099062127092476,1.0132727034277413,0.9887062173192928,0.026920340590760167,-0.10797543625292616,0.04824883528194657,1
2020-11-04,MSFT,216.38999938964844,0.04824883528194657,0.02026387983799882,-0.0006914574445813226,1.0480558738267793,1.035621477424719,0.022727432031079253,0.5379398080837452,0.03188684281134324,1
2020-11-05,MSFT,223.2899932861328,0.03188684281134324,0.04824883528194657,0.02026387983799882,1.062364977734126,1.064365263004547,0.023991974294889713,-0.14728042768211236,0.0019257823794158746,1
2020-11-06,MSFT,223.72000122070312,0.0019257823794158746,0.03188684281134324,0.04824883528194657,1.043314447659397,1.0626211326199655,0.020576948258367617,-0.30066989836502667,-0.023824431440962468,0
2020-11-09,MSFT,218.38999938964844,-0.023824431440962468,0.0019257823794158746,0.03188684281134324,1.0034276258793675,1.0332265734737045,0.027812673861081147,0.7594790721269504,-0.033792778531242074,0
2020-11-10,MSFT,211.00999450683597,-0.033792778531242074,-0.023824431440962468,0.0019257823794158746,0.9654556957535941,0.9993700798213259,0.0351371620444546,-0.007881518188985193,0.026254721051814256,1
2020-11-11,MSFT,216.5500030517578,0.026254721051814256,-0.033792778531242074,-0.023824431440962468,0.9906584172557897,1.0189149969206726,0.029232450036538092,-0.33157604364617177,-0.005125839735436344,0
2020-11-12,MSFT,215.44000244140625,-0.005125839735436344,0.026254721051814256,-0.033792778531242074,0.9927104271466753,1.0086048049619976,0.023398369289331453,-0.2665314801228228,0.004966543136392332,1
2020-11-13,MSFT,216.50999450683597,0.004966543136392332,-0.005125839735436344,0.026254721051814256,1.004313923985551,1.0069951363647387,0.023722784317548276,-0.1376685082361222,0.0033254872244723455,1
2020-11-16,MSFT,217.22999572753903,0.0033254872244723455,0.004966543136392332,-0.005125839735436344,1.0087393321402243,1.003390354168116,0.021733840338349606,0.340055098785786,-0.012751411260653489,0
2020-11-17,MSFT,214.4600067138672,-0.012751411260653489,0.0033254872244723455,0.004966543136392332,0.9926957582885995,0.9869350879556326,0.014648669451679927,-0.032027827982671675,-0.015760537055853563,0
2020-11-18,MSFT,211.0800018310547,-0.015760537055853563,-0.012751411260653489,0.0033254872244723455,0.9820232320572005,0.9737599763076552,0.009280506180153024,0.17465771856537815,0.006348286556123517,1
2020-11-19,MSFT,212.4199981689453,0.006348286556123517,-0.015760537055853563,-0.012751411260653489,0.9910422635710997,0.9848804410652521,0.010589319431564836,-0.1261807082839903,-0.009556533268032297,0
2020-11-20,MSFT,210.38999938964844,-0.009556533268032297,0.006348286556123517,-0.015760537055853563,0.98720883944951,0.9815346996893151,0.009904898620818715,-0.07863605012765851,-0.0013308559347361415,0
2020-11-23,MSFT,210.1100006103516,-0.0013308559347361415,-0.009556533268032297,0.006348286556123517,0.9925268752603446,0.9840296033657437,0.009026597798924181,0.12434389377974098,0.017847793960813707,1
2020-11-24,MSFT,213.8600006103516,0.017847793960813707,-0.0013308559347361415,-0.009556533268032297,1.0108142877458322,1.0002572451771348,0.013220582588043164,0.323016722798684,4.6733876402305086e-05,1
2020-11-25,MSFT,213.8699951171875,4.6733876402305086e-05,0.017847793960813707,-0.0013308559347361415,1.0082025001079689,1.0015594281376539,0.01020136883878049,-0.38160431080910073,0.006359006131768652,1
2020-11-27,MSFT,215.22999572753903,0.006359006131768652,4.6733876402305086e-05,0.017847793960813707,1.0119327358664936,1.0080274869167474,0.010202335918142442,-0.30936710306525994,-0.00538952946311777,0
2020-11-30,MSFT,214.07000732421875,-0.00538952946311777,0.006359006131768652,4.6733876402305086e-05,1.0030080750728876,1.0037417345066004,0.009059785288516847,1.278414024062513,0.009996726848368498,1
2020-12-01,MSFT,216.2100067138672,0.009996726848368498,-0.00538952946311777,0.006359006131768652,1.0072770564237241,1.0142609442030102,0.008963482930217113,-0.06533534151121434,-0.003885165212502706,0
2020-12-02,MSFT,215.3699951171875,-0.003885165212502706,0.009996726848368498,-0.00538952946311777,1.0019539200613514,1.0098892674026134,0.006602162525067246,-0.23232862528110798,-0.005246736544747388,0
2020-12-03,MSFT,214.2400054931641,-0.005246736544747388,-0.003885165212502706,0.009996726848368498,0.9963539113100637,1.0031042905584013,0.007269256409837103,0.058858985436995415,0.0005600966864769408,1
2020-12-04,MSFT,214.3600006103516,0.0005600966864769408,-0.005246736544747388,-0.003885165212502706,0.9977193277428617,1.0027552845667327,0.006495660360797045,-0.01810842764391407,-0.0003265876283795599,0
2020-12-07,MSFT,214.2899932861328,-0.0003265876283795599,0.0005600966864769408,-0.005246736544747388,0.9971892795642429,1.0006023189332367,0.005973617015173266,-0.0018649152679801606,0.00802651208452132,1
2020-12-08,MSFT,216.00999450683597,0.00802651208452132,-0.0003265876283795599,0.0005600966864769408,1.0053803825664112,1.005862580660266,0.005179671368855801,-0.05426076360682375,-0.019489799371042116,0
2020-12-09,MSFT,211.8000030517578,-0.019489799371042116,0.00802651208452132,-0.0003265876283795599,0.989072586417483,0.9872054969961035,0.010221676478195014,0.39325118857933106,-0.006043431354361695,0
2020-12-10,MSFT,210.5200042724609,-0.006043431354361695,-0.019489799371042116,0.00802651208452132,0.9865227329258135,0.9827739305943854,0.010265815264999346,-0.17593077809904867,0.013015343809460012,1
2020-12-11,MSFT,213.25999450683597,0.013015343809460012,-0.006043431354361695,-0.019489799371042116,1.0003940245752287,0.9964814942095701,0.012704954937011513,0.15883186886766687,0.0044077767308396965,1
2020-12-14,MSFT,214.1999969482422,0.0044077767308396965,0.013015343809460012,-0.006043431354361695,1.0048883846610477,1.0008129736480855,0.012938571315645929,-0.07040162172282227,-0.0003267603474644831,0
2020-12-15,MSFT,214.1300048828125,-0.0003267603474644831,0.0044077767308396965,0.013015343809460012,1.0063351418153352,1.001459211181019,0.012156002917219027,-0.062427079282182385,0.024050781203236005,1
2020-12-16,MSFT,219.27999877929688,0.024050781203236005,-0.0003267603474644831,0.0044077767308396965,1.0233435019190804,1.023673137702791,0.011805120602882347,0.2971304341385006,0.0006384503394190055,1
2020-12-17,MSFT,219.4199981689453,0.0006384503394190055,0.024050781203236005,-0.0003267603474644831,1.0155606343325088,1.0218556552813083,0.01022955280665877,-0.0715951951986249,-0.003782708221588771,0
2020-12-18,MSFT,218.58999633789065,-0.003782708221588771,0.0006384503394190055,0.024050781203236005,1.0067518898005139,1.0159888351762332,0.011043283215929416,0.9484342996327939,0.018299099075956393,1
2020-12-21,MSFT,222.58999633789065,0.018299099075956393,-0.003782708221588771,0.0006384503394190055,1.01731244438142,1.030604674488161,0.01250806932817914,-0.41311721745279373,0.0060649900073059815,1
2020-12-22,MSFT,223.94000244140625,0.0060649900073059815,0.018299099075956393,-0.003782708221588771,1.014386421930887,1.0330622489091263,0.011778285508715965,-0.39184925998940345,-0.013039198611732417,0
2020-12-23,MSFT,221.0200042724609,-0.013039198611732417,0.0060649900073059815,0.018299099075956393,0.9995839428006577,1.015273683742382,0.011651113483587707,-0.17303048796667286,0.007827326459583395,1
2020-12-24,MSFT,222.75,0.007827326459583395,-0.013039198611732417,0.0060649900073059815,1.0043827616923469,1.01750427440979,0.011937267197905237,-0.4357847226678645,0.009921466728921136,1
2020-12-28,MSFT,224.9600067138672,0.009921466728921136,0.007827326459583395,-0.013039198611732417,1.0085540804118995,1.0221366281431838,0.011535906514680918,0.6997611510245862,-0.003600696982611007,0
2020-12-29,MSFT,224.1499938964844,-0.003600696982611007,0.009921466728921136,0.007827326459583395,1.0035188858835178,1.0138725895289948,0.009607021284974345,-0.02957035715281453,-0.011019412393309391,0
2020-12-30,MSFT,221.67999267578125,-0.011019412393309391,-0.003600696982611007,0.009921466728921136,0.9944731246472321,0.999287740209702,0.010541252884877684,0.16486048542796716,0.003338169963972959,1
2020-12-31,MSFT,222.4199981689453,0.003338169963972959,-0.011019412393309391,-0.003600696982611007,0.9965410940894766,1.00120637792549,0.008615021023875808,0.03304015824548778,-0.0212660541609494,0
2021-01-04,MSFT,217.69000244140625,-0.0212660541609494,0.003338169963972959,-0.011019412393309391,0.9797911766920533,0.9806783664212412,0.012184256903767976,0.7729883822539287,0.0009646352736600861,1
2021-01-05,MSFT,217.8999938964844,0.0009646352736600861,-0.0212660541609494,0.003338169963972959,0.9870089760812424,0.9819295876502537,0.009990116659213838,-0.3583911705058699,-0.025929298094283015,0
2021-01-06,MSFT,212.25,-0.025929298094283015,0.0009646352736600861,-0.0212660541609494,0.9718940715214557,0.960946415762073,0.013007450126247941,0.5082357385719682,0.028456976613111085,1
2021-01-07,MSFT,218.2899932861328,0.028456976613111085,-0.025929298094283015,0.0009646352736600861,1.0026640748428788,0.9908265803229931,0.021821834469956627,-0.22922459067037382,0.006092820889463946,1
2021-01-08,MSFT,219.6199951171875,0.006092820889463946,0.028456976613111085,-0.025929298094283015,1.0113746175623206,0.9974973883554212,0.02205185530077396,-0.17109173301558067,-0.009698523228209965,0
2021-01-11,MSFT,217.4900054931641,-0.009698523228209965,0.006092820889463946,0.028456976613111085,1.001750301408703,0.9901887468699667,0.020088801523729986,0.003271447364981972,-0.01177071475803193,0
2021-01-12,MSFT,214.92999267578125,-0.01177071475803193,-0.009698523228209965,0.006092820889463946,0.9926748847274852,0.9830224561416585,0.020729469036414143,0.00946537972237782,0.00656029270068581,1
2021-01-13,MSFT,216.33999633789065,0.00656029270068581,-0.01177071475803193,-0.009698523228209965,0.9954263932022921,0.9930184810853412,0.01616646133380647,-0.13601269715647357,-0.015346177875700917,0
2021-01-14,MSFT,213.0200042724609,-0.015346177875700917,0.00656029270068581,-0.01177071475803193,0.9849269718640852,0.981681633539822,0.01038644297402622,0.4676483912560798,-0.0017369747843176686,0
2021-01-15,MSFT,212.6499938964844,-0.0017369747843176686,-0.015346177875700917,0.00656029270068581,0.989594460998323,0.9844086887184185,0.008795906855519675,0.07685340967680654,0.017822754073375524,1
2021-01-19,MSFT,216.44000244140625,0.017822754073375524,-0.0017369747843176686,-0.015346177875700917,1.0082170551605842,1.0025336843039323,0.013544023943620975,-0.0398658119792733,0.03649969417563215,1
2021-01-20,MSFT,224.33999633789065,0.03649969417563215,0.017822754073375524,-0.0017369747843176686,1.035934935347189,1.0360354046866442,0.01967077240424469,0.23937613390680723,0.002808259307732097,1
2021-01-21,MSFT,224.97000122070312,0.002808259307732097,0.03649969417563215,0.017822754073375524,1.030629829021509,1.032877443884321,0.019846444796027044,-0.18709383677499447,0.004356117358854661,1
2021-01-22,MSFT,225.9499969482422,0.004356117358854661,0.002808259307732097,0.03649969417563215,1.022999949388378,1.033741271991793,0.015538247003101989,-0.01747673350830692,0.015844221639333522,1
2021-01-25,MSFT,229.52999877929688,0.015844221639333522,0.004356117358854661,0.002808259307732097,1.0235634064996646,1.045380432269072,0.013525545493237244,0.09874489190559688,0.012198854470653053,1
2021-01-26,MSFT,232.3300018310547,0.012198854470653053,0.015844221639333522,0.004356117358854661,1.0215720540870077,1.0510291944573535,0.013514419878834217,0.48315189686324556,0.00245337262057177,1
2021-01-27,MSFT,232.8999938964844,0.00245337262057177,0.012198854470653053,0.015844221639333522,1.0164269053548591,1.0451116477386777,0.006104608337817449,0.4210121701213758,0.02589093575492729,1
2021-01-28,MSFT,238.92999267578125,0.02589093575492729,0.00245337262057177,0.012198854470653053,1.0301903864364306,1.061411044372427,0.009450293069729183,-0.29711209006363193,-0.02917166607614663,0
2021-01-29,MSFT,231.9600067138672,-0.02917166607614663,0.02589093575492729,0.00245337262057177,0.9949813748914514,1.0218502567096341,0.021089440706100776,-0.1345538288618482,0.03315221141592373,1
2021-02-01,MSFT,239.6499938964844,0.03315221141592373,-0.02917166607614663,0.02589093575492729,1.0191193691613172,1.0433173508422304,0.024386239701809666,-0.21619364234608773,-0.000584182738218253,0
2021-02-02,MSFT,239.50999450683597,-0.000584182738218253,0.03315221141592373,-0.02917166607614663,1.0123420187418872,1.032339528122764,0.024623474803337153,-0.22206446500291166,0.01457143991151666,1
2021-02-03,MSFT,243.0,0.01457143991151666,-0.000584182738218253,0.03315221141592373,1.0183982334618156,1.039025462662841,0.024740382594881302,0.047915790448482154,-0.004074096679687389,0
2021-02-04,MSFT,242.00999450683597,-0.004074096679687389,0.01457143991151666,-0.000584182738218253,1.0116375168509335,1.0273074077818136,0.02313392857573795,-0.06856149730651262,0.0007851016310025383,1
2021-02-05,MSFT,242.1999969482422,0.0007851016310025383,-0.004074096679687389,0.01457143991151666,1.0038379642730797,1.0210706470774027,0.015365375806608598,-0.2862615185740094,0.0011147988268498388,1
2021-02-08,MSFT,242.47000122070312,0.0011147988268498388,0.0007851016310025383,-0.004074096679687389,1.0026133353355506,1.0166627685191274,0.007127690255418777,0.23024901965128386,0.005361500578269451,1
2021-02-09,MSFT,243.7700042724609,0.005361500578269451,0.0011147988268498388,0.0007851016310025383,1.0044501416849834,1.0172342115068753,0.0070081269734077216,0.06091779631638894,-0.003897103546752878,0
2021-02-10,MSFT,242.82000732421875,-0.003897103546752878,0.005361500578269451,0.0011147988268498388,1.000684128302612,1.0090927562622198,0.003946193301067944,-0.058489284956503296,0.006877514696371545,1
2021-02-11,MSFT,244.4900054931641,0.006877514696371545,-0.003897103546752878,0.005361500578269451,1.0055110114110137,1.0136905857596479,0.004245984294879691,-0.2900656699734525,0.0020450733721872894,1
2021-02-12,MSFT,244.9900054931641,0.0020450733721872894,0.006877514696371545,-0.003897103546752878,1.0052603964883324,1.0103055582400138,0.004189278211259905,0.051424979842677576,-0.005265555802266841,0
2021-02-16,MSFT,243.6999969482422,-0.005265555802266841,0.0020450733721872894,0.006877514696371545,0.9989587916002993,1.003310043288622,0.005428994112578149,0.613932649401308,0.002051702939110722,1
2021-02-17,MSFT,244.1999969482422,0.002051702939110722,-0.005265555802266841,0.0020450733721872894,1.0006556077087172,1.0034310440267649,0.0049484621488491394,-0.18987223375797369,-0.0016789666962865324,0
2021-02-18,MSFT,243.7899932861328,-0.0016789666962865324,0.002051702939110722,-0.005265555802266841,0.9981820452994996,1.0014212428387852,0.004554920928880315,-0.21834345486872797,-0.011567300312117057,0
2021-02-19,MSFT,240.97000122070312,-0.011567300312117057,-0.0016789666962865324,0.002051702939110722,0.9894879580691256,0.990260542097857,0.00572670368791906,0.49256747175875604,-0.026808344113964933,0
2021-02-22,MSFT,234.50999450683597,-0.026808344113964933,-0.011567300312117057,-0.0016789666962865324,0.9713213459031536,0.9667684672024293,0.011322679094791526,0.4427216517698098,-0.0052875794781485075,0
2021-02-23,MSFT,233.2700042724609,-0.0052875794781485075,-0.026808344113964933,-0.011567300312117057,0.9746060388053726,0.9653177654127969,0.011321035698052559,-0.1706098461048814,0.005487198336061594,1
2021-02-24,MSFT,234.5500030517578,0.005487198336061594,-0.0052875794781485075,-0.026808344113964933,0.9879200556627218,0.9743321420319055,0.012203405676774793,-0.1286525718935978,-0.023704956240681918,0
2021-02-25,MSFT,228.9900054931641,-0.023704956240681918,0.005487198336061594,-0.0052875794781485075,0.9766781420298578,0.9567321152257687,0.01329126932809332,0.5012395737233151,0.01480413689823501,1
2021-02-26,MSFT,232.3800048828125,0.01480413689823501,-0.023704956240681918,0.005487198336061594,0.9984532200961698,0.9758330538862883,0.01806693820633112,-0.043573701008037036,0.01962302032351415,1
2021-03-01,MSFT,236.94000244140625,0.01962302032351415,0.01480413689823501,-0.023704956240681918,1.0159244610332343,0.9983567274964478,0.01732311287622238,-0.33039302788001856,-0.012956897495508102,0
2021-03-02,MSFT,233.8699951171875,-0.012956897495508102,0.01962302032351415,0.01480413689823501,1.002245562019438,0.9895196257891851,0.01845281232603741,-0.09917469594060968,-0.026980791424021544,0
2021-03-03,MSFT,227.55999755859372,-0.026980791424021544,-0.012956897495508102,0.01962302032351415,0.9810819514750931,0.969648408197636,0.021744457326929027,0.4917041095890411,-0.0036473977850214334,0
2021-03-04,MSFT,226.72999572753903,-0.0036473977850214334,-0.026980791424021544,-0.012956897495508102,0.9794121564279256,0.9731861742221295,0.01934295524612371,0.31438310877327025,0.02147933871894403,1
2021-03-05,MSFT,231.6000061035156,0.02147933871894403,-0.0036473977850214334,-0.026980791424021544,1.0011239159442948,0.9981037975768156,0.0209424207069598,-0.06383054833906432,-0.0181779214288339,0
2021-03-08,MSFT,227.38999938964844,-0.0181779214288339,0.02147933871894403,-0.0036473977850214334,0.9911084016889576,0.9829765441699124,0.018549877520858685,-0.15774918324067178,0.02810149701746001,1
2021-03-09,MSFT,233.77999877929688,0.02810149701746001,-0.0181779214288339,0.02147933871894403,1.0190399773197347,1.0103769050602591,0.024096885330740257,-0.06200910756109046,-0.005817437836653783,0
2021-03-10,MSFT,232.4199981689453,-0.005817437836653783,0.02810149701746001,-0.0181779214288339,1.008837412921004,1.005424663664846,0.019572833138039262,-0.10077538126690955,0.020265066478674987,1
2021-03-11,MSFT,237.1300048828125,0.020265066478674987,-0.005817437836653783,0.02810149701746001,1.0200719396920233,1.0222002093752123,0.020034682418947205,0.005405623462019449,-0.005819613099972254,0
2021-03-12,MSFT,235.75,-0.005819613099972254,0.020265066478674987,-0.005817437836653783,1.0105274878620505,1.01477722330183,0.019555575000502055,-0.24254370126656766,-0.0039872850112673275,0
2021-03-15,MSFT,234.80999755859372,-0.0039872850112673275,-0.005819613099972254,0.020265066478674987,1.0001362890930183,1.011658559257091,0.016352104470228324,0.14925597143071556,0.012350450089118503,1
2021-03-16,MSFT,237.7100067138672,0.012350450089118503,-0.0039872850112673275,-0.005819613099972254,1.0091100729979054,1.0224614010814255,0.012135437923650412,0.079020852778386,-0.0028186168390499367,0
2021-03-17,MSFT,237.0399932861328,-0.0028186168390499367,0.012350450089118503,-0.0039872850112673275,1.0023341260305465,1.015438892133841,0.011629675867529445,0.052324132677397994,-0.026662134004538096,0
2021-03-18,MSFT,230.72000122070312,-0.026662134004538096,-0.0028186168390499367,0.012350450089118503,0.9809273635034282,0.9866786435669693,0.013928311184539082,0.1782992412582327,-0.0016036542789092945,0
2021-03-19,MSFT,230.3500061035156,-0.0016036542789092945,-0.026662134004538096,-0.0028186168390499367,0.9838719541729801,0.9856232317912752,0.014022899191493776,0.33295151149771773,0.024484476840491043,1
2021-03-22,MSFT,235.9900054931641,0.024484476840491043,-0.0016036542789092945,-0.026662134004538096,1.0069465310582786,1.0060536482289775,0.01914938132782052,-0.3511405169424541,0.006737557951099982,1
2021-03-23,MSFT,237.5800018310547,0.006737557951099982,0.024484476840491043,-0.0016036542789092945,1.0138433711515618,1.011193872262589,0.01848151916455598,0.05016762372622563,-0.008923289421872482,0
2021-03-24,MSFT,235.4600067138672,-0.008923289421872482,0.006737557951099982,0.024484476840491043,1.0061533305491683,1.000875667709844,0.01891315259217003,-0.19022137655507232,-0.013250701974913293,0
2021-03-25,MSFT,232.33999633789065,-0.013250701974913293,-0.008923289421872482,0.006737557951099982,0.991448439346334,0.9896283455556922,0.014929655148528538,0.329499104218953,0.017818711607568538,1
2021-03-26,MSFT,236.47999572753903,0.017818711607568538,-0.013250701974913293,-0.008923289421872482,1.0038629473282694,1.0069491527339882,0.016380113466591368,-0.2519530619254945,-0.005243531194087159,0
2021-03-29,MSFT,235.2400054931641,-0.005243531194087159,0.017818711607568538,-0.013250701974913293,0.9992354272083692,1.0014858108580702,0.01268822912223283,-0.009905847354188979,-0.01441081155623003,0
2021-03-30,MSFT,231.8500061035156,-0.01441081155623003,-0.005243531194087159,0.017818711607568538,0.989653158480207,0.9895222222814123,0.013158518101238897,-0.017262907541373496,0.01690747494393041,1
2021-03-31,MSFT,235.7700042724609,0.01690747494393041,-0.01441081155623003,-0.005243531194087159,1.00611942969,1.006798253135891,0.015917389019116546,0.759579703130042,0.027908562208153853,1
2021-04-01,MSFT,242.3500061035156,0.027908562208153853,0.01690747494393041,-0.01441081155623003,1.0254381541412065,1.0297823268523199,0.017663239268370354,-0.3045491535525576,0.027728496189238117,1
2021-04-05,MSFT,249.07000732421875,0.027728496189238117,0.027908562208153853,0.01690747494393041,1.0427621714099045,1.0499846281916765,0.019424930574937667,0.21664579075746593,-0.004858098840829439,0
2021-04-06,MSFT,247.8600006103516,-0.004858098840829439,0.027728496189238117,0.027908562208153853,1.026845619340695,1.0396811973049345,0.01934705577380711,-0.3787177667120014,0.008230425567293365,1
2021-04-07,MSFT,249.8999938964844,0.008230425567293365,-0.004858098840829439,0.027728496189238117,1.0200415992740457,1.0428489998890702,0.01389502748538377,-0.009249124581914292,0.013405386896100824,1
2021-04-08,MSFT,253.25,0.013405386896100824,0.008230425567293365,-0.004858098840829439,1.0191720997668339,1.049040840455747,0.01387464352067024,0.03985070291111725,0.010266559145175158,1
2021-04-09,MSFT,255.8500061035156,0.010266559145175158,0.013405386896100824,0.008230425567293365,1.0185679316806502,1.049589367550799,0.011675893123817708,0.029697103093307087,0.0002345028616863587,1
2021-04-12,MSFT,255.91000366210935,0.0002345028616863587,0.010266559145175158,0.013405386896100824,1.0132882583378702,1.0415335470004696,0.007544473730910309,0.11599963825903936,0.010081616722072972,1
2021-04-13,MSFT,258.489990234375,0.010081616722072972,0.0002345028616863587,0.010266559145175158,1.014959916260954,1.042172270798293,0.0049512707244167556,-0.12196532430650453,-0.011218979481003921,0
2021-04-14,MSFT,255.58999633789065,-0.011218979481003921,0.010081616722072972,0.0002345028616863587,0.9991087299160331,1.0207105136727108,0.010111625310339309,-0.03215941269008915,0.015297952651246671,1
2021-04-15,MSFT,259.5,0.015297952651246671,-0.011218979481003921,0.010081616722072972,1.0094605347198056,1.0265965636169059,0.010551654669292839,0.1108149226948234,0.004778382406069426,1
2021-04-16,MSFT,260.739990234375,0.004778382406069426,0.015297952651246671,-0.011218979481003921,1.0104399765212644,1.0240518719245262,0.010135276904379008,-0.02922251487659744,-0.007670476623866662,0
2021-04-19,MSFT,258.739990234375,-0.007670476623866662,0.004778382406069426,0.015297952651246671,1.0004949377037198,1.0123521249005658,0.011377666750572666,-0.06709782704814582,-0.0018550687441675207,0
2021-04-20,MSFT,258.260009765625,-0.0018550687441675207,-0.007670476623866662,0.004778382406069426,0.9988165978821415,1.0063790530513987,0.010546492195238765,-0.15021564631419304,0.008983105083694598,1
2021-04-21,MSFT,260.5799865722656,0.008983105083694598,-0.0018550687441675207,-0.007670476623866662,1.0039142224233495,1.0112110600988018,0.008993321874669707,0.2184009450942812,-0.013086089954132296,0
2021-04-22,MSFT,257.1700134277344,-0.013086089954132296,0.008983105083694598,-0.0018550687441675207,0.9925588594521221,0.9964624355953615,0.008963639523134215,0.0655752713229909,0.01547606742987706,1
2021-04-23,MSFT,261.1499938964844,0.01547606742987706,-0.013086089954132296,0.008983105083694598,1.0076008763271316,1.00981001142676,0.01175845869230523,-0.16182018417414534,0.0015316634341677737,1
2021-04-26,MSFT,261.54998779296875,0.0015316634341677737,0.01547606742987706,-0.013086089954132296,1.006960712991541,1.0091558740990128,0.010872198372273247,-0.07917493686692201,0.001605862922336776,1
2021-04-27,MSFT,261.9700012207031,0.001605862922336776,0.0015316634341677737,0.01547606742987706,1.0057047828587193,1.0094210742749707,0.010656732903487065,0.5692824578891178,-0.02828569541390602,0
2021-04-28,MSFT,254.55999755859372,-0.02828569541390602,0.001605862922336776,0.0015316634341677737,0.981795737261165,0.9812583375094402,0.01667462675907196,0.5123104900335975,-0.00805312331638397,0
2021-04-29,MSFT,252.50999450683597,-0.00805312331638397,-0.02828569541390602,0.001605862922336776,0.977402570945474,0.975985891870049,0.01617505867091158,-0.13462009973754396,-0.0013068862153327032,0
2021-04-30,MSFT,252.17999267578125,-0.0013068862153327032,-0.00805312331638397,-0.02828569541390602,0.9829509492555711,0.9779459792811906,0.01258375165113914,-0.2375988568331321,-0.0012689034607160643,0
2021-05-03,MSFT,251.8600006103516,-0.0012689034607160643,-0.0013068862153327032,-0.00805312331638397,0.989175869807199,0.979317917723349,0.012170062916609402,-0.36576065354450304,-0.016159800342871455,0
2021-05-04,MSFT,247.7899932861328,-0.016159800342871455,-0.0012689034607160643,-0.0013068862153327032,0.9841528218718217,0.9674308442760462,0.011431890428490472,0.6689645684937788,-0.005327059611747287,0
2021-05-05,MSFT,246.47000122070312,-0.005327059611747287,-0.016159800342871455,-0.0012689034607160643,0.9852415822886642,0.9676077100983764,0.006152296310171467,-0.3313825516468688,0.013226739524850872,1
2021-05-06,MSFT,249.72999572753903,0.013226739524850872,-0.005327059611747287,-0.016159800342871455,1.000496779024041,0.9832780126095153,0.010539189101811966,0.20956746859775444,0.010931850530709442,1
2021-05-07,MSFT,252.4600067138672,0.010931850530709442,0.013226739524850872,-0.005327059611747287,1.0112071809391123,0.9974398658879823,0.012095301124700421,0.02045215185477378,-0.020914259279372516,0
2021-05-10,MSFT,247.17999267578125,-0.020914259279372516,0.010931850530709442,0.013226739524850872,0.9937843037642939,0.9821552543347276,0.015450056413750104,0.08386077705314632,-0.003843340789674299,0
2021-05-11,MSFT,246.22999572753903,-0.003843340789674299,-0.020914259279372516,0.010931850530709442,0.9912082141123337,0.9845379937061527,0.013856256781513058,0.14818139311055667,-0.02936277404455323,0
2021-05-12,MSFT,239.0,-0.02936277404455323,-0.003843340789674299,-0.020914259279372516,0.96792484113204,0.9616119778324462,0.018902779576809522,0.09044754113954157,0.01686191957864791,1
2021-05-13,MSFT,243.02999877929688,0.01686191957864791,-0.02936277404455323,-0.003843340789674299,0.9896164182234902,0.9815705653874643,0.019871849948137725,-0.19245510353174644,0.02106733795376914,1
2021-05-14,MSFT,248.1499938964844,0.02106733795376914,0.01686191957864791,-0.02936277404455323,1.0140242962664558,1.00388363623533,0.02230513740334222,-0.1931927505460045,-0.011968572612345407,0
2021-05-17,MSFT,245.17999267578125,-0.011968572612345407,0.02106733795376914,0.01686191957864791,1.0035281742373146,0.994556248892676,0.020843753907351794,0.04473015886298115,-0.008565098733417154,0
2021-05-18,MSFT,243.0800018310547,-0.008565098733417154,-0.011968572612345407,0.02106733795376914,0.9975050244088155,0.9879252832997737,0.021084914569257353,-0.192317242152646,0.00016452725782278854,1
2021-05-19,MSFT,243.1199951171875,0.00016452725782278854,-0.008565098733417154,-0.011968572612345407,0.9943070223018633,0.9894349483727614,0.014858669686476544,0.2762693375644585,0.013820338424784806,1
2021-05-20,MSFT,246.47999572753903,0.013820338424784806,0.00016452725782278854,-0.008565098733417154,1.0052120288560518,1.0044378091494954,0.014224201581880811,-0.1530353771202574,-0.005314823033516269,0
2021-05-21,MSFT,245.1699981689453,-0.005314823033516269,0.013820338424784806,0.00016452725782278854,1.0023057548565582,1.0020763408961535,0.010096220540274217,0.002862293412596806,0.0228820844811759,1
2021-05-24,MSFT,250.77999877929688,0.0228820844811759,-0.005314823033516269,0.013820338424784806,1.0205676277527573,1.0234999378742802,0.01332803604141553,-0.020655808188225877,0.0037483150409993726,1
2021-05-25,MSFT,251.72000122070312,0.0037483150409993726,0.0228820844811759,-0.005314823033516269,1.0172395817236686,1.0250396164884201,0.011266006164837371,-0.17314060201293702,-0.0009136966725873386,0
2021-05-26,MSFT,251.4900054931641,-0.0009136966725873386,0.0037483150409993726,0.0228820844811759,1.0094810925162638,1.0189207007489816,0.01143996887285943,0.0038013363985021087,-0.00866836807409277,0
2021-05-27,MSFT,249.30999755859372,-0.00866836807409277,-0.0009136966725873386,0.0037483150409993726,0.9984621068781331,1.007524811380232,0.012392814317634514,0.3744513718517184,0.0014840765344781293,1
2021-05-28,MSFT,249.67999267578125,0.0014840765344781293,-0.00866836807409277,-0.0009136966725873386,0.9963446883715222,1.008396552390342,0.011695378701601413,-0.25202446553291136,-0.009131683940160618,0
2021-06-01,MSFT,247.3999938964844,-0.009131683940160618,0.0014840765344781293,-0.00866836807409277,0.9899167561982879,0.9982931198729563,0.005900551863054586,0.27055533053825354,-0.000404166722689725,0
2021-06-02,MSFT,247.3000030517578,-0.000404166722689725,-0.009131683940160618,0.0014840765344781293,0.9930291383831669,0.9961932964444087,0.004988448593152352,-0.16398357837963584,-0.00642942304193117,0
2021-06-03,MSFT,245.7100067138672,-0.00642942304193117,-0.000404166722689725,-0.009131683940160618,0.9912457960460063,0.9887567499022364,0.004874707606668919,0.3040702437817866,0.02067472399763237,1
2021-06-04,MSFT,250.7899932861328,0.02067472399763237,-0.00642942304193117,-0.000404166722689725,1.0105328290535178,1.0074517211660972,0.011692553437991329,-0.0010510635103150312,0.012041964804454075,1
2021-06-07,MSFT,253.80999755859372,0.012041964804454075,0.02067472399763237,-0.00642942304193117,1.0193090765473374,1.0160569039541263,0.012661157432797953,-0.08709668487526256,-0.00488550587566472,0
2021-06-08,MSFT,252.57000732421875,-0.00488550587566472,0.012041964804454075,0.02067472399763237,1.0101345635077428,1.0103689422571378,0.011722226154460688,-0.027045998128184645,0.004038440765306461,1
2021-06-09,MSFT,253.58999633789065,0.004038440765306461,-0.00488550587566472,0.012041964804454075,1.0091366928439174,1.0136909517982071,0.011451277429153514,-0.20117568470273883,0.014393288178532915,1
2021-06-10,MSFT,257.239990234375,0.014393288178532915,0.004038440765306461,-0.00488550587566472,1.0143532860013231,1.025923236922643,0.00989628265882221,0.36939166889661945,0.0025269182037763738,1
2021-06-11,MSFT,257.8900146484375,0.0025269182037763738,0.014393288178532915,0.004038440765306461,1.0112540718923868,1.0250082078806997,0.007756389464324357,-0.2265099578237718,0.007755244043575971,1
2021-06-14,MSFT,259.8900146484375,0.007755244043575971,0.0025269182037763738,0.014393288178532915,1.0142603301004411,1.0287825255719971,0.007076627948770782,0.007936967425801411,-0.005887218479496914,0
2021-06-15,MSFT,258.3599853515625,-0.005887218479496914,0.007755244043575971,0.0025269182037763738,1.0037529433728278,1.0183078825425134,0.0074238268129912036,-0.05804548184120517,-0.0037930814534475887,0
2021-06-16,MSFT,257.3800048828125,-0.0037930814534475887,-0.005887218479496914,0.007755244043575971,0.9970095251461474,1.0104309535170357,0.008333243231943455,0.5089611894295107,0.013676233378247638,1
2021-06-17,MSFT,260.8999938964844,0.013676233378247638,-0.0037930814534475887,-0.005887218479496914,1.0077872374886996,1.0181781053961425,0.008090773915645954,0.012692872887582585,-0.005634347470649503,0
2021-06-18,MSFT,259.42999267578125,-0.005634347470649503,0.013676233378247638,-0.0037930814534475887,1.0009182165589017,1.0090390458492944,0.008951155336815021,0.34959278808655747,0.012334781241081894,1
2021-06-21,MSFT,262.6300048828125,0.012334781241081894,-0.005634347470649503,0.013676233378247638,1.011126544181368,1.0179931019494919,0.00996363905805384,-0.28240534161958164,0.010966016179672966,1
2021-06-22,MSFT,265.510009765625,0.010966016179672966,0.012334781241081894,-0.005634347470649503,1.0166175614528346,1.024020213572906,0.009404479307407693,-0.0749922273290855,-0.0009039988818688727,0
2021-06-23,MSFT,265.2699890136719,-0.0009039988818688727,0.010966016179672966,0.012334781241081894,1.0095985163942027,1.0185063889947088,0.008756427378880063,-0.20958042609368233,0.005353087369642795,1
2021-06-24,MSFT,266.69000244140625,0.005353087369642795,-0.0009039988818688727,0.010966016179672966,1.0105492208897195,1.0202567042061848,0.0076778831852308,0.09878731677826913,-0.006262002371466013,0
2021-06-25,MSFT,265.0199890136719,-0.006262002371466013,0.005353087369642795,-0.0009039988818688727,0.9999848692579525,1.0111098874180238,0.007885745738410214,0.19416325902578002,0.013961257114233572,1
2021-06-28,MSFT,268.7200012207031,0.013961257114233572,-0.006262002371466013,0.005353087369642795,1.0093073329737365,1.0217840304981998,0.008321672322006137,-0.2350972820378664,0.009973179010148048,1
2021-06-29,MSFT,271.3999938964844,0.009973179010148048,0.013961257114233572,-0.006262002371466013,1.014882951357294,1.0268828232723395,0.008142390352268028,0.017753956100051038,-0.0018422992308197994,0
2021-06-30,MSFT,270.8999938964844,-0.0018422992308197994,0.009973179010148048,0.013961257114233572,1.0087657155086112,1.0197743504880707,0.008305081371943723,0.08620309161492234,0.0025840244474082397,1
2021-07-01,MSFT,271.6000061035156,0.0025840244474082397,-0.0018422992308197994,0.009973179010148048,1.0076875474968934,1.0183078238124597,0.008304346334424735,-0.22770069032392126,0.02227535956189519,1
2021-07-02,MSFT,277.6499938964844,0.02227535956189519,0.0025840244474082397,-0.0018422992308197994,1.0205694315795633,1.0339280161810362,0.009483602021017109,0.5819148236503979,3.605174084286844e-05,1
2021-07-06,MSFT,277.6600036621094,3.605174084286844e-05,0.02227535956189519,0.0025840244474082397,1.0139423660173423,1.0282104465946222,0.009843538340180263,0.19304558167661945,0.008175426722367485,1
2021-07-07,MSFT,279.92999267578125,0.008175426722367485,3.605174084286844e-05,0.02227535956189519,1.0159028360211886,1.0311104750190974,0.009721846041327802,-0.26312187951440813,-0.00896645344807323,0
2021-07-08,MSFT,277.4200134277344,-0.00896645344807323,0.008175426722367485,3.605174084286844e-05,1.0020516791303735,1.0173121809071661,0.011553143601746443,0.058409286328460874,0.0018743745530360734,1
2021-07-09,MSFT,277.94000244140625,0.0018743745530360734,-0.00896645344807323,0.008175426722367485,0.9993528017456249,1.015031565650374,0.011591787630509016,-0.028510963255424793,-0.0022306796853331923,0
2021-07-12,MSFT,277.32000732421875,-0.0022306796853331923,0.0018743745530360734,-0.00896645344807323,0.9973602373218163,1.0082384057773635,0.00623454914932014,-0.2084317652518951,0.013197762748615505,1
2021-07-13,MSFT,280.9800109863281,0.013197762748615505,-0.0022306796853331923,0.0018743745530360734,1.0081157498677658,1.0170117602581583,0.008672693727898967,0.37970177004706396,0.005445222860964716,1
2021-07-14,MSFT,282.510009765625,0.005445222860964716,0.013197762748615505,-0.0022306796853331923,1.011732098789719,1.0184541181385864,0.008296754884579998,-0.11509909992687628,-0.005238791317716429,0
2021-07-15,MSFT,281.0299987792969,-0.005238791317716429,0.005445222860964716,0.013197762748615505,1.0038362917652903,1.0094323171944435,0.007171402540027654,-0.022043203814188117,-0.0009963305715158244,0
2021-07-16,MSFT,280.75,-0.0009963305715158244,-0.005238791317716429,0.005445222860964716,1.0008270222390871,1.0051231627179538,0.007357477820807272,0.1584926695038975,-0.013321425589937652,0
2021-07-19,MSFT,277.010009765625,-0.013321425589937652,-0.0009963305715158244,-0.005238791317716429,0.9877128818005135,0.9919607703427568,0.010118824824837235,0.25771762872897797,0.00833904002439545,1
2021-07-20,MSFT,279.32000732421875,0.00833904002439545,-0.013321425589937652,-0.0009963305715158244,0.9971298503947564,0.9996385456966105,0.008637479022756326,-0.20269556346324347,0.00744660789676721,1
2021-07-21,MSFT,281.3999938964844,0.00744660789676721,0.00833904002439545,-0.013321425589937652,1.005351844334469,1.0065529262655033,0.009056014711614543,-0.07217904241099482,0.016844423790914442,1
2021-07-22,MSFT,286.1400146484375,0.016844423790914442,0.00744660789676721,0.00833904002439545,1.01856733289534,1.0203252355000128,0.011402971594451307,-0.0402309937080072,0.012336613540870678,1
2021-07-23,MSFT,289.6700134277344,0.012336613540870678,0.016844423790914442,0.00744660789676721,1.024626135174253,1.0286102085036728,0.011598427610259998,-0.02634268584208932,-0.0021404550213144358,0
2021-07-26,MSFT,289.04998779296875,-0.0021404550213144358,0.012336613540870678,0.016844423790914442,1.0137978378198327,1.0221509659302292,0.007047739934352796,0.017919808855372255,-0.00868354732415566,0
2021-07-27,MSFT,286.5400085449219,-0.00868354732415566,-0.0021404550213144358,0.012336613540870678,0.9999302236287969,1.0112867280558149,0.010466596393939518,0.4499462808669277,-0.0011167980549864343,0
2021-07-28,MSFT,286.2200012207031,-0.0011167980549864343,-0.00868354732415566,-0.0021404550213144358,0.9954647129178859,1.00883638624026,0.01069712896458432,-0.0011070077758368324,0.0009782641957329918,1
2021-07-29,MSFT,286.5,0.0009782641957329918,-0.0011167980549864343,-0.00868354732415566,0.9961890909856463,1.0078800967741957,0.007648597853741724,-0.4587435837089514,-0.005549725437663633,0
2021-07-30,MSFT,284.9100036621094,-0.005549725437663633,0.0009782641957329918,-0.0011167980549864343,0.9939506964019678,1.0008219858030807,0.003822900603125821,0.15282112250458213,-0.0003158763705515266,0
2021-08-02,MSFT,284.82000732421875,-0.0003158763705515266,-0.005549725437663633,0.0009782641957329918,0.996578013800064,0.9977685029566046,0.0040423340054219345,-0.22332034681639357,0.008075232546253641,1
2021-08-03,MSFT,287.1199951171875,0.008075232546253641,-0.0003158763705515266,-0.005549725437663633,1.0042180293590555,1.0030848302134352,0.004935963970366195,0.09906930425267713,-0.002124496245249463,0
2021-08-04,MSFT,286.510009765625,-0.002124496245249463,0.008075232546253641,-0.0003158763705515266,1.0018813260942536,0.9991700225238855,0.005033709684953608,-0.09439565971251185,0.010505668721693562,1
2021-08-05,MSFT,289.5199890136719,0.010505668721693562,-0.002124496245249463,0.008075232546253641,1.010272974802765,1.0084782518593856,0.006865823840433712,-0.14150191769654075,-0.00020723114420573285,0
2021-08-06,MSFT,289.4599914550781,-0.00020723114420573285,0.010505668721693562,-0.002124496245249463,1.006866396728815,1.0083430305698078,0.0056890392201895635,0.19345764809139432,-0.003903837891834794,0
2021-08-09,MSFT,288.3299865722656,-0.003903837891834794,-0.00020723114420573285,0.010505668721693562,1.0004927068103693,1.0046586059872527,0.006420540693163822,-0.0284339905842923,-0.006554934342168028,0
2021-08-10,MSFT,286.44000244140625,-0.006554934342168028,-0.003903837891834794,-0.00020723114420573285,0.9944038110083265,0.9981079150390059,0.006559125863998739,0.1550478979500669,0.0017805116648443864,1
2021-08-11,MSFT,286.95001220703125,0.0017805116648443864,-0.006554934342168028,-0.003903837891834794,0.9958701181856616,0.9996307774478908,0.006543400523312487,-0.25035183653298665,0.009966841714225128,1
2021-08-12,MSFT,289.8099975585937,0.009966841714225128,0.0017805116648443864,-0.006554934342168028,1.0055933751193389,1.0084311331096805,0.006334910244888706,0.04337950257597156,0.010489660710574,1
2021-08-13,MSFT,292.8500061035156,0.010489660710574,0.009966841714225128,0.0017805116648443864,1.0137567853110634,1.0162016453257214,0.007794274431303629,0.2532534869826184,0.005975755381686376,1
2021-08-16,MSFT,294.6000061035156,0.005975755381686376,0.010489660710574,0.009966841714225128,1.0154068905162312,1.0188166596115544,0.007025054972801362,0.23336073209490937,-0.005159604547719909,0
2021-08-17,MSFT,293.0799865722656,-0.005159604547719909,0.005975755381686376,0.010489660710574,1.0055650723389669,1.0114751697364204,0.006491968619756299,-0.10806572002345871,-0.00801820558756594,0
2021-08-18,MSFT,290.7300109863281,-0.00801820558756594,-0.005159604547719909,0.005975755381686376,0.9949215627208946,1.0019057750512779,0.008672624044669912,0.08655910496978869,0.020775213425172634,1
2021-08-19,MSFT,296.7699890136719,0.020775213425172634,-0.00801820558756594,-0.005159604547719909,1.0107763099543041,1.0201717077726038,0.011752248845177983,0.3684729289873012,0.025575349997876584,1
2021-08-20,MSFT,304.3599853515625,0.025575349997876584,0.020775213425172634,-0.00801820558756594,1.028562897493864,1.0409313084164336,0.015048336008360245,0.36740088105726865,0.000952847151004077,1
2021-08-23,MSFT,304.6499938964844,0.000952847151004077,0.025575349997876584,0.020775213425172634,1.0225968249212614,1.036139889629213,0.015367317242614148,-0.44067755086041316,-0.006663380337984304,0
2021-08-24,MSFT,302.6199951171875,-0.006663380337984304,0.000952847151004077,0.025575349997876584,1.0093187391751128,1.023602860441036,0.01567220076889421,-0.20387031213042373,-0.002015680924607355,0
2021-08-25,MSFT,302.010009765625,-0.002015680924607355,-0.006663380337984304,0.000952847151004077,0.9997617042241471,1.016362256352752,0.01446298269065064,0.10069983164427421,-0.009668598169976117,0
2021-08-26,MSFT,299.0899963378906,-0.009668598169976117,-0.002015680924607355,-0.006663380337984304,0.9885769443308433,1.0034018116860979,0.0139961387838967,-0.11696432588060646,0.0021064057324764462,1
2021-08-27,MSFT,299.7200012207031,0.0021064057324764462,-0.009668598169976117,-0.002015680924607355,0.9937072785726186,1.003203220587526,0.005013561247553516,0.27960896858955864,0.012912034903996172,1
2021-08-30,MSFT,303.5899963378906,0.012912034903996172,0.0021064057324764462,-0.009668598169976117,1.0072460288906002,1.0131081015421803,0.008815983334323811,-0.27681513954445114,-0.0056325685157785355,0
2021-08-31,MSFT,301.8800048828125,-0.0056325685157785355,0.012912034903996172,0.0021064057324764462,1.0020646859844373,1.0044519787563977,0.008651179743184374,0.6078504535695279,-0.0001656893790176195,0
2021-09-01,MSFT,301.8299865722656,-0.0001656893790176195,-0.0056325685157785355,0.012912034903996172,1.0020184100360081,1.00059005319078,0.008607445132271904,-0.27777883455771857,-0.0022528996654824773,0
2021-09-02,MSFT,301.1499938964844,-0.0022528996654824773,-0.0001656893790176195,-0.0056325685157785355,0.9983953974318831,0.9968883364136466,0.007040557892259934,-0.14213171230206811,-3.3137135145744345e-05,0
2021-09-03,MSFT,301.1400146484375,-3.3137135145744345e-05,-0.0022528996654824773,-0.0001656893790176195,0.9974231923203388,0.9979189820634897,0.007051403517836754,-0.09442083804096868,-0.0031879588429223338,0
2021-09-07,MSFT,300.17999267578125,-0.0031879588429223338,-3.3137135145744345e-05,-0.0022528996654824773,0.9964944234271133,0.9962133191083189,0.0023227288716793438,0.16493873704052775,9.993597184632108e-05,1
2021-09-08,MSFT,300.2099914550781,9.993597184632108e-05,-0.0031879588429223338,-3.3137135145744345e-05,0.9977002332850026,0.9971103782126142,0.0015115730892368265,-0.12418802821820218,-0.009859736648775153,0
2021-09-09,MSFT,297.25,-0.009859736648775153,9.993597184632108e-05,-0.0031879588429223338,0.9908795792186428,0.9888424710674161,0.004063570488853512,0.32433474227078185,-0.005180852968618588,0
2021-09-10,MSFT,295.7099914550781,-0.005180852968618588,-0.009859736648775153,9.993597184632108e-05,0.9893341320027949,0.9848267672659462,0.004130979945479895,-0.014733778290761279,0.004328561145325205,1
2021-09-13,MSFT,296.989990234375,0.004328561145325205,-0.005180852968618588,-0.009859736648775153,0.9963833656936988,0.9899897463629954,0.0053590314242038225,0.20472765797060122,0.009427988829984413,1
2021-09-14,MSFT,299.7900085449219,0.009427988829984413,0.004328561145325205,-0.005180852968618588,1.0060405121955511,1.0005907991639647,0.007606060513348413,-0.07607946594286541,0.016778407004658824,1
2021-09-15,MSFT,304.82000732421875,0.016778407004658824,0.009427988829984413,0.004328561145325205,1.0197650406211556,1.016381777289458,0.010784003394536253,0.2975692569577275,0.0013122297974978991,1
2021-09-16,MSFT,305.2200012207031,0.0013122297974978991,0.016778407004658824,0.009427988829984413,1.0156868796918317,1.0165664224980555,0.008298838312439041,-0.31053064045732337,-0.01752836014061565,0
2021-09-17,MSFT,299.8699951171875,-0.01752836014061565,0.0013122297974978991,0.016778407004658824,0.9951283762130397,0.999173644529832,0.01281696096575204,1.1161538146776602,-0.018574740437241832,0
2021-09-20,MSFT,294.29998779296875,-0.018574740437241832,-0.01752836014061565,0.0013122297974978991,0.9783909168649226,0.9828542889329002,0.015887492026316202,-0.07477914073357905,0.0016989467235444256,1
2021-09-21,MSFT,294.79998779296875,0.0016989467235444256,-0.018574740437241832,-0.01752836014061565,0.9833156278947862,0.9862962088675938,0.014875832182038607,-0.4157560209724991,0.01282224876464877,1
2021-09-22,MSFT,298.5799865722656,0.01282224876464877,0.0016989467235444256,-0.018574740437241832,1.0000870692530317,0.9994878067188627,0.01359329682815653,0.19058222776682276,0.003282239367677464,1
2021-09-23,MSFT,299.5599975585937,0.003282239367677464,0.01282224876464877,0.0016989467235444256,1.0071884617033429,1.001993558443535,0.013814470828097725,-0.3012697971554441,-0.0007009996554596665,0
2021-09-24,MSFT,299.3500061035156,-0.0007009996554596665,0.003282239367677464,0.01282224876464877,1.0068344768435586,1.0000735289634686,0.011436219052909223,-0.19380153295421565,-0.017304134191298504,0
2021-09-27,MSFT,294.1700134277344,-0.017304134191298504,-0.0007009996554596665,0.003282239367677464,0.9894985910107639,0.983694863894832,0.010931444355042357,0.5715514367624508,-0.03620363710755581,0
2021-09-28,MSFT,283.5199890136719,-0.03620363710755581,-0.017304134191298504,-0.0007009996554596665,0.9609674426894991,0.9532679206442201,0.01933535418098591,0.8321207210341215,0.00169304107268764,1
2021-09-29,MSFT,284.0,0.00169304107268764,-0.03620363710755581,-0.017304134191298504,0.9722032001000566,0.9616133549272488,0.016878092058539487,-0.38976571219509937,-0.007323896381216999,0
2021-09-30,MSFT,281.9200134277344,-0.007323896381216999,0.00169304107268764,-0.03620363710755581,0.9768808876711785,0.9621613669957024,0.015418961317678557,0.22728876780110574,0.025468190741349206,1
2021-10-01,MSFT,289.1000061035156,0.025468190741349206,-0.007323896381216999,0.00169304107268764,1.008927143908236,0.9903059202972808,0.022850226123381515,-0.06979124154392213,-0.020719545574164888,0
2021-10-04,MSFT,283.1099853515625,-0.020719545574164888,0.025468190741349206,-0.007323896381216999,0.9957091638836133,0.9735188379312181,0.023291980815809143,0.04202577252769535,0.019956994477063006,1
2021-10-05,MSFT,288.760009765625,0.019956994477063006,-0.020719545574164888,0.025468190741349206,1.0118509723987759,0.99501393500796,0.01910462184774242,-0.20279292009428818,0.015064328296249263,1
2021-10-06,MSFT,293.1099853515625,0.015064328296249263,0.019956994477063006,-0.020719545574164888,1.0205779434246605,1.0119104630737463,0.01966109019287314,0.12041771696074899,0.005936408989499542,1
2021-10-07,MSFT,294.8500061035156,0.005936408989499542,0.015064328296249263,0.019956994477063006,1.0174749904893872,1.0195754493082272,0.018169825929887022,-0.2704070336325912,0.0,0
2021-10-08,MSFT,294.8500061035156,0.0,0.005936408989499542,0.015064328296249263,1.0134531566669855,1.0211644585860216,0.01587324242257975,-0.13434815594332006,-0.0021027475134928197,0
2021-10-11,MSFT,294.2300109863281,-0.0021027475134928197,0.0,0.005936408989499542,1.0036499089604733,1.0189960336713588,0.009525441645507168,0.09119797350401737,-0.004588267862241868,0
2021-10-12,MSFT,292.8800048828125,-0.004588267862241868,-0.0021027475134928197,0.0,0.9962447010971707,1.0110431890396343,0.007853264600797947,-0.06863192148653274,0.011711255867923098,1
2021-10-13,MSFT,296.3099975585937,0.011711255867923098,-0.004588267862241868,-0.0021027475134928197,1.0057225222734791,1.0185554220779849,0.006592772201487862,0.3027801113824893,0.02173400322117991,1
2021-10-14,MSFT,302.75,0.02173400322117991,0.011711255867923098,-0.004588267862241868,1.022099620556857,1.0332940792117773,0.011088690722629808,0.16427018786059278,0.004822432551868205,1
2021-10-15,MSFT,304.2099914550781,0.004822432551868205,0.02173400322117991,0.011711255867923098,1.0205786123620129,1.032950064539477,0.010710190451490756,-0.06888848948571136,0.010124641452805783,1
2021-10-18,MSFT,307.2900085449219,0.010124641452805783,0.004822432551868205,0.02173400322117991,1.0219563402793586,1.034911311976394,0.009651134727344005,-0.10460984526173145,0.0030590075019274465,1
2021-10-19,MSFT,308.2300109863281,0.0030590075019274465,0.010124641452805783,0.004822432551868205,1.014722276457521,1.0313145427969128,0.0073347472240907685,-0.22205699251626754,-0.002660374703925661,0
2021-10-20,MSFT,307.4100036621094,-0.002660374703925661,0.0030590075019274465,0.010124641452805783,1.0046800773869713,1.0236729133050737,0.0092139196010024,-0.0647547519808167,0.010897518179654897,1
2021-10-21,MSFT,310.760009765625,0.010897518179654897,-0.002660374703925661,0.0030590075019274465,1.0103387893631905,1.0293747606495218,0.005550087199958994,0.023039106010122712,-0.005148687261022911,0
2021-10-22,MSFT,309.1600036621094,-0.005148687261022911,0.010897518179654897,-0.002660374703925661,1.0019120339757153,1.0192435108180082,0.0072672568185781165,0.03139832487099614,-0.0033316042408337854,0
2021-10-25,MSFT,308.1300048828125,-0.0033316042408337854,-0.005148687261022911,0.010897518179654897,0.9980306871975492,1.0112138349958029,0.006542434129395542,0.0060288951419253944,0.006425795727043937,1
2021-10-26,MSFT,310.1099853515625,0.006425795727043937,-0.0033316042408337854,-0.005148687261022911,1.0032220600878605,1.0119893998930356,0.007019399681908831,0.6011450055541314,0.042114181074711654,1
2021-10-27,MSFT,323.1700134277344,0.042114181074711654,0.006425795727043937,-0.0033316042408337854,1.0349189789807844,1.0454448732528645,0.0190521143894401,0.8709979258057516,0.0036513062064933433,1
2021-10-28,MSFT,324.3500061035156,0.0036513062064933433,0.042114181074711654,0.006425795727043937,1.0297348542723261,1.0419812329671212,0.019259449284493187,-0.49993249500367953,0.022414024593394588,1
2021-10-29,MSFT,331.6199951171875,0.022414024593394588,0.0036513062064933433,0.042114181074711654,1.0380122265944975,1.0560372671244473,0.018205267523925442,0.3220067001547653,-0.006784874353565118,0
2021-11-01,MSFT,329.3699951171875,-0.006784874353565118,0.022414024593394588,0.0036513062064933433,1.0174407708751343,1.0415487165803397,0.01908355260825687,-0.22127365817177702,0.011415762884798397,1
2021-11-02,MSFT,333.1300048828125,0.011415762884798397,-0.006784874353565118,0.022414024593394588,1.0146256241023504,1.045208827112776,0.01874438625205254,-0.021648715334722124,0.0026115783761164746,1
2021-11-03,MSFT,334.0,0.0026115783761164746,0.011415762884798397,-0.006784874353565118,1.0106083612812016,1.0392681501557135,0.010920315491273931,-0.18828033269025302,0.007305396531156472,1
2021-11-04,MSFT,336.44000244140625,0.007305396531156472,0.0026115783761164746,0.011415762884798397,1.010597403923145,1.0385617484917586,0.010789990586469308,0.11591108878563361,-0.0011294878137410036,0
2021-11-05,MSFT,336.0599975585937,-0.0011294878137410036,0.007305396531156472,0.0026115783761164746,1.0067705139562424,1.0288453794605275,0.007102966003149179,-0.0592734305315894,0.002767341196624251,1
2021-11-08,MSFT,336.989990234375,0.002767341196624251,-0.0011294878137410036,0.007305396531156472,1.0049683029421972,1.0226568967148473,0.004845438849281839,-0.07412904683630117,-0.003086079876201797,0
2021-11-09,MSFT,335.95001220703125,-0.003086079876201797,0.002767341196624251,-0.0011294878137410036,1.0001846202265632,1.0115685574520228,0.0040094584788498795,0.019639182657797738,-0.015329734266801509,0
2021-11-10,MSFT,330.79998779296875,-0.015329734266801509,-0.003086079876201797,0.002767341196624251,0.9867321795213694,0.9937783364791303,0.008498256962107528,0.19680955912030562,0.004927463551881006,1
2021-11-11,MSFT,332.42999267578125,0.004927463551881006,-0.015329734266801509,-0.003086079876201797,0.9939721107697052,0.9962568662241921,0.007900183573050546,-0.3392468501111725,0.012904998464160489,1
2021-11-12,MSFT,336.7200012207031,0.012904998464160489,0.004927463551881006,-0.015329734266801509,1.0064021077741228,1.0075735671121306,0.010512465692636072,0.4143194577977187,-0.0019303691320027294,0
2021-11-15,MSFT,336.07000732421875,-0.0019303691320027294,0.012904998464160489,0.004927463551881006,1.0050120728208476,1.0036164704898303,0.01046190816940657,-0.2982669631991943,0.010235969787353083,1
2021-11-16,MSFT,339.510009765625,0.010235969787353083,-0.0019303691320027294,0.012904998464160489,1.0131421401376703,1.011961387559634,0.011302179491130802,0.2489864258805239,-0.0011487574363616693,0
2021-11-17,MSFT,339.1199951171875,-0.0011487574363616693,0.010235969787353083,-0.0019303691320027294,1.0069780380911788,1.0092586671392405,0.006628477451688898,-0.0877779267288431,0.0063399207579648564,1
2021-11-18,MSFT,341.2699890136719,0.0063399207579648564,-0.0011487574363616693,0.010235969787353083,1.008069961190325,1.0141994185505832,0.006654772999487811,0.17897593080500074,0.0053916148419863585,1
2021-11-19,MSFT,343.1099853515625,0.0053916148419863585,0.0063399207579648564,-0.0011487574363616693,1.0096934460506322,1.0175357085994958,0.0051896767977649425,-0.02226278184610586,-0.009559613299904623,0
2021-11-22,MSFT,339.8299865722656,-0.009559613299904623,0.0053916148419863585,0.0063399207579648564,0.9978330124773606,1.006960361890313,0.007768388037142548,0.4128550224464336,-0.006326675047633512,0
2021-11-23,MSFT,337.67999267578125,-0.006326675047633512,-0.009559613299904623,0.0053916148419863585,0.9925867656676706,1.0000769957566291,0.0070066277376676055,-0.01944823096828663,0.0006811507679371775,1
2021-11-24,MSFT,337.9100036621094,0.0006811507679371775,-0.006326675047633512,-0.009559613299904623,0.9939699145649624,0.9986553199039333,0.0070485444179937155,-0.28810356386964464,-0.024355629892974906,0
2021-11-26,MSFT,329.67999267578125,-0.024355629892974906,0.0006811507679371775,-0.006326675047633512,0.9764188113565646,0.9751249556236372,0.011408735794996312,0.1179938415515227,0.02108108578449941,1
2021-11-29,MSFT,336.6300048828125,0.02108108578449941,-0.024355629892974906,0.0006811507679371775,1.0008443947374457,0.9957081532667185,0.01659206247162476,0.17947161521563193,-0.017942573321782507,0
2021-11-30,MSFT,330.5899963378906,-0.017942573321782507,0.02108108578449941,-0.024355629892974906,0.9883168158500107,0.9794301613235656,0.017718036730575377,0.5014126420081573,-0.001542725948379009,0
2021-12-01,MSFT,330.0799865722656,-0.001542725948379009,-0.017942573321782507,0.02108108578449941,0.9912966914284755,0.9806589416093155,0.01778268159604625,-0.22263883448057153,-0.0017874344458671532,0
2021-12-02,MSFT,329.489990234375,-0.0017874344458671532,-0.001542725948379009,-0.017942573321782507,0.9945546736791001,0.9817148122911171,0.017639486800045616,-0.07713812631983108,-0.019666699022148237,0
2021-12-03,MSFT,323.010009765625,-0.019666699022148237,-0.0017874344458671532,-0.001542725948379009,0.9789368776688315,0.9676723998035837,0.01643039334733256,0.3579698368328674,0.009844873470294724,1
2021-12-06,MSFT,326.19000244140625,0.009844873470294724,-0.019666699022148237,-0.0017874344458671532,0.9948699655843267,0.982177555556936,0.012428164823483882,-0.2811607662167629,0.02676357620094838,1
2021-12-07,MSFT,334.9200134277344,0.02676357620094838,0.009844873470294724,-0.019666699022148237,1.0188052884980465,1.0099572826790137,0.017091733693036733,0.03294087092026654,0.00014925292895195952,1
2021-12-08,MSFT,334.9700012207031,0.00014925292895195952,0.02676357620094838,0.009844873470294724,1.0159349189856401,1.0109341599510424,0.017002697931771338,-0.20182193869492193,-0.005582574888416403,0
2021-12-09,MSFT,333.1000061035156,-0.005582574888416403,0.00014925292895195952,0.02676357620094838,1.0080559725534455,1.0067519954750022,0.01735430946320372,-0.10285529663583859,0.028339844696588345,1
2021-12-10,MSFT,342.5400085449219,0.028339844696588345,-0.005582574888416403,0.00014925292895195952,1.024513680645267,1.031274857687785,0.015322682310913086,0.7149255881373175,-0.009166855170512744,0
2021-12-13,MSFT,339.3999938964844,-0.009166855170512744,0.028339844696588345,-0.005582574888416403,1.0071634703654855,1.0209698703304273,0.01807312860222729,-0.24139994802563014,-0.032586911483466374,0
2021-12-14,MSFT,328.3399963378906,-0.032586911483466374,-0.009166855170512744,0.028339844696588345,0.9781630623643577,0.9883685792264314,0.021847359848185702,0.5377032049108286,0.019217876679575197,1
2021-12-15,MSFT,334.6499938964844,0.019217876679575197,-0.032586911483466374,-0.009166855170512744,0.997151404146319,1.005979036617103,0.02423616592937688,-0.20382234403796695,-0.029134917608921063,0
2021-12-16,MSFT,324.8999938964844,-0.029134917608921063,0.019217876679575197,-0.032586911483466374,0.9728535135586499,0.9780193737132538,0.02765134840057849,-0.009787711518296494,-0.0033856759747004084,0
2021-12-17,MSFT,323.79998779296875,-0.0033856759747004084,-0.029134917608921063,0.019217876679575197,0.980564337789113,0.9744763860433729,0.021031688991549433,0.36293913480311013,-0.012013540078780194,0
2021-12-20,MSFT,319.9100036621094,-0.012013540078780194,-0.0033856759747004084,-0.029134917608921063,0.9803567309665588,0.9645925222442054,0.021007793622392825,-0.4067785961554168,0.02306900315192184,1
2021-12-21,MSFT,327.2900085449219,0.02306900315192184,-0.012013540078780194,-0.0033856759747004084,1.00361844468174,0.9891202790916407,0.02182388045036548,-0.1265917074117876,0.01805739102267223,1
2021-12-22,MSFT,333.20001220703125,0.01805739102267223,0.02306900315192184,-0.012013540078780194,1.0226505768788854,1.0075201510526592,0.021567087833052775,0.0036741226971050978,0.004471759243061424,1
2021-12-23,MSFT,334.69000244140625,0.004471759243061424,0.01805739102267223,0.02306900315192184,1.0210874416523963,1.0115392124988738,0.01459141606512217,-0.20996315164206758,0.02318566347670803,1
2021-12-27,MSFT,342.45001220703125,0.02318566347670803,0.004471759243061424,0.01805739102267223,1.0330067574135946,1.0350205725682535,0.015129211627122146,0.016780678771319835,-0.0035041967126745455,0
2021-12-28,MSFT,341.25,-0.0035041967126745455,0.02318566347670803,0.004471759243061424,1.0163025135938806,1.0308172798733426,0.011998057456731586,-0.21484433749436005,0.002051317822802101,1
2021-12-29,MSFT,341.95001220703125,0.002051317822802101,-0.0035041967126745455,0.02318566347670803,1.0095716792037759,1.0287026207004086,0.011272804843531542,-0.039555598122785196,-0.007691196926234323,0
2021-12-30,MSFT,339.32000732421875,-0.007691196926234323,0.002051317822802101,-0.0035041967126745455,0.9981996414005989,1.0193585696112544,0.01188133650349751,0.06332269644994026,-0.008841211644598168,0
2021-12-31,MSFT,336.32000732421875,-0.008841211644598168,-0.007691196926234323,0.002051317822802101,0.9884264281872499,1.0068918498886534,0.013095562622769875,0.12543686892369244,-0.004668194844278828,0
2022-01-03,MSFT,334.75,-0.004668194844278828,-0.008841211644598168,-0.007691196926234323,0.9882852245579727,0.9989167636449305,0.004270972486146128,0.603545397982312,-0.017147095547050073,0
2022-01-04,MSFT,329.010009765625,-0.017147095547050073,-0.004668194844278828,-0.008841211644598168,0.9784102138148945,0.9791294129086093,0.00696166126642788,0.13196559166606048,-0.03838790464706432,0
2022-01-05,MSFT,316.3800048828125,-0.03838790464706432,-0.017147095547050073,-0.004668194844278828,0.9553805435652069,0.9446096474075931,0.013684819264829267,0.2258655885512466,-0.007901890010166723,0
2022-01-06,MSFT,313.8800048828125,-0.007901890010166723,-0.03838790464706432,-0.017147095547050073,0.9626212928361056,0.9425825799692042,0.013655644676423787,-0.01019116549284349,0.0005097606079402794,1
2022-01-07,MSFT,314.0400085449219,0.0005097606079402794,-0.007901890010166723,-0.03838790464706432,0.9764561119046925,0.9489476851158479,0.015316007119673613,-0.17469814180966092,0.0007323285648079825,1
2022-01-10,MSFT,314.2699890136719,0.0007323285648079825,0.0005097606079402794,-0.007901890010166723,0.9897768478774157,0.9577985438261237,0.016257701871408427,0.353591075794621,0.0022592738647575494,1
2022-01-11,MSFT,314.9800109863281,0.0022592738647575494,0.0007323285648079825,0.0005097606079402794,1.0008579559628763,0.9677102389337215,0.01714498171645214,-0.33648381670599126,0.010445037502670562,1
2022-01-12,MSFT,318.2699890136719,0.010445037502670562,0.0022592738647575494,0.0007323285648079825,1.0100987296261985,0.9849839561760019,0.006521731596280774,0.169647596880232,-0.04232256161646608,0
2022-01-13,MSFT,304.79998779296875,-0.04232256161646608,0.010445037502670562,0.0022592738647575494,0.9729563786212201,0.9534832378047636,0.020887539384322376,0.3198456892488697,0.017716616241239436,1
2022-01-14,MSFT,310.20001220703125,0.017716616241239436,-0.04232256161646608,0.010445037502670562,0.9926273404119537,0.9783699213866622,0.023424701001070216,-0.12166820967244196,-0.024339194111662077,0
2022-01-18,MSFT,302.6499938964844,-0.024339194111662077,0.017716616241239436,-0.04232256161646608,0.9757237574555208,0.964320285096768,0.025243799659992735,0.062409653067780235,0.0022467956038150216,1
2022-01-19,MSFT,303.3299865722656,0.0022467956038150216,-0.024339194111662077,0.017716616241239436,0.9853175006859393,0.9744602536680554,0.02524262534404516,0.08505617340527061,-0.005703295240603756,0
2022-01-20,MSFT,301.6000061035156,-0.005703295240603756,0.0022467956038150216,-0.024339194111662077,0.9904241772627587,0.9735250488152503,0.023376608999923804,-0.2297475285137992,-0.018468193672075084,0
2022-01-21,MSFT,296.0299987792969,-0.018468193672075084,-0.005703295240603756,0.0022467956038150216,0.977764710421787,0.9610833181992333,0.016747651830061598,0.6388709098463285,0.0011485198773524274,1
2022-01-24,MSFT,296.3699951171875,0.0011485198773524274,-0.018468193672075084,-0.005703295240603756,0.9879131687629945,0.9677387692097693,0.011887872336953367,0.47852698311959774,-0.026588403052396292,0
2022-01-25,MSFT,288.489990234375,-0.026588403052396292,0.0011485198773524274,-0.018468193672075084,0.9708107130663449,0.9500052458494478,0.01263162200868769,-0.15027032071059065,0.028493193867922484,1
2022-01-26,MSFT,296.7099914550781,0.028493193867922484,-0.026588403052396292,0.0011485198773524274,1.002940762330844,0.9829879449877384,0.02123988368274698,0.24132653201296939,0.010549037689842722,1
2022-01-27,MSFT,299.8399963378906,0.010549037689842722,0.028493193867922484,-0.026588403052396292,1.0147281853605805,0.9994600052200987,0.02217963849567537,-0.4085817697660814,0.0280816886691988,1
2022-01-28,MSFT,308.260009765625,0.0280816886691988,0.010549037689842722,0.028493193867922484,1.0346587274431793,1.0263428149020497,0.022762227578198107,-0.06988610972433351,0.008823723916609127,1
2022-01-31,MSFT,310.9800109863281,0.008823723916609127,0.0280816886691988,0.010549037689842722,1.0336506875006124,1.035130158955701,0.022412384276914752,-0.06632397670458767,-0.007138726420588881,0
2022-02-01,MSFT,308.760009765625,-0.007138726420588881,0.008823723916609127,0.0280816886691988,1.0126266965900603,1.0256546878504402,0.014946668679955257,-0.11829387763890231,0.015222119253788025,1
2022-02-02,MSFT,313.4599914550781,0.015222119253788025,-0.007138726420588881,0.008823723916609127,1.016868837121888,1.037775174491237,0.012683704747627861,-0.10535672423224196,-0.03895231221821793,0
2022-02-03,MSFT,301.25,-0.03895231221821793,0.015222119253788025,-0.007138726420588881,0.9763662506541346,0.9974670152436321,0.025783271945526057,0.19363467627470254,0.015568472834543545,1
2022-02-04,MSFT,305.94000244140625,0.015568472834543545,-0.03895231221821793,0.015222119253788025,0.9930601975215698,1.0096829854455387,0.022977177914026693,-0.1974273953807455,-0.016310355607487725,0
2022-02-07,MSFT,300.95001220703125,-0.016310355607487725,0.015568472834543545,-0.03895231221821793,0.9832654051540678,0.9917156919908876,0.02295927612349059,-0.18700440214836234,0.01199529890392248,1
2022-02-08,MSFT,304.5599975585937,0.01199529890392248,-0.016310355607487725,0.015568472834543545,0.9977983855814081,0.9983249648934464,0.024342112644185156,0.13625833675039334,0.021834758175045765,1
2022-02-09,MSFT,311.2099914550781,0.021834758175045765,0.01199529890392248,-0.016310355607487725,1.0210904538562289,1.015297448540883,0.02568780796046387,-0.03505422377950229,-0.028373081889114693,0
2022-02-10,MSFT,302.3800048828125,-0.028373081889114693,0.021834758175045765,0.01199529890392248,0.9913838430092097,0.9856735453500954,0.021963801261315228,0.4507474899871182,-0.02427407969893791,0
2022-02-11,MSFT,295.0400085449219,-0.02427407969893791,-0.028373081889114693,0.021834758175045765,0.9742824497423579,0.9659096676578995,0.02255075714177023,-0.136838951046794,-0.0001356037952926492,0
2022-02-14,MSFT,295.0,-0.0001356037952926492,-0.02427407969893791,-0.028373081889114693,0.9779934873008842,0.9708578046183419,0.022040212904195756,-0.07188402985531805,0.0185423770193327,1
2022-02-15,MSFT,300.4700012207031,0.0185423770193327,-0.0001356037952926492,-0.02427407969893791,0.9988365135344068,0.9915650810569979,0.023367057942319257,-0.2558120986262188,-0.0032282797509314287,0
2022-02-16,MSFT,299.5,-0.0032282797509314287,0.0185423770193327,-0.0001356037952926492,1.0034240281035158,0.9929383621717851,0.01915556333759127,0.10805556890122436,-0.02928210021259392,0
2022-02-17,MSFT,290.7300109863281,-0.02928210021259392,-0.0032282797509314287,0.0185423770193327,0.9817051167384834,0.9672364848812205,0.019405945602342118,0.08269934394188527,-0.009630991658025057,0
2022-02-18,MSFT,287.92999267578125,-0.009630991658025057,-0.02928210021259392,-0.0032282797509314287,0.9769412665381983,0.9636953004868642,0.01726116367040307,0.055524065357221986,-0.0007293142792337282,0
2022-02-22,MSFT,287.7200012207031,-0.0007293142792337282,-0.009630991658025057,-0.02928210021259392,0.9810754595529759,0.9672756136887508,0.017223512312869914,0.21807436376371703,-0.025893271845625065,0
2022-02-23,MSFT,280.2699890136719,-0.025893271845625065,-0.0007293142792337282,-0.009630991658025057,0.9690211603103379,0.9499872519741442,0.013095001265052995,-0.09404089026046991,0.05109361646109112,1
2022-02-24,MSFT,294.5899963378906,0.05109361646109112,-0.025893271845625065,-0.0007293142792337282,1.0220018814839584,1.0041825173848342,0.032365235338890845,0.5072174382193635,0.009233175785043457,1
2022-02-25,MSFT,297.3099975585937,0.009233175785043457,0.05109361646109112,-0.025893271845625065,1.0267505709319966,1.0152088323491661,0.028912171631244456,-0.42890206475907044,0.004978006116449274,1
2022-02-28,MSFT,298.7900085449219,0.004978006116449274,0.009233175785043457,0.05109361646109112,1.0241794295019633,1.0189577800222038,0.027804318192119263,0.06393274894228917,-0.012851823113466998,0
2022-03-01,MSFT,294.95001220703125,-0.012851823113466998,0.004978006116449274,0.009233175785043457,1.0060304229802393,1.0058794623421086,0.0292195869164889,-0.09846798065121654,0.01776568915920884,1
2022-03-02,MSFT,300.19000244140625,0.01776568915920884,-0.012851823113466998,0.004978006116449274,1.010176127109615,1.0238473704342252,0.02353320327446769,0.0209880260620543,-0.014224287880824193,0
2022-03-03,MSFT,295.9200134277344,-0.014224287880824193,0.01776568915920884,-0.012851823113466998,0.9949165073917645,1.0105177262691234,0.014038767970207127,-0.14302073855614472,-0.02047860165311788,0
2022-03-04,MSFT,289.8599853515625,-0.02047860165311788,-0.014224287880824193,0.01776568915920884,0.9794486117122442,0.9901178996369857,0.015844208628993287,0.18459060206117628,-0.03777679653220234,0
2022-03-07,MSFT,278.9100036621094,-0.03777679653220234,-0.02047860165311788,-0.014224287880824193,0.9552824657562311,0.9556588900803792,0.020103177045274753,0.33380309984083567,-0.010971272160968604,0
2022-03-08,MSFT,275.8500061035156,-0.010971272160968604,-0.03777679653220234,-0.02047860165311788,0.9573272021822739,0.9490339523068876,0.02013620779371168,0.11590881706876255,0.045858233157831885,1
2022-03-09,MSFT,288.5,0.045858233157831885,-0.010971272160968604,-0.03777679653220234,1.0094189045615198,0.98975253600604,0.03158121915466637,-0.2690019622296743,-0.010086667806271654,0
2022-03-10,MSFT,285.5899963378906,-0.010086667806271654,0.045858233157831885,-0.010971272160968604,1.0065129521114446,0.9828037517800047,0.031415354130118554,-0.12999758553593999,-0.019328369636382514,0
2022-03-11,MSFT,280.07000732421875,-0.019328369636382514,-0.010086667806271654,0.045858233157831885,0.993917343266499,0.9695599778854977,0.03129312422095861,-0.11162008619563801,-0.012961062548230262,0
2022-03-14,MSFT,276.44000244140625,-0.012961062548230262,-0.019328369636382514,-0.010086667806271654,0.9827580078996576,0.9644556694246638,0.026718181090914533,0.12684633562789194,0.03874255303317842,1
2022-03-15,MSFT,287.1499938964844,0.03874255303317842,-0.012961062548230262,-0.019328369636382514,1.012696151989012,1.0045548431083913,0.031187714013537225,0.11690535441134742,0.0252133759562716,1
2022-03-16,MSFT,294.3900146484375,0.0252133759562716,0.03874255303317842,-0.012961062548230262,1.0339341814620742,1.031976990952144,0.02591755110602331,0.10457554511448364,0.002819343493211779,1
2022-03-17,MSFT,295.2200012207031,0.002819343493211779,0.0252133759562716,0.03874255303317842,1.029882705972091,1.035140499174131,0.024740497263297464,-0.18531286432984462,0.017647826819102264,1
2022-03-18,MSFT,300.42999267578125,0.017647826819102264,0.002819343493211779,0.0252133759562716,1.0333784789341944,1.049518753398386,0.020016985504797767,0.4080268426757008,-0.004227237774633297,0
2022-03-21,MSFT,299.1600036621094,-0.004227237774633297,0.017647826819102264,0.002819343493211779,1.013174390982234,1.0377410911681306,0.01723142862474135,-0.3466050250515088,0.016379174476875313,1
2022-03-22,MSFT,304.0599975585937,0.016379174476875313,-0.004227237774633297,0.017647826819102264,1.0181080172578838,1.0445171831720175,0.011961777613664232,-0.02650681452636927,-0.0150299525123756,0
2022-03-23,MSFT,299.489990234375,-0.0150299525123756,0.016379174476875313,-0.004227237774633297,0.9993926465011184,1.0249486318767111,0.013870518972094226,-0.06827248122262197,0.01539288797442917,1
2022-03-24,MSFT,304.1000061035156,0.01539288797442917,-0.0150299525123756,0.016379174476875313,1.0087975640038194,1.0341743612284255,0.014819543497601534,-0.04786625912877107,-0.001381168757988771,0
2022-03-25,MSFT,303.67999267578125,-0.001381168757988771,0.01539288797442917,-0.0150299525123756,1.0052366935204278,1.024519901947408,0.013473150385998502,-0.07833527333619228,0.023116503228926222,1
2022-03-28,MSFT,310.70001220703125,0.023116503228926222,-0.001381168757988771,0.01539288797442917,1.0206763745005676,1.0362262678548464,0.015582806488800791,0.3107127822214344,0.01515928957202517,1
2022-03-29,MSFT,315.4100036621094,0.01515928957202517,0.023116503228926222,-0.001381168757988771,1.0284795766794101,1.0421127128947516,0.015421573636169087,0.027560838725818382,-0.004914296606163937,0
2022-03-30,MSFT,313.8599853515625,-0.004914296606163937,0.01515928957202517,0.023116503228926222,1.0139233899259004,1.0303632727015233,0.012024261023514877,-0.07336461205393274,-0.017683005327207013,0
2022-03-31,MSFT,308.3099975585937,-0.017683005327207013,-0.004914296606163937,0.01515928957202517,0.993292350499094,1.0078124980516263,0.0162944830666227,0.1867126361686715,0.0036003239529387443,1
2022-04-01,MSFT,309.4200134277344,0.0036003239529387443,-0.017683005327207013,-0.004914296606163937,0.9931951306507721,1.0084773536890612,0.01612175209760237,-0.18884510548409583,0.017936744722768072,1
2022-04-04,MSFT,314.9700012207031,0.017936744722768072,0.0036003239529387443,-0.017683005327207013,1.0082460001618128,1.0213035059037068,0.014676303305742957,-0.10405193559690895,-0.012985352008252793,0
2022-04-05,MSFT,310.8800048828125,-0.012985352008252793,0.017936744722768072,0.0036003239529387443,0.9980480930099532,1.005817239910865,0.014148249061606931,-0.04664136091166593,-0.036605779413514394,0
2022-04-06,MSFT,299.5,-0.036605779413514394,-0.012985352008252793,0.017936744722768072,0.9704616633064792,0.9689953777593786,0.02084229111253879,0.7321293621284553,0.006243723262729484,1
2022-04-07,MSFT,301.3699951171875,0.006243723262729484,-0.036605779413514394,-0.012985352008252793,0.9809327022386021,0.975907498207768,0.021137274514296322,-0.2168814073158084,-0.01459997334762353,0
2022-04-08,MSFT,296.9700012207031,-0.01459997334762353,0.006243723262729484,-0.036605779413514394,0.974509253013633,0.9637533704235913,0.020989892539393804,-0.22441995211898935,-0.039431563480970766,0
2022-04-11,MSFT,285.260009765625,-0.039431563480970766,-0.01459997334762353,0.006243723262729484,0.9546982143934304,0.9334577091449476,0.018835220786832765,0.41899030863766784,-0.011217878768427836,0
2022-04-12,MSFT,282.0599975585937,-0.011217878768427836,-0.039431563480970766,-0.01459997334762353,0.9625569796254194,0.9331701084795603,0.01900332000641183,-0.10421385448938802,0.01971210950407376,1
2022-04-13,MSFT,287.6199951171875,0.01971210950407376,-0.011217878768427836,-0.039431563480970766,0.9895546465883311,0.9598979882053955,0.022431018898633304,-0.2925561974637272,-0.02708437757169113,0
2022-04-14,MSFT,279.8299865722656,-0.02708437757169113,0.01971210950407376,-0.011217878768427836,0.9772374470257608,0.9428615244278207,0.022142703122346046,0.28823400525854503,0.0024657916396249036,1
2022-04-18,MSFT,280.5199890136719,0.0024657916396249036,-0.02708437757169113,0.01971210950407376,0.9910336163217435,0.9544807752277734,0.023407305913729994,-0.263755421379369,0.017039779575436675,1
2022-04-19,MSFT,285.29998779296875,0.017039779575436675,0.0024657916396249036,-0.02708437757169113,1.007892140530462,0.980644864332349,0.019648398087633245,0.07313985946674362,0.0037153789132404746,1
2022-04-20,MSFT,286.3599853515625,0.0037153789132404746,0.017039779575436675,0.0024657916396249036,1.0085726445563494,0.9926545452598958,0.018588523891052065,0.027312233997228486,-0.01938115685456232,0
2022-04-21,MSFT,280.8099975585937,-0.01938115685456232,0.0037153789132404746,0.017039779575436675,0.9937925858711654,0.9797634518704688,0.018106413687479807,0.2858508645942017,-0.024144435163431455,0
2022-04-22,MSFT,274.0299987792969,-0.024144435163431455,-0.01938115685456232,0.0037153789132404746,0.9737957060402909,0.9653158552622484,0.01722182881394303,-0.0016567870553325648,0.024413394413778544,1
2022-04-25,MSFT,280.7200012207031,0.024413394413778544,-0.024144435163431455,-0.01938115685456232,0.9974275772978117,0.9945757723439297,0.021553509467948914,0.21332866305286702,-0.037403818589131665,0
2022-04-26,MSFT,270.2200012207031,-0.037403818589131665,0.024413394413778544,-0.024144435163431455,0.9705202217484143,0.9625036313045766,0.024545188139763544,0.30380701198747717,0.048108948047047795,1
2022-04-27,MSFT,283.2200012207031,0.048108948047047795,-0.037403818589131665,0.024413394413778544,1.0195104435590465,1.008392016332022,0.03624216324070598,0.3645718683359702,0.0226325952774582,1
2022-04-28,MSFT,289.6300048828125,0.0226325952774582,0.048108948047047795,-0.037403818589131665,1.03600607862681,1.0304770787537982,0.03598206716788264,-0.46994613856519696,-0.041812021078549755,0
2022-04-29,MSFT,277.5199890136719,-0.041812021078549755,0.0226325952774582,0.048108948047047795,0.9902162601322189,0.9882029296997167,0.04037077798436135,0.10186170370854697,0.025043285104370927,1
2022-05-02,MSFT,284.4700012207031,0.025043285104370927,-0.041812021078549755,0.0226325952774582,1.0123055304221633,1.0115280286142179,0.0404544677817346,-0.05186397978092405,-0.009456190212897897,0
2022-05-03,MSFT,281.7799987792969,-0.009456190212897897,0.025043285104370927,-0.041812021078549755,0.9945504078388611,1.0032185051808316,0.03498281785301564,-0.2609448921939854,0.029100760318527374,1
2022-05-04,MSFT,289.9800109863281,0.029100760318527374,-0.009456190212897897,0.025043285104370927,1.0186317427235545,1.0310840301910449,0.03038825182024357,0.2933452918940975,-0.04355474310057872,0
2022-05-05,MSFT,277.3500061035156,-0.04355474310057872,0.029100760318527374,-0.009456190212897897,0.9827439759899262,0.9873901883203307,0.03492043076597304,0.28753872848541495,-0.009446529870309917,0
2022-05-06,MSFT,274.7300109863281,-0.009446529870309917,-0.04355474310057872,0.029100760318527374,0.9753889609151768,0.9778190946808173,0.0297315905370548,-0.12667705337907187,-0.03694545192795706,0
2022-05-09,MSFT,264.5799865722656,-0.03694545192795706,-0.009446529870309917,-0.04355474310057872,0.9528096109730871,0.9471339889017037,0.028718522690304192,0.2632509535392784,0.01859556155956854,1
2022-05-10,MSFT,269.5,0.01859556155956854,-0.03694545192795706,-0.009446529870309917,0.9791881535718922,0.9649951985047833,0.032352932019594355,-0.17578678288563887,-0.03320969279046848,0
2022-05-11,MSFT,260.54998779296875,-0.03320969279046848,0.01859556155956854,-0.03694545192795706,0.9673574468377287,0.9405831151241316,0.02556023801407653,0.2450529280767939,-0.019957712274333406,0
2022-05-12,MSFT,255.3500061035156,-0.019957712274333406,-0.03320969279046848,0.01859556155956854,0.9637958789117156,0.9333616235461787,0.02230562724613775,0.042018625487229455,0.022596392699253842,1
2022-05-13,MSFT,261.1199951171875,0.022596392699253842,-0.019957712274333406,-0.03320969279046848,0.9958050491172177,0.9602082612241213,0.028477628590251748,-0.31564766879989337,0.0014552883345526624,1
2022-05-16,MSFT,261.5,0.0014552883345526624,0.022596392699253842,-0.019957712274333406,0.9996024609577533,0.9697972132264508,0.024174206024441675,-0.06797976240583425,0.020344196268522907,1
2022-05-17,MSFT,266.82000732421875,0.020344196268522907,0.0014552883345526624,0.022596392699253842,1.022032604810922,0.9950475343132408,0.024558130952764733,-0.11434706874464295,-0.047747564438387124,0
2022-05-18,MSFT,254.0800018310547,-0.047747564438387124,0.020344196268522907,0.0014552883345526624,0.9780809465202279,0.9603943243266173,0.02956381114562252,0.08766233766233755,-0.003699631748394272,0
2022-05-19,MSFT,253.13999938964844,-0.003699631748394272,-0.047747564438387124,0.020344196268522907,0.9761232654462789,0.9656782516820253,0.028329199221992535,0.04261704299017732,-0.002291229487450308,0
2022-05-20,MSFT,252.55999755859372,-0.002291229487450308,-0.003699631748394272,-0.047747564438387124,0.9803586536832034,0.9716835924045841,0.02505370188233331,0.19903769389122217,0.03203197820752979,1
2022-05-23,MSFT,260.6499938964844,0.03203197820752979,-0.002291229487450308,-0.003699631748394272,1.0124295742726137,1.0043270835014124,0.03057094094671554,-0.15367366253989234,-0.003951654722485598,0
2022-05-24,MSFT,259.6199951171875,-0.003951654722485598,0.03203197820752979,-0.002291229487450308,1.0141010022773331,1.004181174641879,0.028322969824768843,-0.12453504705293683,0.011170148490201592,1
2022-05-25,MSFT,262.5199890136719,0.011170148490201592,-0.003951654722485598,0.03203197820752979,1.018711802622469,1.0146249091735933,0.015525238215218711,-0.017077596328316735,0.012875228646442194,1
2022-05-26,MSFT,265.8999938964844,0.012875228646442194,0.011170148490201592,-0.003951654722485598,1.0217098948415242,1.0235150434202185,0.01449794608593795,-0.1242052830505922,0.027604349403438144,1
2022-05-27,MSFT,273.239990234375,0.027604349403438144,0.012875228646442194,0.011170148490201592,1.0334889065842763,1.046884493883237,0.014342514280191601,0.07634158730666618,-0.005013889496967017,0
2022-05-31,MSFT,271.8699951171875,-0.005013889496967017,0.027604349403438144,0.012875228646442194,1.0196527119429435,1.0375133526052316,0.013499172334219324,0.40566984259107874,0.0020230930975291272,1
2022-06-01,MSFT,272.4200134277344,0.0020230930975291272,-0.005013889496967017,0.027604349403438144,1.0119990234919034,1.0373953411790318,0.012331236080185418,-0.3313841444232666,0.007928834292874942,1
2022-06-02,MSFT,274.5799865722656,0.007928834292874942,0.0020230930975291272,-0.005013889496967017,1.0109645391718889,1.037521221695299,0.01232191196510573,0.7399909853630764,-0.016607173798493968,0
2022-06-03,MSFT,270.0199890136719,-0.016607173798493968,0.007928834292874942,0.0020230930975291272,0.9911682221790317,1.0138245188690092,0.016424908892636345,-0.36241427733922316,-0.004703314811288162,0
2022-06-06,MSFT,268.75,-0.004703314811288162,-0.016607173798493968,0.007928834292874942,0.9897690224999144,1.0029594501617394,0.009170692041887737,-0.20167147795716167,0.013953488372093092,1
2022-06-07,MSFT,272.5,0.013953488372093092,-0.004703314811288162,-0.016607173798493968,1.0031142637476662,1.0124767030791944,0.011813464977274493,0.020553296161212042,-0.007669711331708684,0
2022-06-08,MSFT,270.4100036621094,-0.007669711331708684,0.013953488372093092,-0.004703314811288162,0.9968959041762523,1.000699455523781,0.012290587275703084,-0.24008013752859714,-0.020783236718601383,0
2022-06-09,MSFT,264.7900085449219,-0.020783236718601383,-0.007669711331708684,0.013953488372093092,0.9832748160184205,0.9790791962121588,0.013480691290443249,0.5219458563345096,-0.044563626537879375,0
2022-06-10,MSFT,252.9900054931641,-0.044563626537879375,-0.020783236718601383,-0.007669711331708684,0.9514908612831315,0.9399347081404603,0.021681065694448234,0.18847036842324227,-0.04241278609173382,0
2022-06-13,MSFT,242.25999450683597,-0.04241278609173382,-0.044563626537879375,-0.020783236718601383,0.9296595887684073,0.9105498962271124,0.024549734928849234,0.4682268925748183,0.00920503193631994,1
2022-06-14,MSFT,244.4900054931641,0.00920503193631994,-0.04241278609173382,-0.044563626537879375,0.9588294433419235,0.9284865425461339,0.022932180686901327,-0.37897467909952787,0.029735321895909328,1
2022-06-15,MSFT,251.75999450683597,0.029735321895909328,0.00920503193631994,-0.04241278609173382,1.0019979176561031,0.9636561814440836,0.03255152476041209,0.1556707327714082,-0.026970104203543288,0
2022-06-16,MSFT,244.97000122070312,-0.026970104203543288,0.029735321895909328,0.00920503193631994,0.9906022830269108,0.9484153754603528,0.032999563779686616,0.0017365462963243594,0.010940085163190005,1
2022-06-17,MSFT,247.6499938964844,0.010940085163190005,-0.026970104203543288,0.029735321895909328,1.0057832884572755,0.9671674400157378,0.029743777786506678,0.29893998046380377,0.024591204307581105,1
2022-06-21,MSFT,253.7400054931641,0.024591204307581105,0.010940085163190005,-0.026970104203543288,1.0209961507171628,0.9967944350772895,0.022189198111150818,-0.30536291221033873,-0.0024040379803965672,0
2022-06-22,MSFT,253.1300048828125,-0.0024040379803965672,0.024591204307581105,0.010940085163190005,1.0115085110202298,1.0020228213602798,0.02282604987444591,-0.13326517042398,0.022636512298898515,1
2022-06-23,MSFT,258.8599853515625,0.022636512298898515,-0.0024040379803965672,0.024591204307581105,1.0285691073029315,1.0294117067031179,0.021237793168233286,-0.00302622600703939,0.034149839124277825,1
2022-06-24,MSFT,267.70001220703125,0.034149839124277825,0.022636512298898515,-0.0024040379803965672,1.0448216029615875,1.063335432791909,0.014070573858049804,0.3117309967751165,-0.010496815205299992,0
2022-06-27,MSFT,264.8900146484375,-0.010496815205299992,0.034149839124277825,0.022636512298898515,1.0201260476651928,1.0472237576156405,0.01911479335714812,-0.2743874398641638,-0.03174903996766787,0
2022-06-28,MSFT,256.4800109863281,-0.03174903996766787,-0.010496815205299992,0.034149839124277825,0.9856578691667878,1.0083069269749854,0.026330251348682762,0.10889250906963621,0.014737985875625803,1
2022-06-29,MSFT,260.260009765625,0.014737985875625803,-0.03174903996766787,-0.010496815205299992,0.9947331932232545,1.0168630888559511,0.026657879670683754,-0.2647212910553022,-0.013179217185338099,0
2022-06-30,MSFT,256.8299865722656,-0.013179217185338099,0.014737985875625803,-0.03174903996766787,0.9831490010853207,1.0014778030349896,0.025820287823823316,0.5810272150195817,0.010707472428365339,1
2022-07-01,MSFT,259.5799865722656,0.010707472428365339,-0.013179217185338099,0.014737985875625803,0.9998920867749286,1.006467266075086,0.01899986299717918,-0.2802693904049365,0.012597348410524178,1
2022-07-05,MSFT,262.8500061035156,0.012597348410524178,0.010707472428365339,-0.013179217185338099,1.0140818136709708,1.013174950721044,0.020388494300641637,0.004523222566195306,0.012782900032497047,1
2022-07-06,MSFT,266.2099914550781,0.012782900032497047,0.012597348410524178,0.010707472428365339,1.0193914340525068,1.0212176300448277,0.011663983496710734,0.03850747569853108,0.00822659746704435,1
2022-07-07,MSFT,268.3999938964844,0.00822659746704435,0.012782900032497047,0.012597348410524178,1.021410037249299,1.0236226255173118,0.011002675274241052,-0.12443125535165633,-0.0027570426646894575,0
2022-07-08,MSFT,267.6600036621094,-0.0027570426646894575,0.00822659746704435,0.012782900032497047,1.0102665032151272,1.0173859576245232,0.006454115816209542,-0.05757937478127895,-0.011768638770777606,0
2022-07-11,MSFT,264.510009765625,-0.011768638770777606,-0.0027570426646894575,0.00822659746704435,0.9946752434672145,1.0066332850546096,0.01075937499732631,-0.010356685046900127,-0.04098147970386723,0
2022-07-12,MSFT,253.6699981689453,-0.04098147970386723,-0.011768638770777606,-0.0027570426646894575,0.9605437493097607,0.9695197632854412,0.0213227900454841,0.843645914716888,-0.0037450110580655727,0
2022-07-13,MSFT,252.72000122070312,-0.0037450110580655727,-0.04098147970386723,-0.011768638770777606,0.9668237739581849,0.9672789441552636,0.01861829731666971,-0.17762382034375568,0.005381452215030169,1
2022-07-14,MSFT,254.0800018310547,0.005381452215030169,-0.0037450110580655727,-0.04098147970386723,0.9827948963043569,0.9747900597117772,0.017945459474295693,-0.1489826221972106,0.010390425734504882,1
2022-07-15,MSFT,256.7200012207031,0.010390425734504882,0.005381452215030169,-0.0037450110580655727,1.0014824014031276,0.9849601052097724,0.020231485215167464,0.18608681103303226,-0.009621382085378105,0
2022-07-18,MSFT,254.25,-0.009621382085378105,0.010390425734504882,0.005381452215030169,0.9998505612211025,0.977482341052223,0.02015798401497913,-0.2955286641745678,0.02076695685072516,1
2022-07-19,MSFT,259.5299987792969,0.02076695685072516,-0.009621382085378105,0.010390425734504882,1.015932036949899,0.9990568714437374,0.01190998701003648,0.19249582836710366,0.010557508755298262,1
2022-07-20,MSFT,262.2699890136719,0.010557508755298262,0.02076695685072516,-0.009621382085378105,1.019038702566684,1.0111380141973845,0.011083150597185013,-0.08892718070092676,0.009799090372039299,1
2022-07-21,MSFT,264.8399963378906,0.009799090372039299,0.010557508755298262,0.02076695685072516,1.0204915164325639,1.022449556366724,0.011048570264402669,-0.016833199492722106,-0.016915915451880648,0
2022-07-22,MSFT,260.3599853515625,-0.016915915451880648,0.009799090372039299,0.010557508755298262,1.0004226376855243,1.0079946851362043,0.015611830945032504,-0.023361169754560374,-0.005876474363873285,0
2022-07-25,MSFT,258.8299865722656,-0.005876474363873285,-0.016915915451880648,0.009799090372039299,0.9910554792075316,1.004279686413991,0.01493506340820046,-0.0377171374644103,-0.026774303733336446,0
2022-07-26,MSFT,251.8999938964844,-0.026774303733336446,-0.005876474363873285,-0.016915915451880648,0.9701895061276818,0.9780625058190613,0.016388881344843495,0.8687310030395137,0.06685191244907607,1
2022-07-27,MSFT,268.739990234375,0.06685191244907607,-0.026774303733336446,-0.005876474363873285,1.029915611000101,1.0369975771773041,0.03693248196167966,0.1689031208701841,0.028540647862066004,1
2022-07-28,MSFT,276.4100036621094,0.028540647862066004,0.06685191244907607,-0.026774303733336446,1.0499985265664704,1.0574822942059916,0.038409924669660936,-0.2725290255250685,0.015665086338766177,1
2022-07-29,MSFT,280.739990234375,0.015665086338766177,0.028540647862066004,0.06685191244907607,1.0501862820763417,1.0642677510635925,0.03553523108336489,-0.03904743972527813,-0.009724230831777425,0
2022-08-01,MSFT,278.010009765625,-0.009724230831777425,0.015665086338766177,0.028540647862066004,1.0252618832744718,1.0445103775911586,0.03615506007181583,-0.33008633773730434,-0.011474415774077928,0
2022-08-02,MSFT,274.82000732421875,-0.011474415774077928,-0.009724230831777425,0.015665086338766177,0.996649091479402,1.0266276624319306,0.032173112273018695,0.056389162287136196,0.02783637905758196,1
2022-08-03,MSFT,282.4700012207031,0.02783637905758196,-0.011474415774077928,-0.009724230831777425,1.0142913524521737,1.0473023259187366,0.0196471293819286,0.03360698244719651,0.004177408824589834,1
2022-08-04,MSFT,283.6499938964844,0.004177408824589834,0.02783637905758196,-0.011474415774077928,1.0132600554470221,1.0443936251989465,0.01676075822600913,-0.2304614586566549,-0.002608814561247841,0
2022-08-05,MSFT,282.9100036621094,-0.002608814561247841,0.004177408824589834,0.02783637905758196,1.009052260780502,1.0330913706868992,0.015904989625392225,-0.07315995071469217,-0.009154841837915262,0
2022-08-08,MSFT,280.32000732421875,-0.009154841837915262,-0.002608814561247841,0.004177408824589834,0.9981697538175117,1.015663239818681,0.015804994195925737,0.11711754676713593,0.007063286304997751,1
2022-08-09,MSFT,282.29998779296875,0.007063286304997751,-0.009154841837915262,-0.002608814561247841,0.9998937024529526,1.0116937477358194,0.013996582093419302,0.24899675546448097,0.024300446920924257,1
2022-08-10,MSFT,289.1600036621094,0.024300446920924257,0.007063286304997751,-0.009154841837915262,1.0193606765962726,1.02874993429979,0.012603528833058932,0.054799788081281164,-0.007400797556145311,0
2022-08-11,MSFT,287.0199890136719,-0.007400797556145311,0.024300446920924257,0.007063286304997751,1.0094182032156762,1.0172963409462688,0.013747964376570545,-0.18721392752695665,0.01703719195740261,1
2022-08-12,MSFT,291.9100036621094,0.01703719195740261,-0.007400797556145311,0.024300446920924257,1.0201578426289855,1.030548240316438,0.014717558662365855,0.12727064323055526,0.00534410448091216,1
2022-08-15,MSFT,293.4700012207031,0.00534410448091216,0.01703719195740261,-0.007400797556145311,1.0162689048732336,1.0304315661930816,0.012087610713129297,-0.20044474506735277,-0.0025897357905874108,0
2022-08-16,MSFT,292.7099914550781,-0.0025897357905874108,0.00534410448091216,0.01703719195740261,1.006381186665354,1.0213473969983282,0.013243551643617693,0.0009510276074466972,-0.0047486733334577425,0
2022-08-17,MSFT,291.32000732421875,-0.0047486733334577425,-0.0025897357905874108,0.00534410448091216,1.000116753943662,1.0133680553141229,0.009889053160970884,0.008313585116196842,-0.003947528036426617,0
2022-08-18,MSFT,290.1700134277344,-0.003947528036426617,-0.0047486733334577425,-0.0025897357905874108,0.9940188616938057,1.0070836762949555,0.009206567906754438,-0.058465820066398555,-0.013854014354419686,0
2022-08-19,MSFT,286.1499938964844,-0.013854014354419686,-0.003947528036426617,-0.0047486733334577425,0.9841314346166842,0.992016009601495,0.006836623105893482,0.19689052844724264,-0.029355212565627675,0
2022-08-22,MSFT,277.75,-0.029355212565627675,-0.013854014354419686,-0.003947528036426617,0.965683884365436,0.9637538370536722,0.011231175855230228,0.21833252309188134,-0.004716462857223269,0
2022-08-23,MSFT,276.44000244140625,-0.004716462857223269,-0.029355212565627675,-0.013854014354419686,0.9721274664295484,0.9611626920300376,0.010872354908199855,-0.3006133010921308,-0.0023513018765153326,0
2022-08-24,MSFT,275.7900085449219,-0.0023513018765153326,-0.004716462857223269,-0.029355212565627675,0.9805518202162904,0.9633811343945108,0.011280061296101688,0.034779830436916015,0.01109538947671962,1
2022-08-25,MSFT,278.8500061035156,0.01109538947671962,-0.0023513018765153326,-0.004716462857223269,0.999476709011598,0.976858091477748,0.014979185047186682,-0.08565914980426748,-0.03858708814813738,0
2022-08-26,MSFT,268.0899963378906,-0.03858708814813738,0.01109538947671962,-0.0023513018765153326,0.9735133258412797,0.947066824832171,0.02052167162826542,0.6612576431853541,-0.010668004739564751,0
2022-08-29,MSFT,265.2300109863281,-0.010668004739564751,-0.03858708814813738,0.01109538947671962,0.9719657220771099,0.9464050244357867,0.01833402732596768,-0.261741677646982,-0.00852094284964422,0
2022-08-30,MSFT,262.9700012207031,-0.00852094284964422,-0.010668004739564751,-0.03858708814813738,0.9732924604010524,0.9484051897756144,0.018187812295960233,0.11940900263047904,-0.005704072681435246,0
2022-08-31,MSFT,261.4700012207031,-0.005704072681435246,-0.00852094284964422,-0.010668004739564751,0.9781087905834683,0.9532576641687048,0.01790383004408437,0.08893095739026924,-0.004092275669190681,0
2022-09-01,MSFT,260.3999938964844,-0.004092275669190681,-0.005704072681435246,-0.00852094284964422,0.9877404608433029,0.9597735188400384,0.014243015050926342,-0.061649416339273455,-0.016666652993916453,0
2022-09-02,MSFT,256.0599975585937,-0.016666652993916453,-0.004092275669190681,-0.005704072681435246,0.980224007569475,0.9543616250576968,0.004915617743673718,-0.017538279013385782,-0.01097398104110614,0
2022-09-06,MSFT,253.25,-0.01097398104110614,-0.016666652993916453,-0.004092275669190681,0.9784414526692676,0.9525869299270703,0.00494138229340428,-0.06682009503224617,0.019111535391473256,1
2022-09-07,MSFT,258.0899963378906,0.019111535391473256,-0.01097398104110614,-0.016666652993916453,1.0009152409393194,0.9775395619445687,0.013652610837585205,0.13121126020948792,0.0016660571191542406,1
2022-09-08,MSFT,258.5199890136719,0.0016660571191542406,0.019111535391473256,-0.01097398104110614,1.0048821198262887,0.9856152841881334,0.013774750800325166,-0.15778370021594335,0.02297695611108863,1
2022-09-09,MSFT,264.4599914550781,0.02297695611108863,0.0016660571191542406,0.019111535391473256,1.0247368864553703,1.0138238006038562,0.017622719545542932,0.08685082111624576,0.008281034985128333,1
2022-09-12,MSFT,266.6499938964844,0.008281034985128333,0.02297695611108863,0.0016660571191542406,1.024812255091369,1.0227839223409745,0.013672598534448936,-0.15110008286279641,-0.054978393920426694,0
2022-09-13,MSFT,251.9900054931641,-0.054978393920426694,0.008281034985128333,0.02297695611108863,0.9694085992577901,0.9714865428304185,0.03156514832636185,0.7790608981368381,0.0009127176575471907,1
2022-09-14,MSFT,252.22000122070312,0.0009127176575471907,-0.054978393920426694,0.008281034985128333,0.9746954990923378,0.9764199129766223,0.029721015137324412,-0.283039459363841,-0.027119167016042223,0
2022-09-15,MSFT,245.3800048828125,-0.027119167016042223,0.0009127176575471907,-0.054978393920426694,0.9579917446221764,0.9558944121649561,0.03105190819425226,0.3185673064860117,-0.0026081969879903077,0
2022-09-16,MSFT,244.7400054931641,-0.0026081969879903077,-0.027119167016042223,0.0009127176575471907,0.970435706200174,0.9592531312645806,0.025951260638232273,0.2619937902184841,-0.0008989180998826285,0
2022-09-19,MSFT,244.5200042724609,-0.0008989180998826285,-0.0026081969879903077,-0.027119167016042223,0.9868829965534239,0.9627454112352766,0.024145244118220683,-0.3258183846923235,-0.008465594994478187,0
2022-09-20,MSFT,242.4499969482422,-0.008465594994478187,-0.0008989180998826285,-0.0026081969879903077,0.9861222735532162,0.9586717305575694,0.011445847215622267,-0.006210184553563813,-0.014435966360301422,0
2022-09-21,MSFT,238.9499969482422,-0.014435966360301422,-0.008465594994478187,-0.0008989180998826285,0.9824923327735031,0.9520375393886326,0.010607513648601064,0.0737163497785096,0.00849549615075551,1
2022-09-22,MSFT,240.97999572753903,0.00849549615075551,-0.014435966360301422,-0.008465594994478187,0.9944372744748039,0.9668825123443109,0.008597546421192596,0.0850846794477671,-0.012698139317976698,0
2022-09-23,MSFT,237.9199981689453,-0.012698139317976698,0.00849549615075551,-0.014435966360301422,0.9873674064831781,0.9648795436551523,0.009453209756315365,0.10027944831493962,-0.0019754590800281635,0
2022-09-26,MSFT,237.4499969482422,-0.0019754590800281635,-0.012698139317976698,0.00849549615075551,0.9912335628188143,0.9745136516188387,0.009330818451346692,-0.18965941011235954,-0.004379841227622916,0
2022-09-27,MSFT,236.41000366210935,-0.004379841227622916,-0.0019754590800281635,-0.012698139317976698,0.99189402353442,0.9764892617364092,0.009218997555703847,-0.024391388810653503,0.019711533310450502,1
2022-09-28,MSFT,241.07000732421875,0.019711533310450502,-0.004379841227622916,-0.0019754590800281635,1.0096496442310632,1.0003444430042439,0.012532842343376246,0.07442993186200675,-0.014809006577982897,0
2022-09-29,MSFT,237.5,-0.014809006577982897,0.019711533310450502,-0.004379841227622916,0.9976057410938781,0.9887634813502805,0.01371249196926452,-0.053238579799309016,-0.01936844675164462,0
2022-09-30,MSFT,232.8999938964844,-0.01936844675164462,-0.014809006577982897,0.019711533310450502,0.9824268074574547,0.9744158085945259,0.015160547115980185,0.29873891181114964,0.03366256677603996,1
2022-10-03,MSFT,240.7400054931641,0.03366256677603996,-0.01936844675164462,-0.014809006577982897,1.0126869958087563,1.0088125730115127,0.022866087426357536,-0.19090735905510048,0.033812408423657514,1
2022-10-04,MSFT,248.8800048828125,0.033812408423657514,0.03366256677603996,-0.01936844675164462,1.0360589234771906,1.0401203801629595,0.025968458415837458,0.20803035969030903,0.0012857282993881114,1
2022-10-05,MSFT,249.1999969482422,0.0012857282993881114,0.033812408423657514,0.03366256677603996,1.0304162877585374,1.0370154455037148,0.025658057358073666,-0.4167946939383864,-0.009670961844393311,0
2022-10-06,MSFT,246.7899932861328,-0.009670961844393311,0.0012857282993881114,0.033812408423657514,1.0126711902187369,1.0245094908944552,0.02465364294293772,-0.005268564070555537,-0.050852903822636075,0
2022-10-07,MSFT,234.2400054931641,-0.050852903822636075,-0.009670961844393311,0.0012857282993881114,0.9601180650126858,0.9738980231018796,0.03515706434457764,0.8660961763645076,-0.02130296010990196,0
2022-10-10,MSFT,229.25,-0.02130296010990196,-0.050852903822636075,-0.009670961844393311,0.9485997545607441,0.9564118138209522,0.03099023807654268,-0.21249894094721677,-0.016750256653830564,0
2022-10-11,MSFT,225.41000366210935,-0.016750256653830564,-0.02130296010990196,-0.050852903822636075,0.9511853580426067,0.9447271252240217,0.019509383108646867,0.02455654325636436,0.0015083462684304383,1
2022-10-12,MSFT,225.75,0.0015083462684304383,-0.016750256653830564,-0.02130296010990196,0.9718539034537382,0.9522664559712046,0.01956872337454769,-0.2812266194132703,0.037607997754879774,1
2022-10-13,MSFT,234.2400054931641,0.037607997754879774,0.0015083462684304383,-0.016750256653830564,1.019418754217487,0.9894399112414666,0.032562391144402375,0.9426586133063062,-0.024248667184803896,0
2022-10-14,MSFT,228.55999755859372,-0.024248667184803896,0.037607997754879774,0.0015083462684304383,0.9996413441813048,0.967220452797941,0.025649112162628218,-0.2903096931269653,0.03924571804566801,1
2022-10-17,MSFT,237.52999877929688,0.03924571804566801,-0.024248667184803896,0.037607997754879774,1.031402780945401,1.0065470185179115,0.029775120180451108,-0.06809256058227864,0.004083699851337164,1
2022-10-18,MSFT,238.5,0.004083699851337164,0.03924571804566801,-0.024248667184803896,1.023974306724353,1.0151225590285624,0.02685217442825152,-0.06441193505861287,-0.008469619591031319,0
2022-10-19,MSFT,236.47999572753903,-0.008469619591031319,0.004083699851337164,0.03924571804566801,1.00603243492681,1.0120038332193817,0.02813352058874819,-0.24094175376762272,-0.0013954746152602393,0
2022-10-20,MSFT,236.1499938964844,-0.0013954746152602393,-0.008469619591031319,0.004083699851337164,1.002998575935341,1.0152142152973016,0.02346058924071869,0.09133030116533325,0.025280547850956125,1
2022-10-21,MSFT,242.1199951171875,0.025280547850956125,-0.0013954746152602393,-0.008469619591031319,1.0166445458772597,1.0373651820712146,0.019871455079897443,0.20579982577598455,0.021187861334333702,1
2022-10-24,MSFT,247.25,0.021187861334333702,0.025280547850956125,-0.0013954746152602393,1.0297792717310992,1.051237467109125,0.01455423771879755,-0.05279527903360115,0.01379172360812686,1
2022-10-25,MSFT,250.66000366210935,0.01379172360812686,0.021187861334333702,0.025280547850956125,1.033513128408513,1.0544160652345262,0.014525779068861083,0.3959785156877227,-0.07715629161148896,0
2022-10-26,MSFT,231.32000732421875,-0.07715629161148896,0.01379172360812686,0.021187861334333702,0.9578468212182971,0.9707866240330837,0.04232719906147073,1.3736021049301952,-0.019756212949679774,0
2022-10-27,MSFT,226.75,-0.019756212949679774,-0.07715629161148896,0.01379172360812686,0.9462899542811989,0.9546082243968839,0.042874716389033736,-0.5102612934802624,0.04022048563257985,1
2022-10-28,MSFT,235.8699951171875,0.04022048563257985,-0.019756212949679774,-0.07715629161148896,0.9895120774815916,0.9899564604842715,0.046113826288750694,0.005518916699237542,-0.015856150895822374,0
2022-10-31,MSFT,232.1300048828125,-0.015856150895822374,0.04022048563257985,-0.019756212949679774,0.9863350246682436,0.9764726395847546,0.043909719643808375,-0.30236397139321536,-0.017059434931155693,0
2022-11-01,MSFT,228.1699981689453,-0.017059434931155693,-0.015856150895822374,0.04022048563257985,0.9883992804055372,0.9640035436956625,0.04152597387559447,0.07881568414482332,-0.03536833120125815,0
2022-11-02,MSFT,220.1000061035156,-0.03536833120125815,-0.017059434931155693,-0.015856150895822374,0.9628003240573666,0.9363885680762012,0.028913718331157624,0.2554466319956328,-0.026578854799141904,0
2022-11-03,MSFT,214.25,-0.026578854799141904,-0.03536833120125815,-0.017059434931155693,0.9475727947772107,0.9200728287369111,0.029666175150324377,-0.046166063478011776,0.033325551410261056,1
2022-11-04,MSFT,221.38999938964844,0.033325551410261056,-0.026578854799141904,-0.03536833120125815,0.9918551203119222,0.959274480085538,0.02670684693698492,0.004236513174955547,0.029269595489425093,1
2022-11-07,MSFT,227.8699951171875,0.029269595489425093,0.033325551410261056,-0.026578854799141904,1.024798050726683,0.9957133425015019,0.0322560575531902,-0.08945856245464012,0.004388467202475432,1
2022-11-08,MSFT,228.8699951171875,0.004388467202475432,0.029269595489425093,0.033325551410261056,1.0286476880310609,1.00969680857774,0.03138009518026772,-0.15838259000537347,-0.019050118859482157,0
2022-11-09,MSFT,224.50999450683597,-0.019050118859482157,0.004388467202475432,0.029269595489425093,1.0050676328767734,0.9934466224712675,0.027224523221717957,-0.01204575685022613,0.08226805787098579,1
2022-11-10,MSFT,242.97999572753903,0.08226805787098579,-0.019050118859482157,0.004388467202475432,1.0604738045751088,1.0675090171148705,0.03783851123221512,0.6611555708741279,0.016997304121462165,1
2022-11-11,MSFT,247.1100006103516,0.016997304121462165,0.08226805787098579,-0.019050118859482157,1.0548175790204843,1.0803189751212654,0.03775708751488524,-0.251746347367511,-0.022500091234109565,0
2022-11-14,MSFT,241.5500030517578,-0.022500091234109565,0.016997304121462165,0.08226805787098579,1.01918113319256,1.0516806179708622,0.04234970357232604,-0.1010075042894033,0.0017387628384972764,1
2022-11-15,MSFT,241.97000122070312,0.0017387628384972764,-0.022500091234109565,0.016997304121462165,1.0097903474060466,1.0472171824610885,0.04249168309226593,0.008572355759190131,-0.000991881191690247,0
2022-11-16,MSFT,241.72999572753903,-0.000991881191690247,0.0017387628384972764,-0.022500091234109565,0.9944953529708936,1.0364758096410125,0.039892280485126025,-0.23245545570100123,-0.00020685497307559864,0
2022-11-17,MSFT,241.67999267578125,-0.00020685497307559864,-0.000991881191690247,0.0017387628384972764,0.99535432939737,1.0242153336767141,0.01409154505539376,-0.040251854249936714,-0.001903307965153811,0
2022-11-18,MSFT,241.22000122070312,-0.001903307965153811,-0.00020685497307559864,-0.000991881191690247,0.9983032009242849,1.0137466589796331,0.010000431122979941,0.1941747572815533,0.003440849957940584,1
2022-11-21,MSFT,242.0500030517578,0.003440849957940584,-0.001903307965153811,-0.00020685497307559864,1.0013238086876968,1.011208749660136,0.0021592061514195747,-0.04413783113332248,0.01231148808084015,1
2022-11-22,MSFT,245.02999877929688,0.01231148808084015,0.003440849957940584,-0.001903307965153811,1.0110917649736195,1.0167937163394116,0.005832139369265554,-0.2549375442797228,0.01040690145884815,1
2022-11-23,MSFT,247.5800018310547,0.01040690145884815,0.01231148808084015,0.003440849957940584,1.0167055517900265,1.0176332872381468,0.006318811966858131,-0.007993613245396824,-0.00036350406828100645,0
2022-11-25,MSFT,247.4900054931641,-0.00036350406828100645,0.01040690145884815,0.01231148808084015,1.0115092056944543,1.0153811017486611,0.006350214239760444,-0.5283696850090986,-0.02315249448118173,0
2022-11-28,MSFT,241.75999450683597,-0.02315249448118173,-0.00036350406828100645,0.01040690145884815,0.9876542955914094,0.9940544014108411,0.014199371258428134,1.6930484305712548,-0.005914926821115718,0
2022-11-29,MSFT,240.3300018310547,-0.005914926821115718,-0.02315249448118173,-0.00036350406828100645,0.9831941079168518,0.9886705920303955,0.014335456083524248,-0.27531862685747954,0.06162359025405717,1
2022-11-30,MSFT,255.13999938964844,0.06162359025405717,-0.005914926821115718,-0.02315249448118173,1.035218691705758,1.0439400819272502,0.032070166660274804,1.6505571860572612,-0.0017637255989600975,0
2022-12-01,MSFT,254.69000244140625,-0.0017637255989600975,0.06162359025405717,-0.005914926821115718,1.0274646875887261,1.0366020029339713,0.03235177750062635,-0.4528429934739947,0.0012956999799416113,1
2022-12-02,MSFT,255.0200042724609,0.0012956999799416113,-0.0017637255989600975,0.06162359025405717,1.0225832990085837,1.032340082618259,0.032277511574307326,-0.17330030912197836,-0.01890050679737687,0
2022-12-05,MSFT,250.1999969482422,-0.01890050679737687,0.0012956999799416113,-0.0017637255989600975,0.9965110005539634,1.0091598646625566,0.03134625549512762,0.08857096407088272,-0.020303764560419157,0
2022-12-06,MSFT,245.1199951171875,-0.020303764560419157,-0.01890050679737687,0.0012956999799416113,0.9725671753547229,0.9874474091466124,0.03344905304877963,-0.041458824935033944,-0.0030597259095139773,0
2022-12-07,MSFT,244.3699951171875,-0.0030597259095139773,-0.020303764560419157,-0.01890050679737687,0.9779494009563526,0.9846878970773679,0.010227638358864671,-0.08824013853461365,0.012399225927241408,1
2022-12-08,MSFT,247.3999938964844,0.012399225927241408,-0.0030597259095139773,-0.020303764560419157,0.99588601981354,0.996969579095828,0.013883580315617112,0.10401093669897232,-0.008003216557747939,0
2022-12-09,MSFT,245.4199981689453,-0.008003216557747939,0.012399225927241408,-0.0030597259095139773,0.9956105926163608,0.9898162898277968,0.013321311051686347,-0.08854226554276967,0.02888923637351648,1
2022-12-12,MSFT,252.50999450683597,0.02888923637351648,-0.008003216557747939,0.012399225927241408,1.0224567113007448,1.014014923956119,0.019067621702354577,0.4878964759312363,0.017464730176369292,1
2022-12-13,MSFT,256.9200134277344,0.017464730176369292,0.02888923637351648,-0.008003216557747939,1.0304664389872185,1.0248964377384473,0.01509873331345994,0.37605616808684794,0.0011676310808426127,1
2022-12-14,MSFT,257.2200012207031,0.0011676310808426127,0.017464730176369292,0.02888923637351648,1.0211438183180244,1.0252424466844028,0.014314964514960666,-0.160817500811671,-0.03191822826725943,0
2022-12-15,MSFT,249.00999450683597,-0.03191822826725943,0.0011676310808426127,0.017464730176369292,0.9872886499876299,0.9947706557707229,0.023517230104628976,0.004221863889367405,-0.017348669373634773,0
2022-12-16,MSFT,244.69000244140625,-0.017348669373634773,-0.03191822826725943,0.0011676310808426127,0.9707224233603458,0.981563360474488,0.024799740679343388,1.4212888493942701,-0.017328070010458996,0
2022-12-19,MSFT,240.4499969482422,-0.017328070010458996,-0.017348669373634773,-0.03191822826725943,0.9631175259847046,0.9683421127807954,0.019146210297957197,-0.6551020882209473,0.005614498318360139,1
2022-12-20,MSFT,241.8000030517578,0.005614498318360139,-0.017328070010458996,-0.017348669373634773,0.9804001208705655,0.9750825824219604,0.015308351191393666,-0.15306905887582334,0.010876714602275905,1
2022-12-21,MSFT,244.42999267578125,0.010876714602275905,0.005614498318360139,-0.017328070010458996,1.001450346424828,0.9856644296154363,0.01780280806029626,-0.058057795378278265,-0.025528742058475218,0
2022-12-22,MSFT,238.19000244140625,-0.025528742058475218,0.010876714602275905,0.005614498318360139,0.9846142519683807,0.9640821912550964,0.0159733611666105,0.20941217191628758,0.002267069484856332,1
2022-12-23,MSFT,238.72999572753903,0.002267069484856332,-0.025528742058475218,0.010876714602275905,0.9917331237265562,0.9688913980528064,0.015738455856142385,-0.25983449498633593,-0.007414187765880542,0
2022-12-27,MSFT,236.9600067138672,-0.007414187765880542,0.002267069484856332,-0.025528742058475218,0.9872428635431507,0.9678157401887167,0.01433013540403403,-0.21306172490215491,-0.010254928535280539,0
2022-12-28,MSFT,234.52999877929688,-0.010254928535280539,-0.007414187765880542,0.002267069484856332,0.983074006150539,0.9667313791383312,0.013735387317916223,0.04604939899092786,0.027629709466877372,1
2022-12-29,MSFT,241.00999450683597,0.027629709466877372,-0.010254928535280539,-0.007414187765880542,1.0131408370376285,1.0001244739301645,0.019653289274125078,0.13253060359395308,-0.00493750138890392,0
2022-12-30,MSFT,239.82000732421875,-0.00493750138890392,0.027629709466877372,-0.010254928535280539,1.0067587704535577,0.9989961187500047,0.01534946105312712,0.10964710404790923,-0.0010007734377206479,0
2023-01-03,MSFT,239.5800018310547,-0.0010007734377206479,-0.00493750138890392,0.027629709466877372,1.0050339793220173,1.000125242459005,0.015375949102334903,0.1732798504911457,-0.04374319912948865,0
2023-01-04,MSFT,229.1000061035156,-0.04374319912948865,-0.0010007734377206479,-0.00493750138890392,0.9674504427644248,0.9609294936298403,0.025488565373382965,0.9667210567210567,-0.02963774929736973,0
2023-01-05,MSFT,222.30999755859372,-0.02963774929736973,-0.04374319912948865,-0.0010007734377206479,0.9485671697406216,0.9401351450707752,0.027596574964385646,-0.21803750834594282,0.011785322954254385,1
2023-01-06,MSFT,224.92999267578125,0.011785322954254385,-0.02963774929736973,-0.04374319912948865,0.973099449732216,0.9591242914109888,0.02260515660278511,0.10175417323471159,0.009736373594974257,1
2023-01-09,MSFT,227.1199951171875,0.009736373594974257,0.011785322954254385,-0.02963774929736973,0.9934910259099456,0.9730558610573338,0.024838073363379922,-0.37244804372947893,0.007617167239878819,1
2023-01-10,MSFT,228.8500061035156,0.007617167239878819,0.009736373594974257,0.011785322954254385,1.0105448445962046,0.9846356630530129,0.02594274121770058,-0.012272650877975022,0.030238138450453755,1
2023-01-11,MSFT,235.7700042724609,0.030238138450453755,0.007617167239878819,0.009736373594974257,1.035005027115773,1.0149288591524674,0.021837860540400312,0.060494416269942564,0.011621453894570255,1
2023-01-12,MSFT,238.50999450683597,0.011621453894570255,0.030238138450453755,0.007617167239878819,1.0323499195755956,1.0249677460543016,0.009123583418313026,-0.04882574740227352,0.003018746540126349,1
2023-01-13,MSFT,239.22999572753903,0.003018746540126349,0.011621453894570255,0.030238138450453755,1.0228049928238103,1.0288488642018696,0.010449555912695023,-0.21768642622710355,0.004681730535380568,1
2023-01-17,MSFT,240.3500061035156,0.004681730535380568,0.003018746540126349,0.011621453894570255,1.0160986409987458,1.0334301025626813,0.01100691370671242,0.39834437241308196,-0.01888915510560274,0
2023-01-18,MSFT,235.80999755859372,-0.01888915510560274,0.004681730535380568,0.003018746540126349,0.991073146004924,1.0155556808951236,0.017671260726619484,0.006617210781963978,-0.0164539456468481,0
2023-01-19,MSFT,231.92999267578125,-0.0164539456468481,-0.01888915510560274,0.004681730535380568,0.9779226166568491,0.9976298899333952,0.013622468148401762,-0.04681188329831132,0.03574358128192001,1
2023-01-20,MSFT,240.22000122070312,0.03574358128192001,-0.0164539456468481,-0.01888915510560274,1.0114185736009276,1.0253893024354317,0.021926253894966236,0.23641127764385295,0.009824330190487673,1
2023-01-23,MSFT,242.5800018310547,0.009824330190487673,0.03574358128192001,-0.0164539456468481,1.0184819838750057,1.027720240186374,0.022243713611200353,-0.09764960525349109,-0.0022261049585529102,0
2023-01-24,MSFT,242.0399932861328,-0.0022261049585529102,0.009824330190487673,0.03574358128192001,1.0147746734447909,1.018991339879636,0.022326068054053374,0.2599235924093444,-0.005908084264779845,0
2023-01-25,MSFT,240.6100006103516,-0.005908084264779845,-0.0022261049585529102,0.009824330190487673,1.0047353500783949,1.0079805694928745,0.01997926544951507,0.6534756327918398,0.03071360031130177,1
2023-01-26,MSFT,248.0,0.03071360031130177,-0.005908084264779845,-0.0022261049585529102,1.0218797668783464,1.0336434334608378,0.018897723402357066,-0.497125961645417,0.0006451760568926268,1
2023-01-27,MSFT,248.16000366210935,0.0006451760568926268,0.03071360031130177,-0.005908084264779845,1.0158917454135026,1.030166938917387,0.01467714018020025,-0.20791223901119427,-0.021961625031497012,0
2023-01-30,MSFT,242.7100067138672,-0.021961625031497012,0.0006451760568926268,0.03071360031130177,0.9934753662033787,1.0060893726415754,0.019141554655755722,-0.02383117789795053,0.02101269294075281,1
2023-01-31,MSFT,247.80999755859372,0.02101269294075281,-0.021961625031497012,0.0006451760568926268,1.0095820703877394,1.0240632681037602,0.021109393322696797,0.02604436472161864,0.019934637383781206,1
2023-02-01,MSFT,252.75,0.019934637383781206,0.02101269294075281,-0.021961625031497012,1.0196219164533198,1.0372166900711453,0.020964637701069735,0.17779217892250143,0.046884297145462384,1
2023-02-02,MSFT,264.6000061035156,0.046884297145462384,0.019934637383781206,0.02101269294075281,1.053318802680667,1.0714806555483414,0.025665812782682897,0.27768802843259266,-0.023620558789990698,0
2023-02-03,MSFT,258.3500061035156,-0.023620558789990698,0.046884297145462384,0.019934637383781206,1.020162383871539,1.038547057036395,0.030497135213504088,-0.27198275430391283,-0.006115800474224331,0
2023-02-06,MSFT,256.7699890136719,-0.006115800474224331,-0.023620558789990698,0.046884297145462384,1.0027884105761757,1.0263409892895414,0.027190908988487396,-0.22558146733018536,0.042022078150057096,1
2023-02-07,MSFT,267.5599975585937,0.042022078150057096,-0.006115800474224331,-0.023620558789990698,1.029053167272399,1.0586708322776697,0.030435204587385852,1.2578115285549338,-0.0031020577808302807,0
2023-02-08,MSFT,266.7300109863281,-0.0031020577808302807,0.042022078150057096,-0.006115800474224331,1.0149466480620788,1.044590862277484,0.031385608795535876,0.075619475466844,-0.01165978982882443,0
2023-02-09,MSFT,263.6199951171875,-0.01165978982882443,-0.0031020577808302807,0.042022078150057096,1.003861280253577,1.0261340482587102,0.02502766511122255,-0.22511977471382072,-0.0019724945880554845,0
2023-02-10,MSFT,263.1000061035156,-0.0019724945880554845,-0.01165978982882443,-0.0031020577808302807,0.9982698415032625,1.0181888720970693,0.02167492584602336,-0.39071530214677963,0.031242877347060993,1
2023-02-13,MSFT,271.32000732421875,0.031242877347060993,-0.0019724945880554845,-0.01165978982882443,1.0182162221221,1.038501749883089,0.023729172895401565,0.7286403160524431,0.0031328544912645473,1
2023-02-14,MSFT,272.1700134277344,0.0031328544912645473,0.031242877347060993,-0.0019724945880554845,1.0178841485707992,1.0321316137533836,0.01637950421047908,-0.16990470727679696,-0.010471418462388193,0
2023-02-15,MSFT,269.32000732421875,-0.010471418462388193,0.0031328544912645473,0.031242877347060993,1.0052779759838082,1.0149460847003837,0.017423556502379912,-0.21932417222028777,-0.026622654213367847,0
2023-02-16,MSFT,262.1499938964844,-0.026622654213367847,-0.010471418462388193,0.0031328544912645473,0.9795898106058698,0.9888385201593011,0.021235809565849143,0.02355267889248469,-0.015601741114309231,0
2023-02-17,MSFT,258.0599975585937,-0.015601741114309231,-0.026622654213367847,-0.010471418462388193,0.9679524454904259,0.9735174127660711,0.022252178148555287,0.0133936413138942,-0.020886613348217842,0
2023-02-21,MSFT,252.6699981689453,-0.020886613348217842,-0.015601741114309231,-0.026622654213367847,0.961182909585212,0.9546605038232212,0.011349753135738267,-0.05342315525614916,-0.004590982983795788,0
2023-02-22,MSFT,251.50999450683597,-0.004590982983795788,-0.020886613348217842,-0.015601741114309231,0.9720493625621396,0.956075464895244,0.008616002258434998,-0.20798735095466492,0.01296175037503855,1
2023-02-23,MSFT,254.7700042724609,0.01296175037503855,-0.004590982983795788,-0.020886613348217842,0.9958488640286163,0.9728910354048199,0.01563822204314127,0.2991405489282428,-0.021784366128998478,0
2023-02-24,MSFT,249.22000122070312,-0.021784366128998478,0.01296175037503855,-0.004590982983795788,0.9841024223940791,0.9569594743395875,0.014536735031462585,-0.14470671581260208,0.003771777693612144,1
2023-02-27,MSFT,250.16000366210935,0.003771777693612144,-0.021784366128998478,0.01296175037503855,0.9940158912927843,0.9653655492305788,0.015229269253831657,-0.15209136125549705,-0.0029581287269389023,0
2023-02-28,MSFT,249.4199981689453,-0.0029581287269389023,0.003771777693612144,-0.021784366128998478,0.9936418308197996,0.9707135650975587,0.01279519236737945,0.06139688532326559,-0.012629275597824119,0
2023-03-01,MSFT,246.2700042724609,-0.012629275597824119,-0.0029581287269389023,0.003771777693612144,0.9852061143323824,0.9682137326845768,0.013600125048494205,0.2256146903205727,0.019653210922658593,1
2023-03-02,MSFT,251.1100006103516,0.019653210922658593,-0.012629275597824119,-0.0029581287269389023,1.00751897403066,0.9943611591884559,0.015845978962730715,-0.1000206781714692,0.016646062146554286,1
2023-03-03,MSFT,255.2899932861328,0.016646062146554286,0.019653210922658593,-0.012629275597824119,1.0193251878064797,1.013666948791406,0.013471504469041466,0.23991664046565253,0.00618904725060565,1
2023-03-06,MSFT,256.8699951171875,0.00618904725060565,0.016646062146554286,0.019653210922658593,1.020167427323496,1.0204227395424674,0.013464412926711794,-0.21619890702565991,-0.010589018851587584,0
2023-03-07,MSFT,254.1499938964844,-0.010589018851587584,0.00618904725060565,0.016646062146554286,1.0055867992715088,1.0090242261303395,0.014991693811770632,-0.10935802039004883,-0.0017705959435336815,0
2023-03-08,MSFT,253.6999969482422,-0.0017705959435336815,-0.010589018851587584,0.00618904725060565,0.9979388294113043,1.0063626468018978,0.012603163703446,-0.19247247732056705,-0.005439454633911489,0
2023-03-09,MSFT,252.32000732421875,-0.005439454633911489,-0.0017705959435336815,-0.010589018851587584,0.9915666925527088,1.0018622434477453,0.010667395981376834,0.5370872308277874,-0.014782858584556191,0
2023-03-10,MSFT,248.58999633789065,-0.014782858584556191,-0.005439454633911489,-0.0017705959435336815,0.9820800643786043,0.9872988282297392,0.008098925542260552,0.06305011743342304,0.021440934508925258,1
2023-03-13,MSFT,253.9199981689453,0.021440934508925258,-0.014782858584556191,-0.005439454633911489,1.0054804053355444,1.006963721097818,0.014126855897914204,0.1766717606824335,0.0270558066537383,1
2023-03-14,MSFT,260.7900085449219,0.0270558066537383,0.021440934508925258,-0.014782858584556191,1.0272823521259957,1.0295656515784746,0.01804504993618231,0.008416392469038358,0.01783041429550547,1
2023-03-15,MSFT,265.44000244140625,0.01783041429550547,0.0270558066537383,0.021440934508925258,1.036017047545005,1.040052046498143,0.01825269363207576,0.36905381570063334,0.040536504169149,1
2023-03-16,MSFT,276.20001220703125,0.040536504169149,0.01783041429550547,0.0270558066537383,1.0582862371475188,1.0716766646457747,0.020467170751602076,0.18990179890501424,0.011694353099191312,1
2023-03-17,MSFT,279.42999267578125,0.011694353099191312,0.040536504169149,0.01783041429550547,1.04594315583095,1.0741482207049884,0.01093640261445724,0.269470939659076,-0.025766674581018112,0
2023-03-20,MSFT,272.2300109863281,-0.025766674581018112,0.011694353099191312,0.040536504169149,1.005213854275677,1.0403283779408843,0.024877961690227678,-0.37482776574415266,0.005693669802799839,1
2023-03-21,MSFT,273.7799987792969,0.005693669802799839,-0.025766674581018112,0.011694353099191312,1.001331287696323,1.038461524214802,0.023950280635905666,-0.20493666401328836,-0.005442290309805031,0
2023-03-22,MSFT,272.2900085449219,-0.005442290309805031,0.005693669802799839,-0.025766674581018112,0.9909165821707983,1.025578269039576,0.024306273525293427,0.009103351688576344,0.019721601779969733,1
2023-03-23,MSFT,277.6600036621094,0.019721601779969733,-0.005442290309805031,0.005693669802799839,1.0093864311392498,1.0359172203089129,0.01764010935755302,0.04982608471237304,0.010480456759089485,1
2023-03-24,MSFT,280.57000732421875,0.010480456759089485,0.019721601779969733,-0.005442290309805031,1.019120547146845,1.0344319153839792,0.0174667277911552,-0.2305023913643205,-0.014933892903828516,0
2023-03-27,MSFT,276.3800048828125,-0.014933892903828516,0.010480456759089485,0.019721601779969733,1.0008836234320835,1.010615151639085,0.013561598830447467,-0.047273888967769406,-0.0041609156819140125,0
2023-03-28,MSFT,275.2300109863281,-0.0041609156819140125,-0.014933892903828516,0.010480456759089485,0.9956733590070506,1.0011239800939358,0.01380503619594623,-0.18485704279401793,0.019183950036463004,1
2023-03-29,MSFT,280.510009765625,0.019183950036463004,-0.0041609156819140125,-0.014933892903828516,1.008774777491775,1.0147669689606402,0.015195628539642667,0.14664558061301913,0.012619792178901301,1
2023-03-30,MSFT,284.04998779296875,0.012619792178901301,0.019183950036463004,-0.0041609156819140125,1.0168319929719158,1.0246632883941977,0.01387360694605335,-0.0013393390999322241,0.014962155193252835,1
2023-03-31,MSFT,288.29998779296875,0.014962155193252835,0.012619792178901301,0.019183950036463004,1.026365773360738,1.0366773988827054,0.014477100252756808,0.3078464400041512,-0.0037113314323447,0
2023-04-03,MSFT,287.2300109863281,-0.0037113314323447,0.014962155193252835,0.012619792178901301,1.014717553273908,1.0272890123436726,0.010950949448973464,-0.24057559665506922,-0.00017414026610629296,0
2023-04-04,MSFT,287.17999267578125,-0.00017414026610629296,-0.0037113314323447,0.014962155193252835,1.0060464904549686,1.022211113334337,0.009965030176611664,0.03781652755060616,-0.009889255555128096,0
2023-04-05,MSFT,284.3399963378906,-0.009889255555128096,-0.00017414026610629296,-0.0037113314323447,0.9934316301747991,1.0077796704095086,0.010684089320722496,-0.14557993827519045,0.025532847503443312,1
2023-04-06,MSFT,291.6000061035156,0.025532847503443312,-0.009889255555128096,-0.00017414026610629296,1.0134501349898772,1.0284299676482827,0.014530996584693416,0.34922138428628413,-0.0075788457092610395,0
2023-04-10,MSFT,289.3900146484375,-0.0075788457092610395,0.025532847503443312,-0.009889255555128096,1.0050078850252901,1.0174706242253007,0.014295747777305585,-0.22395810589748844,-0.02266846727293359,0
2023-04-11,MSFT,282.8299865722656,-0.02266846727293359,-0.0075788457092610395,0.025532847503443312,0.9852369030817602,0.9921561540447729,0.017870193589952555,0.18065186339436434,0.0023335703194284907,1
2023-04-12,MSFT,283.489990234375,0.0023335703194284907,-0.02266846727293359,-0.0075788457092610395,0.9900813447524548,0.9915981976725505,0.018002473570194584,0.0046486732217358995,0.022399401468340185,1
2023-04-13,MSFT,289.8399963378906,0.022399401468340185,0.0023335703194284907,-0.02266846727293359,1.0083846417173883,1.0105116339988753,0.02031166678309354,-0.11606953881635129,-0.012765600801139088,0
2023-04-14,MSFT,286.1400146484375,-0.012765600801139088,0.022399401468340185,0.0023335703194284907,0.9993085589774807,0.996885438705895,0.017136265311512907,-0.13354415486300042,0.009296054408186816,1
2023-04-17,MSFT,288.79998779296875,0.009296054408186816,-0.012765600801139088,0.022399401468340185,1.0090140197044057,1.0059773033724229,0.01781867354713742,0.13571152902386618,-0.001488894369654492,0
2023-04-18,MSFT,288.3699951171875,-0.001488894369654492,0.009296054408186816,-0.012765600801139088,1.0036265115217644,1.0040807981889943,0.013043833015457742,-0.1541520880006041,0.00027748063667720757,1
2023-04-19,MSFT,288.45001220703125,0.00027748063667720757,-0.001488894369654492,0.009296054408186816,1.0004509260050556,1.0039154692666188,0.013139782596572173,-0.14936662401174494,-0.008112417252349569,0
2023-04-20,MSFT,286.1099853515625,-0.008112417252349569,0.00027748063667720757,-0.001488894369654492,0.9949090888715718,0.995158247403065,0.008437241937525236,0.3553348921010129,-0.0012232204531675839,0
2023-04-21,MSFT,285.760009765625,-0.0012232204531675839,-0.008112417252349569,0.00027748063667720757,0.9939547812748016,0.9959640402313235,0.006239090733972945,-0.06745710794858117,-0.013962838100494368,0
2023-04-24,MSFT,281.7699890136719,-0.013962838100494368,-0.0012232204531675839,-0.008112417252349569,0.9848929389736117,0.9846726689604727,0.00600864574340418,0.22764850251886837,-0.02253602524585896,0
2023-04-25,MSFT,275.4200134277344,-0.02253602524585896,-0.013962838100494368,-0.0012232204531675839,0.9714923052757599,0.9649808665161677,0.009422439139330368,0.7200481004096051,0.0724347567962329,1
2023-04-26,MSFT,295.3699951171875,0.0724347567962329,-0.02253602524585896,-0.013962838100494368,1.0368006733779072,1.0305893352232596,0.038325644595532206,0.4113195345646483,0.03202759796683097,1
2023-04-27,MSFT,304.8299865722656,0.03202759796683097,0.0724347567962329,-0.02253602524585896,1.0561271796468952,1.0580627268630138,0.039006530927450454,-0.28075579883342205,0.007971732770402085,1
2023-04-28,MSFT,307.260009765625,0.007971732770402085,0.03202759796683097,0.0724347567962329,1.0489195747995919,1.0587360066907456,0.03835919438104203,-0.21507621183489511,-0.00553281309965481,0
2023-05-01,MSFT,305.5599975585937,-0.00553281309965481,0.007971732770402085,0.03202759796683097,1.026443783617077,1.0468327047775863,0.03691576542476709,-0.41611369469366266,-0.0004908819795874653,0
2023-05-02,MSFT,305.4100036621094,-0.0004908819795874653,-0.00553281309965481,0.007971732770402085,1.0056769331983328,1.0402460656830286,0.03202471002397322,0.2399866629723726,-0.003307061830045477,0
2023-05-03,MSFT,304.3999938964844,-0.003307061830045477,-0.0004908819795874653,-0.00553281309965481,0.9964254239042588,1.0312037221336705,0.015354094849754016,-0.15314114314280958,0.003318034776204515,1
2023-05-04,MSFT,305.4100036621094,0.003318034776204515,-0.003307061830045477,-0.0004908819795874653,0.999352117595849,1.0279046557478857,0.00537540643730125,0.007115130049014429,0.017157231824574737,1
2023-05-05,MSFT,310.6499938964844,0.017157231824574737,0.003318034776204515,-0.003307061830045477,1.0142481059604402,1.0368548079114892,0.008976769787441538,0.2520970341786597,-0.0064381137591988935,0
2023-05-08,MSFT,308.6499938964844,-0.0064381137591988935,0.017157231824574737,0.003318034776204515,1.0056890627240127,1.021019116260014,0.00917930566791865,-0.24394352610729475,-0.00534584133845073,0
2023-05-09,MSFT,307.0,-0.00534584133845073,-0.0064381137591988935,0.017157231824574737,0.9992774050281897,1.0050613257917287,0.009753793058214584,0.0010413441783232447,0.017296408985647105,1
2023-05-10,MSFT,312.3099975585937,0.017296408985647105,-0.00534584133845073,-0.0064381137591988935,1.0113534791673875,1.016806228738404,0.011613577480785096,0.409412955465587,-0.007044322065349329,0
2023-05-11,MSFT,310.1099853515625,-0.007044322065349329,0.017296408985647105,-0.00534584133845073,1.0011815925986005,1.0079108784668758,0.012887549918545666,0.05326816942615875,-0.0036760639279866947,0
2023-05-12,MSFT,308.9700012207031,-0.0036760639279866947,-0.007044322065349329,0.017296408985647105,0.9985844115504885,1.0036479295269336,0.010330833705361076,-0.3758025517515672,0.0015858828767811861,1
2023-05-15,MSFT,309.4599914550781,0.0015858828767811861,-0.0036760639279866947,-0.007044322065349329,0.9996446565757521,1.0039677099412563,0.0098970789047627,-0.17386863011828246,0.007367668979037845,1
2023-05-16,MSFT,311.739990234375,0.007367668979037845,0.0015858828767811861,-0.0036760639279866947,1.0039353502766806,1.0092919194565941,0.009628937050014866,0.6362317509870534,0.0072496626561315836,1
2023-05-17,MSFT,314.0,0.0072496626561315836,0.007367668979037845,0.0015858828767811861,1.0101140283985404,1.013459007616964,0.006451333524190155,-0.09035813290535455,0.01439486947029267,1
2023-05-18,MSFT,318.5199890136719,0.01439486947029267,0.0072496626561315836,0.007367668979037845,1.0191400557256467,1.0237159194289471,0.006802974710012964,0.12177668106107342,-0.0005650906755918506,0
2023-05-19,MSFT,318.3399963378906,-0.0005650906755918506,0.01439486947029267,0.0072496626561315836,1.0124931714185208,1.0206149272043086,0.005841460358039431,0.009924475729579108,0.008921267734376181,1
2023-05-22,MSFT,321.17999267578125,0.008921267734376181,-0.0005650906755918506,0.01439486947029267,1.0139665834651674,1.0256000818575823,0.005354475464832821,-0.12455212421088546,-0.018431979093206596,0
2023-05-23,MSFT,315.260009765625,-0.018431979093206596,0.008921267734376181,-0.0005650906755918506,0.9930700314688855,1.004047958441455,0.012773497673490041,0.27706017241879777,-0.004472510367419025,0
2023-05-24,MSFT,313.8500061035156,-0.004472510367419025,-0.018431979093206596,0.008921267734376181,0.9887219459737631,0.9990673352077428,0.012716692827335787,-0.2406809709973634,0.03845788462479027,1
2023-05-25,MSFT,325.9200134277344,0.03845788462479027,-0.004472510367419025,-0.018431979093206596,1.021981153570373,1.0322940746849592,0.02123867291508544,0.8516948971344758,0.021385618966441866,1
2023-05-26,MSFT,332.8900146484375,0.021385618966441866,0.03845788462479027,-0.004472510367419025,1.034398132721022,1.046442223167709,0.02210797773492571,-0.1540609260144521,-0.005046781577794146,0
2023-05-30,MSFT,331.2099914550781,-0.005046781577794146,0.021385618966441866,0.03845788462479027,1.022802320423801,1.0340908457508413,0.023011637792234738,-0.19457775739409133,-0.008514165874803026,0
2023-05-31,MSFT,328.3900146484375,-0.008514165874803026,-0.005046781577794146,0.021385618966441866,1.005936574271158,1.0199841338093172,0.020644018363303075,0.5574837898390339,0.012759133155475944,1
2023-06-01,MSFT,332.5799865722656,0.012759133155475944,-0.008514165874803026,-0.005046781577794146,1.0072138001803008,1.027071050256527,0.01936443826430192,-0.41733296191997493,0.00847918527294178,1
2023-06-02,MSFT,335.3999938964844,0.00847918527294178,0.012759133155475944,-0.008514165874803026,1.0099549936160044,1.0304083903753833,0.012460600991833121,-0.03361856136013053,0.0016100433951962145,1
2023-06-05,MSFT,335.94000244140625,0.0016100433951962145,0.00847918527294178,0.012759133155475944,1.0097263773806247,1.0265169796980829,0.008916194720903678,-0.17649900671721974,-0.006727420816814433,0
2023-06-06,MSFT,333.67999267578125,-0.006727420816814433,0.0016100433951962145,0.00847918527294178,1.0014465712031033,1.0157315107879692,0.009266349163975934,-0.04275100788000241,-0.030867861481214676,0
2023-06-07,MSFT,323.3800048828125,-0.030867861481214676,-0.006727420816814433,0.0016100433951962145,0.9734614766143975,0.9819509141303778,0.017261757095387718,0.9963081358292232,0.005813608925801628,1
2023-06-08,MSFT,325.260009765625,0.005813608925801628,-0.030867861481214676,-0.006727420816814433,0.9834549092477327,0.9842494889403482,0.01590799722774222,-0.4283065346009416,0.004703925270122644,1
2023-06-09,MSFT,326.7900085449219,0.004703925270122644,0.005813608925801628,-0.030867861481214676,0.9932524996429366,0.9886190572558183,0.015222347618598283,-0.03216383061900441,0.015483942061521594,1
2023-06-12,MSFT,331.8500061035156,0.015483942061521594,0.004703925270122644,0.005813608925801628,1.0111459196446084,1.0042427401594853,0.017796609361211534,0.07684761862488343,0.0073527268239528265,1
2023-06-13,MSFT,334.2900085449219,0.0073527268239528265,0.015483942061521594,0.004703925270122644,1.018202089581323,1.0106846306863861,0.018036965575687805,-0.053956463852466774,0.009123777902440233,1
2023-06-14,MSFT,337.3399963378906,0.009123777902440233,0.0073527268239528265,0.015483942061521594,1.0188277783193196,1.0171535600513089,0.004245808660363559,0.13299900223516747,0.03189663212910987,1
2023-06-15,MSFT,348.1000061035156,0.03189663212910987,0.009123777902440233,0.0073527268239528265,1.0370180615322384,1.0447084901481867,0.01091396091964268,0.49590059914320217,-0.016575752456419512,0
2023-06-16,MSFT,342.3299865722656,-0.016575752456419512,0.03189663212910987,0.009123777902440233,1.0104727696045637,1.02525931523438,0.017479304341325275,0.19673719957531155,-0.012502552937743827,0
2023-06-20,MSFT,338.04998779296875,-0.012502552937743827,-0.016575752456419512,0.03189663212910987,0.994200347935325,1.011801569712407,0.01943780048882705,-0.4334206908403506,-0.013282030458539373,0
2023-06-21,MSFT,333.5599975585937,-0.013282030458539373,-0.012502552937743827,-0.016575752456419512,0.9814167596131278,0.9983986481086079,0.020662533222663756,-0.04768079346663934,0.01843744436232675,1
2023-06-22,MSFT,339.7099914550781,0.01843744436232675,-0.013282030458539373,-0.012502552937743827,0.9981195755754857,1.011860766985763,0.02209128855679344,-0.06214716256997033,-0.013805900795904158,0
2023-06-23,MSFT,335.0199890136719,-0.013805900795904158,0.01843744436232675,-0.013282030458539373,0.9919640855189066,0.9949985482796403,0.014605920293524284,-0.017400495822862183,-0.019162984659683246,0
2023-06-26,MSFT,328.6000061035156,-0.019162984659683246,-0.013805900795904158,0.01843744436232675,0.9809306948657008,0.9754070631962852,0.015045032647038775,-0.07025994841641858,0.018167988769977272,1
2023-06-27,MSFT,334.57000732421875,0.018167988769977272,-0.019162984659683246,-0.013805900795904158,1.000831635320691,0.9923270453401783,0.018612115099419763,0.13166454466882893,0.0038258025264543694,1
2023-06-28,MSFT,335.8500061035156,0.0038258025264543694,0.018167988769977272,-0.019162984659683246,1.003286052587052,0.9956628077064147,0.01754520931247322,-0.1681277485105177,-0.002382070257578861,0
2023-06-29,MSFT,335.04998779296875,-0.002382070257578861,0.0038258025264543694,0.018167988769977272,1.003690599452677,0.9939658696061309,0.014769283574635163,-0.16103556356277304,0.016385676621321066,1
2023-06-30,MSFT,340.5400085449219,0.016385676621321066,-0.002382070257578861,0.0038258025264543694,1.0167740707324564,1.0125235239364474,0.01524317656216243,0.5786785903394718,-0.007488160705236169,0
2023-07-03,MSFT,337.989990234375,-0.007488160705236169,0.016385676621321066,-0.002382070257578861,1.003533225161446,1.0062400431669272,0.011318065982809085,-0.5338280015503414,0.00047339763523290834,1
2023-07-05,MSFT,338.1499938964844,0.00047339763523290834,-0.007488160705236169,0.016385676621321066,1.001878419355159,1.0066864226339725,0.0089680929584725,0.45278086451829536,0.009226660279469279,1
2023-07-06,MSFT,341.2699890136719,0.009226660279469279,0.00047339763523290834,-0.007488160705236169,1.0078853962354286,1.0136481535815862,0.009526332738851121,0.549668728401312,-0.011867400953344598,0
2023-07-07,MSFT,337.2200012207031,-0.011867400953344598,0.009226660279469279,0.00047339763523290834,0.9946495178076066,1.0023601127760522,0.01163716540136732,-0.24666562504438727,-0.015983674245080848,0
2023-07-10,MSFT,331.8299865722656,-0.015983674245080848,-0.011867400953344598,0.009226660279469279,0.9838062991658633,0.987274852538292,0.010078038923218385,0.5456850877689161,0.0019287426523706408,1
2023-07-11,MSFT,332.4700012207031,0.0019287426523706408,-0.015983674245080848,-0.011867400953344598,0.9889407318935749,0.9880414033972229,0.010401394406162005,-0.18581701299731024,0.014226880527450136,1
2023-07-12,MSFT,337.20001220703125,0.014226880527450136,0.0019287426523706408,-0.015983674245080848,1.0035774444108103,1.0013155317615323,0.013099136411460582,0.12349521690600862,0.016192144891518767,1
2023-07-13,MSFT,342.6600036621094,0.016192144891518767,0.014226880527450136,0.0019287426523706408,1.018984413597781,1.015475454054543,0.014667811121218738,-0.31431924334812456,0.00752929009715908,1
2023-07-14,MSFT,345.239990234375,0.00752929009715908,0.016192144891518767,0.014226880527450136,1.0217828562852744,1.020040928685749,0.012906384337092841,0.3785396164767203,0.0014193626631158196,1
2023-07-17,MSFT,345.7300109863281,0.0014193626631158196,0.00752929009715908,0.016192144891518767,1.0148828957603357,1.0199247530883342,0.006817911318461401,-0.28176505235832916,0.039799782520444804,1
2023-07-18,MSFT,359.489990234375,0.039799782520444804,0.0014193626631158196,0.00752929009715908,1.038796259399131,1.0538334586671356,0.014610097599043092,2.1790865207548653,-0.012267389306818255,0
2023-07-19,MSFT,355.0799865722656,-0.012267389306818255,0.039799782520444804,0.0014193626631158196,1.01555883277472,1.0357651981958345,0.01936820124466459,-0.38625642198008603,-0.023121526882809107,0
2023-07-20,MSFT,346.8699951171875,-0.023121526882809107,-0.012267389306818255,0.039799782520444804,0.989694193804326,1.0101666011514736,0.023938076280999372,-0.14986321159542848,-0.00893708348128619,0
2023-07-21,MSFT,343.7699890136719,-0.00893708348128619,-0.023121526882809107,-0.012267389306818255,0.9816726858887058,0.999232611977356,0.024233613417276503,1.054727281339554,0.0038979444998537005,1
2023-07-24,MSFT,345.1099853515625,0.0038979444998537005,-0.00893708348128619,-0.023121526882809107,0.9858482904318343,0.9992702986692756,0.024311021274531653,-0.6156192457647387,0.017009144573970625,1
2023-07-25,MSFT,350.9800109863281,0.017009144573970625,0.0038979444998537005,-0.00893708348128619,1.0075152216018504,1.0108492872606054,0.015490167871106686,0.5607445807609988,-0.03763753364624178,0
2023-07-26,MSFT,337.7699890136719,-0.03763753364624178,0.017009144573970625,0.0038979444998537005,0.979327326735319,0.9726437462576927,0.021560907910257894,0.4021835980373556,-0.02087215567479972,0
2023-07-27,MSFT,330.7200012207031,-0.02087215567479972,-0.03763753364624178,0.017009144573970625,0.9679515495859426,0.9556282611916587,0.021233339473507716,-0.3211238753282166,0.02313133124167832,1
2023-07-28,MSFT,338.3699951171875,0.02313133124167832,-0.02087215567479972,-0.03763753364624178,0.9934818954033496,0.9796779852907656,0.025738641920434242,-0.28132498050979804,-0.007240540605867318,0
2023-07-31,MSFT,335.9200134277344,-0.007240540605867318,0.02313133124167832,-0.02087215567479972,0.9916399356784245,0.9753548631679921,0.025484572945082426,-0.10668459429381882,0.0012502467652069083,1
2023-08-01,MSFT,336.3399963378906,0.0012502467652069083,-0.007240540605867318,0.02313133124167832,1.0015365111366479,0.9831829358052678,0.022907448457872872,-0.2803623359270613,-0.02628291738758859,0
2023-08-02,MSFT,327.5,-0.02628291738758859,0.0012502467652069083,-0.007240540605867318,0.9812146052737761,0.9651229680294025,0.01959156190704843,0.5160250984332593,-0.0025648743141698516,0
2023-08-03,MSFT,326.6600036621094,-0.0025648743141698516,-0.02628291738758859,0.0012502467652069083,0.981084707336814,0.9684152012632179,0.017741249516663705,-0.34247675721237836,0.003428626414717195,1
2023-08-04,MSFT,327.7799987792969,0.003428626414717195,-0.0025648743141698516,-0.02628291738758859,0.9907508051035899,0.9763638782158143,0.011893312474266391,0.3006404181070139,0.007108385444331011,1
2023-08-07,MSFT,330.1099853515625,0.007108385444331011,0.003428626414717195,-0.0025648743141698516,1.0013103347191787,0.9877174452206436,0.013257127409089811,-0.25272202683065514,-0.012298923809499152,0
2023-08-08,MSFT,326.04998779296875,-0.012298923809499152,0.007108385444331011,0.003428626414717195,0.9952078403405837,0.982901316983988,0.013449234966196186,0.2584956176197053,-0.0117159237836445,0
2023-08-09,MSFT,322.2300109863281,-0.0117159237836445,-0.012298923809499152,0.007108385444331011,0.9867224807120692,0.9759577297046985,0.008745225708949011,0.0020467941023665226,0.0021723044582673268,1
2023-08-10,MSFT,322.92999267578125,0.0021723044582673268,-0.0117159237836445,-0.012298923809499152,0.9911300641927553,0.9803909487917856,0.00908249578676709,-0.10099538288942622,-0.0059455081711282665,0
2023-08-11,MSFT,321.010009765625,-0.0059455081711282665,0.0021723044582673268,-0.0117159237836445,0.9893486911496652,0.9797255324542135,0.0085672895165781,0.21089108418640024,0.009438954198061067,1
2023-08-14,MSFT,324.0400085449219,0.009438954198061067,-0.0059455081711282665,0.0021723044582673268,1.0024377469807941,0.9925719729549561,0.009358824104369882,-0.22661821765104395,-0.006727635896408679,0
2023-08-15,MSFT,321.8599853515625,-0.006727635896408679,0.009438954198061067,-0.0059455081711282665,0.9982816623634081,0.9902866220657592,0.00835211505728122,-0.09926683336784159,-0.004536107380615828,0
2023-08-16,MSFT,320.3999938964844,-0.004536107380615828,-0.006727635896408679,0.009438954198061067,0.9948827374789307,0.987952761389297,0.0068689824699353415,0.22000082516518038,-0.010986233085912955,0
2023-08-17,MSFT,316.8800048828125,-0.010986233085912955,-0.004536107380615828,-0.006727635896408679,0.987663569778377,0.9800543936246126,0.007755902753034089,0.02697244781123631,-0.001262288217372065,0
2023-08-18,MSFT,316.4800109863281,-0.001262288217372065,-0.010986233085912955,-0.004536107380615828,0.9892102392439921,0.98225013716851,0.007707306390933909,0.16454660068118088,0.017062669707495814,1
2023-08-21,MSFT,321.8800048828125,0.017062669707495814,-0.001262288217372065,-0.010986233085912955,1.0074491545627935,1.0015682686470628,0.010850613883869186,-0.028883053928499325,0.00180187201276083,1
2023-08-22,MSFT,322.4599914550781,0.00180187201276083,0.017062669707495814,-0.001262288217372065,1.0088855210047194,1.0044950582251684,0.0104448933907904,-0.33092346089850244,0.01407929251760942,1
2023-08-23,MSFT,327.0,0.01407929251760942,0.00180187201276083,0.017062669707495814,1.018882026274366,1.0171262908535716,0.0115026020052373,0.3159419569028761,-0.02149846721497517,0
2023-08-24,MSFT,319.9700012207031,-0.02149846721497517,0.01407929251760942,0.00180187201276083,0.9950615426148891,0.996176813449245,0.015294168524629545,0.09992251870889701,0.009407162403167968,1
2023-08-25,MSFT,322.9800109863281,0.009407162403167968,-0.02149846721497517,0.01407929251760942,1.0003779038360454,1.0049316565584558,0.01546222104416025,-0.06860841701959508,0.0022292439043034573,1
2023-08-28,MSFT,323.70001220703125,0.0022292439043034573,0.009407162403167968,-0.02149846721497517,1.0014788876639258,1.00727845198567,0.013691928501128284,-0.31708025696247477,0.014550482784862373,1
2023-08-29,MSFT,328.4100036621094,0.014550482784862373,0.0022292439043034573,0.009407162403167968,1.0123238288894179,1.0198561567632443,0.014959494742508725,0.3022655907080394,0.0011571050777230418,1
2023-08-30,MSFT,328.7900085449219,0.0011571050777230418,0.014550482784862373,0.0022292439043034573,1.0123779940574684,1.0183828764378722,0.013800993893690817,-0.21066031963328247,-0.0031326948889207618,0
2023-08-31,MSFT,327.760009765625,-0.0031326948889207618,0.0011571050777230418,0.014550482784862373,1.0043882250152674,1.011782950492043,0.007055069967563091,0.7350431280835101,0.002745892938946115,1
2023-09-01,MSFT,328.6600036621094,0.002745892938946115,-0.0031326948889207618,0.0011571050777230418,1.003652297859026,1.01076081994311,0.006591243543570745,-0.43425088031502024,0.014878549493009485,1
2023-09-05,MSFT,333.54998779296875,0.014878549493009485,0.002745892938946115,-0.0031326948889207618,1.0124941113360137,1.022131060768442,0.008206406186029257,0.2417280149912997,-0.0020086431859566156,0
2023-09-06,MSFT,332.8800048828125,-0.0020086431859566156,0.014878549493009485,0.002745892938946115,1.0077256603451454,1.0168311101763792,0.0071917907582098725,-0.054872560485935584,-0.0089221376386025,0
2023-09-07,MSFT,329.9100036621094,-0.0089221376386025,-0.0020086431859566156,0.014878549493009485,0.9980577994166658,1.006863798229263,0.008941868247349046,0.04819854241038324,0.013215680952881836,1
2023-09-08,MSFT,334.2699890136719,0.013215680952881836,-0.0089221376386025,-0.0020086431859566156,1.0072802835793275,1.015737244536963,0.010098616110024763,0.06251564115118868,0.010979189123628608,1
2023-09-11,MSFT,337.94000244140625,0.010979189123628608,0.013215680952881836,-0.0089221376386025,1.0126756912102095,1.0222422533884037,0.010509586293730663,-0.15088504411139725,-0.01825771848008484,0
2023-09-12,MSFT,331.7699890136719,-0.01825771848008484,0.010979189123628608,0.013215680952881836,0.995248268208861,1.001134567219848,0.013296550510149647,0.059228259755296,0.012930670907503439,1
2023-09-13,MSFT,336.0599975585937,0.012930670907503439,-0.01825771848008484,0.010979189123628608,1.0061977940758708,1.0117443692000083,0.014625017620767558,-0.05813099541715294,0.007855783692247487,1
2023-09-14,MSFT,338.70001220703125,0.007855783692247487,0.012930670907503439,-0.01825771848008484,1.0087923507432026,1.016659199180643,0.01336624912672468,0.22500664877541654,-0.025036937350757182,0
2023-09-15,MSFT,330.2200012207031,-0.025036937350757182,0.007855783692247487,0.012930670907503439,0.9859138131215326,0.9904737971273059,0.01790996282323689,0.859170079439483,-0.0035128207189791816,0
2023-09-18,MSFT,329.0599975585937,-0.0035128207189791816,-0.025036937350757182,0.007855783692247487,0.9876876655826986,0.9868760391925673,0.016325052038812845,-0.553230112686373,-0.0012459845169612294,0
2023-09-19,MSFT,328.6499938964844,-0.0012459845169612294,-0.0035128207189791816,-0.025036937350757182,0.9883080833285582,0.987096990923306,0.014606700108658402,-0.01950196623540179,-0.02397689039755313,0
2023-09-20,MSFT,320.7699890136719,-0.02397689039755313,-0.0012459845169612294,-0.0035128207189791816,0.9735643747787573,0.9669464825067631,0.014625951417776938,0.2987174283135121,-0.00386566785187048,0
2023-09-21,MSFT,319.5299987792969,-0.00386566785187048,-0.02397689039755313,-0.0012459845169612294,0.981218877591566,0.9662319331897614,0.01189685394493176,0.6588715508595153,-0.007886549066751236,0
2023-09-22,MSFT,317.010009765625,-0.007886549066751236,-0.00386566785187048,-0.02397689039755313,0.9814429911769388,0.9636412042065985,0.009193346663677274,-0.396859990326318,0.001671867647613734,1
2023-09-25,MSFT,317.5400085449219,0.001671867647613734,-0.007886549066751236,-0.00386566785187048,0.9901465810568191,0.9712753112493145,0.010088562936916847,-0.16840343343637376,-0.01700571188250899,0
2023-09-26,MSFT,312.1400146484375,-0.01700571188250899,0.001671867647613734,-0.007886549066751236,0.9834340813956038,0.9605253822550419,0.010277848645268527,0.4744113029827315,0.0020823792720598977,1
2023-09-27,MSFT,312.7900085449219,0.0020823792720598977,-0.01700571188250899,0.001671867647613734,0.9904623801151432,0.9694676288237136,0.007880829653218433,-0.26190602944755415,0.0027174976191528533,1
2023-09-28,MSFT,313.6400146484375,0.0027174976191528533,0.0020823792720598977,-0.01700571188250899,0.9968724682576422,0.9797117186831368,0.008631990587658702,0.014090602315289358,0.006727411213545587,1
2023-09-29,MSFT,315.75,0.006727411213545587,0.0027174976191528533,0.0020823792720598977,1.0043833123878423,0.9907809408970427,0.009301485936755123,0.22677254160824245,0.019160689763954908,1
2023-10-02,MSFT,321.79998779296875,0.019160689763954908,0.006727411213545587,0.0027174976191528533,1.0208613004056186,1.0120705782406374,0.012998697499527893,-0.14814492717612326,-0.02613416241004285,0
2023-10-03,MSFT,313.3900146484375,-0.02613416241004285,0.019160689763954908,0.006727411213545587,0.9933940976288143,0.9903740726542402,0.016605407164818658,0.022532814778803978,0.01777330657101195,1
2023-10-04,MSFT,318.9599914550781,0.01777330657101195,-0.02613416241004285,0.019160689763954908,1.0071106184054137,1.0085531818643247,0.018280384546379074,-0.014900040411724103,0.0012540566440939482,1
2023-10-05,MSFT,319.3599853515625,0.0012540566440939482,0.01777330657101195,-0.02613416241004285,1.0047443134592322,1.009872253734767,0.01831870740490026,-0.18120086293019821,0.02473705152937633,1
2023-10-06,MSFT,327.260009765625,0.02473705152937633,0.0012540566440939482,0.01777330657101195,1.0221956059010986,1.0315101543956868,0.020668796505289907,0.513273918989013,0.00782251873801254,1
2023-10-09,MSFT,329.82000732421875,0.00782251873801254,0.02473705152937633,0.0012540566440939482,1.025056115379925,1.0355708757379953,0.019646897567609234,-0.2252274710208152,-0.004335675956660623,0
2023-10-10,MSFT,328.3900146484375,-0.004335675956660623,0.00782251873801254,0.02473705152937633,1.0111837519640479,1.0258469153123393,0.011862107957209553,0.03347711550836552,0.01227198940141716,1
2023-10-11,MSFT,332.4200134277344,0.01227198940141716,-0.004335675956660623,0.00782251873801254,1.0151779118386932,1.0321070588149683,0.011129628045895405,-0.02402576238866372,-0.00379041488095877,0
2023-10-12,MSFT,331.1600036621094,-0.00379041488095877,0.01227198940141716,-0.004335675956660623,1.004093247192357,1.0226321778673124,0.012118398039650183,-0.03738685753020454,-0.010357508871394194,0
2023-10-13,MSFT,327.7300109863281,-0.010357508871394194,-0.00379041488095877,0.01227198940141716,0.9934102073406954,1.0083100494036439,0.009377070958897343,0.09109361003671079,0.01498185548321418,1
2023-10-16,MSFT,332.6400146484375,0.01498185548321418,-0.010357508871394194,-0.00379041488095877,1.0065725065616373,1.0200145591396501,0.011181654601313363,0.05151762495017187,-0.0017436780432348309,0
2023-10-17,MSFT,332.0599975585937,-0.0017436780432348309,0.01498185548321418,-0.010357508871394194,1.002590532306816,1.0124397603970978,0.01088488920585287,-0.17237566567379725,-0.005872469497585575,0
2023-10-18,MSFT,330.1099853515625,-0.005872469497585575,-0.0017436780432348309,0.01498185548321418,0.9980951288468489,1.0030841582701793,0.009675069115653362,0.2625678217956757,0.0036655115759907098,1
2023-10-19,MSFT,331.32000732421875,0.0036655115759907098,-0.005872469497585575,-0.0017436780432348309,1.001656742847437,1.0031154370973965,0.009780152002474259,0.0819958883283809,-0.014034751278796276,0
2023-10-20,MSFT,326.6700134277344,-0.014034751278796276,0.0036655115759907098,-0.005872469497585575,0.9882321206701364,0.98921366392576,0.01084652343844195,-0.0009739702460073163,0.008112143103305103,1
2023-10-23,MSFT,329.32000732421875,0.008112143103305103,-0.014034751278796276,0.0036655115759907098,0.9982540107512354,0.9973893201510915,0.008576817671018084,-0.026091091071093198,0.0036742117945081088,1
2023-10-24,MSFT,330.5299987792969,0.0036742117945081088,0.008112143103305103,-0.014034751278796276,1.0028520171453252,1.0004055543291828,0.008947524493101036,0.2781121408673748,0.030678046428119332,1
2023-10-25,MSFT,340.6700134277344,0.030678046428119332,0.0036742117945081088,0.008112143103305103,1.0270363312650261,1.0285278047858313,0.016006557791524982,0.7671729751938781,-0.03751430497421182,0
2023-10-26,MSFT,327.8900146484375,-0.03751430497421182,0.030678046428119332,0.0036742117945081088,0.9905563634895913,0.9909215892654683,0.025535467299485085,-0.31288121800856616,0.005855569930102389,1
2023-10-27,MSFT,329.8099975585937,0.005855569930102389,-0.03751430497421182,0.030678046428119332,0.9944699474317048,0.9960978567729601,0.024691635845114215,-0.21074057919293654,0.022740365833414655,1
2023-10-30,MSFT,337.3099975585937,0.022740365833414655,0.005855569930102389,-0.03751430497421182,1.012207324138065,1.0173146289479054,0.026381815887294952,-0.23540602548858702,0.0023716693805668765,1
2023-10-31,MSFT,338.1099853515625,0.0023716693805668765,0.022740365833414655,0.005855569930102389,1.0100131546534088,1.0178701019323706,0.02640567167159412,-0.11226514690228273,0.023542700060690258,1
2023-11-01,MSFT,346.07000732421875,0.023542700060690258,0.0023716693805668765,0.022740365833414655,1.0304670907433378,1.036851732912815,0.024803456171332835,0.38950817407094895,0.006501574688303036,1
2023-11-02,MSFT,348.32000732421875,0.006501574688303036,0.023542700060690258,0.0023716693805668765,1.0246996632332583,1.0383044769669523,0.01011281433445118,-0.13532892026648868,0.012861679991238661,1
2023-11-03,MSFT,352.79998779296875,0.012861679991238661,0.006501574688303036,0.023542700060690258,1.0240274664406024,1.0435306892378238,0.009479077937465667,-0.029176814617978386,0.01057259386447873,1
2023-11-06,MSFT,356.5299987792969,0.01057259386447873,0.012861679991238661,0.006501574688303036,1.023435127216146,1.0461438183981855,0.007992296269620622,0.008063390262165848,0.011219252275251446,1
2023-11-07,MSFT,360.5299987792969,0.011219252275251446,0.01057259386447873,0.012861679991238661,1.0217656193263338,1.0486498059453464,0.006372642439964403,0.08416882446502694,0.00740580100622612,1
2023-11-08,MSFT,363.2000122070313,0.00740580100622612,0.011219252275251446,0.01057259386447873,1.0194344025740996,1.0495381149299874,0.0026719982965119475,0.036150174770359866,-0.006910819607005569,0
2023-11-09,MSFT,360.6900024414063,-0.006910819607005569,0.00740580100622612,0.011219252275251446,1.00540767231054,1.032498713121015,0.008040459792518325,-0.07174665082673959,0.024896756010826415,1
2023-11-10,MSFT,369.6700134277344,0.024896756010826415,-0.006910819607005569,0.00740580100622612,1.0208381885595674,1.0462664821658134,0.0113451203978429,0.1285773504565888,-0.00808835080840975,0
2023-11-13,MSFT,366.6799926757813,-0.00808835080840975,0.024896756010826415,-0.006910819607005569,1.0069365947990003,1.0292482794800932,0.013702542015647797,-0.28726807193469817,0.009790543279149855,1
2023-11-14,MSFT,370.2699890136719,0.009790543279149855,-0.00808835080840975,0.024896756010826415,1.0113847699228928,1.0300270059970236,0.013573077444621974,0.38512996272483924,-0.001620373251247642,0
2023-11-15,MSFT,369.6700134277344,-0.001620373251247642,0.009790543279149855,-0.00808835080840975,1.0061895372210605,1.0216507252082778,0.013840347672878464,-0.02975736800089579,0.01758324928692301,1
2023-11-16,MSFT,376.1700134277344,0.01758324928692301,-0.001620373251247642,0.009790543279149855,1.0153255912836292,1.0316740153772614,0.013514983352520004,0.011995487730872112,-0.016800933350932468,0
2023-11-17,MSFT,369.8500061035156,-0.016800933350932468,0.01758324928692301,-0.001620373251247642,0.9981701873520731,1.0096198523622222,0.013740400621973636,0.47732163944920036,0.020521822935339662,1
2023-11-20,MSFT,377.4400024414063,0.020521822935339662,-0.016800933350932468,0.01758324928692301,1.0127723448970398,1.0244912638104304,0.01530784605761682,0.3064994895036979,-0.0115779861406341,0
2023-11-21,MSFT,373.0700073242188,-0.0115779861406341,0.020521822935339662,-0.016800933350932468,0.9995445257292598,1.0091946677638557,0.016853203507717546,-0.4582474826122508,0.012812605370183805,1
2023-11-22,MSFT,377.8500061035156,0.012812605370183805,-0.0115779861406341,0.020521822935339662,1.0079332871863476,1.0180904072386627,0.0173867818301488,-0.1786504638832499,-0.0011115877225081894,0
2023-11-24,MSFT,377.4299926757813,-0.0011115877225081894,0.012812605370183805,-0.0115779861406341,1.0061365446677284,1.0123923418585603,0.015810674233647196,-0.5640835628584768,0.0031263882009366917,1
2023-11-27,MSFT,378.6099853515625,0.0031263882009366917,-0.0011115877225081894,0.012812605370183805,1.004590284912622,1.0131279956485684,0.012423298385699558,1.1794312442269521,0.010802744284916121,1
2023-11-28,MSFT,382.7000122070313,0.010802744284916121,0.0031263882009366917,-0.0011115877225081894,1.0126160565005586,1.0197012820048186,0.009828900897369137,-0.07782516952820662,-0.010060114922162411,0
2023-11-29,MSFT,378.8500061035156,-0.010060114922162411,0.010802744284916121,0.0031263882009366917,0.9993721922496648,1.0071405066797015,0.009281605247149043,0.41608851469948327,0.00015836757985265848,1
2023-11-30,MSFT,378.9100036621094,0.00015836757985265848,-0.010060114922162411,0.010802744284916121,0.9989717997946463,1.0048317636863695,0.007537238090813447,0.05493139617586329,-0.01161223998827976,0
2023-12-01,MSFT,374.510009765625,-0.01161223998827976,0.00015836757985265848,-0.010060114922162411,0.9888940693966348,0.9936008155854708,0.009368066672851533,0.0813663498546855,-0.014338722536543558,0
2023-12-04,MSFT,369.1400146484375,-0.014338722536543558,-0.01161223998827976,0.00015836757985265848,0.9796137315767768,0.9795383605258928,0.010402802543234278,-0.02957582361041755,0.009156347811421606,1
2023-12-05,MSFT,372.5199890136719,0.009156347811421606,-0.014338722536543558,-0.01161223998827976,0.9939538414002821,0.9897995965435094,0.009784856027359934,-0.28064173057670294,-0.009986044589318732,0
2023-12-06,MSFT,368.7999877929688,-0.009986044589318732,0.009156347811421606,-0.014338722536543558,0.9893340419630616,0.9810284494920414,0.00977597399602498,-0.08163451116410148,0.005829784395951387,1
2023-12-07,MSFT,370.9500122070313,0.005829784395951387,-0.009986044589318732,0.009156347811421606,0.9993696105521179,0.9885620769519841,0.01084206423542623,0.09143569334485258,0.008842158434722469,1
2023-12-08,MSFT,374.2300109863281,0.008842158434722469,0.005829784395951387,-0.009986044589318732,1.0083583238994454,0.9981543036107722,0.011194637219130813,-0.1282284191721924,-0.007829471467659443,0
2023-12-11,MSFT,371.2999877929688,-0.007829471467659443,0.008842158434722469,0.005829784395951387,0.9993002213173284,0.9922739574212298,0.009351468808323736,0.3748263406501806,0.008295225400225537,1
2023-12-12,MSFT,374.3800048828125,0.008295225400225537,-0.007829471467659443,0.008842158434722469,1.0065818594408922,1.002734639287982,0.009174621549512298,-0.1035952477191362,-2.6736913014691055e-05,0
2023-12-13,MSFT,374.3699951171875,-2.6736913014691055e-05,0.008295225400225537,-0.007829471467659443,1.0035491411571855,1.0039124443206682,0.007010956303082824,0.24628094515325127,-0.022544548311795753,0
2023-12-14,MSFT,365.9299926757813,-0.022544548311795753,-2.6736913014691055e-05,0.008295225400225537,0.9835717321073697,0.9847071878404879,0.013051524003177321,0.3980552728917317,0.013117313165416533,1
2023-12-15,MSFT,370.7300109863281,0.013117313165416533,-0.022544548311795753,-2.6736913014691055e-05,0.9983519577437943,0.9986397036292558,0.014091442908813258,0.8139287158454163,0.005178924967655485,1
2023-12-18,MSFT,372.6499938964844,0.005178924967655485,0.013117313165416533,-0.022544548311795753,1.0027932208489756,1.0028633892706467,0.013898929272247625,-0.7222641884377909,0.0016369673396803286,1
2023-12-19,MSFT,373.260009765625,0.0016369673396803286,0.005178924967655485,0.013117313165416533,1.005040575556783,1.00430503458173,0.013308177101515094,-0.055001857551059685,-0.007072856934487004,0
2023-12-20,MSFT,370.6199951171875,-0.007072856934487004,0.0016369673396803286,0.005178924967655485,0.9999514206015843,0.9967136412208057,0.013611484574792717,0.2772802943160695,0.007878726097363176,1
2023-12-21,MSFT,373.5400085449219,0.007878726097363176,-0.007072856934487004,0.0016369673396803286,1.0037080956288507,1.003867249925646,0.007543915053802558,-0.3271192816728541,0.0027841141606086417,1
2023-12-22,MSFT,374.5799865722656,0.0027841141606086417,0.007878726097363176,-0.007072856934487004,1.004424390095647,1.0065674593340328,0.00565011942695151,-0.03391122656426471,0.00021361816624532182,1
2023-12-26,MSFT,374.6600036621094,0.00021361816624532182,0.0027841141606086417,0.007878726097363176,1.0035571634016964,1.0058742765612503,0.005400376346767758,-0.2592079497296508,-0.0015747513268661306,0
2023-12-27,MSFT,374.0700073242188,-0.0015747513268661306,0.00021361816624532182,0.0027841141606086417,1.0015422124042197,1.0043738658107086,0.005508694074937632,0.17614474753611975,0.0032346657881858754,1
2023-12-28,MSFT,375.2799987792969,0.0032346657881858754,-0.0015747513268661306,0.00021361816624532182,1.0022808186410854,1.0073765422607246,0.003584062805504613,-0.03880472848766214,0.0020251805800926004,1
2023-12-29,MSFT,376.0400085449219,0.0020251805800926004,0.0032346657881858754,-0.0015747513268661306,1.00297127317246,1.006684655341104,0.0019943137252043538,0.3073776785091087,-0.013748572785485358,0
2024-01-02,MSFT,370.8699951171875,-0.013748572785485358,0.0020251805800926004,0.0032346657881858754,0.9911433745307803,0.992806972938625,0.006832078755819224,0.3485062036859077,-0.0007279882903079571,0
2024-01-03,MSFT,370.6000061035156,-0.0007279882903079571,-0.013748572785485358,0.0020251805800926004,0.9925757768478908,0.9926289511366946,0.006769533470614612,-0.0861132445978795,-0.007177559682409518,0
2024-01-04,MSFT,367.9400024414063,-0.007177559682409518,-0.0007279882903079571,-0.013748572785485358,0.9886979848472757,0.9869105767841894,0.007104233881496011,-0.09452639331123958,-0.0005163951735217553,0
2024-01-05,MSFT,367.75,-0.0005163951735217553,-0.007177559682409518,-0.0007279882903079571,0.9922026699159028,0.9871608644414254,0.006408426028566668,0.004932660335382533,0.018871522614293257,1
2024-01-08,MSFT,374.6900024414063,0.018871522614293257,-0.0005163951735217553,-0.007177559682409518,1.01166401492147,1.005479705611605,0.012199333403494765,0.10137779343572362,0.0029357764988340307,1
2024-01-09,MSFT,375.7900085449219,0.0029357764988340307,0.018871522614293257,-0.0005163951735217553,1.011945487572531,1.008104228684018,0.009762602015874674,-0.09959367165211375,0.018574151281394835,1
2024-01-10,MSFT,382.7699890136719,0.018574151281394835,0.0029357764988340307,0.018871522614293257,1.0240296331440746,1.0245997835472285,0.011703010289127957,0.22487758041286598,0.0048593565914965,1
2024-01-11,MSFT,384.6300048828125,0.0048593565914965,0.018574151281394835,0.0029357764988340307,1.0198978693773924,1.0266765693995372,0.009132054168159908,0.09158037485008341,0.00998361097455347,1
2024-01-12,MSFT,388.4700012207031,0.00998361097455347,0.0048593565914965,0.018574151281394835,1.018884255191722,1.033288556685495,0.007468112412363411,-0.22224137188159765,0.004633530999337276,1
2024-01-16,MSFT,390.2699890136719,0.004633530999337276,0.00998361097455347,0.0048593565914965,1.0153075046982427,1.0341620050451068,0.006371732391090581,0.2558076191531402,-0.0020498316946956363,0
2024-01-17,MSFT,389.4700012207031,-0.0020498316946956363,0.004633530999337276,0.00998361097455347,1.0060652821801912,1.0269804205254953,0.0076606880952882995,-0.18263896802843882,0.011297388457887969,1
2024-01-18,MSFT,393.8699951171875,0.011297388457887969,-0.0020498316946956363,0.004633530999337276,1.0116298700013027,1.0322487538092386,0.00528142900022109,0.05208216208436589,0.012186808769524937,1
2024-01-19,MSFT,398.6700134277344,0.012186808769524937,0.011297388457887969,-0.0020498316946956363,1.0166263252014138,1.03648108850826,0.005948759594302254,0.25388913351088616,-0.00541802390287105,0
2024-01-22,MSFT,396.510009765625,-0.00541802390287105,0.012186808769524937,0.011297388457887969,1.0069890847797287,1.0232146664811475,0.007840475887080643,-0.07889918891551972,0.006027550558615369,1
2024-01-23,MSFT,398.8999938964844,0.006027550558615369,-0.00541802390287105,0.012186808769524937,1.0086374952911903,1.0229909940684991,0.007887503028769841,-0.2402570243070078,0.009175241208600138,1
2024-01-24,MSFT,402.55999755859375,0.009175241208600138,0.006027550558615369,-0.00541802390287105,1.011198124057647,1.0253379877824598,0.007152899521921495,0.21149377128408497,0.005738269009845087,1
2024-01-25,MSFT,404.8699951171875,0.005738269009845087,0.009175241208600138,0.006027550558615369,1.0114113672721463,1.0254494303559847,0.006666152002455474,-0.15465476334097394,-0.002321738960018749,0
2024-01-26,MSFT,403.9299926757813,-0.002321738960018749,0.005738269009845087,0.009175241208600138,1.0064182614030246,1.0180918906377043,0.006191420468858934,-0.15307879664338853,0.01433418822545618,1
2024-01-29,MSFT,409.7200012207031,0.01433418822545618,-0.002321738960018749,0.005738269009845087,1.0141684699410358,1.0271838244601743,0.0060645858733115714,0.3767222930580285,-0.0027579929694567795,0
2024-01-30,MSFT,408.5899963378906,-0.0027579929694567795,0.01433418822545618,-0.002321738960018749,1.0065429350047617,1.0196676309024855,0.007395279076507373,0.3658640076376365,-0.026946351756786724,0
2024-01-31,MSFT,397.5799865722656,-0.026946351756786724,-0.0027579929694567795,0.01433418822545618,0.9818292975355913,0.9901872593777461,0.01540228648825279,0.4299442014959256,0.015594377022054351,1
2024-02-01,MSFT,403.7799987792969,0.015594377022054351,-0.026946351756786724,-0.0027579929694567795,0.9976774156225752,1.0031527094880857,0.017225537002421205,-0.3595781170685445,0.018425881578826964,1
2024-02-02,MSFT,411.2200012207031,0.018425881578826964,0.015594377022054351,-0.026946351756786724,1.0124132878539185,1.0184611977131022,0.01905461751975758,-0.07831637728857677,-0.013545078808628541,0
2024-02-05,MSFT,405.6499938964844,-0.013545078808628541,0.018425881578826964,0.015594377022054351,1.0007055351201117,1.0023969511198632,0.019253855248619597,-0.1027862418470663,-0.00039443772837877145,0
2024-02-06,MSFT,405.489990234375,-0.00039443772837877145,-0.013545078808628541,0.018425881578826964,1.0018431307309055,1.0003725150424085,0.01925487601508939,-0.27491391313608626,0.02111025614626416,1
2024-02-07,MSFT,414.0499877929688,0.02111025614626416,-0.00039443772837877145,-0.013545078808628541,1.014733905888514,1.0186032392411701,0.014770119291730716,0.21530686627571716,0.00014490414288736986,1
2024-02-08,MSFT,414.1099853515625,0.00014490414288736986,0.02111025614626416,-0.00039443772837877145,1.0097682386258797,1.0164403406176814,0.014459223176825466,-0.04991830979611023,0.015551429980465326,1
2024-02-09,MSFT,420.5499877929688,0.015551429980465326,0.00014490414288736986,0.02111025614626416,1.0208267568223572,1.028053591945879,0.013843364972468162,0.038044220811955576,-0.01257871401948063,0
2024-02-12,MSFT,415.260009765625,-0.01257871401948063,0.015551429980465326,0.00014490414288736986,1.0033052525875041,1.0137490993701777,0.013530372827089764,-0.037666569841327435,-0.02152868619940551,0
2024-02-13,MSFT,406.3200073242188,-0.02152868619940551,-0.01257871401948063,0.015551429980465326,0.98131182500187,0.9924744014122792,0.018081497011304026,0.3123157681260582,0.0078016904238404905,1
2024-02-14,MSFT,409.489990234375,0.0078016904238404905,-0.02152868619940551,-0.01257871401948063,0.9911508137705747,0.9973160582338176,0.015016082632840004,-0.2668005994630709,-0.0071552241706915876,0
2024-02-15,MSFT,406.55999755859375,-0.0071552241706915876,0.0078016904238404905,-0.02152868619940551,0.9876687146055595,0.9895100698278918,0.015095271528663103,0.06981452071446781,-0.0061491539133524675,0
2024-02-16,MSFT,404.05999755859375,-0.0061491539133524675,-0.0071552241706915876,0.0078016904238404905,0.9895233778767295,0.9851421727683458,0.010698040284917856,0.021580261620581354,-0.003143070388915925,0
2024-02-20,MSFT,402.7900085449219,-0.003143070388915925,-0.0061491539133524675,-0.0071552241706915876,0.992474961568037,0.9827310555197106,0.010501660631217763,0.09021146816764958,-0.0015144761692184039,0
2024-02-21,MSFT,402.1799926757813,-0.0015144761692184039,-0.003143070388915925,-0.0061491539133524675,0.9929977959945372,0.9820358017767049,0.005945631966303203,-0.23815302843931396,0.023546674109016008,1
2024-02-22,MSFT,411.6499938964844,0.023546674109016008,-0.0015144761692184039,-0.003143070388915925,1.0152966493347744,1.0057488739057805,0.01274156419552261,0.458504554806171,-0.003182309189887045,0
2024-02-23,MSFT,410.3399963378906,-0.003182309189887045,0.023546674109016008,-0.0015144761692184039,1.0101820724501211,1.0034725574080594,0.012209502311974162,-0.3966693693793757,-0.006823580001845908,0
2024-02-26,MSFT,407.5400085449219,-0.006823580001845908,-0.003182309189887045,0.023546674109016008,1.001572889026596,0.9998062119303285,0.01232400444463525,-0.006283789173963994,-0.00014721881860868535,0
2024-02-27,MSFT,407.4800109863281,-0.00014721881860868535,-0.006823580001845908,-0.003182309189887045,0.9991222262233423,1.001570664263292,0.01209573223656902,-0.0838422823972581,0.0005889619807217805,1
2024-02-28,MSFT,407.7200012207031,0.0005889619807217805,-0.00014721881860868535,-0.006823580001845908,0.9970020467984154,1.0018158131836303,0.011962446747163657,-0.1113994526752855,0.014519801358800155,1
2024-02-29,MSFT,413.6400146484375,0.014519801358800155,0.0005889619807217805,-0.00014721881860868535,1.0104948606408386,1.0153266414434485,0.008108172003719594,1.4233526257101894,0.004496628192858232,1
2024-03-01,MSFT,415.5,0.004496628192858232,0.014519801358800155,0.0005889619807217805,1.0124860928307682,1.0176590107900778,0.007842950714518342,-0.4420999583689389,-0.001395876226872761,0
2024-03-04,MSFT,414.9200134277344,-0.001395876226872761,0.004496628192858232,0.014519801358800155,1.0074492907915404,1.0135425851658626,0.006482900696519541,-0.01275850847761928,-0.02957201179544222,0
2024-03-05,MSFT,402.6499938964844,-0.02957201179544222,-0.001395876226872761,0.004496628192858232,0.9799554848566085,0.983603733065207,0.01644705338041077,0.529847692657422,-0.00139078000020465,0
2024-03-06,MSFT,402.0899963378906,-0.00139078000020465,-0.02957201179544222,-0.001395876226872761,0.9812817081812027,0.9822573511374866,0.016384656329937537,-0.169956759487652,0.017533433745569926,1
2024-03-07,MSFT,409.1400146484375,0.017533433745569926,-0.00139078000020465,-0.02957201179544222,1.0006848578579957,1.0000929099419942,0.01720967434589135,-0.16226207365702805,-0.007136953911104138,0
2024-03-08,MSFT,406.2200012207031,-0.007136953911104138,0.017533433745569926,-0.00139078000020465,0.9980737224252776,0.9939562890228245,0.01688399011724945,-0.038266955151320836,-0.004184954462908452,0
2024-03-11,MSFT,404.5199890136719,-0.004184954462908452,-0.007136953911104138,0.017533433745569926,0.999002257187176,0.9905285794566981,0.016806132560881037,-0.10450944884514113,0.02659945134444608,1
2024-03-12,MSFT,415.2799987792969,0.02659945134444608,-0.004184954462908452,-0.007136953911104138,1.0192170788545758,1.014937620794675,0.01489874644390225,0.3930450101731924,-0.00043342486108244316,0
2024-03-13,MSFT,415.1000061035156,-0.00043342486108244316,0.02659945134444608,-0.004184954462908452,1.0123106438362608,1.0126712057406393,0.014781142970084163,-0.2378367546867346,0.024379655428537372,1
2024-03-14,MSFT,425.2200012207031,0.024379655428537372,-0.00043342486108244316,0.02659945134444608,1.0289207051460727,1.034437459143622,0.016300577755293703,0.9956473220806386,-0.020695140792310163,0
2024-03-15,MSFT,416.4200134277344,-0.020695140792310163,0.024379655428537372,-0.00043342486108244316,1.002677559098727,1.0128029521256443,0.02010064984231726,0.3197735183987025,0.00216126475064482,1
2024-03-18,MSFT,417.3200073242188,0.00216126475064482,-0.020695140792310163,0.024379655428537372,0.9986885857739017,1.014399763476828,0.019558214658239908,-0.5539919121382257,0.009800623660760621,1
2024-03-19,MSFT,421.4100036621094,0.009800623660760621,0.00216126475064482,-0.020695140792310163,1.0055262000395488,1.0196916326917462,0.016410976941816327,-0.013334328061275214,0.009064823547192402,1
2024-03-20,MSFT,425.2300109863281,0.009064823547192402,0.009800623660760621,0.00216126475064482,1.0097596969762235,1.0232058015429109,0.016457686826127565,-0.0996980527172735,0.00973587005596488,1
2024-03-21,MSFT,429.3699951171875,0.00973587005596488,0.009064823547192402,0.009800623660760621,1.0175849956306233,1.0281626889171651,0.013092933771804623,0.19238974025901312,-0.0014672773830890495,0
2024-03-22,MSFT,428.739990234375,-0.0014672773830890495,0.00973587005596488,0.009064823547192402,1.0101928512127316,1.021147447878945,0.005200754978350901,-0.17128407884974783,-0.01371461728960277,0
2024-03-25,MSFT,422.8599853515625,-0.01371461728960277,-0.0014672773830890495,0.00973587005596488,0.9937441266560183,1.002762622576713,0.010334866540152374,0.023344760177918866,-0.0028614470439243256,0
2024-03-26,MSFT,421.6499938964844,-0.0028614470439243256,-0.01371461728960277,-0.0014672773830890495,0.9907888214261353,0.9983851405179935,0.009686007753671514,-0.07391268237313475,-0.0005217626559650412,0
2024-03-27,MSFT,421.4299926757813,-0.0005217626559650412,-0.0028614470439243256,-0.01371461728960277,0.99204350451429,0.9963708422302503,0.008335164002535145,-0.001231644903620821,-0.001684719804991186,0
2024-03-28,MSFT,420.7200012207031,-0.001684719804991186,-0.0005217626559650412,-0.0028614470439243256,0.9944218788504928,0.995751634447207,0.0054665105586276545,0.309260700389105,0.00915099375438544,1
2024-04-01,MSFT,424.5700073242188,0.00915099375438544,-0.001684719804991186,-0.0005217626559650412,1.0055039272177084,1.0029291771159559,0.0081329030422092,-0.2539961227550386,-0.007372176151911547,0
2024-04-02,MSFT,421.4400024414063,-0.007372176151911547,0.00915099375438544,-0.001684719804991186,0.9987629287212676,0.9945674588336925,0.006066803374965642,0.09781809266977204,-0.0023490656526194975,0
2024-04-03,MSFT,420.4500122070313,-0.0023490656526194975,-0.007372176151911547,0.00915099375438544,0.9969838164543845,0.9924559964099205,0.00602445532749985,-0.07870142920946854,-0.00611251575598315,0
2024-04-04,MSFT,417.8800048828125,-0.00611251575598315,-0.0023490656526194975,-0.007372176151911547,0.9925607804750245,0.9881038949808123,0.006515480616192721,0.17383031456221243,0.018282722412147567,1
2024-04-05,MSFT,425.5199890136719,0.018282722412147567,-0.00611251575598315,-0.0023490656526194975,1.0084081072041693,1.0070859334184685,0.011048945165517481,-0.14537786060534097,-0.0021855440397451353,0
2024-04-08,MSFT,424.5899963378906,-0.0021855440397451353,0.018282722412147567,-0.00611251575598315,1.0061946540923623,1.0058728576401401,0.010443306504248967,-0.13786937927368492,0.003980316201471101,1
2024-04-09,MSFT,426.2799987792969,0.003980316201471101,-0.0021855440397451353,0.018282722412147567,1.0078875655718738,1.0090589933139853,0.009627727265401734,-0.1244009416776436,-0.0070845196169653235,0
2024-04-10,MSFT,423.260009765625,-0.0070845196169653235,0.003980316201471101,-0.0021855440397451353,0.9994191581928563,1.0015286012733655,0.01040387646409012,0.29764981715465444,0.011033366730635041,1
2024-04-11,MSFT,427.9299926757813,0.011033366730635041,-0.0070845196169653235,0.003980316201471101,1.0056731013089133,1.0110238319223683,0.01014088308841418,0.10790177965788139,-0.01409108705279638,0
2024-04-12,MSFT,421.8999938964844,-0.01409108705279638,0.011033366730635041,-0.0070845196169653235,0.9931919518113193,0.9964995988649169,0.009710404344049583,0.07165598005165208,-0.01957805017194081,0
2024-04-15,MSFT,413.6400146484375,-0.01957805017194081,-0.01409108705279638,0.011033366730635041,0.9787933155468544,0.9795187968751152,0.012620598719659874,0.05296097393761223,0.002272439538101745,1
2024-04-16,MSFT,414.5799865722656,0.002272439538101745,-0.01957805017194081,-0.01409108705279638,0.9864798317572021,0.9833421173291047,0.01233158002568533,-0.1730288307396355,-0.0066090750232039586,0
2024-04-17,MSFT,411.8399963378906,-0.0066090750232039586,0.002272439538101745,-0.01957805017194081,0.9853150153001142,0.978842136061331,0.012318032325948662,-0.054283771532185,-0.018380942578505644,0
2024-04-18,MSFT,404.2699890136719,-0.018380942578505644,-0.0066090750232039586,0.002272439538101745,0.9782792642519836,0.9639683061245348,0.009119612859844,0.3263473242723345,-0.012738996305536321,0
2024-04-19,MSFT,399.1199951171875,-0.012738996305536321,-0.018380942578505644,-0.0066090750232039586,0.9765837155143112,0.9577171377166676,0.009034973712231387,0.45344485708443694,0.004610133194029364,1
2024-04-22,MSFT,400.9599914550781,0.004610133194029364,-0.012738996305536321,-0.018380942578505644,0.9872117464058138,0.9676189240889581,0.009745994978658985,-0.33628761557034337,0.016485474885294726,1
2024-04-23,MSFT,407.5700073242188,0.016485474885294726,0.004610133194029364,-0.012738996305536321,1.0069623164394634,0.9880317415602555,0.013977760210261111,-0.22440096811242727,0.003655789698945311,1
2024-04-24,MSFT,409.05999755859375,0.003655789698945311,0.016485474885294726,0.004610133194029364,1.0120337695371815,0.9950691729030048,0.014128149404353153,-0.04253074454224792,-0.024495157369272214,0
2024-04-25,MSFT,399.0400085449219,-0.024495157369272214,0.003655789698945311,0.016485474885294726,0.989805304588669,0.9775648348454136,0.01610527810258684,1.6940386185472578,0.01824378163443585,1
2024-04-26,MSFT,406.3200073242188,0.01824378163443585,-0.024495157369272214,0.003655789698945311,1.00427594570398,0.9992130826630191,0.017108383532147182,-0.268360169021719,-0.010016753423050528,0
2024-04-29,MSFT,402.25,-0.010016753423050528,0.01824378163443585,-0.024495157369272214,0.9935827665599024,0.9919827622091142,0.018133664114837696,-0.3405523544605603,-0.03211936215720168,0
2024-04-30,MSFT,389.3299865722656,-0.03211936215720168,-0.010016753423050528,0.01824378163443585,0.9704137252548994,0.9661369128116524,0.02048180198262499,0.4697810755741212,0.01440941120033501,1
2024-05-01,MSFT,394.9400024414063,0.01440941120033501,-0.03211936215720168,-0.010016753423050528,0.9913749861268416,0.9841858521929118,0.02259184710729449,-0.1813289138123927,0.0073428720275419135,1
2024-05-02,MSFT,397.8399963378906,0.0073428720275419135,0.01440941120033501,-0.03211936215720168,0.9992565299336038,0.9930037391522833,0.02076931197817336,-0.24840742705570296,0.022169735082964825,1
2024-05-03,MSFT,406.6600036621094,0.022169735082964825,0.0073428720275419135,0.01440941120033501,1.0212353615383942,1.0131117161773469,0.02170482054298704,-0.014833930003275042,0.016918321990989416,1
2024-05-06,MSFT,413.5400085449219,0.016918321990989416,0.022169735082964825,0.0073428720275419135,1.0326573034374025,1.0270330845621392,0.02182859467339492,-0.02579857508869876,-0.010156241524996279,0
2024-05-07,MSFT,409.3399963378906,-0.010156241524996279,0.016918321990989416,0.022169735082964825,1.0120554483350497,1.0161556072845157,0.012536440299611634,0.17777673181695164,0.0029315781935970175,1
2024-05-08,MSFT,410.5400085449219,0.0029315781935970175,-0.010156241524996279,0.016918321990989416,1.007252507065778,1.0187602528153163,0.01260914033295526,-0.41092106183373134,0.004335749847148351,1
2024-05-09,MSFT,412.3200073242188,0.004335749847148351,0.0029315781935970175,-0.010156241524996279,1.004482562900796,1.0198165892868016,0.012710166134538996,0.24570270430704788,0.005869186231977519,1
2024-05-10,MSFT,414.739990234375,0.005869186231977519,0.004335749847148351,0.0029315781935970175,1.0064159516787636,1.023670221484327,0.009644017197952067,-0.08763963865837965,-0.0024593457049932876,0
2024-05-13,MSFT,413.7200012207031,-0.0024593457049932876,0.005869186231977519,0.004335749847148351,1.0038531356105789,1.018269889013216,0.006538034388901115,0.15205599038970918,0.0068645371978899306,1
2024-05-14,MSFT,416.55999755859375,0.0068645371978899306,-0.0024593457049932876,0.005869186231977519,1.0072151105842342,1.0184342973824942,0.003656097252270071,-0.021431069545731263,0.01565198063156492,1
2024-05-15,MSFT,423.0799865722656,0.01565198063156492,0.0068645371978899306,-0.0024593457049932876,1.016813888656386,1.0273070871964838,0.006485402553163615,0.47190803015361404,-0.004939955573941224,0
2024-05-16,MSFT,420.989990234375,-0.004939955573941224,0.01565198063156492,0.0068645371978899306,1.0075918153890202,1.0165181884468357,0.008199381648592017,-0.2117583578767508,-0.0018527727437477326,0
2024-05-17,MSFT,420.2099914550781,-0.0018527727437477326,-0.004939955573941224,0.01565198063156492,1.0030984981745563,1.01132598886468,0.008526452719927717,-0.1242377396592147,0.012208193491660246,1
2024-05-20,MSFT,425.3399963378906,0.012208193491660246,-0.0018527727437477326,-0.004939955573941224,1.0097427664776675,1.0207735354053975,0.008845099631627483,0.059919750915178316,0.008698951988733272,1
2024-05-21,MSFT,429.0400085449219,0.008698951988733272,0.012208193491660246,-0.0018527727437477326,1.0125268187989067,1.0248081011926258,0.008948805675984614,0.31841003926967026,0.00344951622057188,1
2024-05-22,MSFT,430.5199890136719,0.00344951622057188,0.008698951988733272,0.012208193491660246,1.012464122001186,1.0234588050488902,0.007119488972569346,-0.15753287373038183,-0.008176133753362347,0
2024-05-23,MSFT,427.0,-0.008176133753362347,0.00344951622057188,0.008698951988733272,1.001355471654039,1.0115607053427018,0.008152237918887946,-0.047693610052175206,0.007400476960443436,1
2024-05-24,MSFT,430.1600036621094,0.007400476960443436,-0.008176133753362347,0.00344951622057188,1.004080194187798,1.0153377155762011,0.007858345565199395,-0.3112069115775896,0.00037196313173537554,1
2024-05-28,MSFT,430.3200073242188,0.00037196313173537554,0.007400476960443436,-0.008176133753362347,1.0021238673047657,1.0117511210055756,0.006740503708687723,0.32582051909272636,-0.0026724155905165636,0
2024-05-29,MSFT,429.1700134277344,-0.0026724155905165636,0.00037196313173537554,0.007400476960443436,0.9993852623309715,1.0060645050990102,0.0059322773801012,-0.012781524366967778,-0.03378614429323723,0
2024-05-30,MSFT,414.6700134277344,-0.03378614429323723,-0.0026724155905165636,0.00037196313173537554,0.972800907571898,0.9739936678079248,0.01580059162639116,0.8298844500583227,0.0011092951990325783,1
2024-05-31,MSFT,415.1300048828125,0.0011092951990325783,-0.03378614429323723,-0.0026724155905165636,0.9793342530243172,0.9764180727577744,0.016222554145558694,0.6903026994664461,-0.003878341363436566,0
2024-06-03,MSFT,413.5199890136719,-0.003878341363436566,0.0011092951990325783,-0.03378614429323723,0.9832556994984346,0.9741640769126619,0.014689312255373699,-0.63569974560009,0.006166614379704338,1
2024-06-04,MSFT,416.0700073242188,0.006166614379704338,-0.003878341363436566,0.0011092951990325783,0.9960690660815528,0.9823165637143926,0.01568708639095777,-0.17934537052394384,0.019083332856576263,1
2024-06-05,MSFT,424.010009765625,0.019083332856576263,0.006166614379704338,-0.003878341363436566,1.0175914485862454,1.0022526656524318,0.01958580247741603,0.1839235063314959,0.0012027528508791185,1
2024-06-06,MSFT,424.5199890136719,0.0012027528508791185,0.019083332856576263,0.006166614379704338,1.0140212325657993,1.0048833022319736,0.008771207373938428,-0.12518836825994817,-0.0015782128698177411,0
2024-06-07,MSFT,423.8500061035156,-0.0015782128698177411,0.0012027528508791185,0.019083332856576263,1.0082208734124845,1.0040460359102008,0.00912430818875146,-0.08341127626789047,0.009484461379694054,1
2024-06-10,MSFT,427.8699951171875,0.009484461379694054,-0.0015782128698177411,0.0012027528508791185,1.0108820821907916,1.0141190044562898,0.008062035010308723,0.026516514091486476,0.01124172672420376,1
2024-06-11,MSFT,432.6799926757813,0.01124172672420376,0.009484461379694054,-0.0015782128698177411,1.0142854996684163,1.024946145907767,0.00826791022771295,0.04063534746011199,0.019367673626387916,1
2024-06-12,MSFT,441.05999755859375,0.019367673626387916,0.01124172672420376,0.009484461379694054,1.0257304755517571,1.0418625236805386,0.008364587444770345,0.5370796709527115,0.0011789530144428184,1
2024-06-13,MSFT,441.5799865722656,0.0011789530144428184,0.019367673626387916,0.01124172672420376,1.0188551919892033,1.0365021837709083,0.008369387844610537,-0.28639643748155696,0.002241996426600279,1
2024-06-14,MSFT,442.5700073242188,0.002241996426600279,0.0011789530144428184,0.019367673626387916,1.0123938847953318,1.0321778874607106,0.007401806013310913,-0.14902948510707614,0.013105243683446677,1
2024-06-17,MSFT,448.3699951171875,0.013105243683446677,0.002241996426600279,0.0011789530144428184,1.0161313701343668,1.03727402734018,0.007669652162582181,0.530702400235606,-0.004527508087971643,0
2024-06-18,MSFT,446.3399963378906,-0.004527508087971643,0.013105243683446677,0.002241996426600279,1.0053064970224082,1.0253971509270974,0.009708235038108023,-0.17688792688792687,-0.0014338489405166799,0
2024-06-20,MSFT,445.7000122070313,-0.0014338489405166799,-0.004527508087971643,0.013105243683446677,1.001771165300503,1.0188500149632085,0.006678229370751433,0.1615719503287072,0.009154109177745173,1
2024-06-21,MSFT,449.7799987792969,0.009154109177745173,-0.0014338489405166799,-0.004527508087971643,1.0072287142640797,1.022273739777239,0.007320854876538484,0.7198979745842011,-0.004691149800544747,0
2024-06-24,MSFT,447.6700134277344,-0.004691149800544747,0.009154109177745173,-0.0014338489405166799,1.0002189820927387,1.0119992538280291,0.008263814049816413,-0.5345115555282548,0.007326822616914974,1
2024-06-25,MSFT,450.9500122070313,0.007326822616914974,-0.004691149800544747,0.009154109177745173,1.0063871506782855,1.0141228573303538,0.006619045922635851,0.0314006170783665,0.002683205282900669,1
2024-06-26,MSFT,452.1600036621094,0.002683205282900669,0.007326822616914974,-0.004691149800544747,1.0064729718583743,1.0124088176338464,0.0058038482623967306,0.005702657584656379,0.0015260138796395761,1
2024-06-27,MSFT,452.8500061035156,0.0015260138796395761,0.002683205282900669,0.007326822616914974,1.0048104855190443,1.0112841374414603,0.005427283673668487,-0.10302901799236686,-0.013028583011955752,0
2024-06-28,MSFT,446.9500122070313,-0.013028583011955752,0.0015260138796395761,0.002683205282900669,0.9929662637020646,0.9969130302128268,0.007863108377145097,0.9155562159351087,0.021881638913048285,1
2024-07-01,MSFT,456.7300109863281,0.021881638913048285,-0.013028583011955752,0.0015260138796395761,1.0106255904859665,1.0155197438312118,0.01253612454654394,-0.3772437355221544,0.005583140436648648,1
2024-07-02,MSFT,459.2799987792969,0.005583140436648648,0.021881638913048285,-0.013028583011955752,1.0125354223205556,1.018718333488897,0.0124470835848323,-0.20851733586973753,0.003244187071797633,1
2024-07-03,MSFT,460.7699890136719,0.003244187071797633,0.005583140436648648,0.021881638913048285,1.0119784623311308,1.0187625102119928,0.012437824193840286,-0.2894891200160231,0.014736221339971767,1
2024-07-05,MSFT,467.55999755859375,0.014736221339971767,0.003244187071797633,0.005583140436648648,1.0202985999478884,1.0288027662179553,0.013202606469898808,0.6108549452319587,-0.0028231827596699732,0
2024-07-08,MSFT,466.239990234375,-0.0028231827596699732,0.014736221339971767,0.003244187071797633,1.008924150957526,1.0221960789372457,0.009776270334510232,-0.1898714399105017,-0.014370242428336288,0
2024-07-09,MSFT,459.5400085449219,-0.014370242428336288,-0.0028231827596699732,0.014736221339971767,0.9932177706682064,1.0048917361156675,0.010784374802540346,0.32748046257222874,0.014601539213798809,1
2024-07-10,MSFT,466.25,0.014601539213798809,-0.014370242428336288,-0.0028231827596699732,1.0046932435989184,1.0161649189648303,0.012328816045457793,0.057470128783299934,-0.024772091781166128,0
2024-07-11,MSFT,454.7000122070313,-0.024772091781166128,0.014601539213798809,-0.014370242428336288,0.9823747467434251,0.9904440981078773,0.017511423985027415,0.27011832205802344,-0.0025291937171509904,0
2024-07-12,MSFT,453.5499877929688,-0.0025291937171509904,-0.024772091781166128,0.014601539213798809,0.9858582173336655,0.9877884624855788,0.014739506332404782,-0.29366281283533524,0.0009039878142307334,1
2024-07-15,MSFT,453.9599914550781,0.0009039878142307334,-0.0025291937171509904,-0.024772091781166128,0.9920454358721112,0.9871742859331131,0.015030364602177628,-0.11607848422290701,-0.009780602971585006,0
2024-07-16,MSFT,449.5199890136719,-0.009780602971585006,0.0009039878142307334,-0.0025291937171509904,0.9866636073798423,0.9790541657055778,0.014462259620538988,0.1903266941106352,-0.01334757106834128,0
2024-07-17,MSFT,443.5199890136719,-0.01334757106834128,-0.009780602971585006,0.0009039878142307334,0.9833056091681478,0.9693133667241617,0.01005154122581054,0.26795414451812727,-0.007102259141666956,0
2024-07-18,MSFT,440.3699951171875,-0.007102259141666956,-0.01334757106834128,-0.009780602971585006,0.98256520641671,0.9667391819334618,0.005668280148294288,-0.045146478097162324,-0.007402888030001886,0
2024-07-19,MSFT,437.1099853515625,-0.007402888030001886,-0.007102259141666956,-0.01334757106834128,0.9824992699106081,0.9660401663389995,0.005245738547089073,0.007001750437609422,0.013337643351146067,1
2024-07-22,MSFT,442.9400024414063,0.013337643351146067,-0.007402888030001886,-0.007102259141666956,1.0005602320762135,0.9839918743810332,0.0104749632652693,-0.24505740100475637,0.0043121046904359694,1
2024-07-23,MSFT,444.8500061035156,0.0043121046904359694,0.013337643351146067,-0.007402888030001886,1.0069993311469303,0.9914705015378669,0.010712951815141902,-0.17089848691867815,-0.035854809459797354,0
2024-07-24,MSFT,428.8999938964844,-0.035854809459797354,0.0043121046904359694,0.013337643351146067,0.9773627322337823,0.9639458592031817,0.01852908271693054,1.0451358424060242,-0.024481231404573478,0
2024-07-25,MSFT,418.3999938964844,-0.024481231404573478,-0.035854809459797354,0.0043121046904359694,0.9630789002471795,0.9480820828485264,0.020213872544556685,0.11706421744547812,0.016419682641982014,1
2024-07-26,MSFT,425.2699890136719,0.016419682641982014,-0.024481231404573478,-0.035854809459797354,0.9842572346674582,0.9698643400635575,0.023521288471784522,-0.21239789205110904,0.0034331648373364665,1
2024-07-29,MSFT,426.7300109863281,0.0034331648373364665,0.016419682641982014,-0.024481231404573478,0.995102983002713,0.9792753720716741,0.021927239718765888,-0.35863601285628266,-0.00892835624517585,0
2024-07-30,MSFT,422.9200134277344,-0.00892835624517585,0.0034331648373364665,0.016419682641982014,0.9964094513869212,0.976492816812124,0.020962501933303714,1.161049332927845,-0.010805843136103221,0
2024-07-31,MSFT,418.3500061035156,-0.010805843136103221,-0.00892835624517585,0.0034331648373364665,0.9905667160193171,0.9715874404513906,0.015479809333429162,0.31216118650497426,-0.002964074898677782,0
2024-08-01,MSFT,417.1099853515625,-0.002964074898677782,-0.010805843136103221,-0.00892835624517585,0.9882343094288467,0.9739689314837834,0.01101182136678561,-0.2936486102109047,-0.020666000383381178,0
2024-08-02,MSFT,408.489990234375,-0.020666000383381178,-0.002964074898677782,-0.010805843136103221,0.9755683727634115,0.9602581854434648,0.009017192154251886,-0.02833670006997535,-0.03265685000074703,0
2024-08-05,MSFT,395.1499938964844,-0.03265685000074703,-0.020666000383381178,-0.002964074898677782,0.9581623747631489,0.9394532211061256,0.011650951419374951,0.3828839693048758,0.011286831643597228,1
2024-08-06,MSFT,399.6099853515625,0.011286831643597228,-0.03265685000074703,-0.020666000383381178,0.9800559986664361,0.9603862333320593,0.01676035099857046,-0.3872024014227742,-0.002952860836905935,0
2024-08-07,MSFT,398.4299926757813,-0.002952860836905935,0.011286831643597228,-0.03265685000074703,0.9868039841570836,0.9646141021673256,0.017165036781911867,-0.172192491932736,0.010691990673231233,1
2024-08-08,MSFT,402.6900024414063,0.010691990673231233,-0.002952860836905935,0.011286831643597228,1.0045301255595476,0.9786499919266276,0.019421178686843534,-0.021689127350381865,0.008269354968031717,1
2024-08-09,MSFT,406.0199890136719,0.008269354968031717,0.010691990673231233,-0.002952860836905935,1.014086608824277,0.9913807643489827,0.018571035885085706,-0.045849626293124834,0.0019457380579734895,1
2024-08-12,MSFT,406.80999755859375,0.0019457380579734895,0.008269354968031717,0.010691990673231233,1.0101760171474128,0.9981646831740749,0.006156112707775459,-0.1304061379800484,0.017698710086381908,1
2024-08-13,MSFT,414.010009765625,0.017698710086381908,0.0019457380579734895,0.008269354968031717,1.0207548756141125,1.0180565785085338,0.007972204729698019,0.15817072224973017,0.00688383256132119,1
2024-08-14,MSFT,416.8599853515625,0.00688383256132119,0.017698710086381908,0.0019457380579734895,1.0185252776454798,1.0254404291111567,0.005771851114488591,-0.059095615087847664,0.010003391004818063,1
2024-08-15,MSFT,421.0299987792969,0.010003391004818063,0.00688383256132119,0.017698710086381908,1.0195764161948953,1.0347005590009506,0.005732387175883466,0.1360431378989435,-0.006080321036543768,0
2024-08-16,MSFT,418.4700012207031,-0.006080321036543768,0.010003391004818063,0.00688383256132119,1.0073031771349736,1.025893107585589,0.00888817430597362,0.09750820398899385,0.007312346284482851,1
2024-08-19,MSFT,421.5299987792969,0.007312346284482851,-0.006080321036543768,0.010003391004818063,1.0075290406070814,1.026754621382396,0.008581299394351599,-0.3311262930504575,0.007757428944894729,1
2024-08-20,MSFT,424.7999877929688,0.007757428944894729,0.007312346284482851,-0.006080321036543768,1.0101346215207936,1.0284095519085787,0.006406108566945215,0.07572535118813173,-0.0015536091419403597,0
2024-08-21,MSFT,424.1400146484375,-0.0015536091419403597,0.007757428944894729,0.007312346284482851,1.0050854144918062,1.0204602492162669,0.006933155090695552,-0.01954526593277839,-0.02025280935256446,0
2024-08-22,MSFT,415.5499877929688,-0.02025280935256446,-0.0015536091419403597,0.007757428944894729,0.9872938092394762,0.9967091943169593,0.011514702440596335,0.20505000840215848,0.0029840471384416922,1
2024-08-23,MSFT,416.7900085449219,0.0029840471384416922,-0.02025280935256446,-0.0015536091419403597,0.991031070398238,0.9971076713548593,0.011536098147152759,-0.044835475857224805,-0.007917700143695305,0
2024-08-26,MSFT,413.489990234375,-0.007917700143695305,0.0029840471384416922,-0.02025280935256446,0.9869579772552209,0.9876345446911914,0.01086616377901035,-0.28879948955866286,0.0008464681413864472,1
2024-08-27,MSFT,413.8399963378906,0.0008464681413864472,-0.007917700143695305,0.0029840471384416922,0.9929887965379485,0.9885106875781341,0.009364898161024005,0.025857612067392566,-0.007829089172254888,0
2024-08-28,MSFT,410.6000061035156,-0.007829089172254888,0.0008464681413864472,-0.007917700143695305,0.9916581129090696,0.9822402710436114,0.009176218719182295,0.10300231973852925,0.006137333113035881,1
2024-08-29,MSFT,413.1199951171875,0.006137333113035881,-0.007829089172254888,0.0008464681413864472,0.9989167340046038,0.9901421902072083,0.006414695717126433,0.14530293562324048,0.00973087620731028,1
2024-08-30,MSFT,417.1400146484375,0.00973087620731028,0.006137333113035881,-0.007829089172254888,1.008466374356375,1.000095935383451,0.008013591098202962,0.42610822988289954,-0.018459059156721525,0
2024-09-03,MSFT,409.4400024414063,-0.018459059156721525,0.00973087620731028,0.006137333113035881,0.9917931911976954,0.9844887292124036,0.011366337923293708,-0.1643348156802409,-0.0013188954222889127,0
2024-09-04,MSFT,408.8999938964844,-0.0013188954222889127,-0.018459059156721525,0.00973087620731028,0.9928612846554649,0.986963567388572,0.011275723370325934,-0.25489327347195967,-0.001247197984003856,0
2024-09-05,MSFT,408.3900146484375,-0.001247197984003856,-0.0013188954222889127,-0.018459059156721525,0.9926883711840917,0.9894942738817872,0.010852071803097428,-0.062124235256808324,-0.016381405522770343,0
2024-09-06,MSFT,401.7000122070313,-0.016381405522770343,-0.001247197984003856,-0.0013188954222889127,0.9818779234536738,0.9765620467426606,0.011767365657543423,0.3813884681765347,0.01000744060620029,1
2024-09-09,MSFT,405.7200012207031,0.01000744060620029,-0.016381405522770343,-0.001247197984003856,0.9972715786722046,0.9889965204364012,0.011857369433749298,-0.22001580866416792,0.020901141084526564,1
2024-09-10,MSFT,414.2000122070313,0.020901141084526564,0.01000744060620029,-0.016381405522770343,1.0157388145222306,1.009492955917833,0.013964584676990294,0.2810834842531269,0.02134233722202805,1
2024-09-11,MSFT,423.0400085449219,0.02134233722202805,0.020901141084526564,0.01000744060620029,1.030272030597578,1.0287312353724718,0.01598958199202836,-0.016708940865455824,0.009360796556096007,1
2024-09-12,MSFT,427.0,0.009360796556096007,0.02134233722202805,0.020901141084526564,1.0305744981200031,1.0342363589036851,0.015324169600039064,-0.09711993107349914,0.00840748556883053,1
2024-09-13,MSFT,430.5899963378906,0.00840748556883053,0.009360796556096007,0.02134233722202805,1.0249458298646232,1.0385372119144183,0.006524464483471855,-0.08744114924952717,0.0017417961549934802,1
2024-09-16,MSFT,431.3399963378906,0.0017417961549934802,0.00840748556883053,0.009360796556096007,1.0143591378247778,1.0367952282864568,0.008529315419752792,-0.1285008756126138,0.008832933627627604,1
2024-09-17,MSFT,435.1499938964844,0.008832933627627604,0.0017417961549934802,0.00840748556883053,1.013334128707451,1.0395290785087279,0.007091076620364861,0.36426521717131566,-0.009973564055531292,0
2024-09-18,MSFT,430.80999755859375,-0.009973564055531292,0.008832933627627604,0.0017417961549934802,0.9996101906157268,1.0238026069388926,0.00823634556648968,0.0012609805978531785,0.018291137456114326,1
2024-09-19,MSFT,438.6900024414063,0.018291137456114326,-0.009973564055531292,0.008832933627627604,1.0124020464516876,1.035075881246512,0.010448951862900327,0.14861890147105505,-0.007795968471360881,0
2024-09-20,MSFT,435.2699890136719,-0.007795968471360881,0.018291137456114326,-0.009973564055531292,1.002344245216584,1.0189357421384273,0.011739289323920802,1.5414896851648807,-0.0040434196991964155,0
2024-09-23,MSFT,433.510009765625,-0.0040434196991964155,-0.007795968471360881,0.018291137456114326,0.9972946246865686,1.0082566032892222,0.012078319175744303,-0.725762274979109,-0.010011294411026439,0
2024-09-24,MSFT,429.1700134277344,-0.010011294411026439,-0.0040434196991964155,-0.007795968471360881,0.9900343975885446,0.9946993853366495,0.011987087465704828,0.12472155939955987,0.006850366595622326,1
2024-09-25,MSFT,432.1099853515625,0.006850366595622326,-0.010011294411026439,-0.0040434196991964155,0.9962189864012968,0.9994125018214843,0.011797030492858759,-0.2127081888597656,-0.001851352248474103,0
2024-09-26,MSFT,431.30999755859375,-0.001851352248474103,0.006850366595622326,-0.010011294411026439,0.9977699295654572,0.9965688129099591,0.006536659434302158,0.08178316562658616,-0.007627944085564442,0
2024-09-27,MSFT,428.0199890136719,-0.007627944085564442,-0.001851352248474103,0.006850366595622326,0.9934915185409319,0.9895546554299786,0.006508590916037441,0.027884349986199375,0.005326851170084357,1
2024-09-30,MSFT,430.2999877929688,0.005326851170084357,-0.007627944085564442,-0.001851352248474103,1.000274286617143,0.9950651225252185,0.007524042014108591,0.1283020387886762,-0.022333222459179236,0
2024-10-01,MSFT,420.6900024414063,-0.022333222459179236,0.005326851170084357,-0.007627944085564442,0.9818057296435937,0.9761060747483257,0.011817145574609686,0.1359885287940359,-0.008462282293218104,0
2024-10-02,MSFT,417.1300048828125,-0.008462282293218104,-0.022333222459179236,0.005326851170084357,0.9803520845918097,0.9709278121610596,0.010199259603750604,-0.13149390611169598,-0.0014144183611446426,0
2024-10-03,MSFT,416.5400085449219,-0.0014144183611446426,-0.008462282293218104,-0.022333222459179236,0.9858095167961518,0.9745791690190656,0.010256003793038593,-0.1746380176453206,-0.0011523766660612722,0
2024-10-04,MSFT,416.05999755859375,-0.0011523766660612722,-0.0014144183611446426,-0.008462282293218104,0.9902795168247703,0.9778511011382179,0.010546203889824074,0.40063859013327097,-0.015670790395449274,0
2024-10-07,MSFT,409.5400085449219,-0.015670790395449274,-0.0011523766660612722,-0.0014144183611446426,0.9844900964887531,0.9679806021399112,0.009198321633554482,0.09129511677282376,0.012623877526703575,1
2024-10-08,MSFT,414.7099914550781,0.012623877526703575,-0.015670790395449274,-0.0011523766660612722,0.9997926432710733,0.9835618312651747,0.010491044137228869,-0.0808086119370166,0.006631139969285993,1
2024-10-09,MSFT,417.4599914550781,0.006631139969285993,0.012623877526703575,-0.015670790395449274,1.0062623039623229,0.9935360266099431,0.010630492584960934,-0.22127690555558444,-0.0038805996990056713,0
2024-10-10,MSFT,415.8399963378906,-0.0038805996990056713,0.006631139969285993,0.012623877526703575,1.0026957800055842,0.9933377728741143,0.01078048264037485,-0.0751888235176269,0.0011543165413510081,1
2024-10-11,MSFT,416.3200073242188,0.0011543165413510081,-0.0038805996990056713,0.006631139969285993,1.0037273510500206,0.9972716067672048,0.010783694402422049,0.02141041564368451,0.006773653138467894,1
2024-10-14,MSFT,419.1400146484375,0.006773653138467894,0.0011543165413510081,-0.0038805996990056713,1.0058700494916264,1.0067180481322375,0.006265140186370568,0.17732186158968966,-0.0009543932816771239,0
2024-10-15,MSFT,418.739990234375,-0.0009543932816771239,0.006773653138467894,0.0011543165413510081,1.0029700364895209,1.006228527179992,0.00469694241964904,0.1349358377719463,-0.0062568543207947025,0
2024-10-16,MSFT,416.1199951171875,-0.0062568543207947025,-0.0009543932816771239,0.006773653138467894,0.9973348026678627,1.0001754489158576,0.005008266809701472,-0.17943196368292402,0.0014419064465927,1
2024-10-17,MSFT,416.7200012207031,0.0014419064465927,-0.0062568543207947025,-0.0009543932816771239,0.9983517314343175,1.0015742776537693,0.004701624049876953,-0.04441965581053464,0.003455563537118511,1
2024-10-18,MSFT,418.1600036621094,0.003455563537118511,0.0014419064465927,-0.0062568543207947025,1.0009191592735085,1.0045282653584995,0.004898555526825444,0.15690283400809713,0.001482674363300518,1
2024-10-21,MSFT,418.7799987792969,0.001482674363300518,0.003455563537118511,0.0014419064465927,1.002575989174685,1.0037895578837919,0.003746307609863692,-0.17142890471441152,0.020846294024966072,1
2024-10-22,MSFT,427.510009765625,0.020846294024966072,0.001482674363300518,0.003455563537118511,1.019196219940577,1.0215805545623373,0.010024842222429711,0.7937505719374072,-0.006806866729751504,0
2024-10-23,MSFT,424.6000061035156,-0.006806866729751504,0.020846294024966072,0.001482674363300518,1.0081822852574203,1.012898602205341,0.010170151976112653,-0.22870081861063807,0.0003061820088170464,1
2024-10-24,MSFT,424.7300109863281,0.0003061820088170464,-0.006806866729751504,0.020846294024966072,1.0046693721664353,1.0110645234984559,0.010256230383286453,-0.30897915988277436,0.008052133877269885,1
2024-10-25,MSFT,428.1499938964844,0.008052133877269885,0.0003061820088170464,-0.006806866729751504,1.007995192414911,1.0163436113020943,0.010416038972404769,0.24426429875714195,-0.0036435772061950145,0
2024-10-28,MSFT,426.5899963378906,-0.0036435772061950145,0.008052133877269885,0.0003061820088170464,1.000642699119257,1.0108528132530392,0.011054002931348826,-0.11933771620973899,0.01256479503775143,1
2024-10-29,MSFT,431.9500122070313,0.01256479503775143,-0.0036435772061950145,0.008052133877269885,1.0111094658696664,1.0203599768083393,0.008069671934269582,0.1855681879266784,0.0013427168789790223,1
2024-10-30,MSFT,432.5299987792969,0.0013427168789790223,0.01256479503775143,-0.0036435772061950145,1.0087222097450876,1.0177846906361436,0.006490870160437386,0.6860650302367364,-0.06052757669911324,0
2024-10-31,MSFT,406.3500061035156,-0.06052757669911324,0.0013427168789790223,0.01256479503775143,0.955861262398623,0.9585195904874853,0.0297700131653213,0.8142061440514168,0.009892922242624058,1
2024-11-01,MSFT,410.3699951171875,0.009892922242624058,-0.06052757669911324,0.0013427168789790223,0.9734603386807011,0.969784175090049,0.030035192136973577,-0.551047784921532,-0.004654345309929253,0
2024-11-04,MSFT,408.4599914550781,-0.004654345309929253,0.009892922242624058,-0.06052757669911324,0.9773360037978805,0.9676303395378044,0.030001299294600256,-0.18811493000528257,0.007344660585515195,1
2024-11-05,MSFT,411.4599914550781,0.007344660585515195,-0.004654345309929253,0.009892922242624058,0.994263387864311,0.9784575517781525,0.029174154097972485,-0.10401935716718436,0.021192828954927023,1
2024-11-06,MSFT,420.1799926757813,0.021192828954927023,0.007344660585515195,-0.004654345309929253,1.0214311349896081,1.0002451783236965,0.0321833488009903,0.5137751049585839,0.01249464536987377,1
2024-11-07,MSFT,425.4299926757813,0.01249464536987377,0.021192828954927023,0.007344660585515195,1.0246880875302784,1.0125741600970783,0.009361267101987394,-0.25410579496135943,-0.006793089769441485,0
2024-11-08,MSFT,422.5400085449219,-0.006793089769441485,0.01249464536987377,0.021192828954927023,1.0117956132656225,1.007040296911905,0.011746853910839824,-0.15126269985629437,-0.010720875390940132,0
2024-11-11,MSFT,418.010009765625,-0.010720875390940132,-0.006793089769441485,0.01249464536987377,0.996391173660299,0.9982853066608538,0.013319708867262614,0.4506376025669867,0.012009255511576278,1
2024-11-12,MSFT,423.0299987792969,0.012009255511576278,-0.010720875390940132,-0.006793089769441485,1.0028257252538555,1.0124307150708645,0.013708610184672992,-0.2082209335069154,0.005129691591604146,1
2024-11-13,MSFT,425.2000122070313,0.005129691591604146,0.012009255511576278,-0.010720875390940132,1.0055765694703782,1.0194125008246675,0.010704651806695447,0.10829227058120106,0.003974605815823207,1
2024-11-14,MSFT,426.8900146484375,0.003974605815823207,0.005129691591604146,0.012009255511576278,1.0088766343081808,1.018448967576596,0.009284735813632922,0.4066886179088651,-0.027852641758860153,0
2024-11-15,MSFT,415.0,-0.027852641758860153,0.003974605815823207,0.005129691591604146,0.9842846338489275,0.9889900357293189,0.015937928010455158,-0.06609933579970184,0.0018313488328314254,1
2024-11-18,MSFT,415.760009765625,0.0018313488328314254,-0.027852641758860153,0.003974605815823207,0.9871407743475202,0.9890805441826828,0.015497094520087316,-0.12463359719055778,0.004882621540347909,1
2024-11-19,MSFT,417.7900085449219,0.004882621540347909,0.0018313488328314254,-0.027852641758860153,0.9944350282818291,0.9924153797666132,0.014283814970165037,-0.2666518380717434,-0.005505201808337579,0
2024-11-20,MSFT,415.489990234375,-0.005505201808337579,0.004882621540347909,0.0018313488328314254,0.9935530735739798,0.9880526826020887,0.01365914607735476,0.05835608128601755,-0.00630579599693748,0
2024-11-21,MSFT,412.8699951171875,-0.00630579599693748,-0.005505201808337579,0.004882621540347909,0.9939525410085052,0.9847635356486512,0.012805249458210644,0.08277015584862202,0.010003160635686958,1
2024-11-22,MSFT,417.0,0.010003160635686958,-0.00630579599693748,-0.005505201808337579,1.0029294179772876,0.9959302899175725,0.006937458754118531,0.19414635085321597,0.004292586438661594,1
2024-11-25,MSFT,418.7900085449219,0.004292586438661594,0.010003160635686958,-0.00630579599693748,1.0057686774206362,1.0000191143856945,0.007098313069311345,0.11591966020004363,0.021968006642322457,1
2024-11-26,MSFT,427.989990234375,0.021968006642322457,0.004292586438661594,0.010003160635686958,1.0228521836032294,1.0207785460811512,0.011742717877975704,-0.15283610979701057,-0.011682516213199046,0
2024-11-27,MSFT,422.989990234375,-0.011682516213199046,0.021968006642322457,0.004292586438661594,1.0072917105583477,1.0093853330097793,0.013327872416938545,-0.21853113317333717,0.0011111402906784917,1
2024-11-29,MSFT,423.4599914550781,0.0011111402906784917,-0.011682516213199046,0.021968006642322457,1.0033503347370083,1.0113346892150235,0.012316442255655886,-0.11239663110121967,0.017758512452168196,1
2024-12-02,MSFT,430.9800109863281,0.017758512452168196,0.0011111402906784917,-0.011682516213199046,1.0144477540356263,1.025381172764524,0.013512494896209627,0.24184637319550872,0.0005104673420925909,1
2024-12-03,MSFT,431.2000122070313,0.0005104673420925909,0.017758512452168196,0.0011111402906784917,1.0090704317858386,1.0221497678273619,0.013783366657325585,-0.09428322578090975,0.014424863276016442,1
2024-12-04,MSFT,437.4200134277344,0.014424863276016442,0.0005104673420925909,0.017758512452168196,1.0191281882891252,1.0320915607270058,0.011869468493043836,0.4211233744945908,0.011887845845700351,1
2024-12-05,MSFT,442.6199951171875,0.011887845845700351,0.014424863276016442,0.0005104673420925909,1.0218961027874542,1.0377181415629777,0.007884963623376852,-0.1657708366975017,0.00214633820774357,1
2024-12-06,MSFT,443.5700073242188,0.00214633820774357,0.011887845845700351,0.014424863276016442,1.0146674643884575,1.032513827467261,0.007630988873190686,-0.1325848703555199,0.005523325853865169,1
2024-12-09,MSFT,446.0199890136719,0.005523325853865169,0.00214633820774357,0.011887845845700351,1.013299495077416,1.031250550590229,0.006058482132057931,0.017182933956750412,-0.0060311253030496115,0
2024-12-10,MSFT,443.3299865722656,-0.0060311253030496115,0.005523325853865169,0.00214633820774357,1.0016674234602063,1.0192478076984088,0.008133748772568868,-0.035253128852301474,0.012767021932965417,1
2024-12-11,MSFT,448.989990234375,0.012767021932965417,-0.0060311253030496115,0.005523325853865169,1.0091794595719081,1.0273007052011567,0.007706125015737223,0.039562521995722744,0.0012695323651228385,1
2024-12-12,MSFT,449.55999755859375,0.0012695323651228385,0.012767021932965417,-0.0060311253030496115,1.0073180537064088,1.0223894981581496,0.006836578486477869,0.08513452984864744,-0.005093888596312213,0
2024-12-13,MSFT,447.2699890136719,-0.005093888596312213,0.0012695323651228385,0.012767021932965417,1.0005279207849578,1.0117033175558352,0.007797571251097948,-0.03153378002188645,0.009658612091871577,1
2024-12-16,MSFT,451.5899963378906,0.009658612091871577,-0.005093888596312213,0.0012695323651228385,1.0076805083508358,1.01673507047292,0.0084943771950849,0.16954276482074349,0.006355311544678388,1
2024-12-17,MSFT,454.4599914550781,0.006355311544678388,0.009658612091871577,-0.005093888596312213,1.0090724566679914,1.0178662926206,0.007065209915235344,-0.03666711866705086,-0.037561011150808676,0
2024-12-18,MSFT,437.3900146484375,-0.037561011150808676,0.006355311544678388,0.009658612091871577,0.9761993348868814,0.9796407875692404,0.018995563383027058,0.07526337783447334,-0.0008231003385616997,0
2024-12-19,MSFT,437.0299987792969,-0.0008231003385616997,-0.037561011150808676,0.006355311544678388,0.9808819716283811,0.9800614965602923,0.018843290763562014,-0.06057804414080881,-0.0009838973914428895,0
2024-12-20,MSFT,436.6000061035156,-0.0009838973914428895,-0.0008231003385616997,-0.037561011150808676,0.9846328818241695,0.9806299976052669,0.018954361106136706,1.7984906613481275,-0.0030920890623981068,0
2024-12-23,MSFT,435.25,-0.0030920890623981068,-0.0009838973914428895,-0.0008231003385616997,0.9888764133427905,0.979968350278176,0.017332880504538118,-0.7019701635604548,0.009373892182115151,1
2024-12-24,MSFT,439.3299865722656,0.009373892182115151,-0.0030920890623981068,-0.0009838973914428895,1.0050557863867837,0.9900461061658813,0.017965011647602728,-0.625923508680329,-0.0027769586825197035,0
2024-12-26,MSFT,438.1099853515625,-0.0027769586825197035,0.009373892182115151,-0.0030920890623981068,1.0019347350781427,0.9897234411463594,0.005152945286245285,0.1437225207620909,-0.01730156085390988,0
2024-12-27,MSFT,430.5299987792969,-0.01730156085390988,-0.0027769586825197035,0.009373892182115151,0.9875356757900902,0.9767989590583612,0.009510009491128464,1.2110395157550462,-0.013239523896575789,0
2024-12-30,MSFT,424.8299865722656,-0.013239523896575789,-0.01730156085390988,-0.0027769586825197035,0.9797513778376067,0.9687990066448625,0.010411288487383758,-0.2737102391583921,-0.007838398129881519,0
2024-12-31,MSFT,421.5,-0.007838398129881519,-0.013239523896575789,-0.01730156085390988,0.978276025528692,0.9678463823941008,0.010363695665280108,0.00667239164963096,-0.006927671240176458,0
2025-01-02,MSFT,418.5799865722656,-0.006927671240176458,-0.007838398129881519,-0.013239523896575789,0.9809472357207075,0.9691258468015941,0.005686766079172885,0.27554448344845817,0.011395718104707964,1
2025-01-03,MSFT,423.3500061035156,0.011395718104707964,-0.006927671240176458,-0.007838398129881519,0.9990372110823061,0.983366303172252,0.010999175055825707,-0.013825348444944208,0.010629502622233833,1
2025-01-06,MSFT,427.8500061035156,0.010629502622233833,0.011395718104707964,-0.006927671240176458,1.0109351807449514,0.995942694299818,0.011406290512671582,0.23469504107928385,-0.012808252677697252,0
2025-01-07,MSFT,422.3699951171875,-0.012808252677697252,0.010629502622233833,0.011395718104707964,0.9991483839255578,0.9864539784054401,0.01129352317408693,-0.11833125947816614,0.005185033185888699,1
2025-01-08,MSFT,424.55999755859375,0.005185033185888699,-0.012808252677697252,0.010629502622233833,1.0028771047344582,0.9940505937823713,0.010846706066242186,-0.1700470254863803,-0.013213645618575298,0
2025-01-10,MSFT,418.9500122070313,-0.013213645618575298,0.005185033185888699,-0.012808252677697252,0.9894524742218378,0.9856186370811892,0.012329868365391895,0.3418556454505599,-0.004201001824425954,0
2025-01-13,MSFT,417.1900024414063,-0.004201001824425954,-0.013213645618575298,0.005185033185888699,0.9881710339274503,0.9863324040755032,0.010661272042068038,-0.12852270420917677,-0.003643397504199286,0
2025-01-14,MSFT,415.6700134277344,-0.003643397504199286,-0.004201001824425954,-0.013213645618575298,0.9902846691769018,0.9862035726676003,0.0076147244215756865,-0.03799531945832957,0.02559718956659629,1
2025-01-15,MSFT,426.30999755859375,0.02559718956659629,-0.003643397504199286,-0.004201001824425954,1.0137300798415179,1.0110925753692248,0.014736959899221152,0.15953684185664763,-0.004058105595073136,0
2025-01-16,MSFT,424.5799865722656,-0.004058105595073136,0.02559718956659629,-0.003643397504199286,1.0096066583616436,1.006254396239674,0.014808454065635773,-0.22089032376335438,0.010480974958233968,1
2025-01-17,MSFT,429.0299987792969,0.010480974958233968,-0.004058105595073136,0.02559718956659629,1.0153210439022946,1.0142888823027418,0.01318678722316999,0.7122549019607842,-0.0012353420059316722,0
2025-01-21,MSFT,428.5,-0.0012353420059316722,0.010480974958233968,-0.004058105595073136,1.0086672427693035,1.0118039839620454,0.012737791626511945,-0.004267582784616808,0.04130691296856792,1
2025-01-22,MSFT,446.2000122070313,0.04130691296856792,-0.0012353420059316722,0.010480974958233968,1.0354494370659615,1.0490530087795868,0.019038655937068286,0.06586367243355551,0.001142938668971194,1
2025-01-23,MSFT,446.7099914550781,0.001142938668971194,0.04130691296856792,-0.0012353420059316722,1.0269100829221625,1.0442761067403674,0.018584593883531272,-0.33860479502801777,-0.005932246753318604,0
2025-01-24,MSFT,444.05999755859375,-0.005932246753318604,0.001142938668971194,0.04130691296856792,1.0117566588256863,1.0333705582638812,0.018942551556129224,-0.15442675903922387,-0.021393505499775367,0
2025-01-27,MSFT,434.55999755859375,-0.021393505499775367,-0.005932246753318604,0.001142938668971194,0.9876228910508326,1.0076029266408457,0.02325611505858638,1.2925367375156758,0.02908692636103316,1
2025-01-28,MSFT,447.2000122070313,0.02908692636103316,-0.021393505499775367,-0.005932246753318604,1.0077837546539297,1.0297456755122778,0.025766098475243363,-0.3410056160548477,-0.010890039136472796,0
2025-01-29,MSFT,442.3299865722656,-0.010890039136472796,0.02908692636103316,-0.021393505499775367,0.9985506747553051,1.0123172289367333,0.01901359494857702,0.003818369892344853,-0.0618090501839037,0
2025-01-30,MSFT,414.989990234375,-0.0618090501839037,-0.010890039136472796,0.02908692636103316,0.9504429245282426,0.9522137617517248,0.03267811572113741,1.3148031923465102,0.00016869641645866906,1
2025-01-31,MSFT,415.05999755859375,0.00016869641645866906,-0.0618090501839037,-0.010890039136472796,0.9634007089053218,0.9544593230831677,0.03317357709638844,-0.37416714450329114,-0.009974423348939943,0
2025-02-03,MSFT,410.9200134277344,-0.009974423348939943,0.00016869641645866906,-0.0618090501839037,0.9643745914755558,0.948890813696166,0.032839855015240955,-0.24831171568326116,0.003528622705323947,1
2025-02-04,MSFT,412.3699951171875,0.003528622705323947,-0.009974423348939943,0.00016869641645866906,0.9838619593733673,0.9557991741622497,0.026473914356400254,-0.2004353735138693,0.0022310387240296325,1
2025-02-05,MSFT,413.2900085449219,0.0022310387240296325,0.003528622705323947,-0.009974423348939943,0.9999129199915912,0.9652948143931028,0.027703455216882784,-0.20530778634430968,0.006121606443389105,1
2025-02-06,MSFT,415.8200073242188,0.006121606443389105,0.0022310387240296325,0.003528622705323947,1.0056301038591942,0.9782619082650335,0.006195941877920112,-0.0004228796263950896,-0.01459767980689286,0
2025-02-07,MSFT,409.75,-0.01459767980689286,0.006121606443389105,0.0022310387240296325,0.9935019158376365,0.971825939794422,0.009155226571258807,0.4032544850335382,0.00602806887297902,1
2025-02-10,MSFT,412.2200012207031,0.00602806887297902,-0.01459767980689286,0.006121606443389105,0.9988611276795593,0.9828920230829737,0.008691076359954506,-0.09039708478249475,-0.001892190522019832,0
2025-02-11,MSFT,411.4400024414063,-0.001892190522019832,0.00602806887297902,-0.01459767980689286,0.9974206275459923,0.9894689809745026,0.008581552106693117,-0.12860567108113685,-0.005833156431662712,0
2025-02-12,MSFT,409.0400085449219,-0.005833156431662712,-0.001892190522019832,0.00602806887297902,0.9936500183733827,0.9916361757228905,0.008715082021072577,0.05408310640221381,0.003667122943146639,1
2025-02-13,MSFT,410.5400085449219,0.003667122943146639,-0.005833156431662712,-0.001892190522019832,0.999858753318617,0.9963474967250328,0.008194377899101263,0.24945480788842,-0.005139610818003071,0
2025-02-14,MSFT,408.4299926757813,-0.005139610818003071,0.003667122943146639,-0.005833156431662712,0.9953598531993346,0.99282416080129,0.005286719683871363,-0.04743069768999275,0.002962617815427393,1
2025-02-18,MSFT,409.6400146484375,0.002962617815427393,-0.005139610818003071,0.003667122943146639,0.9995656834977392,0.9960754442692784,0.004429193127668034,-0.05867697783245818,0.012523128068035572,1
2025-02-19,MSFT,414.7699890136719,0.012523128068035572,0.002962617815427393,-0.005139610818003071,1.0104412992956715,1.0079611991706663,0.007518512694739259,0.1256167408078197,0.003278964016598218,1
2025-02-20,MSFT,416.1300048828125,0.003278964016598218,0.012523128068035572,0.002962617815427393,1.010264584560501,1.0105688063037892,0.006253332061344341,-0.025109686408837928,-0.019032545922673227,0
2025-02-21,MSFT,408.2099914550781,-0.019032545922673227,0.003278964016598218,0.012523128068035572,0.9921591521122027,0.9931705747486723,0.011823311225532804,0.17083462718057563,-0.01031329840818318,0
2025-02-24,MSFT,404.0,-0.01031329840818318,-0.019032545922673227,0.003278964016598218,0.9840457922299354,0.9843047219297776,0.01247564921293921,-0.03927730628378767,-0.015099025008702083,0
2025-02-25,MSFT,397.8999938964844,-0.015099025008702083,-0.01031329840818318,-0.019032545922673227,0.9747624899979164,0.9728368335803816,0.01322952274671909,0.11131952033943815,0.0045991885345939565,1
2025-02-26,MSFT,399.7300109863281,0.0045991885345939565,-0.015099025008702083,-0.01031329840818318,0.9865151279275599,0.980117177490651,0.010736173310717828,-0.332400960956056,-0.01801218824992734,0
2025-02-27,MSFT,392.5299987792969,-0.01801218824992734,0.0045991885345939565,-0.015099025008702083,0.9801635055870987,0.9663751718599122,0.009652296915517937,0.0768846526326521,0.011362167143780022,1
2025-02-28,MSFT,396.989990234375,0.011362167143780022,-0.01801218824992734,0.0045991885345939565,0.9968862000634736,0.9806265584849415,0.01282760690689556,0.5546494126111117,-0.021411119194672312,0
2025-03-03,MSFT,388.489990234375,-0.021411119194672312,0.011362167143780022,-0.01801218824992734,0.9832003638185195,0.9643802903014942,0.014694532132270567,-0.2995217029930859,0.0003088756987408292,1
2025-03-04,MSFT,388.6099853515625,0.0003088756987408292,-0.021411119194672312,0.011362167143780022,0.9881506094452073,0.9697406515299216,0.014370183941230073,0.2753512954358759,0.03193434067547818,1
2025-03-05,MSFT,401.0199890136719,0.03193434067547818,0.0003088756987408292,-0.021411119194672312,1.0190380315190737,1.0041541200794168,0.021956624054260455,-0.20140476912643268,-0.010298674575779265,0
2025-03-06,MSFT,396.8900146484375,-0.010298674575779265,0.03193434067547818,0.0003088756987408292,1.0063134401381524,0.9986237269896977,0.020525557683506713,-0.005483696139221839,-0.009020174249067203,0
2025-03-07,MSFT,393.30999755859375,-0.009020174249067203,-0.010298674575779265,0.03193434067547818,0.9991007615456184,0.9933400189135657,0.02031843248473401,-0.05451713395638624,-0.03343417146299554,0
2025-03-10,MSFT,380.1600036621094,-0.03343417146299554,-0.009020174249067203,-0.010298674575779265,0.9698008805051345,0.9659444768392491,0.023669797053302147,0.49042166460168546,0.0007628591701605014,1
2025-03-11,MSFT,380.4500122070313,0.0007628591701605014,-0.03343417146299554,-0.009020174249067203,0.9745982203262709,0.9709865624300138,0.02369180736397786,-0.07490537483137993,0.0074122137367840235,1
2025-03-12,MSFT,383.2699890136719,0.0074122137367840235,0.0007628591701605014,-0.03343417146299554,0.9908328136039778,0.9823103449031049,0.015518974281285298,-0.20166424184172582,-0.011741070600337244,0
2025-03-13,MSFT,378.7699890136719,-0.011741070600337244,0.0074122137367840235,0.0007628591701605014,0.9884600688504318,0.9742126791921475,0.01556445123434073,-0.15587789029257515,0.025846843279256015,1
2025-03-14,MSFT,388.55999755859375,0.025846843279256015,-0.011741070600337244,0.0074122137367840235,1.0165287940514793,1.0015646244194212,0.022104294824368854,-0.02540907536755732,0.0003603424164022595,1
2025-03-17,MSFT,388.7000122070313,0.0003603424164022595,0.025846843279256015,-0.011741070600337244,1.0123714343196544,1.0018712933996126,0.013775341019046207,0.12637324084840218,-0.0133265321087781,0
2025-03-18,MSFT,383.5199890136719,-0.0133265321087781,0.0003603424164022595,0.025846843279256015,0.9972852207688467,0.9898184084183322,0.015999629824532104,-0.1329251634088715,0.011211979645717074,1
2025-03-19,MSFT,387.8200073242188,0.011211979645717074,-0.0133265321087781,0.0003603424164022595,1.006086035132654,1.0043377645656955,0.016422808976634645,-0.015466800773853207,-0.0025269737708732976,0
2025-03-20,MSFT,386.8399963378906,-0.0025269737708732976,0.011211979645717074,-0.0133265321087781,0.999359308089949,1.0044139714154234,0.014873333205914403,-0.03726772823225877,0.011425947341478171,1
2025-03-21,MSFT,391.260009765625,0.011425947341478171,-0.0025269737708732976,0.011211979645717074,1.0093698257310793,1.0164313693097393,0.010370187223546403,1.1480685417287027,0.004651578902047371,1
2025-03-24,MSFT,393.0799865722656,0.004651578902047371,0.011425947341478171,-0.0025269737708732976,1.011778485666587,1.0177434195185524,0.010436996475869889,-0.4705980204607835,0.005291587363635442,1
2025-03-25,MSFT,395.1600036621094,0.005291587363635442,0.004651578902047371,0.011425947341478171,1.0110738192409445,1.0192469542087554,0.0057366022218323124,-0.24897045871122858,-0.013133926493846482,0
2025-03-26,MSFT,389.9700012207031,-0.013133926493846482,0.005291587363635442,0.004651578902047371,0.9966978692215754,1.0041249586890428,0.00938828042602947,0.021134706814579962,0.0015641853210581758,1
2025-03-27,MSFT,390.5799865722656,0.0015641853210581758,-0.013133926493846482,0.005291587363635442,0.9963521058257848,1.0026466184007985,0.009164217323400576,-0.14536515110128878,-0.030160272375136854,0
2025-03-28,MSFT,378.7999877929688,-0.030160272375136854,0.0015641853210581758,-0.013133926493846482,0.9724839274200632,0.9748489722573896,0.015265533741789539,0.5713165005665806,-0.009002041326345078,0
2025-03-31,MSFT,375.3900146484375,-0.009002041326345078,-0.030160272375136854,0.0015641853210581758,0.9725633862781716,0.9693938578592106,0.013970139207950113,0.6265116494082841,0.018114461034178575,1
2025-04-01,MSFT,382.1900024414063,0.018114461034178575,-0.009002041326345078,-0.030160272375136854,0.9968804387788818,0.9872929919039956,0.01789537434383102,-0.4403959675654475,-0.00013079304181029539,0
2025-04-02,MSFT,382.1400146484375,-0.00013079304181029539,0.018114461034178575,-0.009002041326345078,1.0008381264122133,0.9886144400888808,0.017637537013553816,-0.18268112445719797,-0.02363015897506171,0
2025-04-03,MSFT,373.1099853515625,-0.02363015897506171,-0.00013079304181029539,0.018114461034178575,0.9862129073562588,0.9686941440126264,0.01920708333469714,0.8765146713396219,-0.035565890848963,0
2025-04-04,MSFT,359.8399963378906,-0.035565890848963,-0.02363015897506171,-0.00013079304181029539,0.960767230098483,0.941925414219372,0.020785853962903816,0.6295748062785615,-0.005502476118493749,0
2025-04-07,MSFT,357.8599853515625,-0.005502476118493749,-0.035565890848963,-0.02363015897506171,0.9645093858489103,0.9454589315541894,0.02088833085253374,0.024692185921938448,-0.009221449527884173,0
2025-04-08,MSFT,354.5599975585937,-0.009221449527884173,-0.005502476118493749,-0.035565890848963,0.970063095645809,0.9468972669267467,0.014508128956440812,-0.2886683192860684,0.10133684827162037,1
2025-04-09,MSFT,390.489990234375,0.10133684827162037,-0.009221449527884173,-0.005502476118493749,1.0635070208001969,1.0427080511072302,0.054903208500694044,0.39953274284965534,-0.023406449229014803,0
2025-04-10,MSFT,381.3500061035156,-0.023406449229014803,0.10133684827162037,-0.009221449527884173,1.0339732421024161,1.020817907336185,0.054873635038002744,-0.2425373059998367,0.01861808309919999,1
2025-04-11,MSFT,388.4500122070313,0.01861808309919999,-0.023406449229014803,0.10133684827162037,1.0371333895250094,1.037144459842828,0.04984955483030867,-0.37305519613721716,-0.001647611348500777,0
2025-04-14,MSFT,387.80999755859375,-0.001647611348500777,0.01861808309919999,-0.023406449229014803,1.0191258470040987,1.0320134089583686,0.04945505234629755,-0.19245612268868084,-0.005363416583790803,0
2025-04-15,MSFT,385.7300109863281,-0.005363416583790803,-0.001647611348500777,0.01861808309919999,0.9973213973759708,1.025512214694449,0.04896871812894281,-0.10655439660904253,-0.03660598147045935,0
2025-04-16,MSFT,371.6099853515625,-0.03660598147045935,-0.005363416583790803,-0.001647611348500777,0.9702863860223485,0.9907459685160288,0.02119762691748789,0.2772051000296514,-0.010306468403001201,0
2025-04-17,MSFT,367.7799987792969,-0.010306468403001201,-0.03660598147045935,-0.005363416583790803,0.9671396507663501,0.9819302217529644,0.019843392289225006,-0.03858374529993902,-0.02354669555400757,0
2025-04-21,MSFT,359.1199951171875,-0.02354669555400757,-0.010306468403001201,-0.03660598147045935,0.9591624087468085,0.9589933590064144,0.014420673964828618,-0.014815200613630508,0.021441335240937054,1
2025-04-22,MSFT,366.8200073242188,0.021441335240937054,-0.02354669555400757,-0.010306468403001201,0.990837703283595,0.9772172863317712,0.021781308335516114,-0.0635498118448814,0.020636844155362155,1
2025-04-23,MSFT,374.3900146484375,0.020636844155362155,0.021441335240937054,-0.02354669555400757,1.0175190094145299,0.9921427113242701,0.026101639742098965,0.054426481909160884,0.034482685540249136,1
2025-04-24,MSFT,387.2999877929688,0.034482685540249136,0.020636844155362155,0.021441335240937054,1.043704590975948,1.0272228279603393,0.02434412872510688,0.08210070331702801,0.011748046614912466,1
2025-04-25,MSFT,391.8500061035156,0.011748046614912466,0.034482685540249136,0.020636844155362155,1.042442600647499,1.036404427719701,0.02195620836047168,-0.14659302006540031,-0.001760884089979986,0
2025-04-28,MSFT,391.1600036621094,-0.001760884089979986,0.011748046614912466,0.034482685540249136,1.0231648103743927,1.0338384195479495,0.013394690144088084,-0.12616743617312842,0.007362728438105481,1
2025-04-29,MSFT,394.0400085449219,0.007362728438105481,-0.001760884089979986,0.011748046614912466,1.0162270452128255,1.039738262285884,0.01378312949531197,-0.0968310071534555,0.003096135403123812,1
2025-04-30,MSFT,395.260009765625,0.003096135403123812,0.007362728438105481,-0.001760884089979986,1.0085170175819815,1.040341344362553,0.014058236556023665,1.434960598370509,0.07625356318928223,1
2025-05-01,MSFT,425.3999938964844,0.07625356318928223,0.003096135403123812,0.007362728438105481,1.0647190763863201,1.1040403389105526,0.032207751052952545,0.6164652190965165,0.023225211623337794,1
2025-05-02,MSFT,435.2799987792969,0.023225211623337794,0.07625356318928223,0.003096135403123812,1.0662668794288195,1.110232554884793,0.03193928163595134,-0.4781406255037064,0.0020446945665628657,1
2025-05-05,MSFT,436.1700134277344,0.0020446945665628657,0.023225211623337794,0.07625356318928223,1.0453946464138923,1.0910605643613271,0.03128092215581048,-0.3453250274730634,-0.006557112550366728,0
2025-05-06,MSFT,433.30999755859375,-0.006557112550366728,0.0020446945665628657,0.023225211623337794,1.019351457173353,1.0661735608697636,0.03349450862740793,-0.24989446814427818,9.233238362216234e-05,1
2025-05-07,MSFT,433.3500061035156,9.233238362216234e-05,-0.006557112550366728,0.0020446945665628657,1.0014975760395508,1.0510244751771451,0.03388941760045116,0.5423061135313356,0.011122665873615656,1
2025-05-08,MSFT,438.1700134277344,0.011122665873615656,9.233238362216234e-05,-0.006557112550366728,1.0066949278795267,1.0497629559382005,0.011523613058188427,0.008413714354397639,0.0012780371577985061,1
2025-05-09,MSFT,438.7300109863281,0.0012780371577985061,0.011122665873615656,9.233238362216234e-05,1.0063861180800766,1.039430271838942,0.006320483571963632,-0.3476648801896872,0.024001090683593684,1
2025-05-12,MSFT,449.260009765625,0.024001090683593684,0.0012780371577985061,0.011122665873615656,1.0243886913031695,1.0499255737460724,0.011886533592098701,0.48927187063598754,-0.00026709503311928007,0
2025-05-13,MSFT,449.1400146484375,-0.00026709503311928007,0.024001090683593684,0.0012780371577985061,1.016774960898771,1.0363007694023174,0.01047616029583821,0.034918214522016155,0.008460586162520434,1
2025-05-14,MSFT,452.9400024414063,0.008460586162520434,-0.00026709503311928007,0.024001090683593684,1.0163626719287842,1.0313428499950796,0.00968638736854788,-0.1573322946127661,0.00041948699691363167,1
2025-05-15,MSFT,453.1300048828125,0.00041948699691363167,0.008460586162520434,-0.00026709503311928007,1.010008015897764,1.0253016135347102,0.010244261697461168,0.10498522820909617,0.0025157992597604206,1
2025-05-16,MSFT,454.2699890136719,0.0025157992597604206,0.00041948699691363167,0.008460586162520434,1.005582724970804,1.0234832783411598,0.010091938628303343,0.08446137966470091,0.010126150119454946,1
2025-05-19,MSFT,458.8699951171875,0.010126150119454946,0.0025157992597604206,0.00041948699691363167,1.0114620624738082,1.0285866501322105,0.004752436238783593,-0.10538033861919183,-0.0015254466339085226,0
2025-05-20,MSFT,458.1700134277344,-0.0015254466339085226,0.010126150119454946,0.0025157992597604206,1.0059147187676096,1.0213262223362916,0.005073953772977625,-0.2762730532186628,-0.01222255044938425,0
2025-05-21,MSFT,452.5700073242188,-0.01222255044938425,-0.0015254466339085226,0.010126150119454946,0.9937813303043017,1.0045391514188966,0.008072601583403187,0.24447279462238858,0.005059942086933722,1
2025-05-22,MSFT,454.8599853515625,0.005059942086933722,-0.01222255044938425,-0.0015254466339085226,0.9980515269422617,1.0058956599075455,0.00841222691745126,-0.061992308853144884,-0.010288864324180969,0
2025-05-23,MSFT,450.1799926757813,-0.010288864324180969,0.005059942086933722,-0.01222255044938425,0.9895588197826893,0.9930316853858703,0.0096183829602062,-0.06335988815906268,0.023346239141272207,1
2025-05-27,MSFT,460.6900024414063,0.023346239141272207,-0.010288864324180969,0.005059942086933722,1.0118516874686954,1.0136595106054365,0.01435627180736245,0.24229573251991599,-0.007228325060662288,0
2025-05-28,MSFT,457.3599853515625,-0.007228325060662288,0.023346239141272207,-0.010288864324180969,1.0048952628005703,1.0045156369343344,0.014813797386264645,-0.1853697143647225,0.002886145195242884,1
2025-05-29,MSFT,458.6799926757813,0.002886145195242884,-0.007228325060662288,0.023346239141272207,1.0050969226058521,1.0061463722072945,0.013220611391215538,-0.18210496128477205,0.0036626683147453765,1
2025-05-30,MSFT,460.3599853515625,0.0036626683147453765,0.002886145195242884,-0.007228325060662288,1.006352537533992,1.008232549908396,0.013174397213619652,1.4880856971119445,0.003497297593992865,1
2025-06-02,MSFT,461.9700012207031,0.003497297593992865,0.0036626683147453765,0.002886145195242884,1.0046932395053563,1.010055305575193,0.011117108281663254,-0.5218216591650968,0.0021646427199983886,1
2025-06-03,MSFT,462.9700012207031,0.0021646427199983886,0.003497297593992865,0.0036626683147453765,1.0058705104347274,1.011335124336661,0.0046353399482764665,-0.053089946771719854,0.001943957263130125,1
2025-06-04,MSFT,463.8699951171875,0.001943957263130125,0.0021646427199983886,0.003497297593992865,1.004982992881537,1.0120409910873418,0.0007696659156780324,-0.1004268346904813,0.008213502918271942,1
2025-06-05,MSFT,467.6799926757813,0.008213502918271942,0.001943957263130125,0.0021646427199983886,1.0093014170188206,1.0170007510506276,0.0025328988706014963,0.4214591850424001,0.005773204433192403,1
2025-06-06,MSFT,470.3800048828125,0.005773204433192403,0.008213502918271942,0.001943957263130125,1.0107569521930315,1.0194315942117516,0.00265702561629395,-0.24071985972371934,0.005038469094318598,1
2025-06-09,MSFT,472.75,0.005038469094318598,0.005773204433192403,0.008213502918271942,1.0111650615668135,1.0195807026592931,0.0026271665346837753,0.07747814936934105,-0.003870939338478263,0
2025-06-10,MSFT,470.9200134277344,-0.003870939338478263,0.005038469094318598,0.005773204433192403,1.003836997361757,1.0133980991210738,0.004649494098488673,-0.06642420415424499,0.003609915996305446,1
2025-06-11,MSFT,472.6199951171875,0.003609915996305446,-0.003870939338478263,0.005038469094318598,1.003716511758973,1.0137274183290674,0.004576425104645518,0.06655220182233235,0.013224154848654468,1
2025-06-12,MSFT,478.8699951171875,0.013224154848654468,0.003609915996305446,-0.003870939338478263,1.0121790233675807,1.0227042103287662,0.006094294989675194,0.15558076003707488,-0.008165062964850311,0
2025-06-13,MSFT,474.9599914550781,-0.008165062964850311,0.013224154848654468,0.003609915996305446,1.0019745676032625,1.0112007742034341,0.008300555189646033,-0.11271938619357702,0.008800790105611966,1
2025-06-16,MSFT,479.1400146484375,0.008800790105611966,-0.008165062964850311,0.013224154848654468,1.0080748927619518,1.016384709632737,0.008803838718496946,-0.07067709417467072,-0.0022957926073503554,0
2025-06-17,MSFT,478.0400085449219,-0.0022957926073503554,0.008800790105611966,-0.008165062964850311,1.002756316134777,1.0108199589243956,0.008533060712838958,-0.013567044880040457,0.004602086959519358,1
2025-06-18,MSFT,480.239990234375,0.004602086959519358,-0.0022957926073503554,0.008800790105611966,1.0041609832396758,1.0119689599138533,0.008561268126593476,0.13704335640744514,-0.00591370230643351,0
2025-06-20,MSFT,477.3999938964844,-0.00591370230643351,0.004602086959519358,-0.0022957926073503554,0.9988367007430412,1.003928217577756,0.007137536784136453,1.1439648532222635,0.018014256835915177,1
2025-06-23,MSFT,486.0,0.018014256835915177,-0.00591370230643351,0.004602086959519358,1.0121541775671485,1.0186671803697007,0.009429610243917778,-0.3383045651236687,0.00845675998263884,1
2025-06-24,MSFT,490.1099853515625,0.00845675998263884,0.018014256835915177,-0.00591370230643351,1.0160710298506885,1.0235573932314646,0.00939285712313484,-0.10289575289575292,0.004407181503474078,1
2025-06-25,MSFT,492.2699890136719,0.004407181503474078,0.00845675998263884,0.018014256835915177,1.0145629414335762,1.0235048137844924,0.00861347782759791,-0.21566333118140735,0.010522727992698266,1
2025-06-26,MSFT,497.4500122070313,0.010522727992698266,0.004407181503474078,0.00845675998263884,1.018017166176866,1.0289628134085245,0.008793243903323294,0.23342535910054818,-0.003035500509740774,0
2025-06-27,MSFT,495.9400024414063,-0.003035500509740774,0.010522727992698266,0.004407181503474078,1.0072833868612328,1.0222300165704683,0.007762318852511619,0.6006005866842146,0.0029640706808617967,1
2025-06-30,MSFT,497.4100036621094,0.0029640706808617967,-0.003035500509740774,0.010522727992698266,1.0056081747692611,1.020537553676876,0.005266586678672283,-0.17864339648862737,-0.010775850565284628,0
2025-07-01,MSFT,492.0499877929688,-0.010775850565284628,0.0029640706808617967,-0.003035500509740774,0.9939921877801163,1.0068734445630767,0.008076763195846106,-0.2969297472593324,-0.001951003920118155,0
2025-07-02,MSFT,491.0899963378906,-0.001951003920118155,-0.010775850565284628,0.0029640706808617967,0.9925260836019846,1.0022326718031616,0.007867933704938403,-0.1817862765349404,0.015781221482401575,1
2025-07-03,MSFT,498.8399963378906,0.015781221482401575,-0.001951003920118155,-0.010775850565284628,1.0076232240628724,1.014199277188015,0.00981316359150134,-0.14306723204000094,-0.0022451991127608872,0
2025-07-07,MSFT,497.7200012207031,-0.0022451991127608872,0.015781221482401575,-0.001951003920118155,1.0046384782346764,1.007758851812697,0.009746172215048516,-0.00022881986156397804,-0.002210090213006888,0
2025-07-08,MSFT,496.6199951171875,-0.002210090213006888,-0.0022451991127608872,0.015781221482401575,1.0027379332407762,1.0033740745110458,0.009727605361927487,-0.15270069233850203,0.013873816431438035,1
2025-07-09,MSFT,503.510009765625,0.013873816431438035,-0.002210090213006888,-0.0022451991127608872,1.0119665123376809,1.014547966682496,0.009316125029010247,0.575093275707798,-0.004031694981082468,0
2025-07-10,MSFT,501.4800109863281,-0.004031694981082468,0.013873816431438035,-0.002210090213006888,1.003694721117576,1.008585910983041,0.009722299334188386,-0.11615530962780352,0.0036691319645456577,1
2025-07-11,MSFT,503.3200073242188,0.0036691319645456577,-0.004031694981082468,0.013873816431438035,1.0055740962863147,1.0110928654060463,0.007343759201795382,-0.0019767039976715806,-0.0005960786501254534,0
2025-07-14,MSFT,503.0199890136719,-0.0005960786501254534,0.0036691319645456577,-0.004031694981082468,1.00285090724557,1.0090550349645204,0.00715052301621429,-0.26736535131686867,0.005566415593219798,1
2025-07-15,MSFT,505.8200073242188,0.005566415593219798,-0.0005960786501254534,0.0036691319645456577,1.0047474374157788,1.012962944006004,0.006804894048558109,0.23786778120542684,-0.00039542169968598273,0
2025-07-16,MSFT,505.6199951171875,-0.00039542169968598273,0.005566415593219798,-0.0005960786501254534,1.003508953337903,1.0098181645329491,0.003796872468600097,0.015220537006270352,0.012024874705429012,1
2025-07-17,MSFT,511.7000122070313,0.012024874705429012,-0.00039542169968598273,0.005566415593219798,1.0114727334957325,1.0177717417128023,0.005181480304471806,0.1549846909148498,-0.003224593266952902,0
2025-07-18,MSFT,510.0499877929688,-0.003224593266952902,0.012024874705429012,-0.00039542169968598273,1.0055357985171058,1.0122328982877917,0.006138262921969236,0.21176820106152627,1.96250678650145e-05,1
2025-07-21,MSFT,510.05999755859375,1.96250678650145e-05,-0.003224593266952902,0.012024874705429012,1.0027720388451662,1.009779847018436,0.006061936172523946,-0.3367751547640938,-0.009391068830822413,0
2025-07-22,MSFT,505.2699890136719,-0.009391068830822413,1.96250678650145e-05,-0.003224593266952902,0.9935698129001321,0.9985868917145425,0.007796756917663099,-0.01408991383967928,0.0011874960250199962,1
2025-07-23,MSFT,505.8699951171875,0.0011874960250199962,-0.009391068830822413,1.96250678650145e-05,0.9946518782510696,0.9993066189887169,0.007818605145907364,0.18228227795163177,0.009903749607573342,1
2025-07-24,MSFT,510.8800048828125,0.009903749607573342,0.0011874960250199962,-0.009391068830822413,1.0048266808434498,1.0073329896391836,0.00702908394342526,-0.017662198260614992,0.005539494720473437,1
2025-07-25,MSFT,513.7100219726562,0.005539494720473437,0.009903749607573342,0.0011874960250199962,1.0089402901425355,1.0108422313511536,0.007208215562623727,0.18741540944930768,-0.0023554572052336686,0
2025-07-28,MSFT,512.5,-0.0023554572052336686,0.005539494720473437,0.009903749607573342,1.0055999611307256,1.0065835452444758,0.007401851920113275,-0.2518966626058131,0.0001365996570121819,1
2025-07-29,MSFT,512.5700073242188,0.0001365996570121819,-0.0023554572052336686,0.005539494720473437,1.0028643793030414,1.0053881567125578,0.004853008597070724,0.15104836455129989,0.0013071051770152664,1
2025-07-30,MSFT,513.239990234375,0.0013071051770152664,0.0001365996570121819,-0.0023554572052336686,1.001287575296101,1.0051998974134564,0.0048428495848282845,0.6018021518956598,0.03947472946598163,1
2025-07-31,MSFT,533.5,0.03947472946598163,0.0013071051770152664,0.0001365996570121819,1.0317073470131601,1.040437628611611,0.01737246403207815,0.9566534245121379,-0.01760077722293818,0
2025-08-01,MSFT,524.1099853515625,-0.01760077722293818,0.03947472946598163,0.0013071051770152664,1.0094879441623024,1.0193301182341519,0.02113902920326721,-0.4386068236812076,0.021999255154699693,1
2025-08-04,MSFT,535.6400146484375,0.021999255154699693,-0.01760077722293818,0.03947472946598163,1.0225806494462601,1.0365975468043656,0.022039802229099063,-0.12522086025067636,-0.014730069510613508,0
2025-08-05,MSFT,527.75,-0.014730069510613508,0.021999255154699693,-0.01760077722293818,1.0017120724696096,1.0169044061949926,0.024419504826182024,-0.2436940313227346,-0.005324486136605855,0
2025-08-06,MSFT,524.9400024414062,-0.005324486136605855,-0.014730069510613508,0.021999255154699693,0.9919726107867991,1.0077867619948926,0.024919211056880348,0.1139237205032444,-0.007810369883928137,0
2025-08-07,MSFT,520.8400268554688,-0.007810369883928137,-0.005324486136605855,-0.014730069510613508,0.9889567783539922,0.9980072468429265,0.015731709472879322,-0.24708157541078024,0.0023038766415852674,1
2025-08-08,MSFT,522.0399780273438,0.0023038766415852674,-0.007810369883928137,-0.005324486136605855,0.9920150304762879,0.9987124436156957,0.01408070291346877,-0.034087728790790583,-0.0005171222654515306,0
2025-08-11,MSFT,521.77001953125,-0.0005171222654515306,0.0023038766415852674,-0.007810369883928137,0.9967562757944679,0.9964288768974148,0.006631139400382464,0.3002639881527267,0.014316596246437996,1
2025-08-12,MSFT,529.239990234375,0.014316596246437996,-0.0005171222654515306,0.0023038766415852674,1.0104512067997624,1.0074870304345258,0.008633218249917134,-0.07563482945767142,-0.01636303624882196,0
2025-08-13,MSFT,520.5800170898438,-0.01636303624882196,0.014316596246437996,-0.0005171222654515306,0.9955746494897209,0.9896187059703672,0.011470242640384246,0.05100980339636796,0.0036497047841510533,1
2025-08-14,MSFT,522.47998046875,0.0036497047841510533,-0.01636303624882196,0.014316596246437996,0.9985818321750285,0.9953156062147567,0.011060188124689885,0.0331257135866907,-0.0044212173574982305,0
2025-08-15,MSFT,520.1699829101562,-0.0044212173574982305,0.0036497047841510533,-0.01636303624882196,0.9948780235427456,0.9916594032916803,0.011220787203842418,0.24392794944028107,-0.005901930955421908,0
2025-08-18,MSFT,517.0999755859375,-0.005901930955421908,-0.0044212173574982305,0.0036497047841510533,0.9907762317719806,0.9893033900387764,0.011458696550444554,-0.05761641673243878,-0.014175182592031321,0
2025-08-19,MSFT,509.7699890136719,-0.014175182592031321,-0.005901930955421908,-0.0044212173574982305,0.9840739736400747,0.9786462722997722,0.008053624812340796,-0.09594033820694758,-0.007944735626365218,0
2025-08-20,MSFT,505.7200012207031,-0.007944735626365218,-0.014175182592031321,-0.005901930955421908,0.9818890960151407,0.9744667910677359,0.00644095075446759,0.290582375122201,-0.00292654232135503,0
2025-08-21,MSFT,504.239990234375,-0.00292654232135503,-0.007944735626365218,-0.014175182592031321,0.9859992222731684,0.9747327963478508,0.004381705760761525,-0.33472928615229236,0.005929757278004377,1
2025-08-22,MSFT,507.2300109863281,0.005929757278004377,-0.00292654232135503,-0.007944735626365218,0.9968908311078158,0.9833278700105811,0.007372714466345876,0.3188637608237137,-0.0058553341804989945,0
2025-08-25,MSFT,504.260009765625,-0.0058553341804989945,0.005929757278004377,-0.00292654232135503,0.9960809600162001,0.980899851801749,0.007371324585631257,-0.11040856431043977,-0.004402493114088024,0
2025-08-26,MSFT,502.0400085449219,-0.004402493114088024,-0.0058553341804989945,0.005929757278004377,0.9947334929331785,0.9817760358194569,0.005345754010999982,0.4250321185289252,0.00936176720870363,1
2025-08-27,MSFT,506.739990234375,0.00936176720870363,-0.004402493114088024,-0.0058553341804989945,1.0036402871728376,0.9936565445348757,0.006785061168842269,-0.4396786841226241,0.005722904191400424,1
2025-08-28,MSFT,509.6400146484375,0.005722904191400424,0.00936176720870363,-0.004402493114088024,1.007229521530567,1.00186560670229,0.006820599833410458,0.0426961609917873,-0.005788423440545976,0
2025-08-29,MSFT,506.6900024414063,-0.005788423440545976,0.005722904191400424,0.00936176720870363,1.0016130445648188,0.9987129085705045,0.007200384027994186,0.1635249450476255,-0.0030985559546349295,0
2025-09-02,MSFT,505.1199951171875,-0.0030985559546349295,-0.005788423440545976,0.005722904191400424,0.9981701128433831,0.9979748765649299,0.006749789078057155,-0.13518052057094876,0.0004553590999198942,1
2025-09-03,MSFT,505.3500061035156,0.0004553590999198942,-0.0030985559546349295,-0.005788423440545976,0.9973199641590648,0.9993019681035571,0.0062220564665978135,-0.09835061782877319,0.005184515851476723,1
2025-09-04,MSFT,507.9700012207031,0.005184515851476723,0.0004553590999198942,-0.0030985559546349295,1.002004121294288,1.0040361440347065,0.005042796024058796,-0.0511223547118097,-0.025533006259296664,0
2025-09-05,MSFT,495.0,-0.025533006259296664,0.005184515851476723,0.0004553590999198942,0.9820921917538492,0.9801902483369079,0.011794796582350695,1.0629162771204745,0.006464671125315791,1
2025-09-08,MSFT,498.2000122070313,0.006464671125315791,-0.025533006259296664,0.005184515851476723,0.9917822803057348,0.9882940288272913,0.012997937667606107,-0.47582107092402515,0.00042150030094911806,1
2025-09-09,MSFT,498.4100036621094,0.00042150030094911806,0.006464671125315791,-0.025533006259296664,0.994858137846744,0.9898593098904527,0.01310681501501298,-0.1407489118120565,0.003932488193810091,1
2025-09-10,MSFT,500.3699951171875,0.003932488193810091,0.00042150030094911806,0.006464671125315791,1.0007600005478625,0.9940816273684342,0.013398546347827604,0.4997258943131744,0.0012790827881028477,1
2025-09-11,MSFT,501.010009765625,0.0012790827881028477,0.003932488193810091,0.00042150030094911806,1.0048375757527237,0.9964875128316668,0.012989450499568095,-0.1263291350095781,0.017744124783092063,1
2025-09-12,MSFT,509.8999938964844,0.017744124783092063,0.0012790827881028477,0.003932488193810091,1.0165916186877986,1.0141168728759777,0.006996726167664726,0.2512128209473774,0.010707965327386493,1
2025-09-15,MSFT,515.3599853515625,0.010707965327386493,0.017744124783092063,0.0012790827881028477,1.0204946195976405,1.0232116431659581,0.00732176582194179,-0.2743334363320057,-0.012263227620067041,0
2025-09-16,MSFT,509.0400085449219,-0.012263227620067041,0.010707965327386493,0.017744124783092063,1.0037544367098081,1.0098777865026904,0.01124061878906843,0.14979759446563778,0.001925154118143313,1
2025-09-17,MSFT,510.0199890136719,0.001925154118143313,-0.012263227620067041,0.010707965327386493,1.0018740039685452,1.0108854000909187,0.01129186707045971,-0.19761159502635461,-0.0030782652454010018,0
2025-09-18,MSFT,508.4500122070313,-0.0030782652454010018,0.001925154118143313,-0.012263227620067041,0.9958790145513344,1.0076777556264487,0.011703294503266638,0.19581325948686823,0.01864486230927631,1
2025-09-19,MSFT,517.9299926757812,0.01864486230927631,-0.0030782652454010018,0.001925154118143313,1.0112660011416206,1.0218221915846362,0.011990264418702493,1.7743963370466909,-0.0067190170833154594,0
2025-09-22,MSFT,514.4500122070312,-0.0067190170833154594,0.01864486230927631,-0.0030782652454010018,1.0048283505603721,1.011713042749828,0.011788770651254726,-0.6186823594878235,-0.010146760806378219,0
2025-09-23,MSFT,509.2300109863281,-0.010146760806378219,-0.0067190170833154594,0.01864486230927631,0.9945587786064446,0.9993210237735464,0.011278701196799234,-0.010480126741065354,0.0018066156556137969,1
2025-09-24,MSFT,510.1499938964844,0.0018066156556137969,-0.010146760806378219,-0.0067190170833154594,0.9963049701356356,0.9992086890763139,0.011274095473545421,-0.3164659892119033,-0.0061158387817614734,0
2025-09-25,MSFT,507.0299987792969,-0.0061158387817614734,0.0018066156556137969,-0.010146760806378219,0.9907612525570707,0.9919280983133658,0.011566328930524257,0.1664585442266342,0.00873714116807034,1
2025-09-26,MSFT,511.4599914550781,0.00873714116807034,-0.0061158387817614734,0.0018066156556137969,1.001951146383244,1.0002894356938634,0.0076512556785076034,0.027023089348493956,0.006139256605245391,1
2025-09-29,MSFT,514.5999755859375,0.006139256605245391,0.00873714116807034,-0.0061158387817614734,1.0080431532837613,1.0065800864188361,0.008025223624451178,0.08663981595129866,0.006509982083227506,1
2025-09-30,MSFT,517.9500122070312,0.006509982083227506,0.006139256605245391,0.00873714116807034,1.0111511014116126,1.0113702525314145,0.005889598074412509,0.11978794174073948,0.0033980301653540046,1
2025-10-01,MSFT,519.7100219726562,0.0033980301653540046,0.006509982083227506,0.006139256605245391,1.0108140075321526,1.0128904137764998,0.005823550393860585,0.1472055230583631,-0.007638936272985952,0
2025-10-02,MSFT,515.739990234375,-0.007638936272985952,0.0033980301653540046,0.006509982083227506,0.999705349070844,1.0037269308312655,0.006471369185733834,-0.06227382988030383,0.003121699658835464,1
2025-10-03,MSFT,517.3499755859375,0.003121699658835464,-0.007638936272985952,0.0033980301653540046,1.0005414749867405,1.0069739343064856,0.005769033169578138,-0.287924835908382,0.021687508007657064,1
2025-10-06,MSFT,528.5700073242188,0.021687508007657064,0.003121699658835464,-0.007638936272985952,1.016746698819006,1.0259929259123486,0.010556113707861808,0.41531070717230345,-0.008683857940984696,0
2025-10-07,MSFT,523.97998046875,-0.008683857940984696,0.021687508007657064,0.003121699658835464,1.0055846342695438,1.0141796749704886,0.012218370978238796,-0.3166827188315271,0.0016603594595525628,1
2025-10-08,MSFT,524.8499755859375,0.0016603594595525628,-0.008683857940984696,0.021687508007657064,1.0052710215720655,1.0129814151784613,0.012206772115235817,-0.08565055558596535,-0.004667907565661822,0
2025-10-09,MSFT,522.4000244140625,-0.004667907565661822,0.0016603594595525628,-0.008683857940984696,0.9980322712184422,1.0052707995298285,0.011679396514724976,0.37267461873475316,-0.021898990092536486,0
2025-10-10,MSFT,510.9599914550781,-0.021898990092536486,-0.004667907565661822,0.0016603594595525628,0.9785656198128277,0.9833509989135771,0.015980719357982932,0.31565232560675116,0.0060474330467461535,1
2025-10-13,MSFT,514.0499877929688,0.0060474330467461535,-0.021898990092536486,-0.004667907565661822,0.9899893610932681,0.9894024725995636,0.01077462056937954,-0.40812470477090224,-0.00093372333459385,0
2025-10-14,MSFT,513.5700073242188,-0.00093372333459385,0.0060474330467461535,-0.021898990092536486,0.9930467393275899,0.9893126631477923,0.0107610872530474,0.02800996905671993,-0.0002726301116511287,0
2025-10-15,MSFT,513.4299926757812,-0.0002726301116511287,-0.00093372333459385,0.0060474330467461535,0.9971799207302351,0.9902408905169376,0.010541234592750125,0.00070823941216136,-0.0035448013364658415,0
2025-10-16,MSFT,511.6099853515625,-0.0035448013364658415,-0.0002726301116511287,-0.00093372333459385,0.9978272763051028,0.9875172850055274,0.010544603472257674,0.05885795558943019,0.003850651462417254,1
2025-10-17,MSFT,513.5800170898438,0.003850651462417254,-0.0035448013364658415,-0.0002726301116511287,1.0006468978821783,0.9920417618646222,0.0038604588126427333,0.27688372451733967,0.006250167122328731,1
2025-10-20,MSFT,516.7899780273438,0.006250167122328731,0.003850651462417254,-0.0035448013364658415,1.0058271803524281,1.000518824003416,0.003926834225602493,-0.26184076747299656,0.0016834597306014665,1
2025-10-21,MSFT,517.6599731445312,0.0016834597306014665,0.006250167122328731,0.003850651462417254,1.0059189682952687,1.0034309249674023,0.003764038931062792,0.06277274710888059,0.0055635069973014595,1
2025-10-22,MSFT,520.5399780273438,0.0055635069973014595,0.0016834597306014665,0.006250167122328731,1.008728057380779,1.0098572040857638,0.003941443127247161,0.2166339454132502,3.8459161822324006e-05,1
2025-10-23,MSFT,520.5599975585938,3.8459161822324006e-05,0.0055635069973014595,0.0016834597306014665,1.005279782877563,1.0102566722774633,0.0026088279091169768,-0.2604692369757471,0.00585905142014953,1
2025-10-24,MSFT,523.6099853515625,0.00585905142014953,3.8459161822324006e-05,0.0055635069973014595,1.0072677385336817,1.013687217351709,0.0028262498098799815,0.10759796056619253,0.015106729055933688,1
2025-10-27,MSFT,531.52001953125,0.015106729055933688,0.00585905142014953,3.8459161822324006e-05,1.0167222587096854,1.0255322365626578,0.0058460187300709175,0.2061690401998404,0.019848712005754443,1
2025-10-28,MSFT,542.0700073242188,0.019848712005754443,0.015106729055933688,0.00585905142014953,1.0273092708037335,1.040167967695241,0.008008896260772556,0.6005967536176187,-0.0009593217190099201,0
2025-10-29,MSFT,541.5499877929688,-0.0009593217190099201,0.019848712005754443,0.015106729055933688,1.0182152293078734,1.0335929548694387,0.009207803078848914,0.20129924266424792,-0.029157009294181968,0
2025-10-30,MSFT,525.760009765625,-0.029157009294181968,-0.0009593217190099201,0.019848712005754443,0.9865979257699838,1.0007537905296013,0.01926573689208686,0.13880298698054028,-0.015120990678951118,0
2025-10-31,MSFT,517.8099975585938,-0.015120990678951118,-0.029157009294181968,-0.0009593217190099201,0.9737993110929779,0.9848284648543668,0.02049839667785932,-0.1710426564545342,-0.0015062827396076228,0
2025-11-03,MSFT,517.030029296875,-0.0015062827396076228,-0.015120990678951118,-0.029157009294181968,0.9776607526813591,0.983300141566563,0.018243279971761842,-0.3420444386938929,-0.005222157426142293,0
2025-11-04,MSFT,514.3300170898438,-0.005222157426142293,-0.0015062827396076228,-0.015120990678951118,0.9828663107137938,0.9787850570762419,0.01192840709226627,-0.06328576472533709,-0.0139404918816588,0
2025-11-05,MSFT,507.1600036621094,-0.0139404918816588,-0.005222157426142293,-0.0015062827396076228,0.9820726473384146,0.9676040720931459,0.01071251469188509,0.09855573103293613,-0.019835944250241266,0
2025-11-06,MSFT,497.1000061035156,-0.019835944250241266,-0.0139404918816588,-0.005222157426142293,0.9733965600136039,0.9526748104736034,0.00753556165474003,0.19032934768918053,-0.000563264485735071,0
2025-11-07,MSFT,496.8200073242188,-0.000563264485735071,-0.019835944250241266,-0.0139404918816588,0.9809116797855794,0.9570519040025525,0.008371688053738542,-0.12357287504789005,0.018477501993575007,1
2025-11-10,MSFT,506.0,0.018477501993575007,-0.000563264485735071,-0.019835944250241266,1.0034068103576446,0.9795513684545666,0.014730056510226028,0.08666600054954654,0.0052964282130065765,1
2025-11-11,MSFT,508.6799926757813,0.0052964282130065765,0.018477501993575007,-0.000563264485735071,1.0109867211125025,0.9911461420241874,0.01529103001717388,-0.3111507001513323,0.004836089502392005,1
2025-11-12,MSFT,511.1400146484375,0.004836089502392005,0.0052964282130065765,0.018477501993575007,1.0142713344210421,1.0018758108782195,0.013902845583062866,0.4780255839822025,-0.015357839101904136,0
2025-11-13,MSFT,503.2900085449219,-0.015357839101904136,0.004836089502392005,0.0052964282130065765,0.9962469346412197,0.9908531801739494,0.012215121404505822,-0.04898607332482907,0.013689888561029262,1
2025-11-14,MSFT,510.1799926757813,0.013689888561029262,-0.015357839101904136,0.004836089502392005,1.0045721263797818,1.0059289146522625,0.012951440517321845,0.12790674669905955,-0.005272653730103882,0
2025-11-17,MSFT,507.489990234375,-0.005272653730103882,0.013689888561029262,-0.015357839101904136,0.9986893601142083,1.0025107452114626,0.011185698449966175,-0.33021115075230567,-0.026995570263614543,0
2025-11-18,MSFT,493.7900085449219,-0.026995570263614543,-0.005272653730103882,0.013689888561029262,0.9774574618872496,0.9794214317807786,0.016076867961512156,0.7710917204391183,-0.013507793418885194,0
2025-11-19,MSFT,487.1199951171875,-0.013507793418885194,-0.026995570263614543,-0.005272653730103882,0.9735118053053968,0.9700474421108083,0.01510059954043089,-0.3125763342412118,-0.017839551914340168,0
2025-11-20,MSFT,478.4299926757813,-0.017839551914340168,-0.013507793418885194,-0.026995570263614543,0.965740947117661,0.9562976818476939,0.015379939170819614,0.15302878431338818,-0.013188967362399273,0
2025-11-21,MSFT,472.1199951171875,-0.013188967362399273,-0.017839551914340168,-0.013507793418885194,0.9678755174596723,0.9483672865175793,0.007928323839888098,0.18530734073314048,0.003982048848293118,1
2025-11-24,MSFT,474.0,0.003982048848293118,-0.013188967362399273,-0.017839551914340168,0.9852585403286512,0.9583036830720779,0.011254781926394982,0.08347078302255007,0.006307996275052741,1
2025-11-25,MSFT,476.989990234375,0.006307996275052741,0.003982048848293118,-0.013188967362399273,0.9984468187124297,0.9705669723965554,0.011132667213520783,-0.1859678684523982,0.01784106572434263,1
2025-11-26,MSFT,485.5,0.01784106572434263,0.006307996275052741,0.003982048848293118,1.0169498719523302,0.9930638990427716,0.01470094073253914,-0.08246668427326387,0.013408876963182381,1
2025-11-28,MSFT,492.010009765625,0.013408876963182381,0.01784106572434263,0.006307996275052741,1.0247561270970904,1.00870712282691,0.011905271160528596,-0.44040437043692704,-0.010711203891482723,0
2025-12-01,MSFT,486.739990234375,-0.010711203891482723,0.013408876963182381,0.01784106572434263,1.0076431166311173,1.0027213459910567,0.010936135547413479,0.6657051304329693,0.00669764110414528,1
2025-12-02,MSFT,490.0,0.00669764110414528,-0.010711203891482723,0.013408876963182381,1.0077162311581658,1.0130874394835705,0.010867792728606461,-0.18366299449173762,-0.025040793905452774,0
2025-12-03,MSFT,477.7300109863281,-0.025040793905452774,0.00669764110414528,-0.010711203891482723,0.9821832597887536,0.9910095185680222,0.017914848119662066,0.7694438906694883,0.006509922508618482,1
2025-12-04,MSFT,480.8399963378906,0.006509922508618482,-0.025040793905452774,0.00669764110414528,0.9904750813386768,0.9987620323385059,0.015748928820038862,-0.3552466986950782,0.004824905045104577,1
2025-12-05,MSFT,483.1600036621094,0.004824905045104577,0.006509922508618482,-0.025040793905452774,0.9988960032959645,1.0025959341478805,0.014048951044123001,0.013016282675126112,0.01626787253081341,1
2025-12-08,MSFT,491.0199890136719,0.01626787253081341,0.004824905045104577,0.006509922508618482,1.0133525725181547,1.0149255992774069,0.01569278806521102,-0.02843153299393597,0.002036576967077819,1
2025-12-09,MSFT,492.0199890136719,0.002036576967077819,0.01626787253081341,0.004824905045104577,1.014570436047445,1.013218653001741,0.015469827666706387,-0.3309584401276524,-0.027356594763681685,0
2025-12-10,MSFT,478.55999755859375,-0.027356594763681685,0.002036576967077819,0.01626787253081341,0.9864775774558435,0.9851819195596776,0.016445297744058108,1.4330400582467457,0.010259954210878552,1
2025-12-11,MSFT,483.4700012207031,0.010259954210878552,-0.027356594763681685,0.002036576967077819,0.9955193805970824,0.9957059497609221,0.01687040486304369,-0.3100720993841627,-0.01021780550795981,0
2025-12-12,MSFT,478.5299987792969,-0.01021780550795981,0.010259954210878552,-0.027356594763681685,0.9872297483077954,0.9882756776986705,0.017396902035140858,-0.1386790005350802,-0.0077528921165695985,0
2025-12-15,MSFT,474.8200073242188,-0.0077528921165695985,-0.01021780550795981,0.010259954210878552,0.9861676674587455,0.9830336696049087,0.01417834820739306,0.11669749295231102,0.003306531527738743,1
2025-12-16,MSFT,476.3900146484375,0.003306531527738743,-0.0077528921165695985,-0.01021780550795981,0.9958942765362587,0.9890710215284915,0.014381795836930795,-0.12736590567143047,-0.0005668035075194755,0
2025-12-17,MSFT,476.1199951171875,-0.0005668035075194755,0.003306531527738743,-0.0077528921165695985,0.9963462387190284,0.9888409506294717,0.008307974544537163,0.18456842593308087,0.016508476749030443,1
2025-12-18,MSFT,483.9800109863281,0.016508476749030443,-0.0005668035075194755,0.003306531527738743,1.0125782595229709,1.0045101259437967,0.010582635567310828,0.16497194950911642,0.00400843505386228,1
2025-12-19,MSFT,485.9200134277344,0.00400843505386228,0.016508476749030443,-0.0005668035075194755,1.013503095270097,1.0079592346238049,0.008830145393705668,1.479083766426934,-0.002057951869374297,0
2025-12-22,MSFT,484.9200134277344,-0.002057951869374297,0.00400843505386228,0.016508476749030443,1.007173930948278,1.007159299166578,0.0073179584724678325,-0.7605317062910013,0.003980022730220467,1
2025-12-23,MSFT,486.8500061035156,0.003980022730220467,-0.002057951869374297,0.00400843505386228,1.006807866352804,1.0122547596294367,0.007302669460406809,-0.13437481577551136,0.0024031691393415766,1
2025-12-24,MSFT,488.0199890136719,0.0024031691393415766,0.003980022730220467,-0.002057951869374297,1.004284460967516,1.0126954939909973,0.006910532245328023,-0.6011945299517829,-0.0006352148796615609,0
2025-12-26,MSFT,487.7099914550781,-0.0006352148796615609,0.0024031691393415766,0.003980022730220467,1.0021081210063816,1.0111625485289855,0.0027599257442487333,0.5099643094998207,-0.0012507132563402967,0
2025-12-29,MSFT,487.1000061035156,-0.0012507132563402967,-0.0006352148796615609,0.0024031691393415766,1.0003696806094662,1.0081066620807846,0.0025801502795766815,0.23197846689737855,0.0007801372984006516,1
