Date,Open,High,Low,Close,Adj Close,Volume,Symbol
2020-01-02,74.05999755859375,75.1500015258789,73.79750061035156,75.0875015258789,72.3338851928711,135480400,AAPL
2020-01-03,74.2874984741211,75.1449966430664,74.125,74.35749816894531,71.63063049316406,146322800,AAPL
2020-01-06,73.44750213623047,74.98999786376953,73.1875,74.94999694824219,72.201416015625,118387200,AAPL
2020-01-07,74.95999908447266,75.2249984741211,74.37000274658203,74.59750366210938,71.86183166503906,108872000,AAPL
2020-01-08,74.29000091552734,76.11000061035156,74.29000091552734,75.79750061035156,73.017822265625,132079200,AAPL
2020-01-09,76.80999755859375,77.60749816894531,76.55000305175781,77.40750122070312,74.56880950927734,170108400,AAPL
2020-01-10,77.6500015258789,78.1675033569336,77.0625,77.5824966430664,74.73736572265625,140644800,AAPL
2020-01-13,77.91000366210938,79.26750183105469,77.7874984741211,79.23999786376953,76.3340835571289,121532000,AAPL
2020-01-14,79.17500305175781,79.39250183105469,78.0425033569336,78.16999816894531,75.3033218383789,161954400,AAPL
2020-01-15,77.9625015258789,78.875,77.38749694824219,77.83499908447266,74.9806137084961,121923600,AAPL
2020-01-16,78.39749908447266,78.92500305175781,78.02249908447266,78.80999755859375,75.91986083984375,108829200,AAPL
2020-01-17,79.06749725341797,79.68499755859375,78.75,79.68250274658203,76.7603759765625,137816400,AAPL
2020-01-21,79.29750061035156,79.75499725341797,79.0,79.14250183105469,76.24015045166016,110843200,AAPL
2020-01-22,79.6449966430664,79.99749755859375,79.32749938964844,79.42500305175781,76.51229095458984,101832400,AAPL
2020-01-23,79.4800033569336,79.88999938964844,78.9124984741211,79.80750274658203,76.88079833984375,104472000,AAPL
2020-01-24,80.0625,80.8324966430664,79.37999725341797,79.57749938964844,76.65921783447266,146537600,AAPL
2020-01-27,77.51499938964844,77.94249725341797,76.22000122070312,77.23750305175781,74.40503692626953,161940000,AAPL
2020-01-28,78.1500015258789,79.5999984741211,78.04750061035156,79.42250061035156,76.5099105834961,162234000,AAPL
2020-01-29,81.11250305175781,81.9625015258789,80.34500122070312,81.08499908447266,78.1114501953125,216229200,AAPL
2020-01-30,80.13500213623047,81.02249908447266,79.6875,80.96749877929688,77.99824523925781,126743200,AAPL
2020-01-31,80.23249816894531,80.66999816894531,77.07250213623047,77.37750244140625,74.53990936279297,199588400,AAPL
2020-02-03,76.07499694824219,78.37249755859375,75.55500030517578,77.16500091552734,74.3351821899414,173788400,AAPL
2020-02-04,78.82749938964844,79.91000366210938,78.40750122070312,79.7125015258789,76.78926086425781,136616400,AAPL
2020-02-05,80.87999725341797,81.19000244140625,79.73750305175781,80.36250305175781,77.41542053222656,118826800,AAPL
2020-02-06,80.64250183105469,81.30500030517578,80.06500244140625,81.30249786376953,78.32095336914062,105425600,AAPL
2020-02-07,80.59249877929688,80.8499984741211,79.5,80.00749969482422,77.25636291503906,117684000,AAPL
2020-02-10,78.54499816894531,80.38749694824219,78.4625015258789,80.38749694824219,77.623291015625,109348800,AAPL
2020-02-11,80.9000015258789,80.9749984741211,79.67749786376953,79.90249633789062,77.15495300292969,94323200,AAPL
2020-02-12,80.36750030517578,81.80500030517578,80.36750030517578,81.80000305175781,78.98725128173828,113730400,AAPL
2020-02-13,81.04750061035156,81.55500030517578,80.8375015258789,81.21749877929688,78.42475128173828,94747600,AAPL
2020-02-14,81.18499755859375,81.49500274658203,80.7125015258789,81.23750305175781,78.4440689086914,80113600,AAPL
2020-02-18,78.83999633789062,79.9375,78.65249633789062,79.75,77.0077133178711,152531200,AAPL
2020-02-19,80.0,81.14250183105469,80.0,80.90499877929688,78.12300109863281,93984000,AAPL
2020-02-20,80.65750122070312,81.1624984741211,79.55249786376953,80.07499694824219,77.32154083251953,100566000,AAPL
2020-02-21,79.65499877929688,80.11250305175781,77.625,78.26249694824219,75.57135772705078,129554000,AAPL
2020-02-24,74.31500244140625,76.04499816894531,72.30750274658203,74.54499816894531,71.98170471191406,222195200,AAPL
2020-02-25,75.23750305175781,75.63249969482422,71.53250122070312,72.0199966430664,69.54351043701172,230673600,AAPL
2020-02-26,71.63249969482422,74.47000122070312,71.625,73.1624984741211,70.64673614501953,198054800,AAPL
2020-02-27,70.2750015258789,71.5,68.23999786376953,68.37999725341797,66.02867889404297,320605600,AAPL
2020-02-28,64.31500244140625,69.60250091552734,64.09249877929688,68.33999633789062,65.99006652832031,426510000,AAPL
2020-03-02,70.56999969482422,75.36000061035156,69.43000030517578,74.70249938964844,72.13378143310547,341397200,AAPL
2020-03-03,75.9175033569336,76.0,71.44999694824219,72.33000183105469,69.84286499023438,319475600,AAPL
2020-03-04,74.11000061035156,75.8499984741211,73.28250122070312,75.68499755859375,73.08250427246094,219178400,AAPL
2020-03-05,73.87999725341797,74.88749694824219,72.85250091552734,73.2300033569336,70.7119140625,187572800,AAPL
2020-03-06,70.5,72.70500183105469,70.30750274658203,72.25749969482422,69.77284240722656,226176800,AAPL
2020-03-09,65.9375,69.52249908447266,65.75,66.5425033569336,64.25437927246094,286744800,AAPL
2020-03-10,69.28500366210938,71.61000061035156,67.34249877929688,71.33499908447266,68.88208770751953,285290000,AAPL
2020-03-11,69.34750366210938,70.30500030517578,67.96499633789062,68.85749816894531,66.48979187011719,255598800,AAPL
2020-03-12,63.98500061035156,67.5,62.0,62.057498931884766,59.923587799072266,418474000,AAPL
2020-03-13,66.22250366210938,69.9800033569336,63.23749923706055,69.49250030517578,67.10293579101562,370732000,AAPL
2020-03-16,60.48749923706055,64.7699966430664,60.0,60.5525016784668,58.4703483581543,322423600,AAPL
2020-03-17,61.877498626708984,64.40249633789062,59.599998474121094,63.21500015258789,61.04129409790039,324056000,AAPL
2020-03-18,59.942501068115234,62.5,59.279998779296875,61.66749954223633,59.54700469970703,300233600,AAPL
2020-03-19,61.84749984741211,63.209999084472656,60.65250015258789,61.19499969482422,59.09075164794922,271857200,AAPL
2020-03-20,61.79499816894531,62.95750045776367,57.0,57.310001373291016,55.339351654052734,401693200,AAPL
2020-03-23,57.02000045776367,57.125,53.15250015258789,56.092498779296875,54.163700103759766,336752800,AAPL
2020-03-24,59.09000015258789,61.92250061035156,58.57500076293945,61.720001220703125,59.59769821166992,287531200,AAPL
2020-03-25,62.6875,64.5625,61.07500076293945,61.380001068115234,59.26938247680664,303602000,AAPL
2020-03-26,61.630001068115234,64.66999816894531,61.59000015258789,64.61000061035156,62.38831329345703,252087200,AAPL
2020-03-27,63.1875,63.967498779296875,61.76250076293945,61.935001373291016,59.80531311035156,204216800,AAPL
2020-03-30,62.685001373291016,63.880001068115234,62.349998474121094,63.70249938964844,61.51202392578125,167976400,AAPL
2020-03-31,63.900001525878906,65.62249755859375,63.0,63.5724983215332,61.38649368286133,197002000,AAPL
2020-04-01,61.625,62.18000030517578,59.782501220703125,60.227500915527344,58.15651321411133,176218400,AAPL
2020-04-02,60.084999084472656,61.287498474121094,59.224998474121094,61.23249816894531,59.126949310302734,165934000,AAPL
2020-04-03,60.70000076293945,61.42499923706055,59.74250030517578,60.352500915527344,58.277217864990234,129880000,AAPL
2020-04-06,62.724998474121094,65.77749633789062,62.345001220703125,65.61750030517578,63.361167907714844,201820400,AAPL
2020-04-07,67.69999694824219,67.92500305175781,64.75,64.85749816894531,62.62731170654297,202887200,AAPL
2020-04-08,65.68499755859375,66.84249877929688,65.30750274658203,66.51750183105469,64.23023223876953,168895200,AAPL
2020-04-09,67.17500305175781,67.51750183105469,66.17500305175781,66.99749755859375,64.69371032714844,161834800,AAPL
2020-04-13,67.07749938964844,68.42500305175781,66.4574966430664,68.3125,65.96351623535156,131022800,AAPL
2020-04-14,70.0,72.0625,69.51249694824219,71.76249694824219,69.29489135742188,194994800,AAPL
2020-04-15,70.5999984741211,71.5824966430664,70.15750122070312,71.10749816894531,68.66239929199219,131154400,AAPL
2020-04-16,71.84500122070312,72.05000305175781,70.5875015258789,71.67250061035156,69.20797729492188,157125200,AAPL
2020-04-17,71.17250061035156,71.73750305175781,69.21499633789062,70.69999694824219,68.26890563964844,215250000,AAPL
2020-04-20,69.48750305175781,70.41999816894531,69.2125015258789,69.23249816894531,66.85186767578125,130015200,AAPL
2020-04-21,69.06999969482422,69.3125,66.35749816894531,67.09249877929688,64.78545379638672,180991600,AAPL
2020-04-22,68.40249633789062,69.4749984741211,68.05000305175781,69.0250015258789,66.65152740478516,116862400,AAPL
2020-04-23,68.96749877929688,70.4375,68.71749877929688,68.75749969482422,66.3932113647461,124814400,AAPL
2020-04-24,69.30000305175781,70.75250244140625,69.25,70.74250030517578,68.3099365234375,126161200,AAPL
2020-04-27,70.44999694824219,71.13500213623047,69.98750305175781,70.7925033569336,68.35822296142578,117087600,AAPL
2020-04-28,71.2699966430664,71.4574966430664,69.55000305175781,69.6449966430664,67.25018310546875,112004800,AAPL
2020-04-29,71.18250274658203,72.4175033569336,70.97250366210938,71.93250274658203,69.45902252197266,137280800,AAPL
2020-04-30,72.48999786376953,73.63249969482422,72.0875015258789,73.44999694824219,70.92434692382812,183064000,AAPL
2020-05-01,71.5625,74.75,71.4625015258789,72.26750183105469,69.78252410888672,240616800,AAPL
2020-05-04,72.2925033569336,73.42250061035156,71.58000183105469,73.29000091552734,70.76984405517578,133568000,AAPL
2020-05-05,73.76499938964844,75.25,73.61499786376953,74.38999938964844,71.83203125,147751200,AAPL
2020-05-06,75.11499786376953,75.80999755859375,74.71749877929688,75.15750122070312,72.57315063476562,142333600,AAPL
2020-05-07,75.80500030517578,76.2925033569336,75.49250030517578,75.93499755859375,73.32389068603516,115215200,AAPL
2020-05-08,76.41000366210938,77.5875015258789,76.07250213623047,77.53250122070312,75.06914520263672,133838400,AAPL
2020-05-11,77.0250015258789,79.26249694824219,76.80999755859375,78.75250244140625,76.25037384033203,145946400,AAPL
2020-05-12,79.4574966430664,79.92250061035156,77.72750091552734,77.85250091552734,75.37896728515625,162301200,AAPL
2020-05-13,78.0374984741211,78.98750305175781,75.80249786376953,76.9124984741211,74.46884155273438,200622400,AAPL
2020-05-14,76.12750244140625,77.44750213623047,75.38249969482422,77.38500213623047,74.92630767822266,158929200,AAPL
2020-05-15,75.0875015258789,76.9749984741211,75.05249786376953,76.92749786376953,74.48334503173828,166348400,AAPL
2020-05-18,78.2925033569336,79.125,77.58000183105469,78.73999786376953,76.2382583618164,135178400,AAPL
2020-05-19,78.75749969482422,79.62999725341797,78.25250244140625,78.28500366210938,75.79771423339844,101729600,AAPL
2020-05-20,79.16999816894531,79.87999725341797,79.12999725341797,79.80750274658203,77.2718276977539,111504800,AAPL
2020-05-21,79.66500091552734,80.22250366210938,78.96749877929688,79.2125015258789,76.69575500488281,102688800,AAPL
2020-05-22,78.94249725341797,79.80750274658203,78.8375015258789,79.72250366210938,77.18954467773438,81803200,AAPL
2020-05-26,80.875,81.05999755859375,79.125,79.18250274658203,76.66670989990234,125522000,AAPL
2020-05-27,79.03500366210938,79.67749786376953,78.27249908447266,79.52749633789062,77.0007553100586,112945200,AAPL
2020-05-28,79.19249725341797,80.86000061035156,78.90750122070312,79.5625,77.03463745117188,133560800,AAPL
2020-05-29,79.8125,80.2874984741211,79.11750030517578,79.48500061035156,76.95960998535156,153532400,AAPL
2020-06-01,79.4375,80.5875015258789,79.30249786376953,80.4625015258789,77.90604400634766,80791200,AAPL
2020-06-02,80.1875,80.86000061035156,79.73249816894531,80.83499908447266,78.26673126220703,87642800,AAPL
2020-06-03,81.16500091552734,81.55000305175781,80.57499694824219,81.27999877929688,78.69756317138672,104491200,AAPL
2020-06-04,81.09750366210938,81.40499877929688,80.19499969482422,80.58000183105469,78.01980590820312,87560400,AAPL
2020-06-05,80.8375015258789,82.9375,80.80750274658203,82.875,80.24188995361328,137250400,AAPL
2020-06-08,82.5625,83.4000015258789,81.83000183105469,83.36499786376953,80.71632385253906,95654400,AAPL
2020-06-09,83.03500366210938,86.40249633789062,83.00250244140625,85.99749755859375,83.26519012451172,147712400,AAPL
2020-06-10,86.9749984741211,88.69249725341797,86.52249908447266,88.20999908447266,85.40738677978516,166651600,AAPL
2020-06-11,87.32749938964844,87.76499938964844,83.87000274658203,83.9749984741211,81.30693054199219,201662400,AAPL
2020-06-12,86.18000030517578,86.94999694824219,83.55500030517578,84.69999694824219,82.00889587402344,200146000,AAPL
2020-06-15,83.3125,86.41999816894531,83.1449966430664,85.74749755859375,83.02311706542969,138808800,AAPL
2020-06-16,87.86499786376953,88.30000305175781,86.18000030517578,88.0199966430664,85.2234115600586,165428800,AAPL
2020-06-17,88.7874984741211,88.8499984741211,87.77249908447266,87.89749908447266,85.10480499267578,114406400,AAPL
2020-06-18,87.85250091552734,88.36250305175781,87.30500030517578,87.93250274658203,85.13871002197266,96820400,AAPL
2020-06-19,88.66000366210938,89.13999938964844,86.2874984741211,87.43000030517578,84.65215301513672,264476000,AAPL
2020-06-22,87.83499908447266,89.86499786376953,87.7874984741211,89.71749877929688,86.86698150634766,135445200,AAPL
2020-06-23,91.0,93.09500122070312,90.56749725341797,91.63249969482422,88.72115325927734,212155600,AAPL
2020-06-24,91.25,92.19750213623047,89.62999725341797,90.01499938964844,87.1550521850586,192623200,AAPL
2020-06-25,90.17500305175781,91.25,89.39250183105469,91.20999908447266,88.31205749511719,137522400,AAPL
2020-06-26,91.10250091552734,91.33000183105469,88.25499725341797,88.40750122070312,85.59860229492188,205256800,AAPL
2020-06-29,88.3125,90.5425033569336,87.81999969482422,90.44499969482422,87.57137298583984,130646000,AAPL
2020-06-30,90.0199966430664,91.49500274658203,90.0,91.19999694824219,88.30236053466797,140223200,AAPL
2020-07-01,91.27999877929688,91.83999633789062,90.97750091552734,91.02749633789062,88.13533782958984,110737200,AAPL
2020-07-02,91.9625015258789,92.61750030517578,90.91000366210938,91.02749633789062,88.13533782958984,114041600,AAPL
2020-07-06,92.5,93.94499969482422,92.46749877929688,93.4625015258789,90.49298095703125,118655600,AAPL
2020-07-07,93.85250091552734,94.65499877929688,93.05750274658203,93.17250061035156,90.21221923828125,112424400,AAPL
2020-07-08,94.18000030517578,95.375,94.08999633789062,95.34249877929688,92.31329345703125,117092000,AAPL
2020-07-09,96.26249694824219,96.31749725341797,94.67250061035156,95.75250244140625,92.71023559570312,125642800,AAPL
2020-07-10,95.33499908447266,95.9800033569336,94.70500183105469,95.91999816894531,92.87242126464844,90257200,AAPL
2020-07-13,97.26499938964844,99.95500183105469,95.25749969482422,95.47750091552734,92.44397735595703,191649200,AAPL
2020-07-14,94.83999633789062,97.25499725341797,93.87750244140625,97.05750274658203,93.97380065917969,170989200,AAPL
2020-07-15,98.98999786376953,99.24749755859375,96.48999786376953,97.7249984741211,94.62007904052734,153198000,AAPL
2020-07-16,96.5625,97.40499877929688,95.90499877929688,96.52249908447266,93.45575714111328,110577600,AAPL
2020-07-17,96.98750305175781,97.14749908447266,95.83999633789062,96.32749938964844,93.26698303222656,92186800,AAPL
2020-07-20,96.4175033569336,98.5,96.0625,98.35749816894531,95.23246002197266,90318000,AAPL
2020-07-21,99.17250061035156,99.25,96.74250030517578,97.0,93.9181137084961,103433200,AAPL
2020-07-22,96.69249725341797,97.9749984741211,96.60250091552734,97.27249908447266,94.18195343017578,89001600,AAPL
2020-07-23,96.99749755859375,97.07749938964844,92.01000213623047,92.84500122070312,89.89513397216797,197004400,AAPL
2020-07-24,90.98750305175781,92.97000122070312,89.1449966430664,92.61499786376953,89.67242431640625,185438800,AAPL
2020-07-27,93.70999908447266,94.90499877929688,93.4800033569336,94.80999755859375,91.7977066040039,121214000,AAPL
2020-07-28,94.36750030517578,94.55000305175781,93.24749755859375,93.25250244140625,90.2896728515625,103625600,AAPL
2020-07-29,93.75,95.2300033569336,93.7125015258789,95.04000091552734,92.02040100097656,90329200,AAPL
2020-07-30,94.1875,96.29750061035156,93.76750183105469,96.19000244140625,93.13385772705078,158130000,AAPL
2020-07-31,102.88500213623047,106.41500091552734,100.82499694824219,106.26000213623047,102.88390350341797,374336800,AAPL
2020-08-03,108.19999694824219,111.63749694824219,107.89250183105469,108.9375,105.4763412475586,308151200,AAPL
2020-08-04,109.13249969482422,110.79000091552734,108.38749694824219,109.66500091552734,106.18070983886719,173071600,AAPL
2020-08-05,109.37750244140625,110.39250183105469,108.89749908447266,110.0625,106.56558227539062,121776800,AAPL
2020-08-06,110.40499877929688,114.4124984741211,109.79750061035156,113.90249633789062,110.28358459472656,202428800,AAPL
2020-08-07,113.20500183105469,113.67500305175781,110.2925033569336,111.11250305175781,107.77618408203125,198045600,AAPL
2020-08-10,112.5999984741211,113.7750015258789,110.0,112.72750091552734,109.34269714355469,212403600,AAPL
2020-08-11,111.97000122070312,112.48249816894531,109.10749816894531,109.375,106.09086608886719,187902400,AAPL
2020-08-12,110.49749755859375,113.2750015258789,110.29750061035156,113.01000213623047,109.61672973632812,165598000,AAPL
2020-08-13,114.43000030517578,116.0425033569336,113.92749786376953,115.01000213623047,111.55667114257812,210082000,AAPL
2020-08-14,114.83000183105469,115.0,113.04499816894531,114.90750122070312,111.45724487304688,165565200,AAPL
2020-08-17,116.0625,116.0875015258789,113.9625015258789,114.60749816894531,111.16625213623047,119561600,AAPL
2020-08-18,114.35250091552734,116.0,114.00749969482422,115.5625,112.09259033203125,105633600,AAPL
2020-08-19,115.98249816894531,117.1624984741211,115.61000061035156,115.7074966430664,112.23321533203125,145538000,AAPL
2020-08-20,115.75,118.39250183105469,115.73249816894531,118.2750015258789,114.72362518310547,126907200,AAPL
2020-08-21,119.26249694824219,124.86750030517578,119.25,124.37000274658203,120.63562774658203,338054800,AAPL
2020-08-24,128.69749450683594,128.78500366210938,123.9375,125.85749816894531,122.07843780517578,345937600,AAPL
2020-08-25,124.69750213623047,125.18000030517578,123.05249786376953,124.82499694824219,121.07697296142578,211495600,AAPL
2020-08-26,126.18000030517578,126.99250030517578,125.0824966430664,126.52249908447266,122.72349548339844,163022400,AAPL
2020-08-27,127.14250183105469,127.48500061035156,123.8324966430664,125.01000213623047,121.25639343261719,155552400,AAPL
2020-08-28,126.01249694824219,126.44249725341797,124.57749938964844,124.80750274658203,121.06000518798828,187630000,AAPL
2020-08-31,127.58000183105469,131.0,126.0,129.0399932861328,125.16539001464844,225702700,AAPL
2020-09-01,132.75999450683594,134.8000030517578,130.52999877929688,134.17999267578125,130.15106201171875,151948100,AAPL
2020-09-02,137.58999633789062,137.97999572753906,127.0,131.39999389648438,127.45454406738281,200119000,AAPL
2020-09-03,126.91000366210938,128.83999633789062,120.5,120.87999725341797,117.25041961669922,257599600,AAPL
2020-09-04,120.06999969482422,123.69999694824219,110.88999938964844,120.95999908447266,117.32801055908203,332607200,AAPL
2020-09-08,113.94999694824219,118.98999786376953,112.68000030517578,112.81999969482422,109.43241119384766,231366600,AAPL
2020-09-09,117.26000213623047,119.13999938964844,115.26000213623047,117.31999969482422,113.79730987548828,176940500,AAPL
2020-09-10,120.36000061035156,120.5,112.5,113.48999786376953,110.08231353759766,182274400,AAPL
2020-09-11,114.56999969482422,115.2300033569336,110.0,112.0,108.63705444335938,180860300,AAPL
2020-09-14,114.72000122070312,115.93000030517578,112.80000305175781,115.36000061035156,111.89614868164062,140150100,AAPL
2020-09-15,118.33000183105469,118.83000183105469,113.61000061035156,115.54000091552734,112.07074737548828,184642000,AAPL
2020-09-16,115.2300033569336,116.0,112.04000091552734,112.12999725341797,108.76314544677734,154679000,AAPL
2020-09-17,109.72000122070312,112.19999694824219,108.70999908447266,110.33999633789062,107.02687072753906,178011000,AAPL
2020-09-18,110.4000015258789,110.87999725341797,106.08999633789062,106.83999633789062,103.63198852539062,287104900,AAPL
2020-09-21,104.54000091552734,110.19000244140625,103.0999984741211,110.08000183105469,106.77471160888672,195713800,AAPL
2020-09-22,112.68000030517578,112.86000061035156,109.16000366210938,111.80999755859375,108.45277404785156,183055400,AAPL
2020-09-23,111.62000274658203,112.11000061035156,106.7699966430664,107.12000274658203,103.90357971191406,150718700,AAPL
2020-09-24,105.16999816894531,110.25,105.0,108.22000122070312,104.97054290771484,167743300,AAPL
2020-09-25,108.43000030517578,112.44000244140625,107.66999816894531,112.27999877929688,108.90863800048828,149981400,AAPL
2020-09-28,115.01000213623047,115.31999969482422,112.77999877929688,114.95999908447266,111.5081558227539,137672400,AAPL
2020-09-29,114.55000305175781,115.30999755859375,113.56999969482422,114.08999633789062,110.6642837524414,99382200,AAPL
2020-09-30,113.79000091552734,117.26000213623047,113.62000274658203,115.80999755859375,112.3326416015625,142675200,AAPL
2020-10-01,117.63999938964844,117.72000122070312,115.83000183105469,116.79000091552734,113.2832260131836,116120400,AAPL
2020-10-02,112.88999938964844,115.37000274658203,112.22000122070312,113.0199966430664,109.62641906738281,144712000,AAPL
2020-10-05,113.91000366210938,116.6500015258789,113.55000305175781,116.5,113.00192260742188,106243800,AAPL
2020-10-06,115.69999694824219,116.12000274658203,112.25,113.16000366210938,109.76221466064453,161498200,AAPL
2020-10-07,114.62000274658203,115.55000305175781,114.12999725341797,115.08000183105469,111.62455749511719,96849000,AAPL
2020-10-08,116.25,116.4000015258789,114.58999633789062,114.97000122070312,111.51786804199219,83477200,AAPL
2020-10-09,115.27999877929688,117.0,114.91999816894531,116.97000122070312,113.45780944824219,100506900,AAPL
2020-10-12,120.05999755859375,125.18000030517578,119.27999877929688,124.4000015258789,120.66472625732422,240226800,AAPL
2020-10-13,125.2699966430664,125.38999938964844,119.6500015258789,121.0999984741211,117.46381378173828,262330500,AAPL
2020-10-14,121.0,123.02999877929688,119.62000274658203,121.19000244140625,117.55110931396484,150712000,AAPL
2020-10-15,118.72000122070312,121.19999694824219,118.1500015258789,120.70999908447266,117.08552551269531,112559200,AAPL
2020-10-16,121.27999877929688,121.55000305175781,118.80999755859375,119.0199966430664,115.4462661743164,115393800,AAPL
2020-10-19,119.95999908447266,120.41999816894531,115.66000366210938,115.9800033569336,112.49755859375,120639300,AAPL
2020-10-20,116.19999694824219,118.9800033569336,115.62999725341797,117.51000213623047,113.98160552978516,124423700,AAPL
2020-10-21,116.66999816894531,118.70999908447266,116.44999694824219,116.87000274658203,113.3608169555664,89946000,AAPL
2020-10-22,117.44999694824219,118.04000091552734,114.58999633789062,115.75,112.27445220947266,101988000,AAPL
2020-10-23,116.38999938964844,116.55000305175781,114.27999877929688,115.04000091552734,111.58575439453125,82572600,AAPL
2020-10-26,114.01000213623047,116.55000305175781,112.87999725341797,115.05000305175781,111.59547424316406,111850700,AAPL
2020-10-27,115.48999786376953,117.27999877929688,114.54000091552734,116.5999984741211,113.09893798828125,92276800,AAPL
2020-10-28,115.05000305175781,115.43000030517578,111.0999984741211,111.19999694824219,107.86106872558594,143937800,AAPL
2020-10-29,112.37000274658203,116.93000030517578,112.19999694824219,115.31999969482422,111.85736846923828,146129200,AAPL
2020-10-30,111.05999755859375,111.98999786376953,107.72000122070312,108.86000061035156,105.59133911132812,190272600,AAPL
2020-11-02,109.11000061035156,110.68000030517578,107.31999969482422,108.7699966430664,105.5040283203125,122866900,AAPL
2020-11-03,109.66000366210938,111.48999786376953,108.7300033569336,110.44000244140625,107.1239013671875,107624400,AAPL
2020-11-04,114.13999938964844,115.58999633789062,112.3499984741211,114.94999694824219,111.49848937988281,138235500,AAPL
2020-11-05,117.94999694824219,119.62000274658203,116.87000274658203,119.02999877929688,115.4559555053711,126387100,AAPL
2020-11-06,118.31999969482422,119.19999694824219,116.12999725341797,118.69000244140625,115.32481384277344,114457900,AAPL
2020-11-09,120.5,121.98999786376953,116.05000305175781,116.31999969482422,113.02198791503906,154515300,AAPL
2020-11-10,115.55000305175781,117.58999633789062,114.12999725341797,115.97000122070312,112.68192291259766,138023400,AAPL
2020-11-11,117.19000244140625,119.62999725341797,116.44000244140625,119.48999786376953,116.10211181640625,112295000,AAPL
2020-11-12,119.62000274658203,120.52999877929688,118.56999969482422,119.20999908447266,115.83003997802734,103162300,AAPL
2020-11-13,119.44000244140625,119.66999816894531,117.87000274658203,119.26000213623047,115.87861633300781,81581900,AAPL
2020-11-16,118.91999816894531,120.98999786376953,118.1500015258789,120.30000305175781,116.88912963867188,91183000,AAPL
2020-11-17,119.55000305175781,120.66999816894531,118.95999908447266,119.38999938964844,116.00492858886719,74271000,AAPL
2020-11-18,118.61000061035156,119.81999969482422,118.0,118.02999877929688,114.68350219726562,76322100,AAPL
2020-11-19,117.58999633789062,119.05999755859375,116.80999755859375,118.63999938964844,115.2762222290039,74113000,AAPL
2020-11-20,118.63999938964844,118.7699966430664,117.29000091552734,117.33999633789062,114.01306915283203,73604300,AAPL
2020-11-23,117.18000030517578,117.62000274658203,113.75,113.8499984741211,110.62201690673828,127959300,AAPL
2020-11-24,113.91000366210938,115.8499984741211,112.58999633789062,115.16999816894531,111.90459442138672,113874200,AAPL
2020-11-25,115.55000305175781,116.75,115.16999816894531,116.02999877929688,112.74019622802734,76499200,AAPL
2020-11-27,116.56999969482422,117.48999786376953,116.22000122070312,116.58999633789062,113.28434753417969,46691300,AAPL
2020-11-30,116.97000122070312,120.97000122070312,116.80999755859375,119.05000305175781,115.67459106445312,169410200,AAPL
2020-12-01,121.01000213623047,123.47000122070312,120.01000213623047,122.72000122070312,119.24053955078125,127728200,AAPL
2020-12-02,122.0199966430664,123.37000274658203,120.88999938964844,123.08000183105469,119.59033203125,89004200,AAPL
2020-12-03,123.5199966430664,123.77999877929688,122.20999908447266,122.94000244140625,119.45428466796875,78967600,AAPL
2020-12-04,122.5999984741211,122.86000061035156,121.5199966430664,122.25,118.78385925292969,78260400,AAPL
2020-12-07,122.30999755859375,124.56999969482422,122.25,123.75,120.2413330078125,86712000,AAPL
2020-12-08,124.37000274658203,124.9800033569336,123.08999633789062,124.37999725341797,120.85346221923828,82225500,AAPL
2020-12-09,124.52999877929688,125.94999694824219,121.0,121.77999877929688,118.32717895507812,115089200,AAPL
2020-12-10,120.5,123.87000274658203,120.1500015258789,123.23999786376953,119.74581146240234,81312200,AAPL
2020-12-11,122.43000030517578,122.76000213623047,120.55000305175781,122.41000366210938,118.9393310546875,86939800,AAPL
2020-12-14,122.5999984741211,123.3499984741211,121.54000091552734,121.77999877929688,118.32717895507812,79184500,AAPL
2020-12-15,124.33999633789062,127.9000015258789,124.12999725341797,127.87999725341797,124.25421905517578,157243700,AAPL
2020-12-16,127.41000366210938,128.3699951171875,126.55999755859375,127.80999755859375,124.18621063232422,98208600,AAPL
2020-12-17,128.89999389648438,129.5800018310547,128.0399932861328,128.6999969482422,125.05096435546875,94359800,AAPL
2020-12-18,128.9600067138672,129.10000610351562,126.12000274658203,126.66000366210938,123.06880950927734,192541500,AAPL
2020-12-21,125.0199966430664,128.30999755859375,123.44999694824219,128.22999572753906,124.59429168701172,121251600,AAPL
2020-12-22,131.61000061035156,134.41000366210938,129.64999389648438,131.8800048828125,128.14080810546875,168904800,AAPL
2020-12-23,132.16000366210938,132.42999267578125,130.77999877929688,130.9600067138672,127.24689483642578,88223700,AAPL
2020-12-24,131.32000732421875,133.4600067138672,131.10000610351562,131.97000122070312,128.22824096679688,54930100,AAPL
2020-12-28,133.99000549316406,137.33999633789062,133.50999450683594,136.69000244140625,132.81448364257812,124486200,AAPL
2020-12-29,138.0500030517578,138.7899932861328,134.33999633789062,134.8699951171875,131.0460662841797,121047300,AAPL
2020-12-30,135.5800018310547,135.99000549316406,133.39999389648438,133.72000122070312,129.9286346435547,96452100,AAPL
2020-12-31,134.0800018310547,134.74000549316406,131.72000122070312,132.69000244140625,128.92782592773438,99116600,AAPL
2021-01-04,133.52000427246094,133.61000061035156,126.76000213623047,129.41000366210938,125.74085235595703,143301900,AAPL
2021-01-05,128.88999938964844,131.74000549316406,128.42999267578125,131.00999450683594,127.29545593261719,97664900,AAPL
2021-01-06,127.72000122070312,131.0500030517578,126.37999725341797,126.5999984741211,123.01050567626953,155088000,AAPL
2021-01-07,128.36000061035156,131.6300048828125,127.86000061035156,130.9199981689453,127.20805358886719,109578200,AAPL
2021-01-08,132.42999267578125,132.6300048828125,130.22999572753906,132.0500030517578,128.30601501464844,105158200,AAPL
2021-01-11,129.19000244140625,130.1699981689453,128.5,128.97999572753906,125.32303619384766,100384500,AAPL
2021-01-12,128.5,129.69000244140625,126.86000061035156,128.8000030517578,125.14814758300781,91951100,AAPL
2021-01-13,128.75999450683594,131.4499969482422,128.49000549316406,130.88999938964844,127.17890930175781,88636800,AAPL
2021-01-14,130.8000030517578,131.0,128.75999450683594,128.91000366210938,125.25502014160156,90221800,AAPL
2021-01-15,128.77999877929688,130.22000122070312,127.0,127.13999938964844,123.53520965576172,111598500,AAPL
2021-01-19,127.77999877929688,128.7100067138672,126.94000244140625,127.83000183105469,124.20565032958984,90757300,AAPL
2021-01-20,128.66000366210938,132.49000549316406,128.5500030517578,132.02999877929688,128.28656005859375,104319500,AAPL
2021-01-21,133.8000030517578,139.6699981689453,133.58999633789062,136.8699951171875,132.9893341064453,120150900,AAPL
2021-01-22,136.27999877929688,139.85000610351562,135.02000427246094,139.07000732421875,135.12698364257812,114459400,AAPL
2021-01-25,143.07000732421875,145.08999633789062,136.5399932861328,142.9199981689453,138.86781311035156,157611700,AAPL
2021-01-26,143.60000610351562,144.3000030517578,141.3699951171875,143.16000366210938,139.1010284423828,98390600,AAPL
2021-01-27,143.42999267578125,144.3000030517578,140.41000366210938,142.05999755859375,138.03221130371094,140843800,AAPL
2021-01-28,139.52000427246094,141.99000549316406,136.6999969482422,137.08999633789062,133.20309448242188,142621100,AAPL
2021-01-29,135.8300018310547,136.74000549316406,130.2100067138672,131.9600067138672,128.2185516357422,177523800,AAPL
2021-02-01,133.75,135.3800048828125,130.92999267578125,134.13999938964844,130.33670043945312,106239800,AAPL
2021-02-02,135.72999572753906,136.30999755859375,134.61000061035156,134.99000549316406,131.16265869140625,83305400,AAPL
2021-02-03,135.75999450683594,135.77000427246094,133.61000061035156,133.94000244140625,130.1423797607422,89880900,AAPL
2021-02-04,136.3000030517578,137.39999389648438,134.58999633789062,137.38999938964844,133.4945831298828,84183100,AAPL
2021-02-05,137.35000610351562,137.4199981689453,135.86000061035156,136.75999450683594,133.08102416992188,75693800,AAPL
2021-02-08,136.02999877929688,136.9600067138672,134.9199981689453,136.91000366210938,133.2270050048828,71297200,AAPL
2021-02-09,136.6199951171875,137.8800048828125,135.85000610351562,136.00999450683594,132.35118103027344,76774200,AAPL
2021-02-10,136.47999572753906,136.99000549316406,134.39999389648438,135.38999938964844,131.7478790283203,73046600,AAPL
2021-02-11,135.89999389648438,136.38999938964844,133.77000427246094,135.1300048828125,131.49485778808594,64280000,AAPL
2021-02-12,134.35000610351562,135.52999877929688,133.69000244140625,135.3699951171875,131.7283935546875,60145100,AAPL
2021-02-16,135.49000549316406,136.00999450683594,132.7899932861328,133.19000244140625,129.60702514648438,80576300,AAPL
2021-02-17,131.25,132.22000122070312,129.47000122070312,130.83999633789062,127.32029724121094,97918500,AAPL
2021-02-18,129.1999969482422,130.0,127.41000366210938,129.7100067138672,126.22069549560547,96856700,AAPL
2021-02-19,130.24000549316406,130.7100067138672,128.8000030517578,129.8699951171875,126.3763427734375,87668800,AAPL
2021-02-22,128.00999450683594,129.72000122070312,125.5999984741211,126.0,122.61048126220703,103916400,AAPL
2021-02-23,123.76000213623047,126.70999908447266,118.38999938964844,125.86000061035156,122.47425079345703,158273000,AAPL
2021-02-24,124.94000244140625,125.55999755859375,122.2300033569336,125.3499984741211,121.97795867919922,111039900,AAPL
2021-02-25,124.68000030517578,126.45999908447266,120.54000091552734,120.98999786376953,117.7352523803711,148199500,AAPL
2021-02-26,122.58999633789062,124.8499984741211,121.19999694824219,121.26000213623047,117.99800109863281,164560400,AAPL
2021-03-01,123.75,127.93000030517578,122.79000091552734,127.79000091552734,124.3523178100586,116307900,AAPL
2021-03-02,128.41000366210938,128.72000122070312,125.01000213623047,125.12000274658203,121.754150390625,102260900,AAPL
2021-03-03,124.80999755859375,125.70999908447266,121.83999633789062,122.05999755859375,118.77648162841797,112966300,AAPL
2021-03-04,121.75,123.5999984741211,118.62000274658203,120.12999725341797,116.89839172363281,178155000,AAPL
2021-03-05,120.9800033569336,121.94000244140625,117.56999969482422,121.41999816894531,118.1536865234375,153766600,AAPL
2021-03-08,120.93000030517578,121.0,116.20999908447266,116.36000061035156,113.22982788085938,154376600,AAPL
2021-03-09,119.02999877929688,122.05999755859375,118.79000091552734,121.08999633789062,117.83255004882812,129525800,AAPL
2021-03-10,121.69000244140625,122.16999816894531,119.44999694824219,119.9800033569336,116.7524185180664,111943300,AAPL
2021-03-11,122.54000091552734,123.20999908447266,121.26000213623047,121.95999908447266,118.67914581298828,103026500,AAPL
2021-03-12,120.4000015258789,121.16999816894531,119.16000366210938,121.02999877929688,117.77416229248047,88105100,AAPL
2021-03-15,121.41000366210938,124.0,120.41999816894531,123.98999786376953,120.65452575683594,92403800,AAPL
2021-03-16,125.69999694824219,127.22000122070312,124.72000122070312,125.56999969482422,122.19204711914062,115227900,AAPL
2021-03-17,124.05000305175781,125.86000061035156,122.33999633789062,124.76000213623047,121.40383911132812,111932600,AAPL
2021-03-18,122.87999725341797,123.18000030517578,120.31999969482422,120.52999877929688,117.28761291503906,121229700,AAPL
2021-03-19,119.9000015258789,121.43000030517578,119.68000030517578,119.98999786376953,116.76215362548828,185549500,AAPL
2021-03-22,120.33000183105469,123.87000274658203,120.26000213623047,123.38999938964844,120.07069396972656,111912300,AAPL
2021-03-23,123.33000183105469,124.23999786376953,122.13999938964844,122.54000091552734,119.24356079101562,95467100,AAPL
2021-03-24,122.81999969482422,122.9000015258789,120.06999969482422,120.08999633789062,116.85944366455078,88530500,AAPL
2021-03-25,119.54000091552734,121.66000366210938,119.0,120.58999633789062,117.34602355957031,98844700,AAPL
2021-03-26,120.3499984741211,121.4800033569336,118.91999816894531,121.20999908447266,117.94933319091797,94071200,AAPL
2021-03-29,121.6500015258789,122.58000183105469,120.7300033569336,121.38999938964844,118.1244888305664,80819200,AAPL
2021-03-30,120.11000061035156,120.4000015258789,118.86000061035156,119.9000015258789,116.67457580566406,85671900,AAPL
2021-03-31,121.6500015258789,123.5199966430664,121.1500015258789,122.1500015258789,118.8640365600586,118323800,AAPL
2021-04-01,123.66000366210938,124.18000030517578,122.48999786376953,123.0,119.6911849975586,75089100,AAPL
2021-04-05,123.87000274658203,126.16000366210938,123.06999969482422,125.9000015258789,122.51316833496094,88651200,AAPL
2021-04-06,126.5,127.12999725341797,125.6500015258789,126.20999908447266,122.81482696533203,80171300,AAPL
2021-04-07,125.83000183105469,127.91999816894531,125.13999938964844,127.9000015258789,124.45936584472656,83466700,AAPL
2021-04-08,128.9499969482422,130.38999938964844,128.52000427246094,130.36000061035156,126.85320281982422,88844600,AAPL
2021-04-09,129.8000030517578,133.0399932861328,129.47000122070312,133.0,129.42214965820312,106686700,AAPL
2021-04-12,132.52000427246094,132.85000610351562,130.6300048828125,131.24000549316406,127.7094955444336,91420000,AAPL
2021-04-13,132.44000244140625,134.66000366210938,131.92999267578125,134.42999267578125,130.81369018554688,91266500,AAPL
2021-04-14,134.94000244140625,135.0,131.66000366210938,132.02999877929688,128.478271484375,87222800,AAPL
2021-04-15,133.82000732421875,135.0,133.63999938964844,134.5,130.8818359375,89347100,AAPL
2021-04-16,134.3000030517578,134.6699981689453,133.27999877929688,134.16000366210938,130.5509796142578,84922400,AAPL
2021-04-19,133.50999450683594,135.47000122070312,133.33999633789062,134.83999633789062,131.212646484375,94264200,AAPL
2021-04-20,135.02000427246094,135.52999877929688,131.80999755859375,133.11000061035156,129.52920532226562,94812300,AAPL
2021-04-21,132.36000061035156,133.75,131.3000030517578,133.5,129.90872192382812,68847100,AAPL
2021-04-22,133.0399932861328,134.14999389648438,131.41000366210938,131.94000244140625,128.3906707763672,84566500,AAPL
2021-04-23,132.16000366210938,135.1199951171875,132.16000366210938,134.32000732421875,130.70664978027344,78657500,AAPL
2021-04-26,134.8300018310547,135.05999755859375,133.55999755859375,134.72000122070312,131.0959014892578,66905100,AAPL
2021-04-27,135.00999450683594,135.41000366210938,134.11000061035156,134.38999938964844,130.77474975585938,66015800,AAPL
2021-04-28,134.30999755859375,135.02000427246094,133.0800018310547,133.5800018310547,129.98660278320312,107760100,AAPL
2021-04-29,136.47000122070312,137.07000732421875,132.4499969482422,133.47999572753906,129.8892822265625,151101000,AAPL
2021-04-30,131.77999877929688,133.55999755859375,131.07000732421875,131.4600067138672,127.92357635498047,109839500,AAPL
2021-05-03,132.0399932861328,134.07000732421875,131.8300018310547,132.5399932861328,128.97451782226562,75135100,AAPL
2021-05-04,131.19000244140625,131.49000549316406,126.69999694824219,127.8499984741211,124.41071319580078,137564700,AAPL
2021-05-05,129.1999969482422,130.4499969482422,127.97000122070312,128.10000610351562,124.65399932861328,84000900,AAPL
2021-05-06,127.88999938964844,129.75,127.12999725341797,129.74000549316406,126.24987030029297,78128300,AAPL
2021-05-07,130.85000610351562,131.25999450683594,129.47999572753906,130.2100067138672,126.92243957519531,78973300,AAPL
2021-05-10,129.41000366210938,129.5399932861328,126.80999755859375,126.8499984741211,123.64729309082031,88071200,AAPL
2021-05-11,123.5,126.2699966430664,122.7699966430664,125.91000366210938,122.73101806640625,126142800,AAPL
2021-05-12,123.4000015258789,124.63999938964844,122.25,122.7699966430664,119.67029571533203,112172300,AAPL
2021-05-13,124.58000183105469,126.1500015258789,124.26000213623047,124.97000122070312,121.81474304199219,105861300,AAPL
2021-05-14,126.25,127.88999938964844,125.8499984741211,127.44999694824219,124.2321548461914,81918000,AAPL
2021-05-17,126.81999969482422,126.93000030517578,125.16999816894531,126.2699966430664,123.08193969726562,74244600,AAPL
2021-05-18,126.55999755859375,126.98999786376953,124.77999877929688,124.8499984741211,121.69779205322266,63342900,AAPL
2021-05-19,123.16000366210938,124.91999816894531,122.86000061035156,124.69000244140625,121.54182434082031,92612000,AAPL
2021-05-20,125.2300033569336,127.72000122070312,125.0999984741211,127.30999755859375,124.09566497802734,76857100,AAPL
2021-05-21,127.81999969482422,128.0,125.20999908447266,125.43000030517578,122.26313781738281,79295400,AAPL
2021-05-24,126.01000213623047,127.94000244140625,125.94000244140625,127.0999984741211,123.89096069335938,63092900,AAPL
2021-05-25,127.81999969482422,128.32000732421875,126.31999969482422,126.9000015258789,123.69601440429688,72009500,AAPL
2021-05-26,126.95999908447266,127.38999938964844,126.41999816894531,126.8499984741211,123.64729309082031,56575900,AAPL
2021-05-27,126.44000244140625,127.63999938964844,125.08000183105469,125.27999877929688,122.11691284179688,94625600,AAPL
2021-05-28,125.56999969482422,125.80000305175781,124.55000305175781,124.61000061035156,121.46385192871094,71311100,AAPL
2021-06-01,125.08000183105469,125.3499984741211,123.94000244140625,124.27999877929688,121.14217376708984,67637100,AAPL
2021-06-02,124.27999877929688,125.23999786376953,124.05000305175781,125.05999755859375,121.9024658203125,59278900,AAPL
2021-06-03,124.68000030517578,124.8499984741211,123.12999725341797,123.54000091552734,120.42084503173828,76229200,AAPL
2021-06-04,124.06999969482422,126.16000366210938,123.8499984741211,125.88999938964844,122.7115249633789,75169300,AAPL
2021-06-07,126.16999816894531,126.31999969482422,124.83000183105469,125.9000015258789,122.72125244140625,71057600,AAPL
2021-06-08,126.5999984741211,128.4600067138672,126.20999908447266,126.73999786376953,123.5400619506836,74403800,AAPL
2021-06-09,127.20999908447266,127.75,126.5199966430664,127.12999725341797,123.92021179199219,56877900,AAPL
2021-06-10,127.0199966430664,128.19000244140625,125.94000244140625,126.11000061035156,122.92597198486328,71186400,AAPL
2021-06-11,126.52999877929688,127.44000244140625,126.0999984741211,127.3499984741211,124.13465118408203,53522400,AAPL
2021-06-14,127.81999969482422,130.5399932861328,127.06999969482422,130.47999572753906,127.18560791015625,96906500,AAPL
2021-06-15,129.94000244140625,130.60000610351562,129.38999938964844,129.63999938964844,126.3668212890625,62746300,AAPL
2021-06-16,130.3699951171875,130.88999938964844,128.4600067138672,130.14999389648438,126.86395263671875,91815000,AAPL
2021-06-17,129.8000030517578,132.5500030517578,129.64999389648438,131.7899932861328,128.46255493164062,96721700,AAPL
2021-06-18,130.7100067138672,131.50999450683594,130.24000549316406,130.4600067138672,127.1661376953125,108953300,AAPL
2021-06-21,130.3000030517578,132.41000366210938,129.2100067138672,132.3000030517578,128.959716796875,79663300,AAPL
2021-06-22,132.1300048828125,134.0800018310547,131.6199951171875,133.97999572753906,130.59727478027344,74783600,AAPL
2021-06-23,133.77000427246094,134.32000732421875,133.22999572753906,133.6999969482422,130.32432556152344,60214200,AAPL
2021-06-24,134.4499969482422,134.63999938964844,132.92999267578125,133.41000366210938,130.0416717529297,68711000,AAPL
2021-06-25,133.4600067138672,133.88999938964844,132.80999755859375,133.11000061035156,129.7492218017578,70783700,AAPL
2021-06-28,133.41000366210938,135.25,133.35000610351562,134.77999877929688,131.3770294189453,62111300,AAPL
2021-06-29,134.8000030517578,136.49000549316406,134.35000610351562,136.3300018310547,132.88790893554688,64556100,AAPL
2021-06-30,136.1699981689453,137.41000366210938,135.8699951171875,136.9600067138672,133.50204467773438,63261400,AAPL
2021-07-01,136.60000610351562,137.3300018310547,135.75999450683594,137.27000427246094,133.80419921875,52485800,AAPL
2021-07-02,137.89999389648438,140.0,137.75,139.9600067138672,136.4263153076172,78852600,AAPL
2021-07-06,140.07000732421875,143.14999389648438,140.07000732421875,142.02000427246094,138.43426513671875,108181800,AAPL
2021-07-07,143.5399932861328,144.88999938964844,142.66000366210938,144.57000732421875,140.91990661621094,104911600,AAPL
2021-07-08,141.5800018310547,144.05999755859375,140.6699981689453,143.24000549316406,139.6234893798828,105575500,AAPL
2021-07-09,142.75,145.64999389648438,142.64999389648438,145.11000061035156,141.4462432861328,99890800,AAPL
2021-07-12,146.2100067138672,146.32000732421875,144.0,144.5,140.85159301757812,76299700,AAPL
2021-07-13,144.02999877929688,147.4600067138672,143.6300048828125,145.63999938964844,141.96282958984375,100827100,AAPL
2021-07-14,148.10000610351562,149.57000732421875,147.67999267578125,149.14999389648438,145.38427734375,127050800,AAPL
2021-07-15,149.24000549316406,150.0,147.08999633789062,148.47999572753906,144.73117065429688,106820300,AAPL
2021-07-16,148.4600067138672,149.75999450683594,145.8800048828125,146.38999938964844,142.69390869140625,93251400,AAPL
2021-07-19,143.75,144.07000732421875,141.6699981689453,142.4499969482422,138.85337829589844,121434600,AAPL
2021-07-20,143.4600067138672,147.10000610351562,142.9600067138672,146.14999389648438,142.4599609375,96350000,AAPL
2021-07-21,145.52999877929688,146.1300048828125,144.6300048828125,145.39999389648438,141.72891235351562,74993500,AAPL
2021-07-22,145.94000244140625,148.1999969482422,145.80999755859375,146.8000030517578,143.0935821533203,77338200,AAPL
2021-07-23,147.5500030517578,148.72000122070312,146.9199981689453,148.55999755859375,144.8091278076172,71447400,AAPL
2021-07-26,148.27000427246094,149.8300018310547,147.6999969482422,148.99000549316406,145.22825622558594,72434100,AAPL
2021-07-27,149.1199951171875,149.2100067138672,145.5500030517578,146.77000427246094,143.06434631347656,104818600,AAPL
2021-07-28,144.80999755859375,146.97000122070312,142.5399932861328,144.97999572753906,141.31954956054688,118931200,AAPL
2021-07-29,144.69000244140625,146.5500030517578,144.5800018310547,145.63999938964844,141.96282958984375,56699500,AAPL
2021-07-30,144.3800048828125,146.3300018310547,144.11000061035156,145.86000061035156,142.1773223876953,70440600,AAPL
2021-08-02,146.36000061035156,146.9499969482422,145.25,145.52000427246094,141.84591674804688,62880000,AAPL
2021-08-03,145.80999755859375,148.0399932861328,145.17999267578125,147.36000061035156,143.6394500732422,64786600,AAPL
2021-08-04,147.27000427246094,147.7899932861328,146.27999877929688,146.9499969482422,143.2397918701172,56368300,AAPL
2021-08-05,146.97999572753906,147.83999633789062,146.1699981689453,147.05999755859375,143.3470458984375,46397700,AAPL
2021-08-06,146.35000610351562,147.11000061035156,145.6300048828125,146.13999938964844,142.66368103027344,54126800,AAPL
2021-08-09,146.1999969482422,146.6999969482422,145.52000427246094,146.08999633789062,142.6148681640625,48908700,AAPL
2021-08-10,146.44000244140625,147.7100067138672,145.3000030517578,145.60000610351562,142.1365203857422,69023100,AAPL
2021-08-11,146.0500030517578,146.72000122070312,145.52999877929688,145.86000061035156,142.39028930664062,48493500,AAPL
2021-08-12,146.19000244140625,149.0500030517578,145.83999633789062,148.88999938964844,145.34825134277344,72282600,AAPL
2021-08-13,148.97000122070312,149.44000244140625,148.27000427246094,149.10000610351562,145.5532684326172,59375000,AAPL
2021-08-16,148.5399932861328,151.19000244140625,146.47000122070312,151.1199951171875,147.5252227783203,103296000,AAPL
2021-08-17,150.22999572753906,151.67999267578125,149.08999633789062,150.19000244140625,146.61732482910156,92229700,AAPL
2021-08-18,149.8000030517578,150.72000122070312,146.14999389648438,146.36000061035156,142.87847900390625,86326000,AAPL
2021-08-19,145.02999877929688,148.0,144.5,146.6999969482422,143.21035766601562,86960300,AAPL
2021-08-20,147.44000244140625,148.5,146.77999877929688,148.19000244140625,144.66493225097656,60549600,AAPL
2021-08-23,148.30999755859375,150.19000244140625,147.88999938964844,149.7100067138672,146.14874267578125,60131800,AAPL
2021-08-24,149.4499969482422,150.86000061035156,149.14999389648438,149.6199951171875,146.06088256835938,48606400,AAPL
2021-08-25,149.80999755859375,150.32000732421875,147.8000030517578,148.36000061035156,144.83087158203125,58991300,AAPL
2021-08-26,148.35000610351562,149.1199951171875,147.50999450683594,147.5399932861328,144.03038024902344,48597200,AAPL
2021-08-27,147.47999572753906,148.75,146.8300018310547,148.60000610351562,145.06517028808594,55802400,AAPL
2021-08-30,149.0,153.49000549316406,148.61000061035156,153.1199951171875,149.47763061523438,90956700,AAPL
2021-08-31,152.66000366210938,152.8000030517578,151.2899932861328,151.8300018310547,148.21832275390625,86453100,AAPL
2021-09-01,152.8300018310547,154.97999572753906,152.33999633789062,152.50999450683594,148.8821258544922,80313700,AAPL
2021-09-02,153.8699951171875,154.72000122070312,152.39999389648438,153.64999389648438,149.99502563476562,71115500,AAPL
2021-09-03,153.75999450683594,154.6300048828125,153.08999633789062,154.3000030517578,150.62954711914062,57808700,AAPL
2021-09-07,154.97000122070312,157.25999450683594,154.38999938964844,156.69000244140625,152.9627227783203,82278300,AAPL
2021-09-08,156.97999572753906,157.0399932861328,153.97999572753906,155.11000061035156,151.42030334472656,74420200,AAPL
2021-09-09,155.49000549316406,156.11000061035156,153.9499969482422,154.07000732421875,150.405029296875,57305700,AAPL
2021-09-10,155.0,155.47999572753906,148.6999969482422,148.97000122070312,145.42633056640625,140893200,AAPL
2021-09-13,150.6300048828125,151.4199981689453,148.75,149.5500030517578,145.9925537109375,102404300,AAPL
2021-09-14,150.35000610351562,151.07000732421875,146.91000366210938,148.1199951171875,144.5966033935547,109296300,AAPL
2021-09-15,148.55999755859375,149.44000244140625,146.3699951171875,149.02999877929688,145.48492431640625,83281300,AAPL
2021-09-16,148.44000244140625,148.97000122070312,147.22000122070312,148.7899932861328,145.25062561035156,68034100,AAPL
2021-09-17,148.82000732421875,148.82000732421875,145.75999450683594,146.05999755859375,142.5855712890625,129868800,AAPL
2021-09-20,143.8000030517578,144.83999633789062,141.27000427246094,142.94000244140625,139.53977966308594,123478900,AAPL
2021-09-21,143.92999267578125,144.60000610351562,142.77999877929688,143.42999267578125,140.01817321777344,75834000,AAPL
2021-09-22,144.4499969482422,146.42999267578125,143.6999969482422,145.85000610351562,142.3805694580078,76404300,AAPL
2021-09-23,146.64999389648438,147.0800018310547,145.63999938964844,146.8300018310547,143.33729553222656,64838200,AAPL
2021-09-24,145.66000366210938,147.47000122070312,145.55999755859375,146.9199981689453,143.4250946044922,53477900,AAPL
2021-09-27,145.47000122070312,145.9600067138672,143.82000732421875,145.3699951171875,141.9119873046875,74150700,AAPL
2021-09-28,143.25,144.75,141.69000244140625,141.91000366210938,138.53433227539062,108972300,AAPL
2021-09-29,142.47000122070312,144.4499969482422,142.02999877929688,142.8300018310547,139.4324188232422,74602000,AAPL
2021-09-30,143.66000366210938,144.3800048828125,141.27999877929688,141.5,138.13404846191406,89056700,AAPL
2021-10-01,141.89999389648438,142.9199981689453,139.11000061035156,142.64999389648438,139.25668334960938,94639600,AAPL
2021-10-04,141.75999450683594,142.2100067138672,138.27000427246094,139.13999938964844,135.83018493652344,98322000,AAPL
2021-10-05,139.49000549316406,142.24000549316406,139.36000061035156,141.11000061035156,137.7533416748047,80861100,AAPL
2021-10-06,139.47000122070312,142.14999389648438,138.3699951171875,142.0,138.62213134765625,83221100,AAPL
2021-10-07,143.05999755859375,144.22000122070312,142.72000122070312,143.2899932861328,139.8814239501953,61732700,AAPL
2021-10-08,144.02999877929688,144.17999267578125,142.55999755859375,142.89999389648438,139.50074768066406,58773200,AAPL
2021-10-11,142.27000427246094,144.80999755859375,141.80999755859375,142.80999755859375,139.41290283203125,64452200,AAPL
2021-10-12,143.22999572753906,143.25,141.0399932861328,141.50999450683594,138.14382934570312,73035900,AAPL
2021-10-13,141.24000549316406,141.39999389648438,139.1999969482422,140.91000366210938,137.5580596923828,78762700,AAPL
2021-10-14,142.11000061035156,143.8800048828125,141.50999450683594,143.75999450683594,140.34030151367188,69907100,AAPL
2021-10-15,143.77000427246094,144.89999389648438,143.50999450683594,144.83999633789062,141.3945770263672,67940300,AAPL
2021-10-18,143.4499969482422,146.83999633789062,143.16000366210938,146.5500030517578,143.0639190673828,85589200,AAPL
2021-10-19,147.00999450683594,149.1699981689453,146.5500030517578,148.75999450683594,145.22134399414062,76378900,AAPL
2021-10-20,148.6999969482422,149.75,148.1199951171875,149.25999450683594,145.70947265625,58418800,AAPL
2021-10-21,148.80999755859375,149.63999938964844,147.8699951171875,149.47999572753906,145.92420959472656,61421000,AAPL
2021-10-22,149.69000244140625,150.17999267578125,148.63999938964844,148.69000244140625,145.15301513671875,58883400,AAPL
2021-10-25,148.67999267578125,149.3699951171875,147.6199951171875,148.63999938964844,145.10418701171875,50720600,AAPL
2021-10-26,149.3300018310547,150.83999633789062,149.00999450683594,149.32000732421875,145.76805114746094,60893400,AAPL
2021-10-27,149.36000061035156,149.72999572753906,148.49000549316406,148.85000610351562,145.30918884277344,56094900,AAPL
2021-10-28,149.82000732421875,153.1699981689453,149.72000122070312,152.57000732421875,148.9407501220703,100077900,AAPL
2021-10-29,147.22000122070312,149.94000244140625,146.41000366210938,149.8000030517578,146.23663330078125,124953200,AAPL
2021-11-01,148.99000549316406,149.6999969482422,147.8000030517578,148.9600067138672,145.41659545898438,74588300,AAPL
2021-11-02,148.66000366210938,151.57000732421875,148.64999389648438,150.02000427246094,146.4513702392578,69122000,AAPL
2021-11-03,150.38999938964844,151.97000122070312,149.82000732421875,151.49000549316406,147.8863983154297,54511500,AAPL
2021-11-04,151.5800018310547,152.42999267578125,150.63999938964844,150.9600067138672,147.36900329589844,60394600,AAPL
2021-11-05,151.88999938964844,152.1999969482422,150.05999755859375,151.27999877929688,147.89688110351562,65463900,AAPL
2021-11-08,151.41000366210938,151.57000732421875,150.16000366210938,150.44000244140625,147.07571411132812,55020900,AAPL
2021-11-09,150.1999969482422,151.42999267578125,150.05999755859375,150.80999755859375,147.43743896484375,56787900,AAPL
2021-11-10,150.02000427246094,150.1300048828125,147.85000610351562,147.9199981689453,144.61207580566406,65187100,AAPL
2021-11-11,148.9600067138672,149.42999267578125,147.67999267578125,147.8699951171875,144.5631866455078,41000000,AAPL
2021-11-12,148.42999267578125,150.39999389648438,147.47999572753906,149.99000549316406,146.6357879638672,63804000,AAPL
2021-11-15,150.3699951171875,151.8800048828125,149.42999267578125,150.0,146.6455841064453,59222800,AAPL
2021-11-16,149.94000244140625,151.49000549316406,149.33999633789062,151.0,147.62319946289062,59256200,AAPL
2021-11-17,151.0,155.0,150.99000549316406,153.49000549316406,150.05747985839844,88807000,AAPL
2021-11-18,153.7100067138672,158.6699981689453,153.0500030517578,157.8699951171875,154.33956909179688,137827700,AAPL
2021-11-19,157.64999389648438,161.02000427246094,156.52999877929688,160.5500030517578,156.9596405029297,117305600,AAPL
2021-11-22,161.67999267578125,165.6999969482422,161.0,161.02000427246094,157.4191131591797,117467900,AAPL
2021-11-23,161.1199951171875,161.8000030517578,159.05999755859375,161.41000366210938,157.8003692626953,96041900,AAPL
2021-11-24,160.75,162.13999938964844,159.63999938964844,161.94000244140625,158.31854248046875,69463600,AAPL
2021-11-26,159.57000732421875,160.4499969482422,156.36000061035156,156.80999755859375,153.30325317382812,76959800,AAPL
2021-11-29,159.3699951171875,161.19000244140625,158.7899932861328,160.24000549316406,156.6565399169922,88748200,AAPL
2021-11-30,159.99000549316406,165.52000427246094,159.9199981689453,165.3000030517578,161.60340881347656,174048100,AAPL
2021-12-01,167.47999572753906,170.3000030517578,164.52999877929688,164.77000427246094,161.0852813720703,152052500,AAPL
2021-12-02,158.74000549316406,164.1999969482422,157.8000030517578,163.75999450683594,160.09780883789062,136739200,AAPL
2021-12-03,164.02000427246094,164.9600067138672,159.72000122070312,161.83999633789062,158.22076416015625,118023100,AAPL
2021-12-06,164.2899932861328,167.8800048828125,164.27999877929688,165.32000732421875,161.6230010986328,107497000,AAPL
2021-12-07,169.0800018310547,171.5800018310547,168.33999633789062,171.17999267578125,167.35189819335938,120405400,AAPL
2021-12-08,172.1300048828125,175.9600067138672,170.6999969482422,175.0800018310547,171.16468811035156,116998900,AAPL
2021-12-09,174.91000366210938,176.75,173.9199981689453,174.55999755859375,170.65631103515625,108923700,AAPL
2021-12-10,175.2100067138672,179.6300048828125,174.69000244140625,179.4499969482422,175.43698120117188,115402700,AAPL
2021-12-13,181.1199951171875,182.1300048828125,175.52999877929688,175.74000549316406,171.80995178222656,153237000,AAPL
2021-12-14,175.25,177.74000549316406,172.2100067138672,174.3300018310547,170.4314727783203,139380400,AAPL
2021-12-15,175.11000061035156,179.5,172.30999755859375,179.3000030517578,175.2903289794922,131063300,AAPL
2021-12-16,179.27999877929688,181.13999938964844,170.75,172.25999450683594,168.40774536132812,150185800,AAPL
2021-12-17,169.92999267578125,173.47000122070312,169.69000244140625,171.13999938964844,167.31280517578125,195432700,AAPL
2021-12-20,168.27999877929688,170.5800018310547,167.4600067138672,169.75,165.9539031982422,107499100,AAPL
2021-12-21,171.55999755859375,173.1999969482422,169.1199951171875,172.99000549316406,169.1214599609375,91185900,AAPL
2021-12-22,173.0399932861328,175.86000061035156,172.14999389648438,175.63999938964844,171.7122039794922,92135300,AAPL
2021-12-23,175.85000610351562,176.85000610351562,175.27000427246094,176.27999877929688,172.33787536621094,68356600,AAPL
2021-12-27,177.08999633789062,180.4199981689453,177.07000732421875,180.3300018310547,176.2972869873047,74919600,AAPL
2021-12-28,180.16000366210938,181.3300018310547,178.52999877929688,179.2899932861328,175.28053283691406,79144300,AAPL
2021-12-29,179.3300018310547,180.6300048828125,178.13999938964844,179.3800048828125,175.3685760498047,62348900,AAPL
2021-12-30,179.47000122070312,180.57000732421875,178.08999633789062,178.1999969482422,174.21493530273438,59773000,AAPL
2021-12-31,178.08999633789062,179.22999572753906,177.25999450683594,177.57000732421875,173.5989990234375,64062300,AAPL
2022-01-03,177.8300018310547,182.8800048828125,177.7100067138672,182.00999450683594,177.93972778320312,104487900,AAPL
2022-01-04,182.6300048828125,182.94000244140625,179.1199951171875,179.6999969482422,175.681396484375,99310400,AAPL
2022-01-05,179.61000061035156,180.1699981689453,174.63999938964844,174.9199981689453,171.00827026367188,94537600,AAPL
2022-01-06,172.6999969482422,175.3000030517578,171.63999938964844,172.0,168.1536102294922,96904000,AAPL
2022-01-07,172.88999938964844,174.13999938964844,171.02999877929688,172.1699981689453,168.3197784423828,86709100,AAPL
2022-01-10,169.0800018310547,172.5,168.1699981689453,172.19000244140625,168.33932495117188,106765600,AAPL
2022-01-11,172.32000732421875,175.17999267578125,170.82000732421875,175.0800018310547,171.16468811035156,76138300,AAPL
2022-01-12,176.1199951171875,177.17999267578125,174.82000732421875,175.52999877929688,171.6046600341797,74805200,AAPL
2022-01-13,175.77999877929688,176.6199951171875,171.7899932861328,172.19000244140625,168.33932495117188,84505800,AAPL
2022-01-14,171.33999633789062,173.77999877929688,171.08999633789062,173.07000732421875,169.1996307373047,80440800,AAPL
2022-01-18,171.50999450683594,172.5399932861328,169.41000366210938,169.8000030517578,166.0027618408203,90956700,AAPL
2022-01-19,170.0,171.0800018310547,165.94000244140625,166.22999572753906,162.5125732421875,94815000,AAPL
2022-01-20,166.97999572753906,169.67999267578125,164.17999267578125,164.50999450683594,160.83106994628906,91420500,AAPL
2022-01-21,164.4199981689453,166.3300018310547,162.3000030517578,162.41000366210938,158.77804565429688,122848900,AAPL
2022-01-24,160.02000427246094,162.3000030517578,154.6999969482422,161.6199951171875,158.00570678710938,162294600,AAPL
2022-01-25,158.97999572753906,162.75999450683594,157.02000427246094,159.77999877929688,156.20684814453125,115798400,AAPL
2022-01-26,163.5,164.38999938964844,157.82000732421875,159.69000244140625,156.1188507080078,108275300,AAPL
2022-01-27,162.4499969482422,163.83999633789062,158.27999877929688,159.22000122070312,155.6593780517578,121954600,AAPL
2022-01-28,165.7100067138672,170.35000610351562,162.8000030517578,170.3300018310547,166.52090454101562,179935700,AAPL
2022-01-31,170.16000366210938,175.0,169.50999450683594,174.77999877929688,170.8714141845703,115541600,AAPL
2022-02-01,174.00999450683594,174.83999633789062,172.30999755859375,174.61000061035156,170.7052001953125,86213900,AAPL
2022-02-02,174.75,175.8800048828125,173.3300018310547,175.83999633789062,171.90769958496094,84914300,AAPL
2022-02-03,174.47999572753906,176.24000549316406,172.1199951171875,172.89999389648438,169.033447265625,89418100,AAPL
2022-02-04,171.67999267578125,174.10000610351562,170.67999267578125,172.38999938964844,168.74960327148438,82465400,AAPL
2022-02-07,172.86000061035156,173.9499969482422,170.9499969482422,171.66000366210938,168.03497314453125,77251200,AAPL
2022-02-08,171.72999572753906,175.35000610351562,171.42999267578125,174.8300018310547,171.1380615234375,74829200,AAPL
2022-02-09,176.0500030517578,176.64999389648438,174.89999389648438,176.27999877929688,172.55743408203125,71285000,AAPL
2022-02-10,174.13999938964844,175.47999572753906,171.5500030517578,172.1199951171875,168.4852752685547,90865900,AAPL
2022-02-11,172.3300018310547,173.0800018310547,168.0399932861328,168.63999938964844,165.07875061035156,98670700,AAPL
2022-02-14,167.3699951171875,169.5800018310547,166.55999755859375,168.8800048828125,165.31370544433594,86185500,AAPL
2022-02-15,170.97000122070312,172.9499969482422,170.25,172.7899932861328,169.14114379882812,62527400,AAPL
2022-02-16,171.85000610351562,173.33999633789062,170.0500030517578,172.5500030517578,168.90618896484375,61177400,AAPL
2022-02-17,171.02999877929688,171.91000366210938,168.47000122070312,168.8800048828125,165.31370544433594,69589300,AAPL
2022-02-18,169.82000732421875,170.5399932861328,166.19000244140625,167.3000030517578,163.76707458496094,82772700,AAPL
2022-02-22,164.97999572753906,166.69000244140625,162.14999389648438,164.32000732421875,160.8499755859375,91162800,AAPL
2022-02-23,165.5399932861328,166.14999389648438,159.75,160.07000732421875,156.68975830078125,90009200,AAPL
2022-02-24,152.5800018310547,162.85000610351562,152.0,162.74000549316406,159.30340576171875,141147500,AAPL
2022-02-25,163.83999633789062,165.1199951171875,160.8699951171875,164.85000610351562,161.36880493164062,91974200,AAPL
2022-02-28,163.05999755859375,165.4199981689453,162.42999267578125,165.1199951171875,161.63311767578125,95056600,AAPL
2022-03-01,164.6999969482422,166.60000610351562,161.97000122070312,163.1999969482422,159.75363159179688,83474400,AAPL
2022-03-02,164.38999938964844,167.36000061035156,162.9499969482422,166.55999755859375,163.0426788330078,79724800,AAPL
2022-03-03,168.47000122070312,168.91000366210938,165.5500030517578,166.22999572753906,162.71963500976562,76678400,AAPL
2022-03-04,164.49000549316406,165.5500030517578,162.10000610351562,163.1699981689453,159.7242889404297,83737200,AAPL
2022-03-07,163.36000061035156,165.02000427246094,159.0399932861328,159.3000030517578,155.93601989746094,96418800,AAPL
2022-03-08,158.82000732421875,162.8800048828125,155.8000030517578,157.44000244140625,154.11529541015625,131148300,AAPL
2022-03-09,161.47999572753906,163.41000366210938,159.41000366210938,162.9499969482422,159.5089111328125,91454900,AAPL
2022-03-10,160.1999969482422,160.38999938964844,155.97999572753906,158.52000427246094,155.1724853515625,105342000,AAPL
2022-03-11,158.92999267578125,159.27999877929688,154.5,154.72999572753906,151.46250915527344,96970100,AAPL
2022-03-14,151.4499969482422,154.1199951171875,150.10000610351562,150.6199951171875,147.43930053710938,108732100,AAPL
2022-03-15,150.89999389648438,155.57000732421875,150.3800048828125,155.08999633789062,151.81492614746094,92964300,AAPL
2022-03-16,157.0500030517578,160.0,154.4600067138672,159.58999633789062,156.21983337402344,102300200,AAPL
2022-03-17,158.61000061035156,161.0,157.6300048828125,160.6199951171875,157.22808837890625,75615400,AAPL
2022-03-18,160.50999450683594,164.47999572753906,159.75999450683594,163.97999572753906,160.51718139648438,123511700,AAPL
2022-03-21,163.50999450683594,166.35000610351562,163.00999450683594,165.3800048828125,161.88758850097656,95811400,AAPL
2022-03-22,165.50999450683594,169.4199981689453,164.91000366210938,168.82000732421875,165.2549591064453,81532000,AAPL
2022-03-23,167.99000549316406,172.63999938964844,167.64999389648438,170.2100067138672,166.61561584472656,98062700,AAPL
2022-03-24,171.05999755859375,174.13999938964844,170.2100067138672,174.07000732421875,170.39410400390625,90131400,AAPL
2022-03-25,173.8800048828125,175.27999877929688,172.75,174.72000122070312,171.03036499023438,80546200,AAPL
2022-03-28,172.1699981689453,175.72999572753906,172.0,175.60000610351562,171.89181518554688,90371900,AAPL
2022-03-29,176.69000244140625,179.00999450683594,176.33999633789062,178.9600067138672,175.18084716796875,100589400,AAPL
2022-03-30,178.5500030517578,179.61000061035156,176.6999969482422,177.77000427246094,174.0159912109375,92633200,AAPL
2022-03-31,177.83999633789062,178.02999877929688,174.39999389648438,174.61000061035156,170.9226837158203,103049300,AAPL
2022-04-01,174.02999877929688,174.8800048828125,171.94000244140625,174.30999755859375,170.62904357910156,78751300,AAPL
2022-04-04,174.57000732421875,178.49000549316406,174.44000244140625,178.44000244140625,174.6718292236328,76468400,AAPL
2022-04-05,177.5,178.3000030517578,174.4199981689453,175.05999755859375,171.3632049560547,73401800,AAPL
2022-04-06,172.36000061035156,173.6300048828125,170.1300048828125,171.8300018310547,168.20135498046875,89058800,AAPL
2022-04-07,171.16000366210938,173.36000061035156,169.85000610351562,172.13999938964844,168.5048370361328,77594700,AAPL
2022-04-08,171.77999877929688,171.77999877929688,169.1999969482422,170.08999633789062,166.4981689453125,76575500,AAPL
2022-04-11,168.7100067138672,169.02999877929688,165.5,165.75,162.24981689453125,72246700,AAPL
2022-04-12,168.02000427246094,169.8699951171875,166.63999938964844,167.66000366210938,164.11944580078125,79265200,AAPL
2022-04-13,167.38999938964844,171.0399932861328,166.77000427246094,170.39999389648438,166.8015594482422,70618900,AAPL
2022-04-14,170.6199951171875,171.27000427246094,165.0399932861328,165.2899932861328,161.79949951171875,75329400,AAPL
2022-04-18,163.9199981689453,166.60000610351562,163.57000732421875,165.07000732421875,161.5841522216797,69023900,AAPL
2022-04-19,165.02000427246094,167.82000732421875,163.91000366210938,167.39999389648438,163.86495971679688,67723800,AAPL
2022-04-20,168.75999450683594,168.8800048828125,166.10000610351562,167.22999572753906,163.6985626220703,67929800,AAPL
2022-04-21,168.91000366210938,171.52999877929688,165.91000366210938,166.4199981689453,162.90565490722656,87227800,AAPL
2022-04-22,166.4600067138672,167.8699951171875,161.5,161.7899932861328,158.3734130859375,84882400,AAPL
2022-04-25,161.1199951171875,163.1699981689453,158.4600067138672,162.8800048828125,159.44044494628906,96046400,AAPL
2022-04-26,162.25,162.33999633789062,156.72000122070312,156.8000030517578,153.48880004882812,95623200,AAPL
2022-04-27,155.91000366210938,159.7899932861328,155.3800048828125,156.57000732421875,153.26364135742188,88063200,AAPL
2022-04-28,159.25,164.52000427246094,158.92999267578125,163.63999938964844,160.18434143066406,130216800,AAPL
2022-04-29,161.83999633789062,166.1999969482422,157.25,157.64999389648438,154.32081604003906,131747600,AAPL
2022-05-02,156.7100067138672,158.22999572753906,153.27000427246094,157.9600067138672,154.6243133544922,123055300,AAPL
2022-05-03,158.14999389648438,160.7100067138672,156.32000732421875,159.47999572753906,156.11219787597656,88966500,AAPL
2022-05-04,159.6699981689453,166.47999572753906,159.25999450683594,166.02000427246094,162.51409912109375,108256500,AAPL
2022-05-05,163.85000610351562,164.0800018310547,154.9499969482422,156.77000427246094,153.4594268798828,130525300,AAPL
2022-05-06,156.00999450683594,159.44000244140625,154.17999267578125,157.27999877929688,154.18487548828125,116124600,AAPL
2022-05-09,154.92999267578125,155.8300018310547,151.49000549316406,152.05999755859375,149.06756591796875,131577900,AAPL
2022-05-10,155.52000427246094,156.74000549316406,152.92999267578125,154.50999450683594,151.4694061279297,115366700,AAPL
2022-05-11,153.5,155.4499969482422,145.80999755859375,146.5,143.6169891357422,142689800,AAPL
2022-05-12,142.77000427246094,146.1999969482422,138.8000030517578,142.55999755859375,139.75453186035156,182602000,AAPL
2022-05-13,144.58999633789062,148.10000610351562,143.11000061035156,147.11000061035156,144.21499633789062,113990900,AAPL
2022-05-16,145.5500030517578,147.52000427246094,144.17999267578125,145.5399932861328,142.67591857910156,86643800,AAPL
2022-05-17,148.86000061035156,149.77000427246094,146.67999267578125,149.24000549316406,146.3031005859375,78336300,AAPL
2022-05-18,146.85000610351562,147.36000061035156,139.89999389648438,140.82000732421875,138.04876708984375,109742900,AAPL
2022-05-19,139.8800048828125,141.66000366210938,136.60000610351562,137.35000610351562,134.64707946777344,136095600,AAPL
2022-05-20,139.08999633789062,140.6999969482422,132.61000061035156,137.58999633789062,134.8823699951172,137426100,AAPL
2022-05-23,137.7899932861328,143.25999450683594,137.64999389648438,143.11000061035156,140.29368591308594,117726300,AAPL
2022-05-24,140.80999755859375,141.97000122070312,137.3300018310547,140.36000061035156,137.5978546142578,104132700,AAPL
2022-05-25,138.42999267578125,141.7899932861328,138.33999633789062,140.52000427246094,137.75469970703125,92482700,AAPL
2022-05-26,137.38999938964844,144.33999633789062,137.13999938964844,143.77999877929688,140.95050048828125,90601500,AAPL
2022-05-27,145.38999938964844,149.67999267578125,145.25999450683594,149.63999938964844,146.69520568847656,90978500,AAPL
2022-05-31,149.07000732421875,150.66000366210938,146.83999633789062,148.83999633789062,145.91094970703125,103718400,AAPL
2022-06-01,149.89999389648438,151.74000549316406,147.67999267578125,148.7100067138672,145.7834930419922,74286600,AAPL
2022-06-02,147.8300018310547,151.27000427246094,146.86000061035156,151.2100067138672,148.23434448242188,72348100,AAPL
2022-06-03,146.89999389648438,147.97000122070312,144.4600067138672,145.3800048828125,142.51905822753906,88570300,AAPL
2022-06-06,147.02999877929688,148.57000732421875,144.89999389648438,146.13999938964844,143.26406860351562,71598400,AAPL
2022-06-07,144.35000610351562,149.0,144.10000610351562,148.7100067138672,145.7834930419922,67808200,AAPL
2022-06-08,148.5800018310547,149.8699951171875,147.4600067138672,147.9600067138672,145.0482635498047,53950200,AAPL
2022-06-09,147.0800018310547,147.9499969482422,142.52999877929688,142.63999938964844,139.83297729492188,69473000,AAPL
2022-06-10,140.27999877929688,140.75999450683594,137.05999755859375,137.1300048828125,134.431396484375,91437900,AAPL
2022-06-13,132.8699951171875,135.1999969482422,131.44000244140625,131.8800048828125,129.2847442626953,122207100,AAPL
2022-06-14,133.1300048828125,133.88999938964844,131.47999572753906,132.75999450683594,130.14736938476562,84784300,AAPL
2022-06-15,134.2899932861328,137.33999633789062,132.16000366210938,135.42999267578125,132.76483154296875,91533000,AAPL
2022-06-16,132.0800018310547,132.38999938964844,129.0399932861328,130.05999755859375,127.50053405761719,108123900,AAPL
2022-06-17,130.07000732421875,133.0800018310547,129.80999755859375,131.55999755859375,128.9710235595703,134520300,AAPL
2022-06-21,133.4199981689453,137.05999755859375,133.32000732421875,135.8699951171875,133.19619750976562,81000500,AAPL
2022-06-22,134.7899932861328,137.75999450683594,133.91000366210938,135.35000610351562,132.68643188476562,73409200,AAPL
2022-06-23,136.82000732421875,138.58999633789062,135.6300048828125,138.27000427246094,135.54898071289062,72433800,AAPL
2022-06-24,139.89999389648438,141.91000366210938,139.77000427246094,141.66000366210938,138.87225341796875,89116800,AAPL
2022-06-27,142.6999969482422,143.49000549316406,140.97000122070312,141.66000366210938,138.87225341796875,70207900,AAPL
2022-06-28,142.1300048828125,143.4199981689453,137.32000732421875,137.44000244140625,134.7353057861328,67083400,AAPL
2022-06-29,137.4600067138672,140.6699981689453,136.6699981689453,139.22999572753906,136.49005126953125,66242400,AAPL
2022-06-30,137.25,138.3699951171875,133.77000427246094,136.72000122070312,134.02943420410156,98964500,AAPL
2022-07-01,136.0399932861328,139.0399932861328,135.66000366210938,138.92999267578125,136.19595336914062,71051600,AAPL
2022-07-05,137.77000427246094,141.61000061035156,136.92999267578125,141.55999755859375,138.7742156982422,73353800,AAPL
2022-07-06,141.35000610351562,144.1199951171875,141.0800018310547,142.9199981689453,140.10748291015625,74064300,AAPL
2022-07-07,143.2899932861328,146.5500030517578,143.27999877929688,146.35000610351562,143.46995544433594,66253700,AAPL
2022-07-08,145.25999450683594,147.5500030517578,145.0,147.0399932861328,144.14637756347656,64547800,AAPL
2022-07-11,145.6699981689453,146.63999938964844,143.77999877929688,144.8699951171875,142.0190887451172,63141600,AAPL
2022-07-12,145.75999450683594,148.4499969482422,145.0500030517578,145.86000061035156,142.9895782470703,77588800,AAPL
2022-07-13,142.99000549316406,146.4499969482422,142.1199951171875,145.49000549316406,142.6268768310547,71185600,AAPL
2022-07-14,144.0800018310547,148.9499969482422,143.25,148.47000122070312,145.54824829101562,78140700,AAPL
2022-07-15,149.77999877929688,150.86000061035156,148.1999969482422,150.1699981689453,147.21473693847656,76259900,AAPL
2022-07-18,150.74000549316406,151.57000732421875,146.6999969482422,147.07000732421875,144.17581176757812,81420900,AAPL
2022-07-19,147.9199981689453,151.22999572753906,146.91000366210938,151.0,148.02847290039062,82982400,AAPL
2022-07-20,151.1199951171875,153.72000122070312,150.3699951171875,153.0399932861328,150.02830505371094,64823400,AAPL
2022-07-21,154.5,155.57000732421875,151.94000244140625,155.35000610351562,152.2928466796875,65086600,AAPL
2022-07-22,155.38999938964844,156.27999877929688,153.41000366210938,154.08999633789062,151.05763244628906,66675400,AAPL
2022-07-25,154.00999450683594,155.0399932861328,152.27999877929688,152.9499969482422,149.94009399414062,53623900,AAPL
2022-07-26,152.25999450683594,153.08999633789062,150.8000030517578,151.60000610351562,148.6166534423828,55138700,AAPL
2022-07-27,152.5800018310547,157.3300018310547,152.16000366210938,156.7899932861328,153.70449829101562,78620700,AAPL
2022-07-28,156.97999572753906,157.63999938964844,154.41000366210938,157.35000610351562,154.25350952148438,81378700,AAPL
2022-07-29,161.24000549316406,163.6300048828125,159.5,162.50999450683594,159.3119354248047,101786900,AAPL
2022-08-01,161.00999450683594,163.58999633789062,160.88999938964844,161.50999450683594,158.33164978027344,67829400,AAPL
2022-08-02,160.10000610351562,162.41000366210938,159.6300048828125,160.00999450683594,156.86114501953125,59907000,AAPL
2022-08-03,160.83999633789062,166.58999633789062,160.75,166.1300048828125,162.86068725585938,82507500,AAPL
2022-08-04,166.00999450683594,167.19000244140625,164.42999267578125,165.80999755859375,162.5470428466797,55474100,AAPL
2022-08-05,163.2100067138672,165.85000610351562,163.0,165.35000610351562,162.32122802734375,56697000,AAPL
2022-08-08,166.3699951171875,167.80999755859375,164.1999969482422,164.8699951171875,161.84999084472656,60276900,AAPL
2022-08-09,164.02000427246094,165.82000732421875,163.25,164.9199981689453,161.8990936279297,63135500,AAPL
2022-08-10,167.67999267578125,169.33999633789062,166.89999389648438,169.24000549316406,166.13998413085938,70170500,AAPL
2022-08-11,170.05999755859375,170.99000549316406,168.19000244140625,168.49000549316406,165.40370178222656,57149200,AAPL
2022-08-12,169.82000732421875,172.1699981689453,169.39999389648438,172.10000610351562,168.9475860595703,68039400,AAPL
2022-08-15,171.52000427246094,173.38999938964844,171.35000610351562,173.19000244140625,170.01759338378906,54091700,AAPL
2022-08-16,172.77999877929688,173.7100067138672,171.66000366210938,173.02999877929688,169.86058044433594,56377100,AAPL
2022-08-17,172.77000427246094,176.14999389648438,172.57000732421875,174.5500030517578,171.3527069091797,79542000,AAPL
2022-08-18,173.75,174.89999389648438,173.1199951171875,174.14999389648438,170.95999145507812,62290100,AAPL
2022-08-19,173.02999877929688,173.74000549316406,171.30999755859375,171.52000427246094,168.37818908691406,70346300,AAPL
2022-08-22,169.69000244140625,169.86000061035156,167.13999938964844,167.57000732421875,164.50054931640625,69026800,AAPL
2022-08-23,167.0800018310547,168.7100067138672,166.64999389648438,167.22999572753906,164.16677856445312,54147100,AAPL
2022-08-24,167.32000732421875,168.11000061035156,166.25,167.52999877929688,164.46128845214844,53841500,AAPL
2022-08-25,168.77999877929688,170.13999938964844,168.35000610351562,170.02999877929688,166.9154815673828,51218200,AAPL
2022-08-26,170.57000732421875,171.0500030517578,163.55999755859375,163.6199951171875,160.62294006347656,78961000,AAPL
2022-08-29,161.14999389648438,162.89999389648438,159.82000732421875,161.3800048828125,158.4239501953125,73314000,AAPL
2022-08-30,162.1300048828125,162.55999755859375,157.72000122070312,158.91000366210938,155.99917602539062,77906200,AAPL
2022-08-31,160.30999755859375,160.5800018310547,157.13999938964844,157.22000122070312,154.34014892578125,87991100,AAPL
2022-09-01,156.63999938964844,158.4199981689453,154.6699981689453,157.9600067138672,155.0666046142578,74229900,AAPL
2022-09-02,159.75,160.36000061035156,154.97000122070312,155.80999755859375,152.9559326171875,76957800,AAPL
2022-09-06,156.47000122070312,157.08999633789062,153.69000244140625,154.52999877929688,151.6994171142578,73714800,AAPL
2022-09-07,154.82000732421875,156.6699981689453,153.61000061035156,155.9600067138672,153.1032257080078,87449600,AAPL
2022-09-08,154.63999938964844,156.36000061035156,152.67999267578125,154.4600067138672,151.6306915283203,84923800,AAPL
2022-09-09,155.47000122070312,157.82000732421875,154.75,157.3699951171875,154.48736572265625,68028800,AAPL
2022-09-12,159.58999633789062,164.25999450683594,159.3000030517578,163.42999267578125,160.4363555908203,104956000,AAPL
2022-09-13,159.89999389648438,160.5399932861328,153.3699951171875,153.83999633789062,151.02203369140625,122656600,AAPL
2022-09-14,154.7899932861328,157.10000610351562,153.61000061035156,155.30999755859375,152.4651336669922,87965400,AAPL
2022-09-15,154.64999389648438,155.24000549316406,151.3800048828125,152.3699951171875,149.57896423339844,90481100,AAPL
2022-09-16,151.2100067138672,151.35000610351562,148.3699951171875,150.6999969482422,147.9395751953125,162278800,AAPL
2022-09-19,149.30999755859375,154.55999755859375,149.10000610351562,154.47999572753906,151.6503143310547,81474200,AAPL
2022-09-20,153.39999389648438,158.0800018310547,153.0800018310547,156.89999389648438,154.0260009765625,107689800,AAPL
2022-09-21,157.33999633789062,158.74000549316406,153.60000610351562,153.72000122070312,150.90423583984375,101696800,AAPL
2022-09-22,152.3800048828125,154.47000122070312,150.91000366210938,152.74000549316406,149.9421844482422,86652500,AAPL
2022-09-23,151.19000244140625,151.47000122070312,148.55999755859375,150.42999267578125,147.67449951171875,96029900,AAPL
2022-09-26,149.66000366210938,153.77000427246094,149.63999938964844,150.77000427246094,148.00830078125,93339400,AAPL
2022-09-27,152.74000549316406,154.72000122070312,149.9499969482422,151.75999450683594,148.98013305664062,84442700,AAPL
2022-09-28,147.63999938964844,150.63999938964844,144.83999633789062,149.83999633789062,147.0953369140625,146691400,AAPL
2022-09-29,146.10000610351562,146.72000122070312,140.67999267578125,142.47999572753906,139.8701171875,128138200,AAPL
2022-09-30,141.27999877929688,143.10000610351562,138.0,138.1999969482422,135.6685028076172,124925300,AAPL
2022-10-03,138.2100067138672,143.07000732421875,137.69000244140625,142.4499969482422,139.84068298339844,114311700,AAPL
2022-10-04,145.02999877929688,146.22000122070312,144.25999450683594,146.10000610351562,143.42385864257812,87830100,AAPL
2022-10-05,144.07000732421875,147.3800048828125,143.00999450683594,146.39999389648438,143.7183380126953,79471000,AAPL
2022-10-06,145.80999755859375,147.5399932861328,145.22000122070312,145.42999267578125,142.76608276367188,68402200,AAPL
2022-10-07,142.5399932861328,143.10000610351562,139.4499969482422,140.08999633789062,137.52389526367188,85925600,AAPL
2022-10-10,140.4199981689453,141.88999938964844,138.57000732421875,140.4199981689453,137.8478546142578,74899000,AAPL
2022-10-11,139.89999389648438,141.35000610351562,138.22000122070312,138.97999572753906,136.4342498779297,77033700,AAPL
2022-10-12,139.1300048828125,140.36000061035156,138.16000366210938,138.33999633789062,135.80596923828125,70433700,AAPL
2022-10-13,134.99000549316406,143.58999633789062,134.3699951171875,142.99000549316406,140.3708038330078,113224000,AAPL
2022-10-14,144.30999755859375,144.52000427246094,138.19000244140625,138.3800048828125,135.84524536132812,88598000,AAPL
2022-10-17,141.07000732421875,142.89999389648438,140.27000427246094,142.41000366210938,139.8014373779297,85250900,AAPL
2022-10-18,145.49000549316406,146.6999969482422,140.61000061035156,143.75,141.11688232421875,99136600,AAPL
2022-10-19,141.69000244140625,144.9499969482422,141.5,143.86000061035156,141.224853515625,61758300,AAPL
2022-10-20,143.02000427246094,145.88999938964844,142.64999389648438,143.38999938964844,140.7634735107422,64522000,AAPL
2022-10-21,142.8699951171875,147.85000610351562,142.64999389648438,147.27000427246094,144.57240295410156,86548600,AAPL
2022-10-24,147.19000244140625,150.22999572753906,146.0,149.4499969482422,146.71246337890625,75981900,AAPL
2022-10-25,150.08999633789062,152.49000549316406,149.36000061035156,152.33999633789062,149.54953002929688,74732300,AAPL
2022-10-26,150.9600067138672,151.99000549316406,148.0399932861328,149.35000610351562,146.61427307128906,88194300,AAPL
2022-10-27,148.07000732421875,149.0500030517578,144.1300048828125,144.8000030517578,142.14764404296875,109180200,AAPL
2022-10-28,148.1999969482422,157.5,147.82000732421875,155.74000549316406,152.88722229003906,164762400,AAPL
2022-10-31,153.16000366210938,154.24000549316406,151.9199981689453,153.33999633789062,150.5312042236328,97943200,AAPL
2022-11-01,155.0800018310547,155.4499969482422,149.1300048828125,150.64999389648438,147.89048767089844,80379300,AAPL
2022-11-02,148.9499969482422,152.1699981689453,145.0,145.02999877929688,142.37339782714844,93604600,AAPL
2022-11-03,142.05999755859375,142.8000030517578,138.75,138.8800048828125,136.33607482910156,97918500,AAPL
2022-11-04,142.08999633789062,142.6699981689453,134.3800048828125,138.3800048828125,136.0706024169922,140814800,AAPL
2022-11-07,137.11000061035156,139.14999389648438,135.6699981689453,138.9199981689453,136.60157775878906,83374600,AAPL
2022-11-08,140.41000366210938,141.42999267578125,137.49000549316406,139.5,137.17190551757812,89908500,AAPL
2022-11-09,138.5,138.5500030517578,134.58999633789062,134.8699951171875,132.61915588378906,74917800,AAPL
2022-11-10,141.24000549316406,146.8699951171875,139.5,146.8699951171875,144.4188995361328,118854000,AAPL
2022-11-11,145.82000732421875,150.00999450683594,144.3699951171875,149.6999969482422,147.20164489746094,93979700,AAPL
2022-11-14,148.97000122070312,150.27999877929688,147.42999267578125,148.27999877929688,145.8053436279297,73374100,AAPL
2022-11-15,152.22000122070312,153.58999633789062,148.55999755859375,150.0399932861328,147.5359649658203,89868300,AAPL
2022-11-16,149.1300048828125,149.8699951171875,147.2899932861328,148.7899932861328,146.3068389892578,64218300,AAPL
2022-11-17,146.42999267578125,151.47999572753906,146.14999389648438,150.72000122070312,148.20465087890625,80389400,AAPL
2022-11-18,152.30999755859375,152.6999969482422,149.97000122070312,151.2899932861328,148.76512145996094,74829600,AAPL
2022-11-21,150.16000366210938,150.3699951171875,147.72000122070312,148.00999450683594,145.5398712158203,58724100,AAPL
2022-11-22,148.1300048828125,150.4199981689453,146.92999267578125,150.17999267578125,147.6736602783203,51804100,AAPL
2022-11-23,149.4499969482422,151.8300018310547,149.33999633789062,151.07000732421875,148.548828125,58301400,AAPL
2022-11-25,148.30999755859375,148.8800048828125,147.1199951171875,148.11000061035156,145.6382293701172,35195900,AAPL
2022-11-28,145.13999938964844,146.63999938964844,143.3800048828125,144.22000122070312,141.8131561279297,69246000,AAPL
2022-11-29,144.2899932861328,144.80999755859375,140.35000610351562,141.1699981689453,138.8140106201172,83763800,AAPL
2022-11-30,141.39999389648438,148.72000122070312,140.5500030517578,148.02999877929688,145.55955505371094,111380900,AAPL
2022-12-01,148.2100067138672,149.1300048828125,146.61000061035156,148.30999755859375,145.83486938476562,71250400,AAPL
2022-12-02,145.9600067138672,148.0,145.64999389648438,147.80999755859375,145.34320068359375,65447400,AAPL
2022-12-05,147.77000427246094,150.9199981689453,145.77000427246094,146.6300048828125,144.18289184570312,68826400,AAPL
2022-12-06,147.07000732421875,147.3000030517578,141.9199981689453,142.91000366210938,140.52500915527344,64727200,AAPL
2022-12-07,142.19000244140625,143.3699951171875,140.0,140.94000244140625,138.58786010742188,69721100,AAPL
2022-12-08,142.36000061035156,143.52000427246094,141.10000610351562,142.64999389648438,140.26931762695312,62128300,AAPL
2022-12-09,142.33999633789062,145.57000732421875,140.89999389648438,142.16000366210938,139.7874755859375,76097000,AAPL
2022-12-12,142.6999969482422,144.5,141.05999755859375,144.49000549316406,142.07861328125,70462700,AAPL
2022-12-13,149.5,149.97000122070312,144.24000549316406,145.47000122070312,143.04225158691406,93886200,AAPL
2022-12-14,145.35000610351562,146.66000366210938,141.16000366210938,143.2100067138672,140.81997680664062,82291200,AAPL
2022-12-15,141.11000061035156,141.8000030517578,136.02999877929688,136.5,134.22193908691406,98931900,AAPL
2022-12-16,136.69000244140625,137.64999389648438,133.72999572753906,134.50999450683594,132.2651824951172,160156900,AAPL
2022-12-19,135.11000061035156,135.1999969482422,131.32000732421875,132.3699951171875,130.16087341308594,79592600,AAPL
2022-12-20,131.38999938964844,133.25,129.88999938964844,132.3000030517578,130.09205627441406,77432800,AAPL
2022-12-21,132.97999572753906,136.80999755859375,132.75,135.4499969482422,133.18948364257812,85928000,AAPL
2022-12-22,134.35000610351562,134.55999755859375,130.3000030517578,132.22999572753906,130.02322387695312,77852100,AAPL
2022-12-23,130.9199981689453,132.4199981689453,129.63999938964844,131.86000061035156,129.6593780517578,63814900,AAPL
2022-12-27,131.3800048828125,131.41000366210938,128.72000122070312,130.02999877929688,127.85993957519531,69007800,AAPL
2022-12-28,129.6699981689453,131.02999877929688,125.87000274658203,126.04000091552734,123.93651580810547,85438400,AAPL
2022-12-29,127.98999786376953,130.47999572753906,127.7300033569336,129.61000061035156,127.44692993164062,75703700,AAPL
2022-12-30,128.41000366210938,129.9499969482422,127.43000030517578,129.92999267578125,127.76162719726562,77034200,AAPL
2023-01-03,130.27999877929688,130.89999389648438,124.16999816894531,125.06999969482422,122.98271179199219,112117500,AAPL
2023-01-04,126.88999938964844,128.66000366210938,125.08000183105469,126.36000061035156,124.25118255615234,89113600,AAPL
2023-01-05,127.12999725341797,127.7699966430664,124.76000213623047,125.0199966430664,122.93354034423828,80962700,AAPL
2023-01-06,126.01000213623047,130.2899932861328,124.88999938964844,129.6199951171875,127.45674896240234,87754700,AAPL
2023-01-09,130.47000122070312,133.41000366210938,129.88999938964844,130.14999389648438,127.97789764404297,70790800,AAPL
2023-01-10,130.25999450683594,131.25999450683594,128.1199951171875,130.72999572753906,128.5482635498047,63896200,AAPL
2023-01-11,131.25,133.50999450683594,130.4600067138672,133.49000549316406,131.26219177246094,69458900,AAPL
2023-01-12,133.8800048828125,134.25999450683594,131.44000244140625,133.41000366210938,131.1835479736328,71379600,AAPL
2023-01-13,132.02999877929688,134.9199981689453,131.66000366210938,134.75999450683594,132.51097106933594,57809700,AAPL
2023-01-17,134.8300018310547,137.2899932861328,134.1300048828125,135.94000244140625,133.6713104248047,63646600,AAPL
2023-01-18,136.82000732421875,138.61000061035156,135.02999877929688,135.2100067138672,132.95352172851562,69672800,AAPL
2023-01-19,134.0800018310547,136.25,133.77000427246094,135.27000427246094,133.0124969482422,58280400,AAPL
2023-01-20,135.27999877929688,138.02000427246094,134.22000122070312,137.8699951171875,135.569091796875,80223600,AAPL
2023-01-23,138.1199951171875,143.32000732421875,137.89999389648438,141.11000061035156,138.75502014160156,81760300,AAPL
2023-01-24,140.30999755859375,143.16000366210938,140.3000030517578,142.52999877929688,140.1513214111328,66435100,AAPL
2023-01-25,140.88999938964844,142.42999267578125,138.80999755859375,141.86000061035156,139.4925079345703,65799300,AAPL
2023-01-26,143.1699981689453,144.25,141.89999389648438,143.9600067138672,141.55746459960938,54105100,AAPL
2023-01-27,143.16000366210938,147.22999572753906,143.0800018310547,145.92999267578125,143.49459838867188,70555800,AAPL
2023-01-30,144.9600067138672,145.5500030517578,142.85000610351562,143.0,140.6134490966797,64015300,AAPL
2023-01-31,142.6999969482422,144.33999633789062,142.27999877929688,144.2899932861328,141.8819580078125,65874500,AAPL
2023-02-01,143.97000122070312,146.61000061035156,141.32000732421875,145.42999267578125,143.0029296875,77663600,AAPL
2023-02-02,148.89999389648438,151.17999267578125,148.1699981689453,150.82000732421875,148.30296325683594,118339000,AAPL
2023-02-03,148.02999877929688,157.3800048828125,147.8300018310547,154.5,151.92153930664062,154357300,AAPL
2023-02-06,152.57000732421875,153.10000610351562,150.77999877929688,151.72999572753906,149.1977996826172,69858300,AAPL
2023-02-07,150.63999938964844,155.22999572753906,150.63999938964844,154.64999389648438,152.0690460205078,83322600,AAPL
2023-02-08,153.8800048828125,154.5800018310547,151.1699981689453,151.9199981689453,149.3845977783203,64120100,AAPL
2023-02-09,153.77999877929688,154.3300018310547,150.4199981689453,150.8699951171875,148.35211181640625,56007100,AAPL
2023-02-10,149.4600067138672,151.33999633789062,149.22000122070312,151.00999450683594,148.71652221679688,57450700,AAPL
2023-02-13,150.9499969482422,154.25999450683594,150.9199981689453,153.85000610351562,151.51336669921875,62199000,AAPL
2023-02-14,152.1199951171875,153.77000427246094,150.86000061035156,153.1999969482422,150.8732452392578,61707600,AAPL
2023-02-15,153.11000061035156,155.5,152.8800048828125,155.3300018310547,152.97091674804688,65573800,AAPL
2023-02-16,153.50999450683594,156.3300018310547,153.35000610351562,153.7100067138672,151.37551879882812,68167900,AAPL
2023-02-17,152.35000610351562,153.0,150.85000610351562,152.5500030517578,150.23313903808594,59144100,AAPL
2023-02-21,150.1999969482422,151.3000030517578,148.41000366210938,148.47999572753906,146.2249298095703,58867200,AAPL
2023-02-22,148.8699951171875,149.9499969482422,147.16000366210938,148.91000366210938,146.64840698242188,51011300,AAPL
2023-02-23,150.08999633789062,150.33999633789062,147.24000549316406,149.39999389648438,147.13096618652344,48394200,AAPL
2023-02-24,147.11000061035156,147.19000244140625,145.72000122070312,146.7100067138672,144.4818572998047,55469600,AAPL
2023-02-27,147.7100067138672,149.1699981689453,147.4499969482422,147.9199981689453,145.67347717285156,44998500,AAPL
2023-02-28,147.0500030517578,149.0800018310547,146.8300018310547,147.41000366210938,145.1711883544922,50547000,AAPL
2023-03-01,146.8300018310547,147.22999572753906,145.00999450683594,145.30999755859375,143.1031036376953,55479000,AAPL
2023-03-02,144.3800048828125,146.7100067138672,143.89999389648438,145.91000366210938,143.69398498535156,52238100,AAPL
2023-03-03,148.0399932861328,151.11000061035156,147.3300018310547,151.02999877929688,148.73622131347656,70732300,AAPL
2023-03-06,153.7899932861328,156.3000030517578,153.4600067138672,153.8300018310547,151.4936981201172,87558000,AAPL
2023-03-07,153.6999969482422,154.02999877929688,151.1300048828125,151.60000610351562,149.29757690429688,56182000,AAPL
2023-03-08,152.80999755859375,153.47000122070312,151.8300018310547,152.8699951171875,150.5482635498047,47204800,AAPL
2023-03-09,153.55999755859375,154.5399932861328,150.22999572753906,150.58999633789062,148.30288696289062,53833600,AAPL
2023-03-10,150.2100067138672,150.94000244140625,147.61000061035156,148.5,146.24464416503906,68572400,AAPL
2023-03-13,147.80999755859375,153.13999938964844,147.6999969482422,150.47000122070312,148.1847381591797,84457100,AAPL
2023-03-14,151.27999877929688,153.39999389648438,150.10000610351562,152.58999633789062,150.2725372314453,73695900,AAPL
2023-03-15,151.19000244140625,153.25,149.9199981689453,152.99000549316406,150.66647338867188,77167900,AAPL
2023-03-16,152.16000366210938,156.4600067138672,151.63999938964844,155.85000610351562,153.48301696777344,76161100,AAPL
2023-03-17,156.0800018310547,156.74000549316406,154.27999877929688,155.0,152.6459197998047,98944600,AAPL
2023-03-20,155.07000732421875,157.82000732421875,154.14999389648438,157.39999389648438,155.00946044921875,73641400,AAPL
2023-03-21,157.32000732421875,159.39999389648438,156.5399932861328,159.27999877929688,156.86093139648438,73938300,AAPL
2023-03-22,159.3000030517578,162.13999938964844,157.80999755859375,157.8300018310547,155.43295288085938,75701800,AAPL
2023-03-23,158.8300018310547,161.5500030517578,157.67999267578125,158.92999267578125,156.51622009277344,67622100,AAPL
2023-03-24,158.86000061035156,160.33999633789062,157.85000610351562,160.25,157.81619262695312,59196500,AAPL
2023-03-27,159.94000244140625,160.77000427246094,157.8699951171875,158.27999877929688,155.87611389160156,52390300,AAPL
2023-03-28,157.97000122070312,158.49000549316406,155.97999572753906,157.64999389648438,155.25567626953125,45992200,AAPL
2023-03-29,159.3699951171875,161.0500030517578,159.35000610351562,160.77000427246094,158.32826232910156,51305700,AAPL
2023-03-30,161.52999877929688,162.47000122070312,161.27000427246094,162.36000061035156,159.89418029785156,49501700,AAPL
2023-03-31,162.44000244140625,165.0,161.91000366210938,164.89999389648438,162.3955535888672,68749800,AAPL
2023-04-03,164.27000427246094,166.2899932861328,164.22000122070312,166.1699981689453,163.6462860107422,56976200,AAPL
2023-04-04,166.60000610351562,166.83999633789062,165.11000061035156,165.6300048828125,163.114501953125,46278300,AAPL
2023-04-05,164.74000549316406,165.0500030517578,161.8000030517578,163.75999450683594,161.27288818359375,51511700,AAPL
2023-04-06,162.42999267578125,164.9600067138672,162.0,164.66000366210938,162.15921020507812,45390100,AAPL
2023-04-10,161.4199981689453,162.02999877929688,160.0800018310547,162.02999877929688,159.5691680908203,47716900,AAPL
2023-04-11,162.35000610351562,162.36000061035156,160.50999450683594,160.8000030517578,158.3578643798828,47644200,AAPL
2023-04-12,161.22000122070312,162.05999755859375,159.77999877929688,160.10000610351562,157.6685028076172,50133100,AAPL
2023-04-13,161.6300048828125,165.8000030517578,161.4199981689453,165.55999755859375,163.0455322265625,68445600,AAPL
2023-04-14,164.58999633789062,166.32000732421875,163.82000732421875,165.2100067138672,162.70091247558594,49386500,AAPL
2023-04-17,165.08999633789062,165.38999938964844,164.02999877929688,165.22999572753906,162.7205352783203,41516200,AAPL
2023-04-18,166.10000610351562,167.41000366210938,165.64999389648438,166.47000122070312,163.9417266845703,49923000,AAPL
2023-04-19,165.8000030517578,168.16000366210938,165.5399932861328,167.6300048828125,165.0841064453125,47720200,AAPL
2023-04-20,166.08999633789062,167.8699951171875,165.55999755859375,166.64999389648438,164.11900329589844,52456400,AAPL
2023-04-21,165.0500030517578,166.4499969482422,164.49000549316406,165.02000427246094,162.5137481689453,58337300,AAPL
2023-04-24,165.0,165.60000610351562,163.88999938964844,165.3300018310547,162.81906127929688,41949600,AAPL
2023-04-25,165.19000244140625,166.30999755859375,163.72999572753906,163.77000427246094,161.28273010253906,48714100,AAPL
2023-04-26,163.05999755859375,165.27999877929688,162.8000030517578,163.75999450683594,161.27288818359375,45498800,AAPL
2023-04-27,165.19000244140625,168.55999755859375,165.19000244140625,168.41000366210938,165.85226440429688,64902300,AAPL
2023-04-28,168.49000549316406,169.85000610351562,167.8800048828125,169.67999267578125,167.1029510498047,55275900,AAPL
2023-05-01,169.27999877929688,170.4499969482422,168.63999938964844,169.58999633789062,167.01434326171875,52472900,AAPL
2023-05-02,170.08999633789062,170.35000610351562,167.5399932861328,168.5399932861328,165.98025512695312,48425700,AAPL
2023-05-03,169.5,170.9199981689453,167.16000366210938,167.4499969482422,164.90682983398438,65136000,AAPL
2023-05-04,164.88999938964844,167.0399932861328,164.30999755859375,165.7899932861328,163.2720489501953,81235400,AAPL
2023-05-05,170.97999572753906,174.3000030517578,170.75999450683594,173.57000732421875,170.9338836669922,113453200,AAPL
2023-05-08,172.47999572753906,173.85000610351562,172.11000061035156,173.5,170.86495971679688,55962800,AAPL
2023-05-09,173.0500030517578,173.5399932861328,171.60000610351562,171.77000427246094,169.1612548828125,45326900,AAPL
2023-05-10,173.02000427246094,174.02999877929688,171.89999389648438,173.55999755859375,170.92405700683594,53724500,AAPL
2023-05-11,173.85000610351562,174.58999633789062,172.1699981689453,173.75,171.1111602783203,49514700,AAPL
2023-05-12,173.6199951171875,174.05999755859375,171.0,172.57000732421875,170.18417358398438,45533100,AAPL
2023-05-15,173.16000366210938,173.2100067138672,171.47000122070312,172.07000732421875,169.6910858154297,37266700,AAPL
2023-05-16,171.99000549316406,173.13999938964844,171.8000030517578,172.07000732421875,169.6910858154297,42110300,AAPL
2023-05-17,171.7100067138672,172.92999267578125,170.4199981689453,172.69000244140625,170.30250549316406,57951600,AAPL
2023-05-18,173.0,175.24000549316406,172.5800018310547,175.0500030517578,172.62989807128906,65496700,AAPL
2023-05-19,176.38999938964844,176.38999938964844,174.94000244140625,175.16000366210938,172.7383575439453,55809500,AAPL
2023-05-22,173.97999572753906,174.7100067138672,173.4499969482422,174.1999969482422,171.79161071777344,43570900,AAPL
2023-05-23,173.1300048828125,173.3800048828125,171.27999877929688,171.55999755859375,169.18809509277344,50747300,AAPL
2023-05-24,171.08999633789062,172.4199981689453,170.52000427246094,171.83999633789062,169.46424865722656,45143500,AAPL
2023-05-25,172.41000366210938,173.89999389648438,171.69000244140625,172.99000549316406,170.59835815429688,56058300,AAPL
2023-05-26,173.32000732421875,175.77000427246094,173.11000061035156,175.42999267578125,173.00460815429688,54835000,AAPL
2023-05-30,176.9600067138672,178.99000549316406,176.57000732421875,177.3000030517578,174.84877014160156,55964400,AAPL
2023-05-31,177.3300018310547,179.35000610351562,176.75999450683594,177.25,174.7994384765625,99625300,AAPL
2023-06-01,177.6999969482422,180.1199951171875,176.92999267578125,180.08999633789062,177.6001739501953,68901800,AAPL
2023-06-02,181.02999877929688,181.77999877929688,179.25999450683594,180.9499969482422,178.44827270507812,61996900,AAPL
2023-06-05,182.6300048828125,184.9499969482422,178.0399932861328,179.5800018310547,177.0972442626953,121946500,AAPL
2023-06-06,179.97000122070312,180.1199951171875,177.42999267578125,179.2100067138672,176.73236083984375,64848400,AAPL
2023-06-07,178.44000244140625,181.2100067138672,177.32000732421875,177.82000732421875,175.361572265625,61944600,AAPL
2023-06-08,177.89999389648438,180.83999633789062,177.4600067138672,180.57000732421875,178.0735321044922,50214900,AAPL
2023-06-09,181.5,182.22999572753906,180.6300048828125,180.9600067138672,178.4581756591797,48900000,AAPL
2023-06-12,181.27000427246094,183.88999938964844,180.97000122070312,183.7899932861328,181.24900817871094,54274900,AAPL
2023-06-13,182.8000030517578,184.14999389648438,182.44000244140625,183.30999755859375,180.7756805419922,54929100,AAPL
2023-06-14,183.3699951171875,184.38999938964844,182.02000427246094,183.9499969482422,181.40684509277344,57462900,AAPL
2023-06-15,183.9600067138672,186.52000427246094,183.77999877929688,186.00999450683594,183.4383087158203,65433200,AAPL
2023-06-16,186.72999572753906,186.99000549316406,184.27000427246094,184.9199981689453,182.36341857910156,101256200,AAPL
2023-06-20,184.41000366210938,186.10000610351562,184.41000366210938,185.00999450683594,182.45217895507812,49799100,AAPL
2023-06-21,184.89999389648438,185.41000366210938,182.58999633789062,183.9600067138672,181.4166717529297,49515700,AAPL
2023-06-22,183.74000549316406,187.0500030517578,183.6699981689453,187.0,184.41465759277344,51245300,AAPL
2023-06-23,185.5500030517578,187.55999755859375,185.00999450683594,186.67999267578125,184.09906005859375,53117000,AAPL
2023-06-26,186.8300018310547,188.0500030517578,185.22999572753906,185.27000427246094,182.70858764648438,48088700,AAPL
2023-06-27,185.88999938964844,188.38999938964844,185.6699981689453,188.05999755859375,185.46002197265625,50730800,AAPL
2023-06-28,187.92999267578125,189.89999389648438,187.60000610351562,189.25,186.63352966308594,51216800,AAPL
2023-06-29,189.0800018310547,190.07000732421875,188.94000244140625,189.58999633789062,186.9688262939453,46347300,AAPL
2023-06-30,191.6300048828125,194.47999572753906,191.25999450683594,193.97000122070312,191.288330078125,85213200,AAPL
2023-07-03,193.77999877929688,193.8800048828125,191.75999450683594,192.4600067138672,189.79916381835938,31458200,AAPL
2023-07-05,191.57000732421875,192.97999572753906,190.6199951171875,191.3300018310547,188.68478393554688,46920300,AAPL
2023-07-06,189.83999633789062,192.02000427246094,189.1999969482422,191.80999755859375,189.15814208984375,45094300,AAPL
2023-07-07,191.41000366210938,192.6699981689453,190.24000549316406,190.67999267578125,188.0437774658203,46815000,AAPL
2023-07-10,189.25999450683594,189.99000549316406,187.0399932861328,188.61000061035156,186.00241088867188,59922200,AAPL
2023-07-11,189.16000366210938,189.3000030517578,186.60000610351562,188.0800018310547,185.479736328125,46638100,AAPL
2023-07-12,189.67999267578125,191.6999969482422,188.47000122070312,189.77000427246094,187.1463623046875,60750200,AAPL
2023-07-13,190.5,191.19000244140625,189.77999877929688,190.5399932861328,187.9056854248047,41342300,AAPL
2023-07-14,190.22999572753906,191.17999267578125,189.6300048828125,190.69000244140625,188.05364990234375,41616200,AAPL
2023-07-17,191.89999389648438,194.32000732421875,191.80999755859375,193.99000549316406,191.30801391601562,50520200,AAPL
2023-07-18,193.35000610351562,194.3300018310547,192.4199981689453,193.72999572753906,191.05162048339844,48288200,AAPL
2023-07-19,193.10000610351562,198.22999572753906,192.64999389648438,195.10000610351562,192.40267944335938,80507300,AAPL
2023-07-20,195.08999633789062,196.47000122070312,192.5,193.1300048828125,190.4599151611328,59581200,AAPL
2023-07-21,194.10000610351562,194.97000122070312,191.22999572753906,191.94000244140625,189.286376953125,71951700,AAPL
2023-07-24,193.41000366210938,194.91000366210938,192.25,192.75,190.0851593017578,45377800,AAPL
2023-07-25,193.3300018310547,194.44000244140625,192.9199981689453,193.6199951171875,190.94313049316406,37283200,AAPL
2023-07-26,193.6699981689453,195.63999938964844,193.32000732421875,194.5,191.81097412109375,47471900,AAPL
2023-07-27,196.02000427246094,197.1999969482422,192.5500030517578,193.22000122070312,190.5486602783203,47460200,AAPL
2023-07-28,194.6699981689453,196.6300048828125,194.13999938964844,195.8300018310547,193.12258911132812,48291400,AAPL
2023-07-31,196.05999755859375,196.49000549316406,195.25999450683594,196.4499969482422,193.73397827148438,38824100,AAPL
2023-08-01,196.24000549316406,196.72999572753906,195.27999877929688,195.61000061035156,192.90560913085938,35175100,AAPL
2023-08-02,195.0399932861328,195.17999267578125,191.85000610351562,192.5800018310547,189.91749572753906,50389300,AAPL
2023-08-03,191.57000732421875,192.3699951171875,190.69000244140625,191.1699981689453,188.52699279785156,61235200,AAPL
2023-08-04,185.52000427246094,187.3800048828125,181.9199981689453,181.99000549316406,179.4739227294922,115956800,AAPL
2023-08-07,182.1300048828125,183.1300048828125,177.35000610351562,178.85000610351562,176.37734985351562,97576100,AAPL
2023-08-08,179.69000244140625,180.27000427246094,177.5800018310547,179.8000030517578,177.314208984375,67823000,AAPL
2023-08-09,180.8699951171875,180.92999267578125,177.00999450683594,178.19000244140625,175.72645568847656,60378500,AAPL
2023-08-10,179.47999572753906,180.75,177.60000610351562,177.97000122070312,175.5094757080078,54686900,AAPL
2023-08-11,177.32000732421875,178.6199951171875,176.5500030517578,177.7899932861328,175.56874084472656,52036700,AAPL
2023-08-14,177.97000122070312,179.69000244140625,177.30999755859375,179.4600067138672,177.21786499023438,43675600,AAPL
2023-08-15,178.8800048828125,179.47999572753906,177.0500030517578,177.4499969482422,175.23300170898438,43622600,AAPL
2023-08-16,177.1300048828125,178.5399932861328,176.5,176.57000732421875,174.36399841308594,46964900,AAPL
2023-08-17,177.13999938964844,177.50999450683594,173.47999572753906,174.0,171.82608032226562,66062900,AAPL
2023-08-18,172.3000030517578,175.10000610351562,171.9600067138672,174.49000549316406,172.3099822998047,61172200,AAPL
2023-08-21,175.07000732421875,176.1300048828125,173.74000549316406,175.83999633789062,173.6431121826172,46311900,AAPL
2023-08-22,177.05999755859375,177.67999267578125,176.25,177.22999572753906,175.01571655273438,42038900,AAPL
2023-08-23,178.52000427246094,181.5500030517578,178.3300018310547,181.1199951171875,178.8571319580078,52722800,AAPL
2023-08-24,180.6699981689453,181.10000610351562,176.00999450683594,176.3800048828125,174.17637634277344,54945800,AAPL
2023-08-25,177.3800048828125,179.14999389648438,175.82000732421875,178.61000061035156,176.37850952148438,51449600,AAPL
2023-08-28,180.08999633789062,180.58999633789062,178.5500030517578,180.19000244140625,177.93878173828125,43820700,AAPL
2023-08-29,179.6999969482422,184.89999389648438,179.5,184.1199951171875,181.8196563720703,53003900,AAPL
2023-08-30,184.94000244140625,187.85000610351562,184.74000549316406,187.64999389648438,185.30555725097656,60813900,AAPL
2023-08-31,187.83999633789062,189.1199951171875,187.47999572753906,187.8699951171875,185.52279663085938,60794500,AAPL
2023-09-01,189.49000549316406,189.9199981689453,188.27999877929688,189.4600067138672,187.09295654296875,45766500,AAPL
2023-09-05,188.27999877929688,189.97999572753906,187.61000061035156,189.6999969482422,187.32994079589844,45280000,AAPL
2023-09-06,188.39999389648438,188.85000610351562,181.47000122070312,182.91000366210938,180.62478637695312,81755800,AAPL
2023-09-07,175.17999267578125,178.2100067138672,173.5399932861328,177.55999755859375,175.34161376953125,112488800,AAPL
2023-09-08,178.35000610351562,180.24000549316406,177.7899932861328,178.17999267578125,175.953857421875,65551300,AAPL
2023-09-11,180.07000732421875,180.3000030517578,177.33999633789062,179.36000061035156,177.119140625,58953100,AAPL
2023-09-12,179.49000549316406,180.1300048828125,174.82000732421875,176.3000030517578,174.09738159179688,90370200,AAPL
2023-09-13,176.50999450683594,177.3000030517578,173.97999572753906,174.2100067138672,172.03346252441406,84267900,AAPL
2023-09-14,174.0,176.10000610351562,173.5800018310547,175.74000549316406,173.5443572998047,60895800,AAPL
2023-09-15,176.47999572753906,176.5,173.82000732421875,175.00999450683594,172.823486328125,109259500,AAPL
2023-09-18,176.47999572753906,179.3800048828125,176.1699981689453,177.97000122070312,175.74647521972656,67257600,AAPL
2023-09-19,177.52000427246094,179.6300048828125,177.1300048828125,179.07000732421875,176.832763671875,51826900,AAPL
2023-09-20,179.25999450683594,179.6999969482422,175.39999389648438,175.49000549316406,173.29747009277344,58436200,AAPL
2023-09-21,174.5500030517578,176.3000030517578,173.86000061035156,173.92999267578125,171.75697326660156,63149100,AAPL
2023-09-22,174.6699981689453,177.0800018310547,174.0500030517578,174.7899932861328,172.60623168945312,56725400,AAPL
2023-09-25,174.1999969482422,176.97000122070312,174.14999389648438,176.0800018310547,173.88011169433594,46172700,AAPL
2023-09-26,174.82000732421875,175.1999969482422,171.66000366210938,171.9600067138672,169.8115997314453,64588900,AAPL
2023-09-27,172.6199951171875,173.0399932861328,169.0500030517578,170.42999267578125,168.3007049560547,66921800,AAPL
2023-09-28,169.33999633789062,172.02999877929688,167.6199951171875,170.69000244140625,168.5574493408203,56294400,AAPL
2023-09-29,172.02000427246094,173.07000732421875,170.33999633789062,171.2100067138672,169.07095336914062,51861100,AAPL
2023-10-02,171.22000122070312,174.3000030517578,170.92999267578125,173.75,171.57920837402344,52164500,AAPL
2023-10-03,172.25999450683594,173.6300048828125,170.82000732421875,172.39999389648438,170.24607849121094,49594600,AAPL
2023-10-04,171.08999633789062,174.2100067138672,170.97000122070312,173.66000366210938,171.4903564453125,53020300,AAPL
2023-10-05,173.7899932861328,175.4499969482422,172.67999267578125,174.91000366210938,172.72474670410156,48527900,AAPL
2023-10-06,173.8000030517578,177.99000549316406,173.17999267578125,177.49000549316406,175.27249145507812,57266700,AAPL
2023-10-09,176.80999755859375,179.0500030517578,175.8000030517578,178.99000549316406,176.75375366210938,42390800,AAPL
2023-10-10,178.10000610351562,179.72000122070312,177.9499969482422,178.38999938964844,176.16123962402344,43698000,AAPL
2023-10-11,178.1999969482422,179.85000610351562,177.60000610351562,179.8000030517578,177.5536346435547,47551100,AAPL
2023-10-12,180.07000732421875,182.33999633789062,179.0399932861328,180.7100067138672,178.45225524902344,56743100,AAPL
2023-10-13,181.4199981689453,181.92999267578125,178.13999938964844,178.85000610351562,176.61553955078125,51427100,AAPL
2023-10-16,176.75,179.0800018310547,176.50999450683594,178.72000122070312,176.4871368408203,52517000,AAPL
2023-10-17,176.64999389648438,178.4199981689453,174.8000030517578,177.14999389648438,174.9367218017578,57549400,AAPL
2023-10-18,175.5800018310547,177.5800018310547,175.11000061035156,175.83999633789062,173.6431121826172,54764400,AAPL
2023-10-19,176.0399932861328,177.83999633789062,175.19000244140625,175.4600067138672,173.2678680419922,59302900,AAPL
2023-10-20,175.30999755859375,175.4199981689453,172.63999938964844,172.8800048828125,170.72012329101562,64244000,AAPL
2023-10-23,170.91000366210938,174.00999450683594,169.92999267578125,173.0,170.83859252929688,55980100,AAPL
2023-10-24,173.0500030517578,173.6699981689453,171.4499969482422,173.44000244140625,171.2731170654297,43816600,AAPL
2023-10-25,171.8800048828125,173.05999755859375,170.64999389648438,171.10000610351562,168.96234130859375,57157000,AAPL
2023-10-26,170.3699951171875,171.3800048828125,165.6699981689453,166.88999938964844,164.804931640625,70625300,AAPL
2023-10-27,166.91000366210938,168.9600067138672,166.8300018310547,168.22000122070312,166.11830139160156,58499100,AAPL
2023-10-30,169.02000427246094,171.1699981689453,168.8699951171875,170.2899932861328,168.16246032714844,51131000,AAPL
2023-10-31,169.35000610351562,170.89999389648438,167.89999389648438,170.77000427246094,168.63648986816406,44846000,AAPL
2023-11-01,171.0,174.22999572753906,170.1199951171875,173.97000122070312,171.79647827148438,56934900,AAPL
2023-11-02,175.52000427246094,177.77999877929688,175.4600067138672,177.57000732421875,175.35150146484375,77334800,AAPL
2023-11-03,174.24000549316406,176.82000732421875,173.35000610351562,176.64999389648438,174.44296264648438,79829200,AAPL
2023-11-06,176.3800048828125,179.42999267578125,176.2100067138672,179.22999572753906,176.99075317382812,63841300,AAPL
2023-11-07,179.17999267578125,182.44000244140625,178.97000122070312,181.82000732421875,179.5483856201172,70530000,AAPL
2023-11-08,182.35000610351562,183.4499969482422,181.58999633789062,182.88999938964844,180.6050262451172,49340300,AAPL
2023-11-09,182.9600067138672,184.1199951171875,181.80999755859375,182.41000366210938,180.1310272216797,53763500,AAPL
2023-11-10,183.97000122070312,186.57000732421875,183.52999877929688,186.39999389648438,184.3136749267578,66133400,AAPL
2023-11-13,185.82000732421875,186.02999877929688,184.2100067138672,184.8000030517578,182.73159790039062,43627500,AAPL
2023-11-14,187.6999969482422,188.11000061035156,186.3000030517578,187.44000244140625,185.342041015625,60108400,AAPL
2023-11-15,187.85000610351562,189.5,187.77999877929688,188.00999450683594,185.90567016601562,53790500,AAPL
2023-11-16,189.57000732421875,190.9600067138672,188.64999389648438,189.7100067138672,187.5866241455078,54412900,AAPL
2023-11-17,190.25,190.3800048828125,188.57000732421875,189.69000244140625,187.56687927246094,50922700,AAPL
2023-11-20,189.88999938964844,191.91000366210938,189.8800048828125,191.4499969482422,189.30714416503906,46505100,AAPL
2023-11-21,191.41000366210938,191.52000427246094,189.74000549316406,190.63999938964844,188.50621032714844,38134500,AAPL
2023-11-22,191.49000549316406,192.92999267578125,190.8300018310547,191.30999755859375,189.16871643066406,39617700,AAPL
2023-11-24,190.8699951171875,190.89999389648438,189.25,189.97000122070312,187.84373474121094,24048300,AAPL
2023-11-27,189.9199981689453,190.6699981689453,188.89999389648438,189.7899932861328,187.66575622558594,40552600,AAPL
2023-11-28,189.77999877929688,191.0800018310547,189.39999389648438,190.39999389648438,188.26889038085938,38415400,AAPL
2023-11-29,190.89999389648438,192.08999633789062,188.97000122070312,189.3699951171875,187.2504425048828,43014200,AAPL
2023-11-30,189.83999633789062,190.32000732421875,188.19000244140625,189.9499969482422,187.8239288330078,48794400,AAPL
2023-12-01,190.3300018310547,191.55999755859375,189.22999572753906,191.24000549316406,189.0994873046875,45704800,AAPL
2023-12-04,189.97999572753906,190.0500030517578,187.4499969482422,189.42999267578125,187.30972290039062,43389500,AAPL
2023-12-05,190.2100067138672,194.39999389648438,190.17999267578125,193.4199981689453,191.25509643554688,66628400,AAPL
2023-12-06,194.4499969482422,194.75999450683594,192.11000061035156,192.32000732421875,190.1674041748047,41089700,AAPL
2023-12-07,193.6300048828125,195.0,193.58999633789062,194.27000427246094,192.09561157226562,47477700,AAPL
2023-12-08,194.1999969482422,195.99000549316406,193.6699981689453,195.7100067138672,193.5194854736328,53406400,AAPL
2023-12-11,193.11000061035156,193.49000549316406,191.4199981689453,193.17999267578125,191.0177764892578,60943700,AAPL
2023-12-12,193.0800018310547,194.72000122070312,191.72000122070312,194.7100067138672,192.53067016601562,52696900,AAPL
2023-12-13,195.08999633789062,198.0,194.85000610351562,197.9600067138672,195.74429321289062,70404200,AAPL
2023-12-14,198.02000427246094,199.6199951171875,196.16000366210938,198.11000061035156,195.89263916015625,66831600,AAPL
2023-12-15,197.52999877929688,198.39999389648438,197.0,197.57000732421875,195.35867309570312,128538400,AAPL
2023-12-18,196.08999633789062,196.6300048828125,194.38999938964844,195.88999938964844,193.69747924804688,55751900,AAPL
2023-12-19,196.16000366210938,196.9499969482422,195.88999938964844,196.94000244140625,194.7357177734375,40714100,AAPL
2023-12-20,196.89999389648438,197.67999267578125,194.8300018310547,194.8300018310547,192.64932250976562,52242800,AAPL
2023-12-21,196.10000610351562,197.0800018310547,193.5,194.67999267578125,192.5010223388672,46482500,AAPL
2023-12-22,195.17999267578125,195.41000366210938,192.97000122070312,193.60000610351562,191.43309020996094,37149600,AAPL
2023-12-26,193.61000061035156,193.88999938964844,192.8300018310547,193.0500030517578,190.8892364501953,28919300,AAPL
2023-12-27,192.49000549316406,193.5,191.08999633789062,193.14999389648438,190.98812866210938,48087700,AAPL
2023-12-28,194.13999938964844,194.66000366210938,193.1699981689453,193.5800018310547,191.41331481933594,34049900,AAPL
2023-12-29,193.89999389648438,194.39999389648438,191.72999572753906,192.52999877929688,190.37506103515625,42672100,AAPL
2024-01-02,187.14999389648438,188.44000244140625,183.88999938964844,185.63999938964844,183.56219482421875,82488700,AAPL
2024-01-03,184.22000122070312,185.8800048828125,183.42999267578125,184.25,182.18775939941406,58414500,AAPL
2024-01-04,182.14999389648438,183.08999633789062,180.8800048828125,181.91000366210938,179.87393188476562,71983600,AAPL
2024-01-05,181.99000549316406,182.75999450683594,180.1699981689453,181.17999267578125,179.152099609375,62379700,AAPL
2024-01-08,182.08999633789062,185.60000610351562,181.5,185.55999755859375,183.48309326171875,59144500,AAPL
2024-01-09,183.9199981689453,185.14999389648438,182.72999572753906,185.13999938964844,183.06777954101562,42841800,AAPL
2024-01-10,184.35000610351562,186.39999389648438,183.9199981689453,186.19000244140625,184.1060333251953,46792900,AAPL
2024-01-11,186.5399932861328,187.0500030517578,183.6199951171875,185.58999633789062,183.51275634765625,49128400,AAPL
2024-01-12,186.05999755859375,186.74000549316406,185.19000244140625,185.9199981689453,183.8390655517578,40477800,AAPL
2024-01-16,182.16000366210938,184.25999450683594,180.92999267578125,183.6300048828125,181.57467651367188,65603000,AAPL
2024-01-17,181.27000427246094,182.92999267578125,180.3000030517578,182.67999267578125,180.6353302001953,47317400,AAPL
2024-01-18,186.08999633789062,189.13999938964844,185.8300018310547,188.6300048828125,186.51873779296875,78005800,AAPL
2024-01-19,189.3300018310547,191.9499969482422,188.82000732421875,191.55999755859375,189.41592407226562,68903000,AAPL
2024-01-22,192.3000030517578,195.3300018310547,192.25999450683594,193.88999938964844,191.71983337402344,60133900,AAPL
2024-01-23,195.02000427246094,195.75,193.8300018310547,195.17999267578125,192.99542236328125,42355600,AAPL
2024-01-24,195.4199981689453,196.3800048828125,194.33999633789062,194.5,192.32302856445312,53631300,AAPL
2024-01-25,195.22000122070312,196.27000427246094,193.11000061035156,194.1699981689453,191.99673461914062,54822100,AAPL
2024-01-26,194.27000427246094,194.75999450683594,191.94000244140625,192.4199981689453,190.2662811279297,44594000,AAPL
2024-01-29,192.00999450683594,192.1999969482422,189.5800018310547,191.72999572753906,189.58399963378906,47145600,AAPL
2024-01-30,190.94000244140625,191.8000030517578,187.47000122070312,188.0399932861328,185.93533325195312,55859400,AAPL
2024-01-31,187.0399932861328,187.10000610351562,184.35000610351562,184.39999389648438,182.33604431152344,55467800,AAPL
2024-02-01,183.99000549316406,186.9499969482422,183.82000732421875,186.86000061035156,184.76853942871094,64885400,AAPL
2024-02-02,179.86000061035156,187.3300018310547,179.25,185.85000610351562,183.7698516845703,102551700,AAPL
2024-02-05,188.14999389648438,189.25,185.83999633789062,187.67999267578125,185.579345703125,69668800,AAPL
2024-02-06,186.86000061035156,189.30999755859375,186.77000427246094,189.3000030517578,187.18124389648438,43490800,AAPL
2024-02-07,190.63999938964844,191.0500030517578,188.61000061035156,189.41000366210938,187.2899932861328,53439000,AAPL
2024-02-08,189.38999938964844,189.5399932861328,187.35000610351562,188.32000732421875,186.21218872070312,40962000,AAPL
2024-02-09,188.64999389648438,189.99000549316406,188.0,188.85000610351562,186.9745635986328,45155200,AAPL
2024-02-12,188.4199981689453,188.6699981689453,186.7899932861328,187.14999389648438,185.2914276123047,41781900,AAPL
2024-02-13,185.77000427246094,186.2100067138672,183.50999450683594,185.0399932861328,183.20237731933594,56529500,AAPL
2024-02-14,185.32000732421875,185.52999877929688,182.44000244140625,184.14999389648438,182.32122802734375,54630500,AAPL
2024-02-15,183.5500030517578,184.49000549316406,181.35000610351562,183.86000061035156,182.03407287597656,65434500,AAPL
2024-02-16,183.4199981689453,184.85000610351562,181.6699981689453,182.30999755859375,180.49948120117188,49752500,AAPL
2024-02-20,181.7899932861328,182.42999267578125,180.0,181.55999755859375,179.75694274902344,53665600,AAPL
2024-02-21,181.94000244140625,182.88999938964844,180.66000366210938,182.32000732421875,180.5093994140625,41371400,AAPL
2024-02-22,183.47999572753906,184.9600067138672,182.4600067138672,184.3699951171875,182.5390167236328,52292200,AAPL
2024-02-23,185.00999450683594,185.0399932861328,182.22999572753906,182.52000427246094,180.7073974609375,45119700,AAPL
2024-02-26,182.24000549316406,182.75999450683594,180.64999389648438,181.16000366210938,179.36093139648438,40867400,AAPL
2024-02-27,181.10000610351562,183.9199981689453,179.55999755859375,182.6300048828125,180.8163299560547,54318900,AAPL
2024-02-28,182.50999450683594,183.1199951171875,180.1300048828125,181.4199981689453,179.61831665039062,48953900,AAPL
2024-02-29,181.27000427246094,182.57000732421875,179.52999877929688,180.75,178.95497131347656,136682600,AAPL
2024-03-01,179.5500030517578,180.52999877929688,177.3800048828125,179.66000366210938,177.87582397460938,73563100,AAPL
2024-03-04,176.14999389648438,176.89999389648438,173.7899932861328,175.10000610351562,173.36111450195312,81510100,AAPL
2024-03-05,170.75999450683594,172.0399932861328,169.6199951171875,170.1199951171875,168.43055725097656,95132400,AAPL
2024-03-06,171.05999755859375,171.24000549316406,168.67999267578125,169.1199951171875,167.44046020507812,68587700,AAPL
2024-03-07,169.14999389648438,170.72999572753906,168.49000549316406,169.0,167.32164001464844,71765100,AAPL
2024-03-08,169.0,173.6999969482422,168.94000244140625,170.72999572753906,169.0344696044922,76267000,AAPL
2024-03-11,172.94000244140625,174.3800048828125,172.0500030517578,172.75,171.034423828125,60139500,AAPL
2024-03-12,173.14999389648438,174.02999877929688,171.00999450683594,173.22999572753906,171.50967407226562,59825400,AAPL
2024-03-13,172.77000427246094,173.19000244140625,170.75999450683594,171.1300048828125,169.4305419921875,52488700,AAPL
2024-03-14,172.91000366210938,174.30999755859375,172.0500030517578,173.0,171.28192138671875,72913500,AAPL
2024-03-15,171.1699981689453,172.6199951171875,170.2899932861328,172.6199951171875,170.90570068359375,121752700,AAPL
2024-03-18,175.57000732421875,177.7100067138672,173.52000427246094,173.72000122070312,171.99481201171875,75604200,AAPL
2024-03-19,174.33999633789062,176.61000061035156,173.02999877929688,176.0800018310547,174.3313751220703,55215200,AAPL
2024-03-20,175.72000122070312,178.6699981689453,175.08999633789062,178.6699981689453,176.8956298828125,53423100,AAPL
2024-03-21,177.0500030517578,177.49000549316406,170.83999633789062,171.3699951171875,169.6681365966797,106181300,AAPL
2024-03-22,171.75999450683594,173.0500030517578,170.05999755859375,172.27999877929688,170.569091796875,71160100,AAPL
2024-03-25,170.57000732421875,171.94000244140625,169.4499969482422,170.85000610351562,169.15328979492188,54288300,AAPL
2024-03-26,170.0,171.4199981689453,169.5800018310547,169.7100067138672,168.02464294433594,57388400,AAPL
2024-03-27,170.41000366210938,173.60000610351562,170.11000061035156,173.30999755859375,171.58889770507812,60273300,AAPL
2024-03-28,171.75,172.22999572753906,170.50999450683594,171.47999572753906,169.7770538330078,65672700,AAPL
2024-04-01,171.19000244140625,171.25,169.47999572753906,170.02999877929688,168.3414306640625,46240500,AAPL
2024-04-02,169.0800018310547,169.33999633789062,168.22999572753906,168.83999633789062,167.1632537841797,49329500,AAPL
2024-04-03,168.7899932861328,170.67999267578125,168.5800018310547,169.64999389648438,167.96519470214844,47691700,AAPL
2024-04-04,170.2899932861328,171.9199981689453,168.82000732421875,168.82000732421875,167.1434783935547,53704400,AAPL
2024-04-05,169.58999633789062,170.38999938964844,168.9499969482422,169.5800018310547,167.89590454101562,42104800,AAPL
2024-04-08,169.02999877929688,169.1999969482422,168.24000549316406,168.4499969482422,166.7771453857422,37425500,AAPL
2024-04-09,168.6999969482422,170.0800018310547,168.35000610351562,169.6699981689453,167.98501586914062,42373800,AAPL
2024-04-10,168.8000030517578,169.08999633789062,167.11000061035156,167.77999877929688,166.1138153076172,49709300,AAPL
2024-04-11,168.33999633789062,175.4600067138672,168.16000366210938,175.0399932861328,173.30166625976562,91070300,AAPL
2024-04-12,174.25999450683594,178.36000061035156,174.2100067138672,176.5500030517578,174.7967071533203,101670900,AAPL
2024-04-15,175.36000061035156,176.6300048828125,172.5,172.69000244140625,170.97499084472656,73531800,AAPL
2024-04-16,171.75,173.75999450683594,168.27000427246094,169.3800048828125,167.6979217529297,73711200,AAPL
2024-04-17,169.61000061035156,170.64999389648438,168.0,168.0,166.3316192626953,50901200,AAPL
2024-04-18,168.02999877929688,168.63999938964844,166.5500030517578,167.0399932861328,165.38113403320312,43122900,AAPL
2024-04-19,166.2100067138672,166.39999389648438,164.0800018310547,165.0,163.3613739013672,68149400,AAPL
2024-04-22,165.52000427246094,167.25999450683594,164.77000427246094,165.83999633789062,164.1930389404297,48116400,AAPL
2024-04-23,165.35000610351562,167.0500030517578,164.9199981689453,166.89999389648438,165.2425079345703,49537800,AAPL
2024-04-24,166.5399932861328,169.3000030517578,166.2100067138672,169.02000427246094,167.34149169921875,48251800,AAPL
2024-04-25,169.52999877929688,170.61000061035156,168.14999389648438,169.88999938964844,168.2028350830078,50558300,AAPL
2024-04-26,169.8800048828125,171.33999633789062,169.17999267578125,169.3000030517578,167.61868286132812,44838400,AAPL
2024-04-29,173.3699951171875,176.02999877929688,173.10000610351562,173.5,171.77696228027344,68169400,AAPL
2024-04-30,173.3300018310547,174.99000549316406,170.0,170.3300018310547,168.63844299316406,65934800,AAPL
2024-05-01,169.5800018310547,172.7100067138672,169.11000061035156,169.3000030517578,167.61868286132812,50383100,AAPL
2024-05-02,172.50999450683594,173.4199981689453,170.88999938964844,173.02999877929688,171.31166076660156,94214900,AAPL
2024-05-03,186.64999389648438,187.0,182.66000366210938,183.3800048828125,181.5588836669922,163224100,AAPL
2024-05-06,182.35000610351562,184.1999969482422,180.4199981689453,181.7100067138672,179.90545654296875,78569700,AAPL
2024-05-07,183.4499969482422,184.89999389648438,181.32000732421875,182.39999389648438,180.58859252929688,77305800,AAPL
2024-05-08,182.85000610351562,183.07000732421875,181.4499969482422,182.74000549316406,180.9252166748047,45057100,AAPL
2024-05-09,182.55999755859375,184.66000366210938,182.11000061035156,184.57000732421875,182.737060546875,48983000,AAPL
2024-05-10,184.89999389648438,185.08999633789062,182.1300048828125,183.0500030517578,181.47796630859375,50759500,AAPL
2024-05-13,185.44000244140625,187.10000610351562,184.6199951171875,186.27999877929688,184.68019104003906,72044800,AAPL
2024-05-14,187.50999450683594,188.3000030517578,186.2899932861328,187.42999267578125,185.82034301757812,52393600,AAPL
2024-05-15,187.91000366210938,190.64999389648438,187.3699951171875,189.72000122070312,188.0906982421875,70400000,AAPL
2024-05-16,190.47000122070312,191.10000610351562,189.66000366210938,189.83999633789062,188.2096405029297,52845200,AAPL
2024-05-17,189.50999450683594,190.80999755859375,189.17999267578125,189.8699951171875,188.23939514160156,41282900,AAPL
2024-05-20,189.3300018310547,191.9199981689453,189.00999450683594,191.0399932861328,189.39932250976562,44361300,AAPL
2024-05-21,191.08999633789062,192.72999572753906,190.9199981689453,192.35000610351562,190.69805908203125,42309400,AAPL
2024-05-22,192.27000427246094,192.82000732421875,190.27000427246094,190.89999389648438,189.26052856445312,34648500,AAPL
2024-05-23,190.97999572753906,191.0,186.6300048828125,186.8800048828125,185.2750701904297,51005900,AAPL
2024-05-24,188.82000732421875,190.5800018310547,188.0399932861328,189.97999572753906,188.3484344482422,36327000,AAPL
2024-05-28,191.50999450683594,193.0,189.10000610351562,189.99000549316406,188.35836791992188,52280100,AAPL
2024-05-29,189.61000061035156,192.25,189.50999450683594,190.2899932861328,188.65577697753906,53068000,AAPL
2024-05-30,190.75999450683594,192.17999267578125,190.6300048828125,191.2899932861328,189.6471710205078,49889100,AAPL
2024-05-31,191.44000244140625,192.57000732421875,189.91000366210938,192.25,190.5989532470703,75158300,AAPL
2024-06-03,192.89999389648438,194.99000549316406,192.52000427246094,194.02999877929688,192.3636474609375,50080500,AAPL
2024-06-04,194.63999938964844,195.32000732421875,193.02999877929688,194.35000610351562,192.68092346191406,47471400,AAPL
2024-06-05,195.39999389648438,196.89999389648438,194.8699951171875,195.8699951171875,194.1878662109375,54156800,AAPL
2024-06-06,195.69000244140625,196.5,194.1699981689453,194.47999572753906,192.80979919433594,41181800,AAPL
2024-06-07,194.64999389648438,196.94000244140625,194.13999938964844,196.88999938964844,195.1990966796875,53103900,AAPL
2024-06-10,196.89999389648438,197.3000030517578,192.14999389648438,193.1199951171875,191.46145629882812,97010200,AAPL
2024-06-11,193.64999389648438,207.16000366210938,193.6300048828125,207.14999389648438,205.37098693847656,172373300,AAPL
2024-06-12,207.3699951171875,220.1999969482422,206.89999389648438,213.07000732421875,211.24014282226562,198134300,AAPL
2024-06-13,214.74000549316406,216.75,211.60000610351562,214.24000549316406,212.4001007080078,97862700,AAPL
2024-06-14,213.85000610351562,215.1699981689453,211.3000030517578,212.49000549316406,210.6651153564453,70122700,AAPL
2024-06-17,213.3699951171875,218.9499969482422,212.72000122070312,216.6699981689453,214.80923461914062,93728300,AAPL
2024-06-18,217.58999633789062,218.6300048828125,213.0,214.2899932861328,212.4496612548828,79943300,AAPL
2024-06-20,213.92999267578125,214.24000549316406,208.85000610351562,209.67999267578125,207.87924194335938,86172500,AAPL
2024-06-21,210.38999938964844,211.88999938964844,207.11000061035156,207.49000549316406,205.70806884765625,241805100,AAPL
2024-06-24,207.72000122070312,212.6999969482422,206.58999633789062,208.13999938964844,206.35247802734375,80727000,AAPL
2024-06-25,209.14999389648438,211.3800048828125,208.61000061035156,209.07000732421875,207.27450561523438,55549700,AAPL
2024-06-26,211.5,214.86000061035156,210.63999938964844,213.25,211.41859436035156,66213200,AAPL
2024-06-27,214.69000244140625,215.74000549316406,212.35000610351562,214.10000610351562,212.2613067626953,49772700,AAPL
2024-06-28,215.77000427246094,216.07000732421875,210.3000030517578,210.6199951171875,208.81117248535156,82542700,AAPL
2024-07-01,212.08999633789062,217.50999450683594,211.9199981689453,216.75,214.88853454589844,60402900,AAPL
2024-07-02,216.14999389648438,220.3800048828125,215.10000610351562,220.27000427246094,218.37831115722656,58046200,AAPL
2024-07-03,220.0,221.5500030517578,219.02999877929688,221.5500030517578,219.64732360839844,37369800,AAPL
2024-07-05,221.64999389648438,226.4499969482422,221.64999389648438,226.33999633789062,224.3961639404297,60412400,AAPL
2024-07-08,227.08999633789062,227.85000610351562,223.25,227.82000732421875,225.8634796142578,59085900,AAPL
2024-07-09,227.92999267578125,229.39999389648438,226.3699951171875,228.67999267578125,226.716064453125,48076100,AAPL
2024-07-10,229.3000030517578,233.0800018310547,229.25,232.97999572753906,230.97914123535156,62627700,AAPL
2024-07-11,231.38999938964844,232.38999938964844,225.77000427246094,227.57000732421875,225.61563110351562,64710600,AAPL
2024-07-12,228.9199981689453,232.63999938964844,228.67999267578125,230.5399932861328,228.5601043701172,53046500,AAPL
2024-07-15,236.47999572753906,237.22999572753906,233.08999633789062,234.39999389648438,232.38693237304688,62631300,AAPL
2024-07-16,235.0,236.27000427246094,232.3300018310547,234.82000732421875,232.80335998535156,43234300,AAPL
2024-07-17,229.4499969482422,231.4600067138672,226.63999938964844,228.8800048828125,226.9143829345703,57345900,AAPL
2024-07-18,230.27999877929688,230.44000244140625,222.27000427246094,224.17999267578125,222.2547149658203,66034600,AAPL
2024-07-19,224.82000732421875,226.8000030517578,223.27999877929688,224.30999755859375,222.38363647460938,49151500,AAPL
2024-07-22,227.00999450683594,227.77999877929688,223.08999633789062,223.9600067138672,222.03663635253906,48201800,AAPL
2024-07-23,224.3699951171875,226.94000244140625,222.67999267578125,225.00999450683594,223.0775909423828,39960300,AAPL
2024-07-24,224.0,224.8000030517578,217.1300048828125,218.5399932861328,216.6631622314453,61777600,AAPL
2024-07-25,218.92999267578125,220.85000610351562,214.6199951171875,217.49000549316406,215.6221923828125,51391200,AAPL
2024-07-26,218.6999969482422,219.49000549316406,216.00999450683594,217.9600067138672,216.08815002441406,41601300,AAPL
2024-07-29,216.9600067138672,219.3000030517578,215.75,218.24000549316406,216.36575317382812,36311800,AAPL
2024-07-30,219.19000244140625,220.3300018310547,216.1199951171875,218.8000030517578,216.9209442138672,41643800,AAPL
2024-07-31,221.44000244140625,223.82000732421875,220.6300048828125,222.0800018310547,220.1727752685547,50036300,AAPL
2024-08-01,224.3699951171875,224.47999572753906,217.02000427246094,218.36000061035156,216.48471069335938,62501000,AAPL
2024-08-02,219.14999389648438,225.60000610351562,217.7100067138672,219.86000061035156,217.97183227539062,105568600,AAPL
2024-08-05,199.08999633789062,213.5,196.0,209.27000427246094,207.47276306152344,119548600,AAPL
2024-08-06,205.3000030517578,209.99000549316406,201.07000732421875,207.22999572753906,205.45028686523438,69660500,AAPL
2024-08-07,206.89999389648438,213.63999938964844,206.38999938964844,209.82000732421875,208.01806640625,63516400,AAPL
2024-08-08,213.11000061035156,214.1999969482422,208.8300018310547,213.30999755859375,211.4780731201172,47161100,AAPL
2024-08-09,212.10000610351562,216.77999877929688,211.97000122070312,216.24000549316406,214.3829345703125,42201600,AAPL
2024-08-12,216.07000732421875,219.50999450683594,215.60000610351562,217.52999877929688,215.9114532470703,38028100,AAPL
2024-08-13,219.00999450683594,221.88999938964844,219.00999450683594,221.27000427246094,219.6236572265625,44155300,AAPL
2024-08-14,220.57000732421875,223.02999877929688,219.6999969482422,221.72000122070312,220.07028198242188,41960600,AAPL
2024-08-15,224.60000610351562,225.35000610351562,222.75999450683594,224.72000122070312,223.04798889160156,46414000,AAPL
2024-08-16,223.9199981689453,226.8300018310547,223.64999389648438,226.0500030517578,224.3680877685547,44340200,AAPL
2024-08-19,225.72000122070312,225.99000549316406,223.0399932861328,225.88999938964844,224.20925903320312,40687800,AAPL
2024-08-20,225.77000427246094,227.1699981689453,225.4499969482422,226.50999450683594,224.82464599609375,30299000,AAPL
2024-08-21,226.52000427246094,227.97999572753906,225.0500030517578,226.39999389648438,224.71546936035156,34765500,AAPL
2024-08-22,227.7899932861328,228.33999633789062,223.89999389648438,224.52999877929688,222.85939025878906,43695300,AAPL
2024-08-23,225.66000366210938,228.22000122070312,224.3300018310547,226.83999633789062,225.15220642089844,38677300,AAPL
2024-08-26,226.75999450683594,227.27999877929688,223.88999938964844,227.17999267578125,225.4896697998047,30602200,AAPL
2024-08-27,226.0,228.85000610351562,224.88999938964844,228.02999877929688,226.3333282470703,35934600,AAPL
2024-08-28,227.9199981689453,229.86000061035156,225.67999267578125,226.49000549316406,224.8048095703125,38052200,AAPL
2024-08-29,230.10000610351562,232.9199981689453,228.8800048828125,229.7899932861328,228.08023071289062,51906300,AAPL
2024-08-30,230.19000244140625,230.39999389648438,227.47999572753906,229.0,227.29611206054688,52990800,AAPL
2024-09-03,228.5500030517578,229.0,221.1699981689453,222.77000427246094,221.11248779296875,50190600,AAPL
2024-09-04,221.66000366210938,221.77999877929688,217.47999572753906,220.85000610351562,219.206787109375,43840200,AAPL
2024-09-05,221.6300048828125,225.47999572753906,221.52000427246094,222.3800048828125,220.72540283203125,36615400,AAPL
2024-09-06,223.9499969482422,225.24000549316406,219.77000427246094,220.82000732421875,219.177001953125,48423000,AAPL
2024-09-09,220.82000732421875,221.27000427246094,216.7100067138672,220.91000366210938,219.2663116455078,67180000,AAPL
2024-09-10,218.9199981689453,221.47999572753906,216.72999572753906,220.11000061035156,218.47227478027344,51591000,AAPL
2024-09-11,221.4600067138672,223.08999633789062,217.88999938964844,222.66000366210938,221.00331115722656,44587100,AAPL
2024-09-12,222.5,223.5500030517578,219.82000732421875,222.77000427246094,221.11248779296875,37455600,AAPL
2024-09-13,223.5800018310547,224.0399932861328,221.91000366210938,222.5,220.84449768066406,36766600,AAPL
2024-09-16,216.5399932861328,217.22000122070312,213.9199981689453,216.32000732421875,214.71047973632812,59357400,AAPL
2024-09-17,215.75,216.89999389648438,214.5,216.7899932861328,215.1769561767578,45519300,AAPL
2024-09-18,217.5500030517578,222.7100067138672,217.5399932861328,220.69000244140625,219.0479736328125,59894900,AAPL
2024-09-19,224.99000549316406,229.82000732421875,224.6300048828125,228.8699951171875,227.16709899902344,66781300,AAPL
2024-09-20,229.97000122070312,233.08999633789062,227.6199951171875,228.1999969482422,226.50209045410156,318679900,AAPL
2024-09-23,227.33999633789062,229.4499969482422,225.80999755859375,226.47000122070312,224.78492736816406,54146000,AAPL
2024-09-24,228.64999389648438,229.35000610351562,225.72999572753906,227.3699951171875,225.67825317382812,43556100,AAPL
2024-09-25,224.92999267578125,227.2899932861328,224.02000427246094,226.3699951171875,224.6856689453125,42308700,AAPL
2024-09-26,227.3000030517578,228.5,225.41000366210938,227.52000427246094,225.82713317871094,36636700,AAPL
2024-09-27,228.4600067138672,229.52000427246094,227.3000030517578,227.7899932861328,226.09512329101562,34026000,AAPL
2024-09-30,230.0399932861328,233.0,229.64999389648438,233.0,231.26634216308594,54541900,AAPL
2024-10-01,229.52000427246094,229.64999389648438,223.74000549316406,226.2100067138672,224.52687072753906,63285000,AAPL
2024-10-02,225.88999938964844,227.3699951171875,223.02000427246094,226.77999877929688,225.09262084960938,32880600,AAPL
2024-10-03,225.13999938964844,226.80999755859375,223.32000732421875,225.6699981689453,223.99090576171875,34044200,AAPL
2024-10-04,227.89999389648438,228.0,224.1300048828125,226.8000030517578,225.11248779296875,37245100,AAPL
2024-10-07,224.5,225.69000244140625,221.3300018310547,221.69000244140625,220.04051208496094,39505400,AAPL
2024-10-08,224.3000030517578,225.97999572753906,223.25,225.77000427246094,224.0901641845703,31855700,AAPL
2024-10-09,225.22999572753906,229.75,224.8300018310547,229.5399932861328,227.8321075439453,33591100,AAPL
2024-10-10,227.77999877929688,229.5,227.1699981689453,229.0399932861328,227.3358154296875,28183500,AAPL
2024-10-11,229.3000030517578,229.41000366210938,227.33999633789062,227.5500030517578,225.85691833496094,31759200,AAPL
2024-10-14,228.6999969482422,231.72999572753906,228.60000610351562,231.3000030517578,229.57901000976562,39882100,AAPL
2024-10-15,233.61000061035156,237.49000549316406,232.3699951171875,233.85000610351562,232.11004638671875,64751400,AAPL
2024-10-16,231.60000610351562,232.1199951171875,229.83999633789062,231.77999877929688,230.055419921875,34082200,AAPL
2024-10-17,233.42999267578125,233.85000610351562,230.52000427246094,232.14999389648438,230.4226837158203,32993800,AAPL
2024-10-18,236.17999267578125,236.17999267578125,234.00999450683594,235.0,233.25148010253906,46431500,AAPL
2024-10-21,234.4499969482422,236.85000610351562,234.4499969482422,236.47999572753906,234.720458984375,36254500,AAPL
2024-10-22,233.88999938964844,236.22000122070312,232.60000610351562,235.86000061035156,234.10507202148438,38846600,AAPL
2024-10-23,234.0800018310547,235.13999938964844,227.75999450683594,230.75999450683594,229.04302978515625,52287000,AAPL
2024-10-24,229.97999572753906,230.82000732421875,228.41000366210938,230.57000732421875,228.85446166992188,31109500,AAPL
2024-10-25,229.74000549316406,233.22000122070312,229.57000732421875,231.41000366210938,229.68821716308594,38802300,AAPL
2024-10-28,233.32000732421875,234.72999572753906,232.5500030517578,233.39999389648438,231.6633758544922,36087100,AAPL
2024-10-29,233.10000610351562,234.3300018310547,232.32000732421875,233.6699981689453,231.93138122558594,35417200,AAPL
2024-10-30,232.61000061035156,233.47000122070312,229.5500030517578,230.10000610351562,228.38795471191406,47070900,AAPL
2024-10-31,229.33999633789062,229.8300018310547,225.3699951171875,225.91000366210938,224.22909545898438,64370100,AAPL
2024-11-01,220.97000122070312,225.35000610351562,220.27000427246094,222.91000366210938,221.25143432617188,65276700,AAPL
2024-11-04,220.99000549316406,222.7899932861328,219.7100067138672,222.00999450683594,220.35812377929688,44944500,AAPL
2024-11-05,221.8000030517578,223.9499969482422,221.13999938964844,223.4499969482422,221.7873992919922,28111300,AAPL
2024-11-06,222.61000061035156,226.07000732421875,221.19000244140625,222.72000122070312,221.06283569335938,54561100,AAPL
2024-11-07,224.6300048828125,227.8800048828125,224.57000732421875,227.47999572753906,225.7874298095703,42137700,AAPL
2024-11-08,227.1699981689453,228.66000366210938,226.41000366210938,226.9600067138672,225.51914978027344,38328800,AAPL
2024-11-11,225.0,225.6999969482422,221.5,224.22999572753906,222.80648803710938,42005600,AAPL
2024-11-12,224.5500030517578,225.58999633789062,223.36000061035156,224.22999572753906,222.80648803710938,40398300,AAPL
2024-11-13,224.00999450683594,226.64999389648438,222.75999450683594,225.1199951171875,223.69082641601562,48566200,AAPL
2024-11-14,225.02000427246094,228.8699951171875,225.0,228.22000122070312,226.7711639404297,44923900,AAPL
2024-11-15,226.39999389648438,226.9199981689453,224.27000427246094,225.0,223.57159423828125,47923700,AAPL
2024-11-18,225.25,229.74000549316406,225.1699981689453,228.02000427246094,226.57241821289062,44633700,AAPL
2024-11-19,226.97999572753906,230.16000366210938,226.66000366210938,228.27999877929688,226.8307647705078,36211800,AAPL
2024-11-20,228.05999755859375,229.92999267578125,225.88999938964844,229.0,227.5461883544922,35169600,AAPL
2024-11-21,228.8800048828125,230.16000366210938,225.7100067138672,228.52000427246094,227.06922912597656,42108300,AAPL
2024-11-22,228.05999755859375,230.72000122070312,228.05999755859375,229.8699951171875,228.41067504882812,38168300,AAPL
2024-11-25,231.4600067138672,233.25,229.74000549316406,232.8699951171875,231.39163208007812,90152800,AAPL
2024-11-26,233.3300018310547,235.57000732421875,233.3300018310547,235.05999755859375,233.56773376464844,45986200,AAPL
2024-11-27,234.47000122070312,235.69000244140625,233.80999755859375,234.92999267578125,233.4385528564453,33498400,AAPL
2024-11-29,234.80999755859375,237.80999755859375,233.97000122070312,237.3300018310547,235.82333374023438,28481400,AAPL
2024-12-02,237.27000427246094,240.7899932861328,237.16000366210938,239.58999633789062,238.0689697265625,48137100,AAPL
2024-12-03,239.80999755859375,242.75999450683594,238.89999389648438,242.64999389648438,241.10952758789062,38861000,AAPL
2024-12-04,242.8699951171875,244.11000061035156,241.25,243.00999450683594,241.46726989746094,44383900,AAPL
2024-12-05,243.99000549316406,244.5399932861328,242.1300048828125,243.0399932861328,241.49705505371094,40033900,AAPL
2024-12-06,242.91000366210938,244.6300048828125,242.0800018310547,242.83999633789062,241.29832458496094,36870600,AAPL
2024-12-09,241.8300018310547,247.24000549316406,241.75,246.75,245.1835174560547,44649200,AAPL
2024-12-10,246.88999938964844,248.2100067138672,245.33999633789062,247.77000427246094,246.197021484375,36914800,AAPL
2024-12-11,247.9600067138672,250.8000030517578,246.25999450683594,246.49000549316406,244.92515563964844,45205800,AAPL
2024-12-12,246.88999938964844,248.74000549316406,245.67999267578125,247.9600067138672,246.38583374023438,32777500,AAPL
2024-12-13,247.82000732421875,249.2899932861328,246.24000549316406,248.1300048828125,246.55474853515625,33155300,AAPL
2024-12-16,247.99000549316406,251.3800048828125,247.64999389648438,251.0399932861328,249.44627380371094,51694800,AAPL
2024-12-17,250.0800018310547,253.8300018310547,249.77999877929688,253.47999572753906,251.8707733154297,51356400,AAPL
2024-12-18,252.16000366210938,254.27999877929688,247.74000549316406,248.0500030517578,246.47525024414062,56774100,AAPL
2024-12-19,247.5,252.0,247.08999633789062,249.7899932861328,248.20419311523438,60882300,AAPL
2024-12-20,248.0399932861328,255.0,245.69000244140625,254.49000549316406,252.8743896484375,147495300,AAPL
2024-12-23,254.77000427246094,255.64999389648438,253.4499969482422,255.27000427246094,253.64942932128906,40858800,AAPL
2024-12-24,255.49000549316406,258.2099914550781,255.2899932861328,258.20001220703125,256.5608215332031,23234700,AAPL
2024-12-26,258.19000244140625,260.1000061035156,257.6300048828125,259.0199890136719,257.3755798339844,27237100,AAPL
2024-12-27,257.8299865722656,258.70001220703125,253.05999755859375,255.58999633789062,253.96739196777344,42355300,AAPL
2024-12-30,252.22999572753906,253.5,250.75,252.1999969482422,250.5989227294922,35557500,AAPL
2024-12-31,252.44000244140625,253.27999877929688,249.42999267578125,250.4199981689453,248.8302001953125,39480700,AAPL
2025-01-02,248.92999267578125,249.10000610351562,241.82000732421875,243.85000610351562,242.3019256591797,55740700,AAPL
2025-01-03,243.36000061035156,244.17999267578125,241.88999938964844,243.36000061035156,241.81504821777344,40244100,AAPL
2025-01-06,244.30999755859375,247.3300018310547,243.1999969482422,245.0,243.4446258544922,45045600,AAPL
2025-01-07,242.97999572753906,245.5500030517578,241.35000610351562,242.2100067138672,240.67234802246094,40856000,AAPL
2025-01-08,241.9199981689453,243.7100067138672,240.0500030517578,242.6999969482422,241.15919494628906,37628900,AAPL
2025-01-10,240.00999450683594,240.16000366210938,233.0,236.85000610351562,235.3463592529297,61710900,AAPL
2025-01-13,233.52999877929688,234.6699981689453,229.72000122070312,234.39999389648438,232.91189575195312,49630700,AAPL
2025-01-14,234.75,236.1199951171875,232.47000122070312,233.27999877929688,231.7989959716797,39435300,AAPL
2025-01-15,234.63999938964844,238.9600067138672,234.42999267578125,237.8699951171875,236.35987854003906,39832000,AAPL
2025-01-16,237.35000610351562,238.00999450683594,228.02999877929688,228.25999450683594,226.81089782714844,71759100,AAPL
2025-01-17,232.1199951171875,232.2899932861328,228.47999572753906,229.97999572753906,228.51995849609375,68488300,AAPL
2025-01-21,224.0,224.4199981689453,219.3800048828125,222.63999938964844,221.2265625,98070400,AAPL
2025-01-22,219.7899932861328,224.1199951171875,219.7899932861328,223.8300018310547,222.40899658203125,64126500,AAPL
2025-01-23,224.74000549316406,227.02999877929688,222.3000030517578,223.66000366210938,222.2401123046875,60234800,AAPL
2025-01-24,224.77999877929688,225.6300048828125,221.41000366210938,222.77999877929688,221.3656768798828,54697900,AAPL
2025-01-27,224.02000427246094,232.14999389648438,223.97999572753906,229.86000061035156,228.40072631835938,94863400,AAPL
2025-01-28,230.85000610351562,240.19000244140625,230.80999755859375,238.25999450683594,236.74740600585938,75707600,AAPL
2025-01-29,234.1199951171875,239.86000061035156,234.00999450683594,239.36000061035156,237.8404541015625,45486100,AAPL
2025-01-30,238.6699981689453,240.7899932861328,237.2100067138672,237.58999633789062,236.08164978027344,55658300,AAPL
2025-01-31,247.19000244140625,247.19000244140625,233.44000244140625,236.0,234.5017547607422,100959800,AAPL
2025-02-03,229.99000549316406,231.8300018310547,225.6999969482422,228.00999450683594,226.5625,73063300,AAPL
2025-02-04,227.25,233.1300048828125,226.64999389648438,232.8000030517578,231.3220977783203,45067300,AAPL
2025-02-05,228.52999877929688,232.6699981689453,228.27000427246094,232.47000122070312,230.99417114257812,39620300,AAPL
2025-02-06,231.2899932861328,233.8000030517578,230.42999267578125,233.22000122070312,231.7394256591797,29925300,AAPL
2025-02-07,232.60000610351562,234.0,227.25999450683594,227.6300048828125,226.1848907470703,39707200,AAPL
2025-02-10,229.57000732421875,230.58999633789062,227.1999969482422,227.64999389648438,226.45346069335938,33115600,AAPL
2025-02-11,228.1999969482422,235.22999572753906,228.1300048828125,232.6199951171875,231.3973388671875,53718400,AAPL
2025-02-12,231.1999969482422,236.9600067138672,230.67999267578125,236.8699951171875,235.62501525878906,45243300,AAPL
2025-02-13,236.91000366210938,242.33999633789062,235.57000732421875,241.52999877929688,240.26052856445312,53614100,AAPL
2025-02-14,241.25,245.5500030517578,240.99000549316406,244.60000610351562,243.31439208984375,40896200,AAPL
2025-02-18,244.14999389648438,245.17999267578125,241.83999633789062,244.47000122070312,243.18507385253906,48822500,AAPL
2025-02-19,244.66000366210938,246.00999450683594,243.16000366210938,244.8699951171875,243.5829620361328,32204200,AAPL
2025-02-20,244.94000244140625,246.77999877929688,244.2899932861328,245.8300018310547,244.53790283203125,32316900,AAPL
2025-02-21,245.9499969482422,248.69000244140625,245.22000122070312,245.5500030517578,244.25938415527344,53197400,AAPL
2025-02-24,244.92999267578125,248.86000061035156,244.4199981689453,247.10000610351562,245.80125427246094,51326400,AAPL
2025-02-25,248.0,250.0,244.91000366210938,247.0399932861328,245.74156188964844,48013300,AAPL
2025-02-26,244.3300018310547,244.97999572753906,239.1300048828125,240.36000061035156,239.09666442871094,44433600,AAPL
2025-02-27,239.41000366210938,242.4600067138672,237.05999755859375,237.3000030517578,236.05276489257812,41153600,AAPL
2025-02-28,236.9499969482422,242.08999633789062,230.1999969482422,241.83999633789062,240.56887817382812,56833400,AAPL
2025-03-03,241.7899932861328,244.02999877929688,236.11000061035156,238.02999877929688,236.77891540527344,47184000,AAPL
2025-03-04,237.7100067138672,240.07000732421875,234.67999267578125,235.92999267578125,234.68994140625,53798100,AAPL
2025-03-05,235.4199981689453,236.5500030517578,229.22999572753906,235.74000549316406,234.50096130371094,47227600,AAPL
2025-03-06,234.44000244140625,237.86000061035156,233.16000366210938,235.3300018310547,234.09310913085938,45170400,AAPL
2025-03-07,235.11000061035156,241.3699951171875,234.75999450683594,239.07000732421875,237.81346130371094,46273600,AAPL
2025-03-10,235.5399932861328,236.16000366210938,224.22000122070312,227.47999572753906,226.28436279296875,72071200,AAPL
2025-03-11,223.80999755859375,225.83999633789062,217.4499969482422,220.83999633789062,219.6792755126953,76137400,AAPL
2025-03-12,220.13999938964844,221.75,214.91000366210938,216.97999572753906,215.83953857421875,62547500,AAPL
2025-03-13,215.9499969482422,216.83999633789062,208.4199981689453,209.67999267578125,208.57791137695312,61368300,AAPL
2025-03-14,211.25,213.9499969482422,209.5800018310547,213.49000549316406,212.36788940429688,60107600,AAPL
2025-03-17,213.30999755859375,215.22000122070312,209.97000122070312,214.0,212.87522888183594,48073400,AAPL
2025-03-18,214.16000366210938,215.14999389648438,211.49000549316406,212.69000244140625,211.57211303710938,42432400,AAPL
2025-03-19,214.22000122070312,218.75999450683594,213.75,215.24000549316406,214.1086883544922,54385400,AAPL
2025-03-20,213.99000549316406,217.49000549316406,212.22000122070312,214.10000610351562,212.97471618652344,48862900,AAPL
2025-03-21,211.55999755859375,218.83999633789062,211.27999877929688,218.27000427246094,217.12278747558594,94127800,AAPL
2025-03-24,221.0,221.47999572753906,218.5800018310547,220.72999572753906,219.56985473632812,44299500,AAPL
2025-03-25,220.77000427246094,224.10000610351562,220.0800018310547,223.75,222.573974609375,34493600,AAPL
2025-03-26,223.50999450683594,225.02000427246094,220.47000122070312,221.52999877929688,220.36563110351562,34466100,AAPL
2025-03-27,221.38999938964844,224.99000549316406,220.55999755859375,223.85000610351562,222.67344665527344,37094800,AAPL
2025-03-28,221.6699981689453,223.80999755859375,217.67999267578125,217.89999389648438,216.75469970703125,39818600,AAPL
2025-03-31,217.00999450683594,225.6199951171875,216.22999572753906,222.1300048828125,220.96249389648438,65299300,AAPL
2025-04-01,219.80999755859375,223.67999267578125,218.89999389648438,223.19000244140625,222.0169219970703,36412700,AAPL
2025-04-02,221.32000732421875,225.19000244140625,221.02000427246094,223.88999938964844,222.7132568359375,35905900,AAPL
2025-04-03,205.5399932861328,207.49000549316406,201.25,203.19000244140625,202.12205505371094,103419000,AAPL
2025-04-04,193.88999938964844,199.8800048828125,187.33999633789062,188.3800048828125,187.38987731933594,125910900,AAPL
2025-04-07,177.1999969482422,194.14999389648438,174.6199951171875,181.4600067138672,180.5062713623047,160466300,AAPL
2025-04-08,186.6999969482422,190.33999633789062,169.2100067138672,172.4199981689453,171.5137481689453,120859500,AAPL
2025-04-09,171.9499969482422,200.61000061035156,171.88999938964844,198.85000610351562,197.8048553466797,184395900,AAPL
2025-04-10,189.07000732421875,194.77999877929688,183.0,190.4199981689453,189.4191436767578,121880000,AAPL
2025-04-11,186.10000610351562,199.5399932861328,186.05999755859375,198.14999389648438,197.10853576660156,87435900,AAPL
2025-04-14,211.44000244140625,212.94000244140625,201.16000366210938,202.52000427246094,201.45555114746094,101352900,AAPL
2025-04-15,201.86000061035156,203.50999450683594,199.8000030517578,202.13999938964844,201.07754516601562,51343900,AAPL
2025-04-16,198.36000061035156,200.6999969482422,192.3699951171875,194.27000427246094,193.24891662597656,59732400,AAPL
2025-04-17,197.1999969482422,198.8300018310547,194.4199981689453,196.97999572753906,195.94467163085938,52164700,AAPL
2025-04-21,193.27000427246094,193.8000030517578,189.80999755859375,193.16000366210938,192.14476013183594,46742500,AAPL
2025-04-22,196.1199951171875,201.58999633789062,195.97000122070312,199.74000549316406,198.69017028808594,52976400,AAPL
2025-04-23,206.0,208.0,202.8000030517578,204.60000610351562,203.52462768554688,52929200,AAPL
2025-04-24,204.88999938964844,208.8300018310547,202.94000244140625,208.3699951171875,207.2747802734375,47311000,AAPL
2025-04-25,206.3699951171875,209.75,206.1999969482422,209.27999877929688,208.18002319335938,38222300,AAPL
2025-04-28,210.0,211.5,207.4600067138672,210.13999938964844,209.03549194335938,38743100,AAPL
2025-04-29,208.69000244140625,212.24000549316406,208.3699951171875,211.2100067138672,210.0998992919922,36827600,AAPL
2025-04-30,209.3000030517578,213.5800018310547,206.6699981689453,212.5,211.38308715820312,52286500,AAPL
2025-05-01,209.0800018310547,214.55999755859375,208.89999389648438,213.32000732421875,212.19879150390625,57365700,AAPL
2025-05-02,206.08999633789062,206.99000549316406,202.16000366210938,205.35000610351562,204.27069091796875,101010600,AAPL
2025-05-05,203.10000610351562,204.10000610351562,198.2100067138672,198.88999938964844,197.84463500976562,69018500,AAPL
2025-05-06,198.2100067138672,200.64999389648438,197.02000427246094,198.50999450683594,197.4666290283203,51216500,AAPL
2025-05-07,199.1699981689453,199.44000244140625,193.25,196.25,195.21852111816406,68536700,AAPL
2025-05-08,197.72000122070312,200.0500030517578,194.67999267578125,197.49000549316406,196.45199584960938,50478900,AAPL
2025-05-09,199.0,200.5399932861328,197.5399932861328,198.52999877929688,197.48654174804688,36453900,AAPL
2025-05-12,210.97000122070312,211.27000427246094,206.75,210.7899932861328,209.95704650878906,63775800,AAPL
2025-05-13,210.42999267578125,213.39999389648438,209.0,212.92999267578125,212.08859252929688,51909300,AAPL
2025-05-14,212.42999267578125,213.94000244140625,210.5800018310547,212.3300018310547,211.490966796875,49325800,AAPL
2025-05-15,210.9499969482422,212.9600067138672,209.5399932861328,211.4499969482422,210.61444091796875,45029500,AAPL
2025-05-16,212.36000061035156,212.57000732421875,209.77000427246094,211.25999450683594,210.42520141601562,54737900,AAPL
2025-05-19,207.91000366210938,209.47999572753906,204.25999450683594,208.77999877929688,207.9550018310547,46140500,AAPL
2025-05-20,207.6699981689453,208.47000122070312,205.02999877929688,206.86000061035156,206.04258728027344,42496600,AAPL
2025-05-21,205.1699981689453,207.0399932861328,200.7100067138672,202.08999633789062,201.29141235351562,59211800,AAPL
2025-05-22,200.7100067138672,202.75,199.6999969482422,201.36000061035156,200.5643310546875,46742400,AAPL
2025-05-23,193.6699981689453,197.6999969482422,193.4600067138672,195.27000427246094,194.49838256835938,78432900,AAPL
2025-05-27,198.3000030517578,200.74000549316406,197.42999267578125,200.2100067138672,199.4188690185547,56288500,AAPL
2025-05-28,200.58999633789062,202.72999572753906,199.89999389648438,200.4199981689453,199.62802124023438,45339700,AAPL
2025-05-29,203.5800018310547,203.80999755859375,198.50999450683594,199.9499969482422,199.15988159179688,51396800,AAPL
2025-05-30,199.3699951171875,201.9600067138672,196.77999877929688,200.85000610351562,200.05633544921875,70819900,AAPL
2025-06-02,200.27999877929688,202.1300048828125,200.1199951171875,201.6999969482422,200.90296936035156,35423300,AAPL
2025-06-03,201.35000610351562,203.77000427246094,200.9600067138672,203.27000427246094,202.46678161621094,46381600,AAPL
2025-06-04,202.91000366210938,206.24000549316406,202.10000610351562,202.82000732421875,202.0185546875,43604000,AAPL
2025-06-05,203.5,204.75,200.14999389648438,200.6300048828125,199.8372039794922,55126100,AAPL
2025-06-06,203.0,205.6999969482422,202.0500030517578,203.9199981689453,203.11419677734375,46607700,AAPL
2025-06-09,204.38999938964844,206.0,200.02000427246094,201.4499969482422,200.65396118164062,72862600,AAPL
2025-06-10,200.60000610351562,204.35000610351562,200.57000732421875,202.6699981689453,201.869140625,54672600,AAPL
2025-06-11,203.5,204.5,198.41000366210938,198.77999877929688,197.9945068359375,60989900,AAPL
2025-06-12,199.0800018310547,199.67999267578125,197.36000061035156,199.1999969482422,198.41285705566406,43904600,AAPL
2025-06-13,199.72999572753906,200.3699951171875,195.6999969482422,196.4499969482422,195.67372131347656,51447300,AAPL
2025-06-16,197.3000030517578,198.69000244140625,196.55999755859375,198.4199981689453,197.63592529296875,43020700,AAPL
2025-06-17,197.1999969482422,198.38999938964844,195.2100067138672,195.63999938964844,194.86691284179688,38856200,AAPL
2025-06-18,195.94000244140625,197.57000732421875,195.07000732421875,196.5800018310547,195.80320739746094,45394700,AAPL
2025-06-20,198.24000549316406,201.6999969482422,196.86000061035156,201.0,200.20574951171875,96813500,AAPL
2025-06-23,201.6300048828125,202.3000030517578,198.9600067138672,201.5,200.70376586914062,55814300,AAPL
2025-06-24,202.58999633789062,203.44000244140625,200.1999969482422,200.3000030517578,199.50851440429688,54064000,AAPL
2025-06-25,201.4499969482422,203.6699981689453,200.6199951171875,201.55999755859375,200.76353454589844,39525700,AAPL
2025-06-26,201.42999267578125,202.63999938964844,199.4600067138672,201.0,200.20574951171875,50799100,AAPL
2025-06-27,201.88999938964844,203.22000122070312,200.0,201.0800018310547,200.28541564941406,73188600,AAPL
2025-06-30,202.00999450683594,207.38999938964844,199.25999450683594,205.1699981689453,204.3592529296875,91912800,AAPL
2025-07-01,206.6699981689453,210.19000244140625,206.13999938964844,207.82000732421875,206.99879455566406,78788900,AAPL
2025-07-02,208.91000366210938,213.33999633789062,208.13999938964844,212.44000244140625,211.6005401611328,67941800,AAPL
2025-07-03,212.14999389648438,214.64999389648438,211.80999755859375,213.5500030517578,212.70616149902344,34955800,AAPL
2025-07-07,212.67999267578125,216.22999572753906,208.8000030517578,209.9499969482422,209.12037658691406,50229000,AAPL
2025-07-08,210.10000610351562,211.42999267578125,208.4499969482422,210.00999450683594,209.18011474609375,42848900,AAPL
2025-07-09,209.52999877929688,211.3300018310547,207.22000122070312,211.13999938964844,210.3056640625,48749400,AAPL
2025-07-10,210.50999450683594,213.47999572753906,210.02999877929688,212.41000366210938,211.57066345214844,44443600,AAPL
2025-07-11,210.57000732421875,212.1300048828125,209.86000061035156,211.16000366210938,210.32559204101562,39765800,AAPL
2025-07-14,209.92999267578125,210.91000366210938,207.5399932861328,208.6199951171875,207.7956085205078,38840100,AAPL
2025-07-15,209.22000122070312,211.88999938964844,208.9199981689453,209.11000061035156,208.28369140625,42296300,AAPL
2025-07-16,210.3000030517578,212.39999389648438,208.63999938964844,210.16000366210938,209.3295440673828,47490500,AAPL
2025-07-17,210.57000732421875,211.8000030517578,209.58999633789062,210.02000427246094,209.1901092529297,48068100,AAPL
2025-07-18,210.8699951171875,211.7899932861328,209.6999969482422,211.17999267578125,210.3455047607422,48974600,AAPL
2025-07-21,212.10000610351562,215.77999877929688,211.6300048828125,212.47999572753906,211.640380859375,51377400,AAPL
2025-07-22,213.13999938964844,214.9499969482422,212.22999572753906,214.39999389648438,213.5527801513672,46404100,AAPL
2025-07-23,215.0,215.14999389648438,212.41000366210938,214.14999389648438,213.3037872314453,46989300,AAPL
2025-07-24,213.89999389648438,215.69000244140625,213.52999877929688,213.75999450683594,212.91529846191406,46022600,AAPL
2025-07-25,214.6999969482422,215.24000549316406,213.39999389648438,213.8800048828125,213.03485107421875,40268800,AAPL
2025-07-28,214.02999877929688,214.85000610351562,213.05999755859375,214.0500030517578,213.20419311523438,37858000,AAPL
2025-07-29,214.17999267578125,214.80999755859375,210.82000732421875,211.27000427246094,210.43515014648438,51411700,AAPL
2025-07-30,211.89999389648438,212.38999938964844,207.72000122070312,209.0500030517578,208.2239227294922,45512500,AAPL
2025-07-31,208.49000549316406,209.83999633789062,207.16000366210938,207.57000732421875,206.74978637695312,80698400,AAPL
2025-08-01,210.8699951171875,213.5800018310547,201.5,202.3800048828125,201.58030700683594,104434500,AAPL
2025-08-04,204.50999450683594,207.8800048828125,201.67999267578125,203.35000610351562,202.5464630126953,75109300,AAPL
2025-08-05,203.39999389648438,205.33999633789062,202.16000366210938,202.9199981689453,202.1181640625,44155100,AAPL
2025-08-06,205.6300048828125,215.3800048828125,205.58999633789062,213.25,212.4073486328125,108483100,AAPL
2025-08-07,218.8800048828125,220.85000610351562,216.5800018310547,220.02999877929688,219.16053771972656,90224800,AAPL
2025-08-08,220.8300018310547,231.0,219.25,229.35000610351562,228.4437255859375,113854000,AAPL
2025-08-11,227.9199981689453,229.55999755859375,224.75999450683594,227.17999267578125,226.53909301757812,61806100,AAPL
2025-08-12,228.00999450683594,230.8000030517578,227.07000732421875,229.64999389648438,229.00213623046875,55626200,AAPL
2025-08-13,231.07000732421875,235.0,230.42999267578125,233.3300018310547,232.6717529296875,69878500,AAPL
2025-08-14,234.05999755859375,235.1199951171875,230.85000610351562,232.77999877929688,232.12330627441406,51916300,AAPL
2025-08-15,234.0,234.27999877929688,229.33999633789062,231.58999633789062,230.93666076660156,56038700,AAPL
2025-08-18,231.6999969482422,233.1199951171875,230.11000061035156,230.88999938964844,230.23863220214844,37476200,AAPL
2025-08-19,231.27999877929688,232.8699951171875,229.35000610351562,230.55999755859375,229.90956115722656,39402600,AAPL
2025-08-20,229.97999572753906,230.47000122070312,225.77000427246094,226.00999450683594,225.3723907470703,42263900,AAPL
2025-08-21,226.27000427246094,226.52000427246094,223.77999877929688,224.89999389648438,224.26551818847656,30621200,AAPL
2025-08-22,226.1699981689453,229.08999633789062,225.41000366210938,227.75999450683594,227.11746215820312,42477800,AAPL
2025-08-25,226.47999572753906,229.3000030517578,226.22999572753906,227.16000366210938,226.5191650390625,30983100,AAPL
2025-08-26,226.8699951171875,229.49000549316406,224.69000244140625,229.30999755859375,228.6630859375,54575100,AAPL
2025-08-27,228.61000061035156,230.89999389648438,228.25999450683594,230.49000549316406,229.83978271484375,31259500,AAPL
2025-08-28,230.82000732421875,233.41000366210938,229.33999633789062,232.55999755859375,231.90391540527344,38074700,AAPL
2025-08-29,232.50999450683594,233.3800048828125,231.3699951171875,232.13999938964844,231.485107421875,39418400,AAPL
2025-09-02,229.25,230.85000610351562,226.97000122070312,229.72000122070312,229.07192993164062,44075600,AAPL
2025-09-03,237.2100067138672,238.85000610351562,234.36000061035156,238.47000122070312,237.79725646972656,66427800,AAPL
2025-09-04,238.4499969482422,239.89999389648438,236.74000549316406,239.77999877929688,239.10353088378906,47549400,AAPL
2025-09-05,240.0,241.32000732421875,238.49000549316406,239.69000244140625,239.01380920410156,54870400,AAPL
2025-09-08,239.3000030517578,240.14999389648438,236.33999633789062,237.8800048828125,237.20892333984375,48999500,AAPL
2025-09-09,237.0,238.77999877929688,233.36000061035156,234.35000610351562,233.6888885498047,66313900,AAPL
2025-09-10,232.19000244140625,232.4199981689453,225.9499969482422,226.7899932861328,226.1501922607422,83440800,AAPL
2025-09-11,226.8800048828125,230.4499969482422,226.64999389648438,230.02999877929688,229.38107299804688,50208600,AAPL
2025-09-12,229.22000122070312,234.50999450683594,229.02000427246094,234.07000732421875,233.40968322753906,55824200,AAPL
2025-09-15,237.0,238.19000244140625,235.02999877929688,236.6999969482422,236.03224182128906,42699500,AAPL
2025-09-16,237.17999267578125,241.22000122070312,236.32000732421875,238.14999389648438,237.4781494140625,63421100,AAPL
2025-09-17,238.97000122070312,240.10000610351562,237.72999572753906,238.99000549316406,238.3157958984375,46508000,AAPL
2025-09-18,239.97000122070312,241.1999969482422,236.64999389648438,237.8800048828125,237.20892333984375,44249600,AAPL
2025-09-19,241.22999572753906,246.3000030517578,240.2100067138672,245.5,244.8074188232422,163741300,AAPL
2025-09-22,248.3000030517578,256.6400146484375,248.1199951171875,256.0799865722656,255.35755920410156,105517400,AAPL
2025-09-23,255.8800048828125,257.3399963378906,253.5800018310547,254.42999267578125,253.7122344970703,60275200,AAPL
2025-09-24,255.22000122070312,255.74000549316406,251.0399932861328,252.30999755859375,251.59820556640625,42303700,AAPL
2025-09-25,253.2100067138672,257.1700134277344,251.7100067138672,256.8699951171875,256.14532470703125,55202100,AAPL
2025-09-26,254.10000610351562,257.6000061035156,253.77999877929688,255.4600067138672,254.7393341064453,46076300,AAPL
2025-09-29,254.55999755859375,255.0,253.00999450683594,254.42999267578125,253.7122344970703,40127700,AAPL
2025-09-30,254.86000061035156,255.9199981689453,253.11000061035156,254.6300048828125,253.9116668701172,37704300,AAPL
2025-10-01,255.0399932861328,258.7900085449219,254.92999267578125,255.4499969482422,254.72933959960938,48713900,AAPL
2025-10-02,256.5799865722656,258.17999267578125,254.14999389648438,257.1300048828125,256.40460205078125,42630200,AAPL
2025-10-03,254.6699981689453,259.239990234375,253.9499969482422,258.0199890136719,257.2920837402344,49155600,AAPL
2025-10-06,257.989990234375,259.07000732421875,255.0500030517578,256.69000244140625,255.9658660888672,44664100,AAPL
2025-10-07,256.80999755859375,257.3999938964844,255.42999267578125,256.4800109863281,255.75645446777344,31955800,AAPL
2025-10-08,256.5199890136719,258.5199890136719,256.1099853515625,258.05999755859375,257.33197021484375,36496900,AAPL
2025-10-09,257.80999755859375,258.0,253.13999938964844,254.0399932861328,253.32330322265625,38322000,AAPL
2025-10-10,254.94000244140625,256.3800048828125,244.0,245.27000427246094,244.57806396484375,61999100,AAPL
2025-10-13,249.3800048828125,249.69000244140625,245.55999755859375,247.66000366210938,246.96133422851562,38142900,AAPL
2025-10-14,246.60000610351562,248.85000610351562,244.6999969482422,247.77000427246094,247.07101440429688,35478000,AAPL
2025-10-15,249.49000549316406,251.82000732421875,247.47000122070312,249.33999633789062,248.63658142089844,33893600,AAPL
2025-10-16,248.25,249.0399932861328,245.1300048828125,247.4499969482422,246.7519073486328,39777000,AAPL
2025-10-17,248.02000427246094,253.3800048828125,247.27000427246094,252.2899932861328,251.5782470703125,49147000,AAPL
2025-10-20,255.88999938964844,264.3800048828125,255.6300048828125,262.239990234375,261.50018310546875,90483000,AAPL
2025-10-21,261.8800048828125,265.2900085449219,261.8299865722656,262.7699890136719,262.0286865234375,46695900,AAPL
2025-10-22,262.6499938964844,262.8500061035156,255.42999267578125,258.45001220703125,257.7209167480469,45015300,AAPL
2025-10-23,259.94000244140625,260.6199951171875,258.010009765625,259.5799865722656,258.8476867675781,32754900,AAPL
2025-10-24,261.19000244140625,264.1300048828125,259.17999267578125,262.82000732421875,262.07855224609375,38253700,AAPL
2025-10-27,264.8800048828125,269.1199951171875,264.6499938964844,268.80999755859375,268.0516357421875,44888200,AAPL
2025-10-28,268.989990234375,269.8900146484375,268.1499938964844,269.0,268.2410888671875,41534800,AAPL
2025-10-29,269.2799987792969,271.4100036621094,267.1099853515625,269.70001220703125,268.93914794921875,51086700,AAPL
2025-10-30,271.989990234375,274.1400146484375,268.4800109863281,271.3999938964844,270.63433837890625,69886500,AAPL
2025-10-31,276.989990234375,277.32000732421875,269.1600036621094,270.3699951171875,269.60723876953125,86167100,AAPL
2025-11-03,270.4200134277344,270.8500061035156,266.25,269.04998779296875,268.2909851074219,50194600,AAPL
2025-11-04,268.3299865722656,271.489990234375,267.6199951171875,270.0400085449219,269.2781982421875,49274800,AAPL
2025-11-05,268.6099853515625,271.70001220703125,266.92999267578125,270.1400146484375,269.3778991699219,43683100,AAPL
2025-11-06,267.8900146484375,273.3999938964844,267.8900146484375,269.7699890136719,269.0089416503906,51204000,AAPL
2025-11-07,269.79998779296875,272.2900085449219,266.7699890136719,268.4700012207031,267.7126159667969,48227400,AAPL
2025-11-10,268.9599914550781,273.7300109863281,267.4599914550781,269.42999267578125,268.9303283691406,41312400,AAPL
2025-11-11,269.80999755859375,275.9100036621094,269.79998779296875,275.25,274.73956298828125,46208300,AAPL
2025-11-12,275.0,275.7300109863281,271.70001220703125,273.4700012207031,272.962890625,48398000,AAPL
2025-11-13,274.1099853515625,276.70001220703125,272.0899963378906,272.95001220703125,272.4438171386719,49602800,AAPL
2025-11-14,271.04998779296875,275.9599914550781,269.6000061035156,272.4100036621094,271.90484619140625,47431300,AAPL
2025-11-17,268.82000732421875,270.489990234375,265.7300109863281,267.4599914550781,266.9639892578125,45018300,AAPL
2025-11-18,269.989990234375,270.7099914550781,265.32000732421875,267.44000244140625,266.94403076171875,45677300,AAPL
2025-11-19,265.5299987792969,272.2099914550781,265.5,268.55999755859375,268.0619812011719,40424500,AAPL
2025-11-20,270.8299865722656,275.42999267578125,265.9200134277344,266.25,265.7562561035156,45823600,AAPL
2025-11-21,265.95001220703125,273.3299865722656,265.6700134277344,271.489990234375,270.98651123046875,59030800,AAPL
2025-11-24,270.8999938964844,277.0,270.8999938964844,275.9200134277344,275.4083557128906,65585800,AAPL
2025-11-25,275.2699890136719,280.3800048828125,275.25,276.9700012207031,276.45635986328125,46914200,AAPL
2025-11-26,276.9599914550781,279.5299987792969,276.6300048828125,277.54998779296875,277.0353088378906,33431400,AAPL
2025-11-28,277.260009765625,279.0,275.989990234375,278.8500061035156,278.3328857421875,20135600,AAPL
2025-12-01,278.010009765625,283.4200134277344,276.1400146484375,283.1000061035156,282.57501220703125,46587700,AAPL
2025-12-02,283.0,287.3999938964844,282.6300048828125,286.19000244140625,285.6592712402344,53669500,AAPL
2025-12-03,286.20001220703125,288.6199951171875,283.29998779296875,284.1499938964844,283.623046875,43538700,AAPL
2025-12-04,284.1000061035156,284.7300109863281,278.5899963378906,280.70001220703125,280.179443359375,43989100,AAPL
2025-12-05,280.5400085449219,281.1400146484375,278.04998779296875,278.7799987792969,278.26300048828125,47265800,AAPL
2025-12-08,278.1300048828125,279.6700134277344,276.1499938964844,277.8900146484375,277.3746643066406,38211800,AAPL
2025-12-09,278.1600036621094,280.0299987792969,276.9200134277344,277.17999267578125,276.6659851074219,32193300,AAPL
2025-12-10,277.75,279.75,276.44000244140625,278.7799987792969,278.26300048828125,33038300,AAPL
2025-12-11,279.1000061035156,279.5899963378906,273.80999755859375,278.0299987792969,277.514404296875,33248000,AAPL
2025-12-12,277.8999938964844,279.2200012207031,276.82000732421875,278.2799987792969,277.763916015625,39532900,AAPL
2025-12-15,280.1499938964844,280.1499938964844,272.8399963378906,274.1099853515625,273.6016540527344,50409100,AAPL
2025-12-16,272.82000732421875,275.5,271.7900085449219,274.6099853515625,274.1007385253906,37648600,AAPL
2025-12-17,275.010009765625,276.1600036621094,271.6400146484375,271.8399963378906,271.33587646484375,50138700,AAPL
2025-12-18,273.6099853515625,273.6300048828125,266.95001220703125,272.19000244140625,271.68524169921875,51630700,AAPL
2025-12-19,272.1499938964844,274.6000061035156,269.8999938964844,273.6700134277344,273.1625061035156,144632000,AAPL
2025-12-22,272.8599853515625,273.8800048828125,270.510009765625,270.9700012207031,270.4674987792969,36571800,AAPL
2025-12-23,270.8399963378906,272.5,269.55999755859375,272.3599853515625,271.85491943359375,29642000,AAPL
2025-12-24,272.3399963378906,275.42999267578125,272.20001220703125,273.80999755859375,273.3022155761719,17910600,AAPL
2025-12-26,274.1600036621094,275.3699951171875,272.8599853515625,273.3999938964844,272.89300537109375,21521800,AAPL
2025-12-29,272.69000244140625,274.3599853515625,272.3500061035156,273.760009765625,273.2523498535156,23715200,AAPL
2025-12-30,272.80999755859375,274.0799865722656,272.2799987792969,273.0799865722656,272.57354736328125,22139600,AAPL
2020-01-02,158.77999877929688,160.72999572753906,158.3300018310547,160.6199951171875,151.8295440673828,22622100,MSFT
2020-01-03,158.32000732421875,159.9499969482422,158.05999755859375,158.6199951171875,149.93899536132812,21116200,MSFT
2020-01-06,157.0800018310547,159.10000610351562,156.50999450683594,159.02999877929688,150.32656860351562,20813700,MSFT
2020-01-07,159.32000732421875,159.6699981689453,157.32000732421875,157.5800018310547,148.95594787597656,21634100,MSFT
2020-01-08,158.92999267578125,160.8000030517578,157.9499969482422,160.08999633789062,151.32852172851562,27746500,MSFT
2020-01-09,161.83999633789062,162.22000122070312,161.02999877929688,162.08999633789062,153.21908569335938,21385000,MSFT
2020-01-10,162.82000732421875,163.22000122070312,161.17999267578125,161.33999633789062,152.51014709472656,20725900,MSFT
2020-01-13,161.75999450683594,163.30999755859375,161.25999450683594,163.27999877929688,154.343994140625,21626500,MSFT
2020-01-14,163.38999938964844,163.60000610351562,161.72000122070312,162.1300048828125,153.25692749023438,23477400,MSFT
2020-01-15,162.6199951171875,163.94000244140625,162.57000732421875,163.17999267578125,154.2494659423828,21417900,MSFT
2020-01-16,164.35000610351562,166.24000549316406,164.02999877929688,166.1699981689453,157.07579040527344,23865400,MSFT
2020-01-17,167.4199981689453,167.47000122070312,165.42999267578125,167.10000610351562,157.95492553710938,34371700,MSFT
2020-01-21,166.67999267578125,168.19000244140625,166.42999267578125,166.5,157.3877716064453,29517200,MSFT
2020-01-22,167.39999389648438,167.49000549316406,165.67999267578125,165.6999969482422,156.6315155029297,24138800,MSFT
2020-01-23,166.19000244140625,166.8000030517578,165.27000427246094,166.72000122070312,157.59573364257812,19680800,MSFT
2020-01-24,167.50999450683594,167.52999877929688,164.4499969482422,165.0399932861328,156.0076446533203,24918100,MSFT
2020-01-27,161.14999389648438,163.3800048828125,160.1999969482422,162.27999877929688,153.3987274169922,32078100,MSFT
2020-01-28,163.77999877929688,165.75999450683594,163.07000732421875,165.4600067138672,156.4046630859375,24899900,MSFT
2020-01-29,167.83999633789062,168.75,165.69000244140625,168.0399932861328,158.84344482421875,34754500,MSFT
2020-01-30,174.0500030517578,174.0500030517578,170.7899932861328,172.77999877929688,163.32406616210938,51597500,MSFT
2020-01-31,172.2100067138672,172.39999389648438,169.5800018310547,170.22999572753906,160.91357421875,36142700,MSFT
2020-02-03,170.42999267578125,174.5,170.39999389648438,174.3800048828125,164.83645629882812,30107000,MSFT
2020-02-04,177.13999938964844,180.63999938964844,176.30999755859375,180.1199951171875,170.2623748779297,36433300,MSFT
2020-02-05,184.02999877929688,184.1999969482422,178.41000366210938,179.89999389648438,170.05435180664062,39186300,MSFT
2020-02-06,180.97000122070312,183.82000732421875,180.05999755859375,183.6300048828125,173.58021545410156,27751400,MSFT
2020-02-07,182.85000610351562,185.6300048828125,182.47999572753906,183.88999938964844,173.82601928710938,33529100,MSFT
2020-02-10,183.5800018310547,188.83999633789062,183.25,188.6999969482422,178.37277221679688,35844300,MSFT
2020-02-11,190.64999389648438,190.6999969482422,183.5,184.44000244140625,174.34591674804688,53159900,MSFT
2020-02-12,185.5800018310547,185.85000610351562,181.85000610351562,184.7100067138672,174.60110473632812,47062900,MSFT
2020-02-13,183.0800018310547,186.22999572753906,182.8699951171875,183.7100067138672,173.65586853027344,35295800,MSFT
2020-02-14,183.25,185.41000366210938,182.64999389648438,185.35000610351562,175.2061004638672,23149500,MSFT
2020-02-18,185.61000061035156,187.6999969482422,185.5,187.22999572753906,176.98321533203125,27792200,MSFT
2020-02-19,188.05999755859375,188.17999267578125,186.47000122070312,187.27999877929688,177.51406860351562,29997500,MSFT
2020-02-20,186.9499969482422,187.25,181.10000610351562,184.4199981689453,174.80319213867188,36862400,MSFT
2020-02-21,183.1699981689453,183.5,177.25,178.58999633789062,169.27719116210938,48572600,MSFT
2020-02-24,167.77000427246094,174.5500030517578,163.22999572753906,170.88999938964844,161.97872924804688,68311100,MSFT
2020-02-25,174.1999969482422,174.83999633789062,167.64999389648438,168.07000732421875,159.3057403564453,68073300,MSFT
2020-02-26,169.7100067138672,173.25999450683594,168.2100067138672,170.1699981689453,161.2962646484375,56206100,MSFT
2020-02-27,163.32000732421875,167.02999877929688,157.97999572753906,158.17999267578125,149.9314727783203,93174900,MSFT
2020-02-28,152.41000366210938,163.7100067138672,152.0,162.00999450683594,153.561767578125,97012700,MSFT
2020-03-02,165.30999755859375,172.9199981689453,162.30999755859375,172.7899932861328,163.7796630859375,71030800,MSFT
2020-03-03,173.8000030517578,175.0,162.25999450683594,164.50999450683594,155.93138122558594,71677000,MSFT
2020-03-04,168.49000549316406,170.6999969482422,165.6199951171875,170.5500030517578,161.65646362304688,49814400,MSFT
2020-03-05,166.0500030517578,170.8699951171875,165.69000244140625,166.27000427246094,157.599609375,47817300,MSFT
2020-03-06,162.61000061035156,163.11000061035156,156.0,161.57000732421875,153.14474487304688,72821100,MSFT
2020-03-09,151.0,157.75,150.0,150.6199951171875,142.7657012939453,70419300,MSFT
2020-03-10,158.16000366210938,161.02999877929688,152.5800018310547,160.9199981689453,152.5286102294922,65354400,MSFT
2020-03-11,157.1300048828125,157.6999969482422,151.14999389648438,153.6300048828125,145.61878967285156,56371600,MSFT
2020-03-12,145.3000030517578,153.47000122070312,138.5800018310547,139.05999755859375,131.80853271484375,93226400,MSFT
2020-03-13,147.5,161.91000366210938,140.72999572753906,158.8300018310547,150.54759216308594,92727400,MSFT
2020-03-16,140.0,149.35000610351562,135.0,135.4199981689453,128.3583526611328,87905900,MSFT
2020-03-17,140.0,147.5,135.0,146.57000732421875,138.9269256591797,81059800,MSFT
2020-03-18,138.0,146.0,135.02000427246094,140.39999389648438,133.07867431640625,81593200,MSFT
2020-03-19,142.77000427246094,150.14999389648438,139.0,142.7100067138672,135.26821899414062,85922700,MSFT
2020-03-20,146.0,147.10000610351562,135.86000061035156,137.35000610351562,130.18768310546875,84866200,MSFT
2020-03-23,137.00999450683594,140.57000732421875,132.52000427246094,135.97999572753906,128.88916015625,78975200,MSFT
2020-03-24,143.75,149.60000610351562,141.27000427246094,148.33999633789062,140.6046600341797,82516700,MSFT
2020-03-25,148.91000366210938,154.3300018310547,144.44000244140625,146.9199981689453,139.2586669921875,75638200,MSFT
2020-03-26,148.39999389648438,156.66000366210938,148.3699951171875,156.11000061035156,147.9694061279297,64568100,MSFT
2020-03-27,151.75,154.88999938964844,149.1999969482422,149.6999969482422,141.89370727539062,57042300,MSFT
2020-03-30,152.44000244140625,160.60000610351562,150.00999450683594,160.22999572753906,151.87457275390625,63420300,MSFT
2020-03-31,159.39999389648438,164.77999877929688,156.55999755859375,157.7100067138672,149.4860076904297,77927200,MSFT
2020-04-01,153.0,157.75,150.82000732421875,152.11000061035156,144.17800903320312,57969900,MSFT
2020-04-02,151.86000061035156,155.47999572753906,150.36000061035156,155.25999450683594,147.16375732421875,49630700,MSFT
2020-04-03,155.10000610351562,157.3800048828125,152.19000244140625,153.8300018310547,145.808349609375,41243300,MSFT
2020-04-06,160.32000732421875,166.5,157.5800018310547,165.27000427246094,156.65174865722656,67111700,MSFT
2020-04-07,169.58999633789062,170.0,163.25999450683594,163.49000549316406,154.96458435058594,62769000,MSFT
2020-04-08,165.6699981689453,166.6699981689453,163.5,165.1300048828125,156.51907348632812,48318200,MSFT
2020-04-09,166.36000061035156,167.3699951171875,163.3300018310547,165.13999938964844,156.528564453125,51385100,MSFT
2020-04-13,164.35000610351562,165.57000732421875,162.3000030517578,165.50999450683594,156.87928771972656,41905300,MSFT
2020-04-14,169.0,173.75,168.0,173.6999969482422,164.64224243164062,52874300,MSFT
2020-04-15,171.1999969482422,173.57000732421875,169.24000549316406,171.8800048828125,162.91708374023438,40940800,MSFT
2020-04-16,174.3000030517578,177.27999877929688,172.89999389648438,177.0399932861328,167.80801391601562,50479600,MSFT
2020-04-17,179.5,180.0,175.8699951171875,178.60000610351562,169.28663635253906,52765600,MSFT
2020-04-20,176.6300048828125,178.75,174.99000549316406,175.05999755859375,165.93125915527344,36669600,MSFT
2020-04-21,173.5,173.6699981689453,166.11000061035156,167.82000732421875,159.0688018798828,56203700,MSFT
2020-04-22,171.38999938964844,174.0,170.82000732421875,173.52000427246094,164.4716033935547,34620200,MSFT
2020-04-23,174.11000061035156,175.05999755859375,170.91000366210938,171.4199981689453,162.4810791015625,32790800,MSFT
2020-04-24,172.05999755859375,174.55999755859375,170.7100067138672,174.5500030517578,165.4478302001953,34277600,MSFT
2020-04-27,176.58999633789062,176.89999389648438,173.3000030517578,174.0500030517578,164.97393798828125,33194400,MSFT
2020-04-28,175.58999633789062,175.6699981689453,169.38999938964844,169.80999755859375,160.95501708984375,34392700,MSFT
2020-04-29,173.22000122070312,177.67999267578125,171.8800048828125,177.42999267578125,168.17767333984375,51286600,MSFT
2020-04-30,180.0,180.39999389648438,176.22999572753906,179.2100067138672,169.86485290527344,53875900,MSFT
2020-05-01,175.8000030517578,178.63999938964844,174.00999450683594,174.57000732421875,165.46681213378906,39370500,MSFT
2020-05-04,174.49000549316406,179.0,173.8000030517578,178.83999633789062,169.5141143798828,30372900,MSFT
2020-05-05,180.6199951171875,183.64999389648438,179.89999389648438,180.75999450683594,171.33401489257812,36839200,MSFT
2020-05-06,182.0800018310547,184.1999969482422,181.6300048828125,182.5399932861328,173.02120971679688,32139300,MSFT
2020-05-07,184.1699981689453,184.5500030517578,182.5800018310547,183.60000610351562,174.02597045898438,28316000,MSFT
2020-05-08,184.97999572753906,185.0,183.36000061035156,184.67999267578125,175.04959106445312,30877800,MSFT
2020-05-11,183.14999389648438,187.50999450683594,182.85000610351562,186.74000549316406,177.00218200683594,30892700,MSFT
2020-05-12,186.8000030517578,187.0399932861328,182.3000030517578,182.50999450683594,172.99273681640625,32038200,MSFT
2020-05-13,182.5500030517578,184.0500030517578,176.5399932861328,179.75,170.37667846679688,44711500,MSFT
2020-05-14,177.5399932861328,180.69000244140625,175.67999267578125,180.52999877929688,171.11602783203125,41873900,MSFT
2020-05-15,179.05999755859375,187.05999755859375,177.0,183.16000366210938,173.6089324951172,46610400,MSFT
2020-05-18,185.75,186.1999969482422,183.9600067138672,184.91000366210938,175.2676239013672,35264500,MSFT
2020-05-19,185.02999877929688,186.60000610351562,183.49000549316406,183.6300048828125,174.05435180664062,26799100,MSFT
2020-05-20,184.80999755859375,185.85000610351562,183.94000244140625,185.66000366210938,176.46861267089844,31261300,MSFT
2020-05-21,185.39999389648438,186.6699981689453,183.2899932861328,183.42999267578125,174.34906005859375,29119500,MSFT
2020-05-22,183.19000244140625,184.4600067138672,182.5399932861328,183.50999450683594,174.42506408691406,20826900,MSFT
2020-05-26,186.33999633789062,186.5,181.10000610351562,181.57000732421875,172.5811004638672,36073600,MSFT
2020-05-27,180.1999969482422,181.99000549316406,176.60000610351562,181.80999755859375,172.8092041015625,39517100,MSFT
2020-05-28,180.74000549316406,184.14999389648438,180.3800048828125,181.39999389648438,172.4195098876953,33810200,MSFT
2020-05-29,182.72999572753906,184.27000427246094,180.41000366210938,183.25,174.1779327392578,42130400,MSFT
2020-06-01,182.5399932861328,183.0,181.4600067138672,182.8300018310547,173.77871704101562,22622400,MSFT
2020-06-02,184.25,185.0,181.35000610351562,184.91000366210938,175.75575256347656,30794600,MSFT
2020-06-03,184.82000732421875,185.94000244140625,183.5800018310547,185.36000061035156,176.18348693847656,27311000,MSFT
2020-06-04,184.3000030517578,185.83999633789062,182.3000030517578,182.9199981689453,173.8643035888672,28761800,MSFT
2020-06-05,182.6199951171875,187.72999572753906,182.00999450683594,187.1999969482422,177.932373046875,39893600,MSFT
2020-06-08,185.94000244140625,188.5500030517578,184.44000244140625,188.36000061035156,179.03500366210938,33211600,MSFT
2020-06-09,188.0,190.6999969482422,187.25999450683594,189.8000030517578,180.40367126464844,29783900,MSFT
2020-06-10,191.1300048828125,198.52000427246094,191.00999450683594,196.83999633789062,187.0951690673828,43872300,MSFT
2020-06-11,193.1300048828125,195.75999450683594,186.07000732421875,186.27000427246094,177.04844665527344,52854700,MSFT
2020-06-12,190.5399932861328,191.72000122070312,185.17999267578125,187.74000549316406,178.44566345214844,43373600,MSFT
2020-06-15,184.5800018310547,190.82000732421875,184.00999450683594,188.94000244140625,179.58627319335938,32770200,MSFT
2020-06-16,192.88999938964844,195.5800018310547,191.4600067138672,193.57000732421875,183.98703002929688,42556700,MSFT
2020-06-17,195.02999877929688,196.32000732421875,193.69000244140625,194.24000549316406,184.62387084960938,25687800,MSFT
2020-06-18,194.0,196.49000549316406,194.0,196.32000732421875,186.6009063720703,23061600,MSFT
2020-06-19,198.58999633789062,199.2899932861328,194.3699951171875,195.14999389648438,185.48883056640625,44441100,MSFT
2020-06-22,195.7899932861328,200.75999450683594,195.22999572753906,200.57000732421875,190.64051818847656,32818900,MSFT
2020-06-23,202.08999633789062,203.9499969482422,201.42999267578125,201.91000366210938,191.91412353515625,30917400,MSFT
2020-06-24,201.60000610351562,203.25,196.55999755859375,197.83999633789062,188.04559326171875,36740600,MSFT
2020-06-25,197.8000030517578,200.61000061035156,195.47000122070312,200.33999633789062,190.421875,27803900,MSFT
2020-06-26,199.72999572753906,199.88999938964844,194.8800048828125,196.3300018310547,186.6103973388672,54675800,MSFT
2020-06-29,195.77999877929688,198.52999877929688,193.5500030517578,198.44000244140625,188.6159210205078,26701600,MSFT
2020-06-30,197.8800048828125,204.39999389648438,197.74000549316406,203.50999450683594,193.4348907470703,34310300,MSFT
2020-07-01,203.13999938964844,206.35000610351562,201.77000427246094,204.6999969482422,194.5659942626953,32061200,MSFT
2020-07-02,205.67999267578125,208.02000427246094,205.0,206.25999450683594,196.04876708984375,29315800,MSFT
2020-07-06,208.8300018310547,211.1300048828125,208.08999633789062,210.6999969482422,200.26898193359375,31897600,MSFT
2020-07-07,210.4499969482422,214.6699981689453,207.99000549316406,208.25,197.94029235839844,33600700,MSFT
2020-07-08,210.07000732421875,213.25999450683594,208.69000244140625,212.8300018310547,202.29356384277344,33600000,MSFT
2020-07-09,216.3300018310547,216.3800048828125,211.47000122070312,214.32000732421875,203.70977783203125,33121700,MSFT
2020-07-10,213.6199951171875,214.0800018310547,211.0800018310547,213.6699981689453,203.09194946289062,26177600,MSFT
2020-07-13,214.47999572753906,215.8000030517578,206.5,207.07000732421875,196.81871032714844,38135600,MSFT
2020-07-14,206.1300048828125,208.85000610351562,202.02999877929688,208.35000610351562,198.0353546142578,37591800,MSFT
2020-07-15,209.55999755859375,211.3300018310547,205.02999877929688,208.0399932861328,197.7406768798828,32179400,MSFT
2020-07-16,205.39999389648438,205.6999969482422,202.30999755859375,203.9199981689453,193.8246307373047,29940700,MSFT
2020-07-17,204.47000122070312,205.0399932861328,201.38999938964844,202.8800048828125,192.83616638183594,31635300,MSFT
2020-07-20,205.0,212.3000030517578,203.00999450683594,211.60000610351562,201.12442016601562,36884800,MSFT
2020-07-21,213.66000366210938,213.94000244140625,208.02999877929688,208.75,198.4154815673828,37990400,MSFT
2020-07-22,209.1999969482422,212.3000030517578,208.38999938964844,211.75,201.26698303222656,49605700,MSFT
2020-07-23,207.19000244140625,210.9199981689453,202.14999389648438,202.5399932861328,192.51296997070312,67457000,MSFT
2020-07-24,200.4199981689453,202.86000061035156,197.50999450683594,201.3000030517578,191.3343505859375,39827000,MSFT
2020-07-27,201.47000122070312,203.97000122070312,200.86000061035156,203.85000610351562,193.75808715820312,30160900,MSFT
2020-07-28,203.61000061035156,204.6999969482422,201.74000549316406,202.02000427246094,192.01870727539062,23251400,MSFT
2020-07-29,202.5,204.64999389648438,202.00999450683594,204.05999755859375,193.95770263671875,19632600,MSFT
2020-07-30,201.0,204.4600067138672,199.57000732421875,203.89999389648438,193.80564880371094,25079600,MSFT
2020-07-31,204.39999389648438,205.10000610351562,199.00999450683594,205.00999450683594,194.86070251464844,51044000,MSFT
2020-08-03,211.52000427246094,217.63999938964844,210.44000244140625,216.5399932861328,205.81983947753906,78983000,MSFT
2020-08-04,214.1699981689453,214.77000427246094,210.30999755859375,213.2899932861328,202.7307586669922,49280100,MSFT
2020-08-05,214.89999389648438,215.0,211.57000732421875,212.94000244140625,202.3980712890625,28806400,MSFT
2020-08-06,212.33999633789062,216.3699951171875,211.5500030517578,216.35000610351562,205.63926696777344,32656800,MSFT
2020-08-07,214.85000610351562,215.6999969482422,210.92999267578125,212.47999572753906,201.96084594726562,27820400,MSFT
2020-08-10,211.6699981689453,211.8800048828125,206.35000610351562,208.25,197.94029235839844,36716500,MSFT
2020-08-11,207.16000366210938,207.64999389648438,203.13999938964844,203.3800048828125,193.31137084960938,36446500,MSFT
2020-08-12,205.2899932861328,210.27999877929688,204.75,209.19000244140625,198.83370971679688,28013100,MSFT
2020-08-13,209.44000244140625,211.35000610351562,208.14999389648438,208.6999969482422,198.3679962158203,22588900,MSFT
2020-08-14,208.75999450683594,209.58999633789062,207.50999450683594,208.89999389648438,198.55807495117188,17958900,MSFT
2020-08-17,209.60000610351562,211.19000244140625,208.9199981689453,210.27999877929688,199.8697967529297,20184800,MSFT
2020-08-18,210.52999877929688,212.36000061035156,209.2100067138672,211.49000549316406,201.0198974609375,21336200,MSFT
2020-08-19,211.49000549316406,212.10000610351562,209.25,209.6999969482422,199.80029296875,27627600,MSFT
2020-08-20,209.5399932861328,215.0,208.91000366210938,214.5800018310547,204.44989013671875,26981500,MSFT
2020-08-21,213.86000061035156,216.25,212.85000610351562,213.02000427246094,202.96356201171875,36249300,MSFT
2020-08-24,214.7899932861328,215.52000427246094,212.42999267578125,213.69000244140625,203.60189819335938,25460100,MSFT
2020-08-25,213.10000610351562,216.61000061035156,213.10000610351562,216.47000122070312,206.2506866455078,23043700,MSFT
2020-08-26,217.8800048828125,222.08999633789062,217.36000061035156,221.14999389648438,210.7097625732422,39600800,MSFT
2020-08-27,222.88999938964844,231.14999389648438,219.39999389648438,226.5800018310547,215.8834228515625,57602200,MSFT
2020-08-28,228.17999267578125,230.63999938964844,226.5800018310547,228.91000366210938,218.1033935546875,26292900,MSFT
2020-08-31,227.0,228.6999969482422,224.30999755859375,225.52999877929688,214.88296508789062,28774200,MSFT
2020-09-01,225.50999450683594,227.4499969482422,224.42999267578125,227.27000427246094,216.54083251953125,25725500,MSFT
2020-09-02,227.97000122070312,232.86000061035156,227.35000610351562,231.64999389648438,220.71408081054688,34080800,MSFT
2020-09-03,229.27000427246094,229.30999755859375,214.9600067138672,217.3000030517578,207.04148864746094,58400300,MSFT
2020-09-04,215.10000610351562,218.36000061035156,205.19000244140625,214.25,204.13551330566406,59664100,MSFT
2020-09-08,206.5,210.02999877929688,202.1999969482422,202.66000366210938,193.09262084960938,52924300,MSFT
2020-09-09,207.60000610351562,214.83999633789062,206.6999969482422,211.2899932861328,201.3152313232422,45679000,MSFT
2020-09-10,213.39999389648438,214.74000549316406,204.11000061035156,205.3699951171875,195.6747283935547,35461500,MSFT
2020-09-11,207.1999969482422,208.6300048828125,201.24000549316406,204.02999877929688,194.39794921875,33620100,MSFT
2020-09-14,204.24000549316406,209.1999969482422,204.02999877929688,205.41000366210938,195.71279907226562,30375800,MSFT
2020-09-15,208.4199981689453,209.77999877929688,206.92999267578125,208.77999877929688,198.92373657226562,21823900,MSFT
2020-09-16,210.6199951171875,210.64999389648438,204.63999938964844,205.0500030517578,195.369873046875,26328100,MSFT
2020-09-17,200.0500030517578,204.3300018310547,199.9600067138672,202.91000366210938,193.33087158203125,34011300,MSFT
2020-09-18,202.8000030517578,203.64999389648438,196.25,200.38999938964844,190.92977905273438,55225300,MSFT
2020-09-21,197.19000244140625,202.7100067138672,196.3800048828125,202.5399932861328,192.97830200195312,39839700,MSFT
2020-09-22,205.05999755859375,208.10000610351562,202.0800018310547,207.4199981689453,197.62794494628906,33517100,MSFT
2020-09-23,207.89999389648438,208.10000610351562,200.02999877929688,200.58999633789062,191.12039184570312,30803800,MSFT
2020-09-24,199.85000610351562,205.57000732421875,199.1999969482422,203.19000244140625,193.5976104736328,31202500,MSFT
2020-09-25,203.5500030517578,209.0399932861328,202.5399932861328,207.82000732421875,198.009033203125,29437300,MSFT
2020-09-28,210.8800048828125,212.57000732421875,208.05999755859375,209.44000244140625,199.55262756347656,32004900,MSFT
2020-09-29,209.35000610351562,210.07000732421875,206.80999755859375,207.25999450683594,197.47547912597656,24221900,MSFT
2020-09-30,207.72999572753906,211.97999572753906,206.5399932861328,210.3300018310547,200.4005584716797,33829100,MSFT
2020-10-01,213.49000549316406,213.99000549316406,211.32000732421875,212.4600067138672,202.4300079345703,27158400,MSFT
2020-10-02,208.0,210.99000549316406,205.5399932861328,206.19000244140625,196.4559783935547,33154800,MSFT
2020-10-05,207.22000122070312,210.41000366210938,206.97999572753906,210.3800048828125,200.44821166992188,21331600,MSFT
2020-10-06,208.82000732421875,210.17999267578125,204.82000732421875,205.91000366210938,196.18923950195312,28554300,MSFT
2020-10-07,207.05999755859375,210.11000061035156,206.72000122070312,209.8300018310547,199.9241485595703,25681100,MSFT
2020-10-08,210.50999450683594,211.19000244140625,208.32000732421875,210.5800018310547,200.6387176513672,19925800,MSFT
2020-10-09,211.22999572753906,215.86000061035156,211.22999572753906,215.80999755859375,205.62185668945312,26458000,MSFT
2020-10-12,218.7899932861328,223.86000061035156,216.80999755859375,221.39999389648438,210.947998046875,40461400,MSFT
2020-10-13,222.72000122070312,225.2100067138672,220.42999267578125,222.86000061035156,212.33900451660156,28950800,MSFT
2020-10-14,223.0,224.22000122070312,219.1300048828125,220.86000061035156,210.43345642089844,23421700,MSFT
2020-10-15,217.10000610351562,220.36000061035156,216.00999450683594,219.66000366210938,209.29013061523438,22733100,MSFT
2020-10-16,220.14999389648438,222.2899932861328,219.32000732421875,219.66000366210938,209.29013061523438,26057900,MSFT
2020-10-19,220.4199981689453,222.3000030517578,213.72000122070312,214.22000122070312,204.10691833496094,27625800,MSFT
2020-10-20,215.8000030517578,217.3699951171875,213.08999633789062,214.64999389648438,204.51658630371094,22753500,MSFT
2020-10-21,213.1199951171875,216.9199981689453,213.1199951171875,214.8000030517578,204.65953063964844,22724900,MSFT
2020-10-22,213.92999267578125,216.05999755859375,211.6999969482422,214.88999938964844,204.74530029296875,22351500,MSFT
2020-10-23,215.02999877929688,216.27999877929688,213.16000366210938,216.22999572753906,206.02200317382812,18879600,MSFT
2020-10-26,213.85000610351562,216.33999633789062,208.10000610351562,210.0800018310547,200.16236877441406,37111600,MSFT
2020-10-27,211.58999633789062,214.6699981689453,210.3300018310547,213.25,203.18272399902344,36700300,MSFT
2020-10-28,207.6699981689453,208.83999633789062,202.10000610351562,202.67999267578125,193.1116943359375,51195600,MSFT
2020-10-29,204.07000732421875,207.36000061035156,203.3699951171875,204.72000122070312,195.05538940429688,31432600,MSFT
2020-10-30,203.5,204.2899932861328,199.6199951171875,202.47000122070312,192.9116668701172,36953700,MSFT
2020-11-02,204.2899932861328,205.27999877929688,200.1199951171875,202.3300018310547,192.7782745361328,30842200,MSFT
2020-11-03,203.88999938964844,208.1199951171875,203.1199951171875,206.42999267578125,196.6846466064453,27512000,MSFT
2020-11-04,214.02000427246094,218.32000732421875,212.4199981689453,216.38999938964844,206.1744842529297,42311800,MSFT
2020-11-05,222.0399932861328,224.1199951171875,221.14999389648438,223.2899932861328,212.74876403808594,36080100,MSFT
2020-11-06,222.25999450683594,224.36000061035156,218.02999877929688,223.72000122070312,213.15843200683594,25231900,MSFT
2020-11-09,224.44000244140625,228.1199951171875,217.8800048828125,218.38999938964844,208.080078125,44395000,MSFT
2020-11-10,214.5,216.5,209.72000122070312,211.00999450683594,201.04843139648438,44045100,MSFT
2020-11-11,212.38999938964844,218.0399932861328,212.1999969482422,216.5500030517578,206.3269500732422,29440800,MSFT
2020-11-12,217.2100067138672,219.11000061035156,214.4600067138672,215.44000244140625,205.26930236816406,21593900,MSFT
2020-11-13,216.36000061035156,217.4199981689453,214.16000366210938,216.50999450683594,206.288818359375,18621100,MSFT
2020-11-16,214.8699951171875,217.74000549316406,214.52000427246094,217.22999572753906,206.9748077392578,24953300,MSFT
2020-11-17,216.10000610351562,217.67999267578125,214.0800018310547,214.4600067138672,204.3356170654297,24154100,MSFT
2020-11-18,213.64999389648438,215.1699981689453,210.92999267578125,211.0800018310547,201.64169311523438,28372800,MSFT
2020-11-19,211.3800048828125,213.02999877929688,209.92999267578125,212.4199981689453,202.92176818847656,24792700,MSFT
2020-11-20,212.1999969482422,213.2899932861328,210.0,210.38999938964844,200.9825439453125,22843100,MSFT
2020-11-23,210.9499969482422,212.2899932861328,208.16000366210938,210.11000061035156,200.7150421142578,25683500,MSFT
2020-11-24,209.58999633789062,214.25,208.86000061035156,213.86000061035156,204.29737854003906,33979700,MSFT
2020-11-25,215.11000061035156,215.2899932861328,212.4600067138672,213.8699951171875,204.3069305419922,21012900,MSFT
2020-11-27,214.85000610351562,216.27000427246094,214.0399932861328,215.22999572753906,205.60609436035156,14512200,MSFT
2020-11-30,214.10000610351562,214.75999450683594,210.83999633789062,214.07000732421875,204.4979705810547,33064800,MSFT
2020-12-01,214.50999450683594,217.32000732421875,213.35000610351562,216.2100067138672,206.54234313964844,30904500,MSFT
2020-12-02,214.8800048828125,215.47000122070312,212.8000030517578,215.3699951171875,205.7398681640625,23724500,MSFT
2020-12-03,214.61000061035156,216.3800048828125,213.64999389648438,214.24000549316406,204.66041564941406,25120900,MSFT
2020-12-04,214.22000122070312,215.3800048828125,213.17999267578125,214.36000061035156,204.77503967285156,24666000,MSFT
2020-12-07,214.3699951171875,215.5399932861328,212.99000549316406,214.2899932861328,204.7082061767578,24620000,MSFT
2020-12-08,213.97000122070312,216.9499969482422,212.88999938964844,216.00999450683594,206.3512725830078,23284100,MSFT
2020-12-09,215.16000366210938,215.22999572753906,211.2100067138672,211.8000030517578,202.3294677734375,32440600,MSFT
2020-12-10,211.77000427246094,213.0800018310547,210.36000061035156,210.52000427246094,201.1067352294922,26733300,MSFT
2020-12-11,210.0500030517578,213.32000732421875,209.11000061035156,213.25999450683594,203.7241668701172,30979400,MSFT
2020-12-14,213.10000610351562,216.2100067138672,212.8800048828125,214.1999969482422,204.62220764160156,28798400,MSFT
2020-12-15,215.1699981689453,215.4199981689453,212.24000549316406,214.1300048828125,204.5552978515625,27000600,MSFT
2020-12-16,214.75,220.11000061035156,214.72000122070312,219.27999877929688,209.47503662109375,35023300,MSFT
2020-12-17,219.8699951171875,220.88999938964844,217.9199981689453,219.4199981689453,209.60873413085938,32515800,MSFT
2020-12-18,218.58999633789062,219.69000244140625,216.02000427246094,218.58999633789062,208.81582641601562,63354900,MSFT
2020-12-21,217.5500030517578,224.0,217.27999877929688,222.58999633789062,212.6370086669922,37181900,MSFT
2020-12-22,222.69000244140625,225.6300048828125,221.85000610351562,223.94000244140625,213.9266357421875,22612200,MSFT
2020-12-23,223.11000061035156,223.55999755859375,220.8000030517578,221.02000427246094,211.13723754882812,18699600,MSFT
2020-12-24,221.4199981689453,223.61000061035156,221.1999969482422,222.75,212.78985595703125,10550600,MSFT
2020-12-28,224.4499969482422,226.02999877929688,223.02000427246094,224.9600067138672,214.90103149414062,17933500,MSFT
2020-12-29,226.30999755859375,227.17999267578125,223.5800018310547,224.14999389648438,214.1272430419922,17403200,MSFT
2020-12-30,225.22999572753906,225.6300048828125,221.47000122070312,221.67999267578125,211.76771545410156,20272300,MSFT
2020-12-31,221.6999969482422,223.0,219.67999267578125,222.4199981689453,212.47462463378906,20942100,MSFT
2021-01-04,222.52999877929688,223.0,214.80999755859375,217.69000244140625,207.9561309814453,37130100,MSFT
2021-01-05,217.25999450683594,218.52000427246094,215.6999969482422,217.89999389648438,208.15673828125,23823000,MSFT
2021-01-06,212.1699981689453,216.49000549316406,211.94000244140625,212.25,202.75933837890625,35930700,MSFT
2021-01-07,214.0399932861328,219.33999633789062,213.7100067138672,218.2899932861328,208.52928161621094,27694500,MSFT
2021-01-08,218.67999267578125,220.5800018310547,217.02999877929688,219.6199951171875,209.79981994628906,22956200,MSFT
2021-01-11,218.47000122070312,218.91000366210938,216.72999572753906,217.49000549316406,207.76507568359375,23031300,MSFT
2021-01-12,216.5,217.10000610351562,213.32000732421875,214.92999267578125,205.31951904296875,23249300,MSFT
2021-01-13,214.02000427246094,216.75999450683594,213.92999267578125,216.33999633789062,206.66648864746094,20087100,MSFT
2021-01-14,215.91000366210938,217.4600067138672,212.74000549316406,213.02000427246094,203.4949188232422,29480800,MSFT
2021-01-15,213.52000427246094,214.50999450683594,212.02999877929688,212.64999389648438,203.1414794921875,31746500,MSFT
2021-01-19,213.75,216.97999572753906,212.6300048828125,216.44000244140625,206.76202392578125,30480900,MSFT
2021-01-20,217.6999969482422,225.7899932861328,217.2899932861328,224.33999633789062,214.3087615966797,37777300,MSFT
2021-01-21,224.6999969482422,226.3000030517578,222.4199981689453,224.97000122070312,214.9105987548828,30709400,MSFT
2021-01-22,227.0800018310547,230.07000732421875,225.8000030517578,225.9499969482422,215.8468017578125,30172700,MSFT
2021-01-25,229.1199951171875,229.77999877929688,224.22000122070312,229.52999877929688,219.2666778564453,33152100,MSFT
2021-01-26,231.86000061035156,234.17999267578125,230.0800018310547,232.3300018310547,221.94151306152344,49169600,MSFT
2021-01-27,238.0,240.44000244140625,230.13999938964844,232.89999389648438,222.48602294921875,69870600,MSFT
2021-01-28,235.61000061035156,242.63999938964844,235.08999633789062,238.92999267578125,228.24635314941406,49111200,MSFT
2021-01-29,235.99000549316406,238.02000427246094,231.35000610351562,231.9600067138672,221.5880584716797,42503100,MSFT
2021-02-01,235.05999755859375,242.5,232.42999267578125,239.64999389648438,228.9341583251953,33314200,MSFT
2021-02-02,241.3000030517578,242.30999755859375,238.69000244140625,239.50999450683594,228.80044555664062,25916300,MSFT
2021-02-03,239.57000732421875,245.08999633789062,239.25999450683594,243.0,232.13436889648438,27158100,MSFT
2021-02-04,242.66000366210938,243.24000549316406,240.3699951171875,242.00999450683594,231.1886749267578,25296100,MSFT
2021-02-05,242.22999572753906,243.27999877929688,240.4199981689453,242.1999969482422,231.3701629638672,18054800,MSFT
2021-02-08,243.14999389648438,243.67999267578125,240.80999755859375,242.47000122070312,231.6280975341797,22211900,MSFT
2021-02-09,241.8699951171875,244.75999450683594,241.3800048828125,243.77000427246094,232.8699951171875,23565000,MSFT
2021-02-10,245.0,245.9199981689453,240.88999938964844,242.82000732421875,231.96241760253906,22186700,MSFT
2021-02-11,244.77999877929688,245.14999389648438,242.14999389648438,244.49000549316406,233.5577850341797,15751100,MSFT
2021-02-12,243.92999267578125,245.3000030517578,242.72999572753906,244.99000549316406,234.035400390625,16561100,MSFT
2021-02-16,245.02999877929688,246.1300048828125,242.9199981689453,243.6999969482422,232.8031005859375,26728500,MSFT
2021-02-17,241.32000732421875,244.30999755859375,240.94000244140625,244.1999969482422,233.8180389404297,21653500,MSFT
2021-02-18,241.8000030517578,243.92999267578125,240.86000061035156,243.7899932861328,233.42547607421875,16925600,MSFT
2021-02-19,243.75,243.86000061035156,240.17999267578125,240.97000122070312,230.72535705566406,25262600,MSFT
2021-02-22,237.4199981689453,237.92999267578125,232.39999389648438,234.50999450683594,224.53997802734375,36446900,MSFT
2021-02-23,230.3300018310547,234.8300018310547,228.72999572753906,233.27000427246094,223.35275268554688,30228700,MSFT
2021-02-24,230.00999450683594,235.1999969482422,229.0,234.5500030517578,224.5783233642578,26339700,MSFT
2021-02-25,232.0800018310547,234.58999633789062,227.8800048828125,228.99000549316406,219.25469970703125,39542200,MSFT
2021-02-26,231.52999877929688,235.3699951171875,229.5399932861328,232.3800048828125,222.50057983398438,37819200,MSFT
2021-03-01,235.89999389648438,237.47000122070312,233.14999389648438,236.94000244140625,226.86672973632812,25324000,MSFT
2021-03-02,237.00999450683594,237.3000030517578,233.4499969482422,233.8699951171875,223.92721557617188,22812500,MSFT
2021-03-03,232.16000366210938,233.5800018310547,227.25999450683594,227.55999755859375,217.88548278808594,34029500,MSFT
2021-03-04,226.74000549316406,232.49000549316406,224.25999450683594,226.72999572753906,217.09075927734375,44727800,MSFT
2021-03-05,229.52000427246094,233.27000427246094,226.4600067138672,231.60000610351562,221.75372314453125,41872800,MSFT
2021-03-08,231.3699951171875,233.3699951171875,227.1300048828125,227.38999938964844,217.7227020263672,35267400,MSFT
2021-03-09,232.8800048828125,235.3800048828125,231.6699981689453,233.77999877929688,223.84104919433594,33080500,MSFT
2021-03-10,237.0,237.0,232.0399932861328,232.4199981689453,222.53883361816406,29746800,MSFT
2021-03-11,234.9600067138672,239.1699981689453,234.30999755859375,237.1300048828125,227.048583984375,29907600,MSFT
2021-03-12,234.00999450683594,235.82000732421875,233.22999572753906,235.75,225.72727966308594,22653700,MSFT
2021-03-15,234.9600067138672,235.19000244140625,231.80999755859375,234.80999755859375,224.82723999023438,26034900,MSFT
2021-03-16,236.27999877929688,240.05999755859375,235.94000244140625,237.7100067138672,227.6039581298828,28092200,MSFT
2021-03-17,236.14999389648438,238.5500030517578,233.22999572753906,237.0399932861328,226.96241760253906,29562100,MSFT
2021-03-18,232.55999755859375,234.19000244140625,230.3300018310547,230.72000122070312,220.91111755371094,34833000,MSFT
2021-03-19,231.02000427246094,232.47000122070312,229.35000610351562,230.35000610351562,220.55682373046875,46430700,MSFT
2021-03-22,230.27000427246094,236.89999389648438,230.13999938964844,235.99000549316406,225.9571075439453,30127000,MSFT
2021-03-23,237.49000549316406,241.0500030517578,237.07000732421875,237.5800018310547,227.4794464111328,31638400,MSFT
2021-03-24,237.85000610351562,238.0,235.32000732421875,235.4600067138672,225.44961547851562,25620100,MSFT
2021-03-25,235.3000030517578,236.94000244140625,231.57000732421875,232.33999633789062,222.46229553222656,34061900,MSFT
2021-03-26,231.5500030517578,236.7100067138672,231.5500030517578,236.47999572753906,226.42620849609375,25479900,MSFT
2021-03-29,236.58999633789062,236.8000030517578,231.8800048828125,235.24000549316406,225.2389678955078,25227500,MSFT
2021-03-30,233.52999877929688,233.85000610351562,231.10000610351562,231.85000610351562,221.99305725097656,24792000,MSFT
2021-03-31,232.91000366210938,239.10000610351562,232.38999938964844,235.77000427246094,225.74644470214844,43623500,MSFT
2021-04-01,238.47000122070312,242.83999633789062,238.0500030517578,242.35000610351562,232.0467071533203,30338000,MSFT
2021-04-05,242.75999450683594,249.9600067138672,242.6999969482422,249.07000732421875,238.4810028076172,36910600,MSFT
2021-04-06,247.61000061035156,249.39999389648438,246.8800048828125,247.86000061035156,237.3224334716797,22931900,MSFT
2021-04-07,247.80999755859375,250.92999267578125,247.19000244140625,249.89999389648438,239.27572631835938,22719800,MSFT
2021-04-08,252.77000427246094,254.13999938964844,252.0,253.25,242.48326110839844,23625200,MSFT
2021-04-09,252.8699951171875,255.99000549316406,252.44000244140625,255.85000610351562,244.9727325439453,24326800,MSFT
2021-04-12,254.7100067138672,257.6700134277344,254.6199951171875,255.91000366210938,245.0301971435547,27148700,MSFT
2021-04-13,257.260009765625,259.19000244140625,256.8299865722656,258.489990234375,247.50048828125,23837500,MSFT
2021-04-14,257.4800109863281,258.8299865722656,255.16000366210938,255.58999633789062,244.72378540039062,23070900,MSFT
2021-04-15,257.92999267578125,259.92999267578125,257.7300109863281,259.5,248.4675750732422,25627500,MSFT
2021-04-16,259.4700012207031,261.0,257.6000061035156,260.739990234375,249.65481567382812,24878600,MSFT
2021-04-19,260.19000244140625,261.4800109863281,257.82000732421875,258.739990234375,247.73983764648438,23209300,MSFT
2021-04-20,257.82000732421875,260.20001220703125,256.8399963378906,258.260009765625,247.2802734375,19722900,MSFT
2021-04-21,258.94000244140625,260.67999267578125,257.25,260.5799865722656,249.5015869140625,24030400,MSFT
2021-04-22,260.2099914550781,261.7799987792969,255.63999938964844,257.1700134277344,246.2366180419922,25606200,MSFT
2021-04-23,257.8800048828125,261.510009765625,257.2699890136719,261.1499938964844,250.04745483398438,21462600,MSFT
2021-04-26,261.6600036621094,262.44000244140625,260.1700134277344,261.54998779296875,250.430419921875,19763300,MSFT
2021-04-27,261.5799865722656,263.19000244140625,260.1199951171875,261.9700012207031,250.83255004882812,31014200,MSFT
2021-04-28,256.0799865722656,256.5400085449219,252.9499969482422,254.55999755859375,243.73757934570312,46903100,MSFT
2021-04-29,255.4600067138672,256.1000061035156,249.0,252.50999450683594,241.7747344970703,40589000,MSFT
2021-04-30,249.74000549316406,253.0800018310547,249.60000610351562,252.17999267578125,241.45875549316406,30945100,MSFT
2021-05-03,253.39999389648438,254.35000610351562,251.1199951171875,251.86000061035156,241.15237426757812,19626600,MSFT
2021-05-04,250.97000122070312,251.2100067138672,245.75999450683594,247.7899932861328,237.25538635253906,32756100,MSFT
2021-05-05,249.05999755859375,249.5,245.82000732421875,246.47000122070312,235.99156188964844,21901300,MSFT
2021-05-06,246.4499969482422,249.86000061035156,244.69000244140625,249.72999572753906,239.11289978027344,26491100,MSFT
2021-05-07,252.14999389648438,254.3000030517578,251.1699981689453,252.4600067138672,241.72686767578125,27032900,MSFT
2021-05-10,250.8699951171875,251.72999572753906,247.1199951171875,247.17999267578125,236.67132568359375,29299900,MSFT
2021-05-11,244.5500030517578,246.60000610351562,242.57000732421875,246.22999572753906,235.76170349121094,33641600,MSFT
2021-05-12,242.1699981689453,244.3800048828125,238.07000732421875,239.0,228.839111328125,36684400,MSFT
2021-05-13,241.8000030517578,245.60000610351562,241.4199981689453,243.02999877929688,232.69773864746094,29624300,MSFT
2021-05-14,245.5800018310547,249.17999267578125,245.49000549316406,248.14999389648438,237.60006713867188,23901100,MSFT
2021-05-17,246.5500030517578,246.58999633789062,243.52000427246094,245.17999267578125,234.75633239746094,24970200,MSFT
2021-05-18,246.27000427246094,246.41000366210938,242.89999389648438,243.0800018310547,232.74566650390625,20168000,MSFT
2021-05-19,239.30999755859375,243.22999572753906,238.60000610351562,243.1199951171875,233.32142639160156,25739800,MSFT
2021-05-20,243.9600067138672,247.9499969482422,243.86000061035156,246.47999572753906,236.5460205078125,21800700,MSFT
2021-05-21,247.57000732421875,248.3300018310547,244.74000549316406,245.1699981689453,235.2888641357422,21863100,MSFT
2021-05-24,247.7899932861328,251.16000366210938,247.50999450683594,250.77999877929688,240.6727752685547,21411500,MSFT
2021-05-25,251.77000427246094,252.75,250.82000732421875,251.72000122070312,241.5748748779297,17704300,MSFT
2021-05-26,251.42999267578125,252.94000244140625,250.75,251.49000549316406,241.35414123535156,17771600,MSFT
2021-05-27,251.1699981689453,251.47999572753906,249.25,249.30999755859375,239.2620086669922,24426200,MSFT
2021-05-28,251.0,252.0800018310547,249.55999755859375,249.67999267578125,239.61708068847656,18270200,MSFT
2021-06-01,251.22999572753906,251.2899932861328,246.9600067138672,247.39999389648438,237.42897033691406,23213300,MSFT
2021-06-02,248.1300048828125,249.27000427246094,245.83999633789062,247.3000030517578,237.3330078125,19406700,MSFT
2021-06-03,245.22000122070312,246.33999633789062,243.0,245.7100067138672,235.8070831298828,25307700,MSFT
2021-06-04,247.75999450683594,251.64999389648438,247.50999450683594,250.7899932861328,240.68235778808594,25281100,MSFT
2021-06-07,249.97999572753906,254.08999633789062,249.80999755859375,253.80999755859375,243.58062744140625,23079200,MSFT
2021-06-08,255.16000366210938,256.010009765625,252.50999450683594,252.57000732421875,242.39059448242188,22455000,MSFT
2021-06-09,253.80999755859375,255.52999877929688,253.2100067138672,253.58999633789062,243.3694610595703,17937600,MSFT
2021-06-10,254.2899932861328,257.4599914550781,253.6699981689453,257.239990234375,246.87240600585938,24563600,MSFT
2021-06-11,257.989990234375,258.489990234375,256.6099853515625,257.8900146484375,247.4962615966797,18999700,MSFT
2021-06-14,257.8999938964844,259.95001220703125,256.79998779296875,259.8900146484375,249.41561889648438,19150500,MSFT
2021-06-15,259.7699890136719,259.989990234375,257.67999267578125,258.3599853515625,247.94723510742188,18038900,MSFT
2021-06-16,259.3999938964844,260.5799865722656,254.4199981689453,257.3800048828125,247.00674438476562,27220000,MSFT
2021-06-17,256.07000732421875,261.75,256.010009765625,260.8999938964844,250.38485717773438,27565500,MSFT
2021-06-18,259.6300048828125,262.29998779296875,258.75,259.42999267578125,248.97412109375,37202200,MSFT
2021-06-21,259.82000732421875,263.5199890136719,257.9200134277344,262.6300048828125,252.04518127441406,26696100,MSFT
2021-06-22,262.7200012207031,265.7900085449219,262.3999938964844,265.510009765625,254.8091278076172,24694100,MSFT
2021-06-23,265.989990234375,266.8299865722656,264.42999267578125,265.2699890136719,254.57879638671875,19518700,MSFT
2021-06-24,266.1600036621094,267.8500061035156,265.4700012207031,266.69000244140625,255.9414825439453,21446900,MSFT
2021-06-25,266.2300109863281,267.25,264.760009765625,265.0199890136719,254.33885192871094,25611100,MSFT
2021-06-28,266.19000244140625,268.8999938964844,265.9100036621094,268.7200012207031,257.8896484375,19590000,MSFT
2021-06-29,268.8699951171875,271.6499938964844,267.9800109863281,271.3999938964844,260.4616394042969,19937800,MSFT
2021-06-30,270.69000244140625,271.3599853515625,269.6000061035156,270.8999938964844,259.9818115234375,21656500,MSFT
2021-07-01,269.6099853515625,271.8399963378906,269.6000061035156,271.6000061035156,260.6536560058594,16725300,MSFT
2021-07-02,272.82000732421875,278.0,272.5,277.6499938964844,266.459716796875,26458000,MSFT
2021-07-06,278.0299987792969,279.3699951171875,274.29998779296875,277.6600036621094,266.4694519042969,31565600,MSFT
2021-07-07,279.3999938964844,280.69000244140625,277.1499938964844,279.92999267578125,268.6478576660156,23260000,MSFT
2021-07-08,276.8999938964844,278.7300109863281,274.8699951171875,277.4200134277344,266.2391052246094,24618600,MSFT
2021-07-09,275.7200012207031,278.04998779296875,275.32000732421875,277.94000244140625,266.7381286621094,23916700,MSFT
2021-07-12,279.1600036621094,279.7699890136719,276.5799865722656,277.32000732421875,266.1431884765625,18931700,MSFT
2021-07-13,277.5199890136719,282.8500061035156,277.3900146484375,280.9800109863281,269.65557861328125,26120100,MSFT
2021-07-14,282.3500061035156,283.6600036621094,280.54998779296875,282.510009765625,271.1239013671875,23113700,MSFT
2021-07-15,282.0,282.510009765625,279.8299865722656,281.0299987792969,269.70355224609375,22604200,MSFT
2021-07-16,282.07000732421875,284.1000061035156,279.4599914550781,280.75,269.4348449707031,26186800,MSFT
2021-07-19,278.92999267578125,280.3699951171875,274.45001220703125,277.010009765625,265.8455505371094,32935600,MSFT
2021-07-20,278.0299987792969,280.9700012207031,276.260009765625,279.32000732421875,268.0625915527344,26259700,MSFT
2021-07-21,278.8999938964844,281.5199890136719,277.2900085449219,281.3999938964844,270.0586853027344,24364300,MSFT
2021-07-22,283.8399963378906,286.4200134277344,283.4200134277344,286.1400146484375,274.6076354980469,23384100,MSFT
2021-07-23,287.3699951171875,289.989990234375,286.5,289.6700134277344,277.99530029296875,22768100,MSFT
2021-07-26,289.0,289.69000244140625,286.6400146484375,289.04998779296875,277.4002990722656,23176100,MSFT
2021-07-27,289.42999267578125,289.5799865722656,282.95001220703125,286.5400085449219,274.9914855957031,33604100,MSFT
2021-07-28,288.989990234375,290.1499938964844,283.8299865722656,286.2200012207031,274.68450927734375,33566900,MSFT
2021-07-29,286.239990234375,288.6199951171875,286.0799865722656,286.5,274.9531555175781,18168300,MSFT
2021-07-30,285.1700134277344,286.6600036621094,283.9100036621094,284.9100036621094,273.4272155761719,20944800,MSFT
2021-08-02,286.3599853515625,286.7699890136719,283.739990234375,284.82000732421875,273.3408203125,16267400,MSFT
2021-08-03,285.4200134277344,287.2300109863281,284.0,287.1199951171875,275.5481262207031,17879000,MSFT
2021-08-04,286.2200012207031,287.5899963378906,284.6499938964844,286.510009765625,274.962646484375,16191300,MSFT
2021-08-05,286.8800048828125,289.6300048828125,286.1000061035156,289.5199890136719,277.8513488769531,13900200,MSFT
2021-08-06,288.510009765625,289.5,287.6199951171875,289.4599914550781,277.7937927246094,16589300,MSFT
2021-08-09,289.75,291.54998779296875,287.80999755859375,288.3299865722656,276.7093811035156,16117600,MSFT
2021-08-10,288.79998779296875,289.25,285.20001220703125,286.44000244140625,274.8954772949219,18616600,MSFT
2021-08-11,287.2099914550781,288.6600036621094,285.8599853515625,286.95001220703125,275.3850402832031,13955900,MSFT
2021-08-12,286.6300048828125,289.9700012207031,286.3399963378906,289.80999755859375,278.1297607421875,14561300,MSFT
2021-08-13,289.4800109863281,292.8999938964844,289.29998779296875,292.8500061035156,281.0471496582031,18249000,MSFT
2021-08-16,293.19000244140625,294.82000732421875,290.0199890136719,294.6000061035156,282.7266540527344,22507600,MSFT
2021-08-17,292.3900146484375,293.42999267578125,291.0799865722656,293.0799865722656,281.26788330078125,20075300,MSFT
2021-08-18,292.0400085449219,294.82000732421875,290.2699890136719,290.7300109863281,279.5467224121094,21813000,MSFT
2021-08-19,288.69000244140625,297.4700012207031,288.6400146484375,296.7699890136719,285.3544006347656,29850500,MSFT
2021-08-20,299.7200012207031,305.8399963378906,298.05999755859375,304.3599853515625,292.6524353027344,40817600,MSFT
2021-08-23,303.25,305.3999938964844,301.8500061035156,304.6499938964844,292.9313049316406,22830200,MSFT
2021-08-24,305.0199890136719,305.6499938964844,302.0,302.6199951171875,290.9793701171875,18175800,MSFT
2021-08-25,304.29998779296875,304.5899963378906,300.4200134277344,302.010009765625,290.3927917480469,20006100,MSFT
2021-08-26,300.989990234375,302.42999267578125,298.95001220703125,299.0899963378906,287.585205078125,17666100,MSFT
2021-08-27,298.989990234375,300.8699951171875,296.8299865722656,299.7200012207031,288.19097900390625,22605700,MSFT
2021-08-30,301.1199951171875,304.2200012207031,301.05999755859375,303.5899963378906,291.9119873046875,16348100,MSFT
2021-08-31,304.4200134277344,304.5,301.5,301.8800048828125,290.2679138183594,26285300,MSFT
2021-09-01,302.8699951171875,305.19000244140625,301.489990234375,301.8299865722656,290.2198181152344,18983800,MSFT
2021-09-02,302.20001220703125,303.3599853515625,300.17999267578125,301.1499938964844,289.56591796875,16285600,MSFT
2021-09-03,300.989990234375,302.6000061035156,300.260009765625,301.1400146484375,289.5563049316406,14747900,MSFT
2021-09-07,301.010009765625,301.0899963378906,298.20001220703125,300.17999267578125,288.63330078125,17180400,MSFT
2021-09-08,299.7799987792969,300.6099853515625,297.4700012207031,300.2099914550781,288.66204833984375,15046800,MSFT
2021-09-09,300.82000732421875,302.1400146484375,297.0,297.25,285.8159484863281,19927000,MSFT
2021-09-10,298.4200134277344,299.9200134277344,295.3800048828125,295.7099914550781,284.3352966308594,19633400,MSFT
2021-09-13,297.54998779296875,298.5400085449219,294.0799865722656,296.989990234375,285.56591796875,23652900,MSFT
2021-09-14,299.55999755859375,301.3900146484375,298.1000061035156,299.7900085449219,288.25830078125,21853400,MSFT
2021-09-15,303.260009765625,305.32000732421875,301.82000732421875,304.82000732421875,293.0947570800781,28356300,MSFT
2021-09-16,303.760009765625,305.30999755859375,300.760009765625,305.2200012207031,293.4793701171875,19550800,MSFT
2021-09-17,304.1700134277344,304.5,299.5299987792969,299.8699951171875,288.3350830078125,41372500,MSFT
2021-09-20,296.3299865722656,298.7200012207031,289.5199890136719,294.29998779296875,282.9794616699219,38278700,MSFT
2021-09-21,295.69000244140625,297.5400085449219,294.07000732421875,294.79998779296875,283.4601745605469,22364100,MSFT
2021-09-22,296.7300109863281,300.2200012207031,294.510009765625,298.5799865722656,287.09478759765625,26626300,MSFT
2021-09-23,298.8500061035156,300.8999938964844,297.5299987792969,299.55999755859375,288.037109375,18604600,MSFT
2021-09-24,298.2300109863281,299.79998779296875,296.92999267578125,299.3500061035156,287.8352355957031,14999000,MSFT
2021-09-27,296.1400146484375,296.4700012207031,292.94000244140625,294.1700134277344,282.8545227050781,23571700,MSFT
2021-09-28,289.79998779296875,290.7799987792969,282.75,283.5199890136719,272.6141357421875,43186200,MSFT
2021-09-29,285.1000061035156,286.7699890136719,283.010009765625,284.0,273.07568359375,26353700,MSFT
2021-09-30,285.7099914550781,287.8299865722656,281.6199951171875,281.9200134277344,271.07568359375,32343600,MSFT
2021-10-01,282.1199951171875,289.9800109863281,281.2900085449219,289.1000061035156,277.9794616699219,30086300,MSFT
2021-10-04,287.3999938964844,287.75,280.25,283.1099853515625,272.2198486328125,31350700,MSFT
2021-10-05,284.04998779296875,290.3999938964844,284.04998779296875,288.760009765625,277.6525573730469,24993000,MSFT
2021-10-06,285.7799987792969,293.6300048828125,285.510009765625,293.1099853515625,281.8352355957031,28002600,MSFT
2021-10-07,295.17999267578125,296.6400146484375,293.9200134277344,294.8500061035156,283.50830078125,20430500,MSFT
2021-10-08,296.2200012207031,296.6400146484375,293.760009765625,294.8500061035156,283.50830078125,17685700,MSFT
2021-10-11,292.9200134277344,297.9700012207031,292.75,294.2300109863281,282.91217041015625,19298600,MSFT
2021-10-12,295.3399963378906,295.44000244140625,292.3500061035156,292.8800048828125,281.614013671875,17974100,MSFT
2021-10-13,294.9100036621094,297.2799987792969,293.489990234375,296.30999755859375,284.9121398925781,23416300,MSFT
2021-10-14,299.2099914550781,303.2699890136719,297.8299865722656,302.75,291.1044616699219,27262900,MSFT
2021-10-15,302.3399963378906,304.45001220703125,300.5199890136719,304.2099914550781,292.5082092285156,25384800,MSFT
2021-10-18,303.57000732421875,308.2099914550781,302.69000244140625,307.2900085449219,295.4697570800781,22729300,MSFT
2021-10-19,308.3500061035156,309.29998779296875,307.2200012207031,308.2300109863281,296.37359619140625,17682100,MSFT
2021-10-20,309.2099914550781,309.70001220703125,306.1099853515625,307.4100036621094,295.5851135253906,16537100,MSFT
2021-10-21,307.1700134277344,311.0199890136719,306.3599853515625,310.760009765625,298.8063049316406,16918100,MSFT
2021-10-22,310.3999938964844,311.0899963378906,307.79998779296875,309.1600036621094,297.2678527832031,17449300,MSFT
2021-10-25,309.3599853515625,309.3999938964844,306.4599914550781,308.1300048828125,296.2774353027344,17554500,MSFT
2021-10-26,311.0,312.3999938964844,308.6000061035156,310.1099853515625,298.1812438964844,28107300,MSFT
2021-10-27,316.0,326.1000061035156,316.0,323.1700134277344,310.739013671875,52588700,MSFT
2021-10-28,324.3299865722656,324.8699951171875,321.3599853515625,324.3500061035156,311.8735046386719,26297900,MSFT
2021-10-29,324.1300048828125,332.0,323.8999938964844,331.6199951171875,318.8639221191406,34766000,MSFT
2021-11-01,331.3599853515625,331.489990234375,326.3699951171875,329.3699951171875,316.700439453125,27073200,MSFT
2021-11-02,330.30999755859375,333.45001220703125,330.0,333.1300048828125,320.31585693359375,26487100,MSFT
2021-11-03,333.8999938964844,334.8999938964844,330.6499938964844,334.0,321.15234375,21500100,MSFT
2021-11-04,332.8900146484375,336.5400085449219,329.510009765625,336.44000244140625,323.4985046386719,23992200,MSFT
2021-11-05,338.510009765625,338.7900085449219,334.4200134277344,336.05999755859375,323.13311767578125,22570100,MSFT
2021-11-08,337.29998779296875,337.6499938964844,334.44000244140625,336.989990234375,324.0273742675781,20897000,MSFT
2021-11-09,337.1099853515625,338.7200012207031,334.5299987792969,335.95001220703125,323.0273132324219,21307400,MSFT
2021-11-10,334.57000732421875,334.6300048828125,329.9200134277344,330.79998779296875,318.0754089355469,25500900,MSFT
2021-11-11,331.25,333.7699890136719,330.510009765625,332.42999267578125,319.6427307128906,16849800,MSFT
2021-11-12,333.9200134277344,337.2300109863281,333.7900085449219,336.7200012207031,323.7677001953125,23831000,MSFT
2021-11-15,337.5400085449219,337.8800048828125,334.0299987792969,336.07000732421875,323.14276123046875,16723000,MSFT
2021-11-16,335.67999267578125,340.6700134277344,335.510009765625,339.510009765625,326.45037841796875,20886800,MSFT
2021-11-17,338.94000244140625,342.19000244140625,338.0,339.1199951171875,326.6719665527344,19053400,MSFT
2021-11-18,338.17999267578125,342.45001220703125,337.1199951171875,341.2699890136719,328.7430114746094,22463500,MSFT
2021-11-19,342.6400146484375,345.1000061035156,342.20001220703125,343.1099853515625,330.5155029296875,21963400,MSFT
2021-11-22,344.6199951171875,349.6700134277344,339.54998779296875,339.8299865722656,327.35595703125,31031100,MSFT
2021-11-23,337.04998779296875,339.45001220703125,333.55999755859375,337.67999267578125,325.2847900390625,30427600,MSFT
2021-11-24,336.2799987792969,338.1600036621094,333.9100036621094,337.9100036621094,325.50640869140625,21661300,MSFT
2021-11-26,334.3500061035156,337.92999267578125,328.1199951171875,329.67999267578125,317.5784606933594,24217200,MSFT
2021-11-29,334.94000244140625,339.0299987792969,334.739990234375,336.6300048828125,324.2733154296875,28563500,MSFT
2021-11-30,335.32000732421875,337.7799987792969,328.989990234375,330.5899963378906,318.4549865722656,42885600,MSFT
2021-12-01,335.1300048828125,339.2799987792969,329.3900146484375,330.0799865722656,317.9637756347656,33337600,MSFT
2021-12-02,330.29998779296875,333.489990234375,327.79998779296875,329.489990234375,317.39544677734375,30766000,MSFT
2021-12-03,331.989990234375,332.70001220703125,318.0299987792969,323.010009765625,311.1533203125,41779300,MSFT
2021-12-06,323.95001220703125,327.45001220703125,319.2300109863281,326.19000244140625,314.2165222167969,30032600,MSFT
2021-12-07,331.6400146484375,335.79998779296875,330.1000061035156,334.9200134277344,322.6260681152344,31021900,MSFT
2021-12-08,335.30999755859375,335.5,330.79998779296875,334.9700012207031,322.6742858886719,24761000,MSFT
2021-12-09,334.4100036621094,336.489990234375,332.1199951171875,333.1000061035156,320.87298583984375,22214200,MSFT
2021-12-10,334.9800109863281,343.0,334.7900085449219,342.5400085449219,329.9664001464844,38095700,MSFT
2021-12-13,340.67999267578125,343.7900085449219,339.0799865722656,339.3999938964844,326.9416809082031,28899400,MSFT
2021-12-14,333.2200012207031,334.6400146484375,324.1099853515625,328.3399963378906,316.2876281738281,44438700,MSFT
2021-12-15,328.6099853515625,335.19000244140625,324.5,334.6499938964844,322.3660583496094,35381100,MSFT
2021-12-16,335.7099914550781,336.760009765625,323.0199890136719,324.8999938964844,312.9739074707031,35034800,MSFT
2021-12-17,320.8800048828125,324.9200134277344,317.25,323.79998779296875,311.9143371582031,47750300,MSFT
2021-12-20,320.04998779296875,322.79998779296875,317.57000732421875,319.9100036621094,308.1670837402344,28326500,MSFT
2021-12-21,323.2900085449219,327.7300109863281,319.79998779296875,327.2900085449219,315.2761535644531,24740600,MSFT
2021-12-22,328.29998779296875,333.6099853515625,325.75,333.20001220703125,320.9692687988281,24831500,MSFT
2021-12-23,332.75,336.3900146484375,332.7300109863281,334.69000244140625,322.4045715332031,19617800,MSFT
2021-12-27,335.4599914550781,342.4800109863281,335.42999267578125,342.45001220703125,329.8796691894531,19947000,MSFT
2021-12-28,343.1499938964844,343.80999755859375,340.32000732421875,341.25,328.7237854003906,15661500,MSFT
2021-12-29,341.29998779296875,344.29998779296875,339.67999267578125,341.95001220703125,329.3980712890625,15042000,MSFT
2021-12-30,341.9100036621094,343.1300048828125,338.82000732421875,339.32000732421875,326.8645935058594,15994500,MSFT
2021-12-31,338.510009765625,339.3599853515625,335.8500061035156,336.32000732421875,323.9747619628906,18000800,MSFT
2022-01-03,335.3500061035156,338.0,329.7799987792969,334.75,322.46240234375,28865100,MSFT
2022-01-04,334.8299865722656,335.20001220703125,326.1199951171875,329.010009765625,316.9330749511719,32674300,MSFT
2022-01-05,325.8599853515625,326.07000732421875,315.9800109863281,316.3800048828125,304.76666259765625,40054300,MSFT
2022-01-06,313.1499938964844,318.70001220703125,311.489990234375,313.8800048828125,302.3584899902344,39646100,MSFT
2022-01-07,314.1499938964844,316.5,310.0899963378906,314.0400085449219,302.5125732421875,32720000,MSFT
2022-01-10,309.489990234375,314.7200012207031,304.69000244140625,314.2699890136719,302.7342224121094,44289500,MSFT
2022-01-11,313.3800048828125,316.6099853515625,309.8900146484375,314.9800109863281,303.4179992675781,29386800,MSFT
2022-01-12,319.6700134277344,323.4100036621094,317.0799865722656,318.2699890136719,306.5872497558594,34372200,MSFT
2022-01-13,320.4700012207031,320.8800048828125,304.0,304.79998779296875,293.6117248535156,45366000,MSFT
2022-01-14,304.25,310.82000732421875,303.75,310.20001220703125,298.8135070800781,39846400,MSFT
2022-01-18,304.07000732421875,309.79998779296875,301.739990234375,302.6499938964844,291.5406188964844,42333200,MSFT
2022-01-19,306.2900085449219,313.9100036621094,302.70001220703125,303.3299865722656,292.1956481933594,45933900,MSFT
2022-01-20,309.07000732421875,311.6499938964844,301.1400146484375,301.6000061035156,290.52923583984375,35380700,MSFT
2022-01-21,302.69000244140625,304.1099853515625,295.6099853515625,296.0299987792969,285.1637268066406,57984400,MSFT
2022-01-24,292.20001220703125,297.1099853515625,276.04998779296875,296.3699951171875,285.49114990234375,85731500,MSFT
2022-01-25,291.5199890136719,294.989990234375,285.1700134277344,288.489990234375,277.9004211425781,72848600,MSFT
2022-01-26,307.989990234375,308.5,293.0299987792969,296.7099914550781,285.81866455078125,90428900,MSFT
2022-01-27,302.6600036621094,307.29998779296875,297.92999267578125,299.8399963378906,288.8338317871094,53481300,MSFT
2022-01-28,300.2300109863281,308.4800109863281,294.45001220703125,308.260009765625,296.9447021484375,49743700,MSFT
2022-01-31,308.95001220703125,312.3800048828125,306.3699951171875,310.9800109863281,299.56494140625,46444500,MSFT
2022-02-01,310.4100036621094,310.6300048828125,305.1300048828125,308.760009765625,297.42645263671875,40950400,MSFT
2022-02-02,309.6300048828125,315.1199951171875,308.8800048828125,313.4599914550781,301.9537658691406,36636000,MSFT
2022-02-03,309.489990234375,311.2300109863281,299.9599914550781,301.25,290.19207763671875,43730000,MSFT
2022-02-04,300.2099914550781,308.79998779296875,299.9700012207031,305.94000244140625,294.7099609375,35096500,MSFT
2022-02-07,306.1700134277344,307.8399963378906,299.8999938964844,300.95001220703125,289.9031066894531,28533300,MSFT
2022-02-08,301.25,305.55999755859375,299.95001220703125,304.55999755859375,293.3805236816406,32421200,MSFT
2022-02-09,309.8699951171875,311.92999267578125,307.3900146484375,311.2099914550781,299.7864074707031,31284700,MSFT
2022-02-10,304.0400085449219,309.1199951171875,300.70001220703125,302.3800048828125,291.28057861328125,45386200,MSFT
2022-02-11,303.19000244140625,304.2900085449219,294.2200012207031,295.0400085449219,284.2099609375,39175600,MSFT
2022-02-14,293.7699890136719,296.760009765625,291.3500061035156,295.0,284.1714782714844,36359500,MSFT
2022-02-15,300.010009765625,300.79998779296875,297.0199890136719,300.4700012207031,289.440673828125,27058300,MSFT
2022-02-16,298.3699951171875,300.8699951171875,293.67999267578125,299.5,289.1029052734375,29982100,MSFT
2022-02-17,296.3599853515625,296.79998779296875,290.0,290.7300109863281,280.63726806640625,32461600,MSFT
2022-02-18,293.04998779296875,293.8599853515625,286.30999755859375,287.92999267578125,277.9344787597656,34264000,MSFT
2022-02-22,285.0,291.5400085449219,284.5,287.7200012207031,277.73175048828125,41736100,MSFT
2022-02-23,290.17999267578125,291.70001220703125,280.1000061035156,280.2699890136719,270.5403747558594,37811200,MSFT
2022-02-24,272.510009765625,295.1600036621094,271.5199890136719,294.5899963378906,284.36328125,56989700,MSFT
2022-02-25,295.1400146484375,297.6300048828125,291.6499938964844,297.30999755859375,286.9888610839844,32546700,MSFT
2022-02-28,294.30999755859375,299.1400146484375,293.0,298.7900085449219,288.41754150390625,34627500,MSFT
2022-03-01,296.3999938964844,299.9700012207031,292.1499938964844,294.95001220703125,284.7108459472656,31217800,MSFT
2022-03-02,295.3599853515625,301.4700012207031,293.70001220703125,300.19000244140625,289.7688293457031,31873000,MSFT
2022-03-03,302.8900146484375,303.1300048828125,294.04998779296875,295.9200134277344,285.6470947265625,27314500,MSFT
2022-03-04,294.2900085449219,295.6600036621094,287.1700134277344,289.8599853515625,279.7974548339844,32356500,MSFT
2022-03-07,288.5299987792969,289.69000244140625,278.5299987792969,278.9100036621094,269.2276306152344,43157200,MSFT
2022-03-08,277.79998779296875,283.9599914550781,270.0,275.8500061035156,266.27386474609375,48159500,MSFT
2022-03-09,283.44000244140625,289.6000061035156,280.7799987792969,288.5,278.4847412109375,35204500,MSFT
2022-03-10,283.0199890136719,286.6000061035156,280.5799865722656,285.5899963378906,275.6756591796875,30628000,MSFT
2022-03-11,287.9599914550781,289.510009765625,279.42999267578125,280.07000732421875,270.34735107421875,27209300,MSFT
2022-03-14,280.3399963378906,285.3999938964844,275.82000732421875,276.44000244140625,266.8433837890625,30660700,MSFT
2022-03-15,280.3500061035156,287.82000732421875,278.7300109863281,287.1499938964844,277.1815490722656,34245100,MSFT
2022-03-16,289.1099853515625,294.57000732421875,283.20001220703125,294.3900146484375,284.1702575683594,37826300,MSFT
2022-03-17,293.2900085449219,295.6099853515625,289.3699951171875,295.2200012207031,284.9714050292969,30816600,MSFT
2022-03-18,295.3699951171875,301.0,292.7300109863281,300.42999267578125,290.0005798339844,43390600,MSFT
2022-03-21,298.8900146484375,300.1400146484375,294.8999938964844,299.1600036621094,288.774658203125,28351200,MSFT
2022-03-22,299.79998779296875,305.0,298.7699890136719,304.05999755859375,293.5045471191406,27599700,MSFT
2022-03-23,300.510009765625,303.2300109863281,297.7200012207031,299.489990234375,289.0931091308594,25715400,MSFT
2022-03-24,299.1400146484375,304.20001220703125,298.32000732421875,304.1000061035156,293.543212890625,24484500,MSFT
2022-03-25,305.2300109863281,305.5,299.2900085449219,303.67999267578125,293.1377868652344,22566500,MSFT
2022-03-28,304.3299865722656,310.79998779296875,304.3299865722656,310.70001220703125,299.91400146484375,29578200,MSFT
2022-03-29,313.9100036621094,315.82000732421875,309.04998779296875,315.4100036621094,304.46051025390625,30393400,MSFT
2022-03-30,313.760009765625,315.95001220703125,311.5799865722656,313.8599853515625,302.9643249511719,28163600,MSFT
2022-03-31,313.8999938964844,315.1400146484375,307.8900146484375,308.30999755859375,297.60699462890625,33422100,MSFT
2022-04-01,309.3699951171875,310.1300048828125,305.5400085449219,309.4200134277344,298.6784973144531,27110500,MSFT
2022-04-04,310.0899963378906,315.1099853515625,309.7099914550781,314.9700012207031,304.03582763671875,24289600,MSFT
2022-04-05,313.2699890136719,314.8699951171875,309.8699951171875,310.8800048828125,300.0877685546875,23156700,MSFT
2022-04-06,305.19000244140625,307.0,296.7099914550781,299.5,289.1029052734375,40110400,MSFT
2022-04-07,296.6600036621094,303.6499938964844,296.3500061035156,301.3699951171875,290.90789794921875,31411200,MSFT
2022-04-08,300.44000244140625,301.1199951171875,296.2799987792969,296.9700012207031,286.66070556640625,24361900,MSFT
2022-04-11,291.7900085449219,292.6099853515625,285.0,285.260009765625,275.35723876953125,34569300,MSFT
2022-04-12,289.239990234375,290.739990234375,280.489990234375,282.05999755859375,272.26824951171875,30966700,MSFT
2022-04-13,282.7300109863281,288.5799865722656,281.29998779296875,287.6199951171875,277.63525390625,21907200,MSFT
2022-04-14,288.0899963378906,288.30999755859375,279.32000732421875,279.8299865722656,270.11566162109375,28221600,MSFT
2022-04-18,278.9100036621094,282.4599914550781,278.3399963378906,280.5199890136719,270.78167724609375,20778000,MSFT
2022-04-19,279.3800048828125,286.1700134277344,278.4100036621094,285.29998779296875,275.395751953125,22297700,MSFT
2022-04-20,289.3999938964844,289.70001220703125,285.3699951171875,286.3599853515625,276.4189453125,22906700,MSFT
2022-04-21,288.5799865722656,293.29998779296875,280.05999755859375,280.80999755859375,271.0616760253906,29454600,MSFT
2022-04-22,281.67999267578125,283.20001220703125,273.3800048828125,274.0299987792969,264.51708984375,29405800,MSFT
2022-04-25,273.2900085449219,281.1099853515625,270.7699890136719,280.7200012207031,270.97479248046875,35678900,MSFT
2022-04-26,277.5,278.3599853515625,270.0,270.2200012207031,260.8392639160156,46518400,MSFT
2022-04-27,282.1000061035156,290.9700012207031,279.1600036621094,283.2200012207031,273.3879699707031,63477700,MSFT
2022-04-28,285.19000244140625,290.9800109863281,281.4599914550781,289.6300048828125,279.5754699707031,33646600,MSFT
2022-04-29,288.6099853515625,289.8800048828125,276.5,277.5199890136719,267.8858947753906,37073900,MSFT
2022-05-02,277.7099914550781,284.94000244140625,276.2200012207031,284.4700012207031,274.5946044921875,35151100,MSFT
2022-05-03,283.9599914550781,284.1300048828125,280.1499938964844,281.7799987792969,271.9980163574219,25978600,MSFT
2022-05-04,282.5899963378906,290.8800048828125,276.7300109863281,289.9800109863281,279.913330078125,33599300,MSFT
2022-05-05,285.5400085449219,286.3500061035156,274.3399963378906,277.3500061035156,267.72174072265625,43260400,MSFT
2022-05-06,274.80999755859375,279.25,271.2699890136719,274.7300109863281,265.1927795410156,37780300,MSFT
2022-05-09,270.05999755859375,272.3599853515625,263.32000732421875,264.5799865722656,255.3950653076172,47726000,MSFT
2022-05-10,271.69000244140625,273.75,265.07000732421875,269.5,260.1443176269531,39336400,MSFT
2022-05-11,265.67999267578125,271.3599853515625,259.29998779296875,260.54998779296875,251.50489807128906,48975900,MSFT
2022-05-12,257.69000244140625,259.8800048828125,250.02000427246094,255.35000610351562,246.48550415039062,51033800,MSFT
2022-05-13,257.3500061035156,263.0400085449219,255.35000610351562,261.1199951171875,252.05517578125,34925100,MSFT
2022-05-16,259.9599914550781,265.82000732421875,255.77999877929688,261.5,252.4220428466797,32550900,MSFT
2022-05-17,266.1099853515625,268.3299865722656,262.4599914550781,266.82000732421875,257.5572814941406,28828800,MSFT
2022-05-18,263.0,263.6000061035156,252.77000427246094,254.0800018310547,245.83082580566406,31356000,MSFT
2022-05-19,253.89999389648438,257.6700134277344,251.8800048828125,253.13999938964844,244.92132568359375,32692300,MSFT
2022-05-20,257.239990234375,258.5400085449219,246.44000244140625,252.55999755859375,244.36012268066406,39199300,MSFT
2022-05-23,255.49000549316406,261.5,253.42999267578125,260.6499938964844,252.18746948242188,33175400,MSFT
2022-05-24,257.8900146484375,261.3299865722656,253.5,259.6199951171875,251.19097900390625,29043900,MSFT
2022-05-25,258.1400146484375,264.5799865722656,257.1300048828125,262.5199890136719,253.996826171875,28547900,MSFT
2022-05-26,262.2699890136719,267.1099853515625,261.42999267578125,265.8999938964844,257.26708984375,25002100,MSFT
2022-05-27,268.4800109863281,273.3399963378906,267.55999755859375,273.239990234375,264.3687744140625,26910800,MSFT
2022-05-31,272.5299987792969,274.7699890136719,268.92999267578125,271.8699951171875,263.043212890625,37827700,MSFT
2022-06-01,275.20001220703125,277.69000244140625,270.0400085449219,272.4200134277344,263.57537841796875,25292200,MSFT
2022-06-02,264.45001220703125,274.6499938964844,261.6000061035156,274.5799865722656,265.6652526855469,44008200,MSFT
2022-06-03,270.30999755859375,273.45001220703125,268.4100036621094,270.0199890136719,261.2532653808594,28059000,MSFT
2022-06-06,272.05999755859375,274.17999267578125,267.2200012207031,268.75,260.0245056152344,22400300,MSFT
2022-06-07,266.6400146484375,273.1300048828125,265.94000244140625,272.5,263.6528015136719,22860700,MSFT
2022-06-08,271.7099914550781,273.0,269.6099853515625,270.4100036621094,261.6305847167969,17372300,MSFT
2022-06-09,267.7799987792969,272.7099914550781,264.6300048828125,264.7900085449219,256.193115234375,26439700,MSFT
2022-06-10,260.5799865722656,260.5799865722656,252.52999877929688,252.99000549316406,244.77621459960938,31422800,MSFT
2022-06-13,245.11000061035156,249.02000427246094,241.52999877929688,242.25999450683594,234.3946075439453,46135800,MSFT
2022-06-14,243.86000061035156,245.74000549316406,241.50999450683594,244.49000549316406,236.55218505859375,28651500,MSFT
2022-06-15,248.30999755859375,255.3000030517578,246.4199981689453,251.75999450683594,243.5861358642578,33111700,MSFT
2022-06-16,245.97999572753906,247.4199981689453,243.02000427246094,244.97000122070312,237.01657104492188,33169200,MSFT
2022-06-17,244.6999969482422,250.5,244.02999877929688,247.64999389648438,239.6095733642578,43084800,MSFT
2022-06-21,250.25999450683594,254.75,249.50999450683594,253.74000549316406,245.50184631347656,29928300,MSFT
2022-06-22,251.88999938964844,257.1700134277344,250.3699951171875,253.1300048828125,244.9116973876953,25939900,MSFT
2022-06-23,255.57000732421875,259.3699951171875,253.6300048828125,258.8599853515625,250.4556427001953,25861400,MSFT
2022-06-24,261.80999755859375,267.9800109863281,261.7200012207031,267.70001220703125,259.00860595703125,33923200,MSFT
2022-06-27,268.2099914550781,268.29998779296875,263.2799987792969,264.8900146484375,256.2898254394531,24615100,MSFT
2022-06-28,263.9800109863281,266.9100036621094,256.32000732421875,256.4800109863281,248.1529083251953,27295500,MSFT
2022-06-29,257.5899963378906,261.9700012207031,255.75999450683594,260.260009765625,251.8101806640625,20069800,MSFT
2022-06-30,257.04998779296875,259.5299987792969,252.89999389648438,256.8299865722656,248.49154663085938,31730900,MSFT
2022-07-01,256.3900146484375,259.7699890136719,254.61000061035156,259.5799865722656,251.1522216796875,22837700,MSFT
2022-07-05,256.1600036621094,262.9800109863281,254.74000549316406,262.8500061035156,254.3160858154297,22941000,MSFT
2022-07-06,263.75,267.989990234375,262.3999938964844,266.2099914550781,257.5670471191406,23824400,MSFT
2022-07-07,265.1199951171875,269.05999755859375,265.0199890136719,268.3999938964844,259.6858825683594,20859900,MSFT
2022-07-08,264.7900085449219,268.1000061035156,263.2900085449219,267.6600036621094,258.9699401855469,19658800,MSFT
2022-07-11,265.6499938964844,266.5299987792969,262.17999267578125,264.510009765625,255.92221069335938,19455200,MSFT
2022-07-12,265.8800048828125,265.94000244140625,252.0399932861328,253.6699981689453,245.43411254882812,35868500,MSFT
2022-07-13,250.19000244140625,253.5500030517578,248.11000061035156,252.72000122070312,244.51498413085938,29497400,MSFT
2022-07-14,250.57000732421875,255.13999938964844,245.94000244140625,254.0800018310547,245.83082580566406,25102800,MSFT
2022-07-15,255.72000122070312,260.3699951171875,254.77000427246094,256.7200012207031,248.38511657714844,29774100,MSFT
2022-07-18,259.75,260.8399963378906,253.3000030517578,254.25,245.99530029296875,20975000,MSFT
2022-07-19,257.5799865722656,259.7200012207031,253.67999267578125,259.5299987792969,251.1038818359375,25012600,MSFT
2022-07-20,259.8999938964844,264.8699951171875,258.9100036621094,262.2699890136719,253.7549591064453,22788300,MSFT
2022-07-21,259.7900085449219,264.8900146484375,257.0299987792969,264.8399963378906,256.24139404296875,22404700,MSFT
2022-07-22,265.239990234375,265.3299865722656,259.07000732421875,260.3599853515625,251.9069061279297,21881300,MSFT
2022-07-25,261.0,261.5,256.80999755859375,258.8299865722656,250.42660522460938,21056000,MSFT
2022-07-26,259.8599853515625,259.8800048828125,249.57000732421875,251.89999389648438,243.7216033935547,39348000,MSFT
2022-07-27,261.1600036621094,270.04998779296875,258.8500061035156,268.739990234375,260.01483154296875,45994000,MSFT
2022-07-28,269.75,277.8399963378906,267.8699951171875,276.4100036621094,267.4358215332031,33459300,MSFT
2022-07-29,277.70001220703125,282.0,276.6300048828125,280.739990234375,271.6252746582031,32152800,MSFT
2022-08-01,277.82000732421875,281.2799987792969,275.8399963378906,278.010009765625,268.9839172363281,21539600,MSFT
2022-08-02,276.0,277.8900146484375,272.3800048828125,274.82000732421875,265.8974914550781,22754200,MSFT
2022-08-03,276.760009765625,283.5,276.6099853515625,282.4700012207031,273.299072265625,23518900,MSFT
2022-08-04,281.79998779296875,283.79998779296875,280.1700134277344,283.6499938964844,274.4407653808594,18098700,MSFT
2022-08-05,279.1499938964844,283.6499938964844,278.67999267578125,282.9100036621094,273.7247619628906,16774600,MSFT
2022-08-08,284.04998779296875,285.9200134277344,279.32000732421875,280.32000732421875,271.2189025878906,18739200,MSFT
2022-08-09,279.6400146484375,283.0799865722656,277.6099853515625,282.29998779296875,273.1345520019531,23405200,MSFT
2022-08-10,288.1700134277344,289.80999755859375,286.94000244140625,289.1600036621094,279.7719421386719,24687800,MSFT
2022-08-11,290.8500061035156,291.2099914550781,286.510009765625,287.0199890136719,277.7012939453125,20065900,MSFT
2022-08-12,288.4800109863281,291.9100036621094,286.94000244140625,291.9100036621094,282.4325866699219,22619700,MSFT
2022-08-15,291.0,294.17999267578125,290.1099853515625,293.4700012207031,283.9419250488281,18085700,MSFT
2022-08-16,291.989990234375,294.0400085449219,290.4200134277344,292.7099914550781,283.2066650390625,18102900,MSFT
2022-08-17,289.739990234375,293.3500061035156,289.4700012207031,291.32000732421875,282.4600524902344,18253400,MSFT
2022-08-18,290.19000244140625,291.9100036621094,289.0799865722656,290.1700134277344,281.3451232910156,17186200,MSFT
2022-08-19,288.8999938964844,289.25,285.55999755859375,286.1499938964844,277.447265625,20570000,MSFT
2022-08-22,282.0799865722656,282.4599914550781,277.2200012207031,277.75,269.3027038574219,25061100,MSFT
2022-08-23,276.44000244140625,278.8599853515625,275.3999938964844,276.44000244140625,268.0325622558594,17527400,MSFT
2022-08-24,275.4100036621094,277.2300109863281,275.1099853515625,275.7900085449219,267.4023132324219,18137000,MSFT
2022-08-25,277.3299865722656,279.0199890136719,274.5199890136719,278.8500061035156,270.36932373046875,16583400,MSFT
2022-08-26,279.0799865722656,280.3399963378906,267.9800109863281,268.0899963378906,259.9365234375,27549300,MSFT
2022-08-29,265.8500061035156,267.3999938964844,263.8500061035156,265.2300109863281,257.16357421875,20338500,MSFT
2022-08-30,266.6700134277344,267.04998779296875,260.6600036621094,262.9700012207031,254.9722442626953,22767100,MSFT
2022-08-31,265.3900146484375,267.1099853515625,261.3299865722656,261.4700012207031,253.51788330078125,24791800,MSFT
2022-09-01,258.8699951171875,260.8900146484375,255.41000366210938,260.3999938964844,252.48040771484375,23263400,MSFT
2022-09-02,261.70001220703125,264.739990234375,254.47000122070312,256.05999755859375,248.2724151611328,22855400,MSFT
2022-09-06,256.20001220703125,257.8299865722656,251.94000244140625,253.25,245.5478515625,21328200,MSFT
2022-09-07,254.6999969482422,258.8299865722656,253.22000122070312,258.0899963378906,250.2406463623047,24126700,MSFT
2022-09-08,257.510009765625,260.42999267578125,254.7899932861328,258.5199890136719,250.65762329101562,20319900,MSFT
2022-09-09,260.5,265.2300109863281,260.2900085449219,264.4599914550781,256.41693115234375,22084700,MSFT
2022-09-12,265.7799987792969,267.45001220703125,265.1600036621094,266.6499938964844,258.5403747558594,18747700,MSFT
2022-09-13,258.8399963378906,260.3999938964844,251.58999633789062,251.99000549316406,244.32618713378906,33353300,MSFT
2022-09-14,253.52999877929688,254.22999572753906,249.86000061035156,252.22000122070312,244.54920959472656,23913000,MSFT
2022-09-15,249.77000427246094,251.39999389648438,244.02000427246094,245.3800048828125,237.91720581054688,31530900,MSFT
2022-09-16,244.25999450683594,245.3000030517578,242.05999755859375,244.74000549316406,237.29666137695312,39791800,MSFT
2022-09-19,242.47000122070312,245.13999938964844,240.85000610351562,244.52000427246094,237.0833740234375,26826900,MSFT
2022-09-20,242.07000732421875,243.50999450683594,239.63999938964844,242.4499969482422,235.07632446289062,26660300,MSFT
2022-09-21,244.27000427246094,247.66000366210938,238.89999389648438,238.9499969482422,231.68276977539062,28625600,MSFT
2022-09-22,237.8699951171875,243.86000061035156,237.57000732421875,240.97999572753906,233.6510467529297,31061200,MSFT
2022-09-23,239.5399932861328,241.1300048828125,235.1999969482422,237.9199981689453,230.6841278076172,34176000,MSFT
2022-09-26,237.0500030517578,241.4499969482422,236.89999389648438,237.4499969482422,230.2283935546875,27694200,MSFT
2022-09-27,239.97999572753906,241.8000030517578,234.5,236.41000366210938,229.22000122070312,27018700,MSFT
2022-09-28,236.80999755859375,242.3300018310547,234.72999572753906,241.07000732421875,233.7383270263672,29029700,MSFT
2022-09-29,238.88999938964844,239.9499969482422,234.41000366210938,237.5,230.2769012451172,27484200,MSFT
2022-09-30,238.2899932861328,240.5399932861328,232.72999572753906,232.89999389648438,225.81678771972656,35694800,MSFT
2022-10-03,235.41000366210938,241.61000061035156,234.66000366210938,240.74000549316406,233.41831970214844,28880400,MSFT
2022-10-04,245.08999633789062,250.36000061035156,244.97999572753906,248.8800048828125,241.3107452392578,34888400,MSFT
2022-10-05,245.99000549316406,250.5800018310547,244.10000610351562,249.1999969482422,241.6210479736328,20347100,MSFT
2022-10-06,247.92999267578125,250.33999633789062,246.0800018310547,246.7899932861328,239.2843475341797,20239900,MSFT
2022-10-07,240.89999389648438,241.32000732421875,233.1699981689453,234.24000549316406,227.11605834960938,37769600,MSFT
2022-10-10,233.0500030517578,234.55999755859375,226.72999572753906,229.25,222.27780151367188,29743600,MSFT
2022-10-11,227.6199951171875,229.05999755859375,224.11000061035156,225.41000366210938,218.5546112060547,30474000,MSFT
2022-10-12,225.39999389648438,227.86000061035156,223.9600067138672,225.75,218.8842315673828,21903900,MSFT
2022-10-13,219.85000610351562,236.10000610351562,219.1300048828125,234.24000549316406,227.11605834960938,42551800,MSFT
2022-10-14,235.5399932861328,237.24000549316406,228.33999633789062,228.55999755859375,221.60877990722656,30198600,MSFT
2022-10-17,235.82000732421875,238.9600067138672,235.13999938964844,237.52999877929688,230.30596923828125,28142300,MSFT
2022-10-18,243.24000549316406,243.92999267578125,235.3699951171875,238.5,231.2464599609375,26329600,MSFT
2022-10-19,237.0399932861328,239.61000061035156,234.2899932861328,236.47999572753906,229.28790283203125,19985700,MSFT
2022-10-20,235.77000427246094,241.30999755859375,234.8699951171875,236.14999389648438,228.9679412841797,21811000,MSFT
2022-10-21,234.74000549316406,243.0,234.5,242.1199951171875,234.75637817382812,26299700,MSFT
2022-10-24,243.75999450683594,247.83999633789062,241.3000030517578,247.25,239.73031616210938,24911200,MSFT
2022-10-25,247.25999450683594,251.0399932861328,245.8300018310547,250.66000366210938,243.03665161132812,34775500,MSFT
2022-10-26,231.1699981689453,238.3000030517578,230.05999755859375,231.32000732421875,224.2848663330078,82543200,MSFT
2022-10-27,231.0399932861328,233.69000244140625,225.77999877929688,226.75,219.8538360595703,40424600,MSFT
2022-10-28,226.24000549316406,236.60000610351562,226.0500030517578,235.8699951171875,228.6964569091797,40647700,MSFT
2022-10-31,233.75999450683594,234.9199981689453,231.14999389648438,232.1300048828125,225.07020568847656,28357300,MSFT
2022-11-01,234.60000610351562,235.74000549316406,227.3300018310547,228.1699981689453,221.2306365966797,30592300,MSFT
2022-11-02,229.4600067138672,231.3000030517578,220.0399932861328,220.10000610351562,213.4060821533203,38407000,MSFT
2022-11-03,220.08999633789062,220.41000366210938,213.97999572753906,214.25,207.73399353027344,36633900,MSFT
2022-11-04,217.5500030517578,221.58999633789062,213.42999267578125,221.38999938964844,214.6568145751953,36789100,MSFT
2022-11-07,221.99000549316406,228.41000366210938,221.27999877929688,227.8699951171875,220.93975830078125,33498000,MSFT
2022-11-08,228.6999969482422,231.64999389648438,225.83999633789062,228.8699951171875,221.90933227539062,28192500,MSFT
2022-11-09,227.3699951171875,228.6300048828125,224.3300018310547,224.50999450683594,217.6819610595703,27852900,MSFT
2022-11-10,235.42999267578125,243.3300018310547,235.0,242.97999572753906,235.59019470214844,46268000,MSFT
2022-11-11,242.99000549316406,247.99000549316406,241.92999267578125,247.11000061035156,239.5946044921875,34620200,MSFT
2022-11-14,241.99000549316406,243.91000366210938,239.2100067138672,241.5500030517578,234.2036895751953,31123300,MSFT
2022-11-15,245.66000366210938,247.0,240.02999877929688,241.97000122070312,234.61093139648438,31390100,MSFT
2022-11-16,242.7899932861328,243.8000030517578,240.4199981689453,241.72999572753906,235.0387420654297,24093300,MSFT
2022-11-17,237.77999877929688,243.25,237.6300048828125,241.67999267578125,234.99014282226562,23123500,MSFT
2022-11-18,243.50999450683594,243.74000549316406,239.02999877929688,241.22000122070312,234.54287719726562,27613500,MSFT
2022-11-21,241.42999267578125,244.6699981689453,241.19000244140625,242.0500030517578,235.34988403320312,26394700,MSFT
2022-11-22,243.58999633789062,245.30999755859375,240.7100067138672,245.02999877929688,238.2473907470703,19665700,MSFT
2022-11-23,245.11000061035156,248.27999877929688,244.27000427246094,247.5800018310547,240.7268524169922,19508500,MSFT
2022-11-25,247.30999755859375,248.6999969482422,246.72999572753906,247.49000549316406,240.63929748535156,9200800,MSFT
2022-11-28,246.0800018310547,246.64999389648438,240.8000030517578,241.75999450683594,235.0679168701172,24778200,MSFT
2022-11-29,241.39999389648438,242.7899932861328,238.2100067138672,240.3300018310547,233.677490234375,17956300,MSFT
2022-11-30,240.57000732421875,255.3300018310547,239.86000061035156,255.13999938964844,248.07752990722656,47594200,MSFT
2022-12-01,253.8699951171875,256.1199951171875,250.9199981689453,254.69000244140625,247.64002990722656,26041500,MSFT
2022-12-02,249.82000732421875,256.05999755859375,249.69000244140625,255.02000427246094,247.96087646484375,21528500,MSFT
2022-12-05,252.00999450683594,253.82000732421875,248.05999755859375,250.1999969482422,243.27427673339844,23435300,MSFT
2022-12-06,250.82000732421875,251.86000061035156,243.77999877929688,245.1199951171875,238.33489990234375,22463700,MSFT
2022-12-07,244.8300018310547,246.16000366210938,242.2100067138672,244.3699951171875,237.60565185546875,20481500,MSFT
2022-12-08,244.83999633789062,248.74000549316406,243.05999755859375,247.39999389648438,240.55178833007812,22611800,MSFT
2022-12-09,244.6999969482422,248.30999755859375,244.16000366210938,245.4199981689453,238.62661743164062,20609700,MSFT
2022-12-12,247.4499969482422,252.5399932861328,247.1699981689453,252.50999450683594,245.5203399658203,30665100,MSFT
2022-12-13,261.69000244140625,263.9200134277344,253.07000732421875,256.9200134277344,249.80831909179688,42196900,MSFT
2022-12-14,257.1300048828125,262.5899963378906,254.30999755859375,257.2200012207031,250.09999084472656,35410900,MSFT
2022-12-15,253.72000122070312,254.1999969482422,247.33999633789062,249.00999450683594,242.11721801757812,35560400,MSFT
2022-12-16,248.5500030517578,249.83999633789062,243.50999450683594,244.69000244140625,237.9167938232422,86102000,MSFT
2022-12-19,244.86000061035156,245.2100067138672,238.7100067138672,240.4499969482422,233.79420471191406,29696400,MSFT
2022-12-20,239.39999389648438,242.91000366210938,238.4199981689453,241.8000030517578,235.1068115234375,25150800,MSFT
2022-12-21,241.69000244140625,245.6199951171875,240.11000061035156,244.42999267578125,237.66400146484375,23690600,MSFT
2022-12-22,241.25999450683594,241.99000549316406,233.8699951171875,238.19000244140625,231.59674072265625,28651700,MSFT
2022-12-23,236.11000061035156,238.8699951171875,233.94000244140625,238.72999572753906,232.12179565429688,21207000,MSFT
2022-12-27,238.6999969482422,238.92999267578125,235.8300018310547,236.9600067138672,230.40074157714844,16688600,MSFT
2022-12-28,236.88999938964844,239.72000122070312,234.1699981689453,234.52999877929688,228.03802490234375,17457100,MSFT
2022-12-29,235.64999389648438,241.9199981689453,235.64999389648438,241.00999450683594,234.3386688232422,19770700,MSFT
2022-12-30,238.2100067138672,239.9600067138672,236.66000366210938,239.82000732421875,233.18161010742188,21938500,MSFT
2023-01-03,243.0800018310547,245.75,237.39999389648438,239.5800018310547,232.9482421875,25740000,MSFT
2023-01-04,232.27999877929688,232.8699951171875,225.9600067138672,229.10000610351562,222.7583465576172,50623400,MSFT
2023-01-05,227.1999969482422,227.5500030517578,221.75999450683594,222.30999755859375,216.15631103515625,39585600,MSFT
2023-01-06,223.0,225.75999450683594,219.35000610351562,224.92999267578125,218.7037811279297,43613600,MSFT
2023-01-09,226.4499969482422,231.24000549316406,226.41000366210938,227.1199951171875,220.83314514160156,27369800,MSFT
2023-01-10,227.75999450683594,231.30999755859375,227.3300018310547,228.85000610351562,222.51528930664062,27033900,MSFT
2023-01-11,231.2899932861328,235.9499969482422,231.11000061035156,235.77000427246094,229.24374389648438,28669300,MSFT
2023-01-12,235.25999450683594,239.89999389648438,233.55999755859375,238.50999450683594,231.90786743164062,27269500,MSFT
2023-01-13,237.0,239.3699951171875,234.9199981689453,239.22999572753906,232.60797119140625,21333300,MSFT
2023-01-17,237.97000122070312,240.91000366210938,237.08999633789062,240.35000610351562,233.69696044921875,29831300,MSFT
2023-01-18,241.57000732421875,242.3800048828125,235.52000427246094,235.80999755859375,229.2825927734375,30028700,MSFT
2023-01-19,233.77999877929688,235.52000427246094,230.67999267578125,231.92999267578125,225.51004028320312,28623000,MSFT
2023-01-20,234.86000061035156,240.74000549316406,234.50999450683594,240.22000122070312,233.57054138183594,35389800,MSFT
2023-01-23,241.10000610351562,245.1699981689453,239.64999389648438,242.5800018310547,235.86521911621094,31934000,MSFT
2023-01-24,242.5,243.9499969482422,240.44000244140625,242.0399932861328,235.34014892578125,40234400,MSFT
2023-01-25,234.47999572753906,243.3000030517578,230.89999389648438,240.61000061035156,233.9497528076172,66526600,MSFT
2023-01-26,243.64999389648438,248.30999755859375,242.0,248.0,241.13522338867188,33454500,MSFT
2023-01-27,248.99000549316406,249.8300018310547,246.8300018310547,248.16000366210938,241.29074096679688,26498900,MSFT
2023-01-30,244.50999450683594,245.60000610351562,242.1999969482422,242.7100067138672,235.99163818359375,25867400,MSFT
2023-01-31,243.4499969482422,247.9499969482422,242.9499969482422,247.80999755859375,240.95045471191406,26541100,MSFT
2023-02-01,248.0,255.17999267578125,245.47000122070312,252.75,245.75369262695312,31259900,MSFT
2023-02-02,258.82000732421875,264.69000244140625,257.25,264.6000061035156,257.2756652832031,39940400,MSFT
2023-02-03,259.5400085449219,264.20001220703125,257.1000061035156,258.3500061035156,251.19869995117188,29077300,MSFT
2023-02-06,257.44000244140625,258.29998779296875,254.77999877929688,256.7699890136719,249.66244506835938,22518000,MSFT
2023-02-07,260.5299987792969,268.7699890136719,260.0799865722656,267.55999755859375,260.15374755859375,50841400,MSFT
2023-02-08,273.20001220703125,276.760009765625,266.2099914550781,266.7300109863281,259.3466796875,54686000,MSFT
2023-02-09,273.79998779296875,273.9800109863281,262.79998779296875,263.6199951171875,256.32281494140625,42375100,MSFT
2023-02-10,261.5299987792969,264.0899963378906,260.6600036621094,263.1000061035156,255.81724548339844,25818500,MSFT
2023-02-13,267.6400146484375,274.6000061035156,267.1499938964844,271.32000732421875,263.8096923828125,44630900,MSFT
2023-02-14,272.6700134277344,274.9700012207031,269.2799987792969,272.1700134277344,264.63616943359375,37047900,MSFT
2023-02-15,268.32000732421875,270.7300109863281,266.17999267578125,269.32000732421875,262.5208740234375,28922400,MSFT
2023-02-16,264.0199890136719,266.739990234375,261.8999938964844,262.1499938964844,255.5319061279297,29603600,MSFT
2023-02-17,259.3900146484375,260.0899963378906,256.0,258.05999755859375,251.54522705078125,30000100,MSFT
2023-02-21,254.47999572753906,255.49000549316406,251.58999633789062,252.6699981689453,246.291259765625,28397400,MSFT
2023-02-22,254.08999633789062,254.33999633789062,250.33999633789062,251.50999450683594,245.1605224609375,22491100,MSFT
2023-02-23,255.55999755859375,256.8399963378906,250.47999572753906,254.77000427246094,248.33822631835938,29219100,MSFT
2023-02-24,249.9600067138672,251.0,248.10000610351562,249.22000122070312,242.92835998535156,24990900,MSFT
2023-02-27,252.4600067138672,252.82000732421875,249.38999938964844,250.16000366210938,243.8446502685547,21190000,MSFT
2023-02-28,249.07000732421875,251.49000549316406,248.72999572753906,249.4199981689453,243.12330627441406,22491000,MSFT
2023-03-01,250.75999450683594,250.92999267578125,245.7899932861328,246.27000427246094,240.05282592773438,27565300,MSFT
2023-03-02,246.5500030517578,251.39999389648438,245.61000061035156,251.11000061035156,244.7706756591797,24808200,MSFT
2023-03-03,252.19000244140625,255.6199951171875,251.38999938964844,255.2899932861328,248.84510803222656,30760100,MSFT
2023-03-06,256.42999267578125,260.1199951171875,255.97999572753906,256.8699951171875,250.38523864746094,24109800,MSFT
2023-03-07,256.29998779296875,257.69000244140625,253.38999938964844,254.14999389648438,247.73390197753906,21473200,MSFT
2023-03-08,254.0399932861328,254.5399932861328,250.80999755859375,253.6999969482422,247.29527282714844,17340200,MSFT
2023-03-09,255.82000732421875,259.55999755859375,251.5800018310547,252.32000732421875,245.9501190185547,26653400,MSFT
2023-03-10,251.0800018310547,252.7899932861328,247.60000610351562,248.58999633789062,242.31427001953125,28333900,MSFT
2023-03-13,247.39999389648438,257.9100036621094,245.72999572753906,253.9199981689453,247.5096893310547,33339700,MSFT
2023-03-14,256.75,261.07000732421875,255.86000061035156,260.7900085449219,254.20628356933594,33620300,MSFT
2023-03-15,259.9800109863281,266.4800109863281,259.2099914550781,265.44000244140625,258.73895263671875,46028000,MSFT
2023-03-16,265.2099914550781,276.55999755859375,263.2799987792969,276.20001220703125,269.22723388671875,54768800,MSFT
2023-03-17,278.260009765625,283.3299865722656,276.32000732421875,279.42999267578125,272.375732421875,69527400,MSFT
2023-03-20,276.9800109863281,277.4800109863281,269.8500061035156,272.2300109863281,265.3574523925781,43466600,MSFT
2023-03-21,274.8800048828125,275.0,269.5199890136719,273.7799987792969,266.8683776855469,34558700,MSFT
2023-03-22,273.3999938964844,281.0400085449219,272.17999267578125,272.2900085449219,265.4159240722656,34873300,MSFT
2023-03-23,277.94000244140625,281.05999755859375,275.20001220703125,277.6600036621094,270.650390625,36610900,MSFT
2023-03-24,277.239990234375,280.6300048828125,275.2799987792969,280.57000732421875,273.4869689941406,28172000,MSFT
2023-03-27,280.5,281.4599914550781,275.5199890136719,276.3800048828125,269.40277099609375,26840200,MSFT
2023-03-28,275.7900085449219,276.1400146484375,272.04998779296875,275.2300109863281,268.28173828125,21878600,MSFT
2023-03-29,278.9599914550781,281.1400146484375,278.4100036621094,280.510009765625,273.4284362792969,25087000,MSFT
2023-03-30,284.2300109863281,284.4599914550781,281.4800109863281,284.04998779296875,276.8790283203125,25053400,MSFT
2023-03-31,283.7300109863281,289.2699890136719,283.0,288.29998779296875,281.02178955078125,32766000,MSFT
2023-04-03,286.5199890136719,288.2699890136719,283.95001220703125,287.2300109863281,279.97882080078125,24883300,MSFT
2023-04-04,287.2300109863281,290.45001220703125,285.6700134277344,287.17999267578125,279.9300231933594,25824300,MSFT
2023-04-05,285.8500061035156,287.1499938964844,282.9200134277344,284.3399963378906,277.16168212890625,22064800,MSFT
2023-04-06,283.2099914550781,292.0799865722656,282.0299987792969,291.6000061035156,284.238525390625,29770300,MSFT
2023-04-10,289.2099914550781,289.6000061035156,284.7099914550781,289.3900146484375,282.08428955078125,23103000,MSFT
2023-04-11,285.75,285.9800109863281,281.6400146484375,282.8299865722656,275.68988037109375,27276600,MSFT
2023-04-12,284.7900085449219,287.010009765625,281.9599914550781,283.489990234375,276.3331604003906,27403400,MSFT
2023-04-13,283.5899963378906,289.8999938964844,283.1700134277344,289.8399963378906,282.52288818359375,24222700,MSFT
2023-04-14,287.0,288.4800109863281,283.69000244140625,286.1400146484375,278.91632080078125,20987900,MSFT
2023-04-17,289.92999267578125,291.6000061035156,286.1600036621094,288.79998779296875,281.5091552734375,23836200,MSFT
2023-04-18,291.57000732421875,291.760009765625,287.010009765625,288.3699951171875,281.09002685546875,20161800,MSFT
2023-04-19,285.989990234375,289.04998779296875,284.5400085449219,288.45001220703125,281.1679382324219,17150300,MSFT
2023-04-20,285.25,289.0299987792969,285.0799865722656,286.1099853515625,278.8870544433594,23244400,MSFT
2023-04-21,285.010009765625,286.2699890136719,283.05999755859375,285.760009765625,278.5458984375,21676400,MSFT
2023-04-24,282.0899963378906,284.95001220703125,278.7200012207031,281.7699890136719,274.6565856933594,26611000,MSFT
2023-04-25,279.510009765625,281.6000061035156,275.3699951171875,275.4200134277344,268.46697998046875,45772200,MSFT
2023-04-26,296.70001220703125,299.57000732421875,292.7300109863281,295.3699951171875,287.9132995605469,64599200,MSFT
2023-04-27,295.9700012207031,305.20001220703125,295.25,304.8299865722656,297.1344909667969,46462600,MSFT
2023-04-28,304.010009765625,308.92999267578125,303.30999755859375,307.260009765625,299.5030517578125,36469600,MSFT
2023-05-01,306.9700012207031,308.6000061035156,305.1499938964844,305.55999755859375,297.8460693359375,21294100,MSFT
2023-05-02,307.760009765625,309.17999267578125,303.9100036621094,305.4100036621094,297.6998291015625,26404400,MSFT
2023-05-03,306.6199951171875,308.6099853515625,304.0899963378906,304.3999938964844,296.7153015136719,22360800,MSFT
2023-05-04,306.239990234375,307.760009765625,303.3999938964844,305.4100036621094,297.6998291015625,22519900,MSFT
2023-05-05,305.7200012207031,311.9700012207031,304.2699890136719,310.6499938964844,302.8075256347656,28197100,MSFT
2023-05-08,310.1300048828125,310.20001220703125,306.0899963378906,308.6499938964844,300.85809326171875,21318600,MSFT
2023-05-09,308.0,310.0400085449219,306.30999755859375,307.0,299.24969482421875,21340800,MSFT
2023-05-10,308.6199951171875,313.0,307.6700134277344,312.30999755859375,304.4256286621094,30078000,MSFT
2023-05-11,310.1000061035156,311.1199951171875,306.260009765625,310.1099853515625,302.28118896484375,31680200,MSFT
2023-05-12,310.54998779296875,310.6499938964844,306.6000061035156,308.9700012207031,301.169921875,19774700,MSFT
2023-05-15,309.1000061035156,309.8999938964844,307.5899963378906,309.4599914550781,301.64752197265625,16336500,MSFT
2023-05-16,309.8299865722656,313.7099914550781,309.8299865722656,311.739990234375,303.8700256347656,26730300,MSFT
2023-05-17,312.2900085449219,314.42999267578125,310.739990234375,314.0,306.74212646484375,24315000,MSFT
2023-05-18,314.5299987792969,319.0400085449219,313.7200012207031,318.5199890136719,311.15753173828125,27276000,MSFT
2023-05-19,316.739990234375,318.75,316.3699951171875,318.3399963378906,310.9817810058594,27546700,MSFT
2023-05-22,318.6000061035156,322.5899963378906,318.010009765625,321.17999267578125,313.756103515625,24115700,MSFT
2023-05-23,320.0299987792969,322.7200012207031,315.25,315.260009765625,307.9729309082031,30797200,MSFT
2023-05-24,314.7300109863281,316.5,312.6099853515625,313.8500061035156,306.59552001953125,23384900,MSFT
2023-05-25,323.239990234375,326.8999938964844,320.0,325.9200134277344,318.38653564453125,43301700,MSFT
2023-05-26,324.0199890136719,333.3999938964844,323.8800048828125,332.8900146484375,325.1954040527344,36630600,MSFT
2023-05-30,335.2300109863281,335.739990234375,330.5199890136719,331.2099914550781,323.5542297363281,29503100,MSFT
2023-05-31,332.2900085449219,335.94000244140625,327.3299865722656,328.3900146484375,320.7994689941406,45950600,MSFT
2023-06-01,325.92999267578125,333.5299987792969,324.7200012207031,332.5799865722656,324.8926086425781,26773900,MSFT
2023-06-02,334.25,337.5,332.54998779296875,335.3999938964844,327.6474609375,25873800,MSFT
2023-06-05,335.2200012207031,338.55999755859375,334.6600036621094,335.94000244140625,328.1749572753906,21307100,MSFT
2023-06-06,335.3299865722656,335.3699951171875,332.1700134277344,333.67999267578125,325.9671630859375,20396200,MSFT
2023-06-07,331.6499938964844,334.489990234375,322.5,323.3800048828125,315.9052734375,40717100,MSFT
2023-06-08,323.94000244140625,326.6400146484375,323.3500061035156,325.260009765625,317.7418212890625,23277700,MSFT
2023-06-09,324.989990234375,329.989990234375,324.4100036621094,326.7900085449219,319.2364196777344,22529000,MSFT
2023-06-12,328.5799865722656,332.1000061035156,325.1600036621094,331.8500061035156,324.1794738769531,24260300,MSFT
2023-06-13,334.4700012207031,336.9800109863281,330.3900146484375,334.2900085449219,326.5631408691406,22951300,MSFT
2023-06-14,334.3399963378906,339.0400085449219,332.80999755859375,337.3399963378906,329.5426025390625,26003800,MSFT
2023-06-15,337.4800109863281,349.8399963378906,337.20001220703125,348.1000061035156,340.0538635253906,38899100,MSFT
2023-06-16,351.32000732421875,351.4700012207031,341.95001220703125,342.3299865722656,334.4172668457031,46552000,MSFT
2023-06-20,339.30999755859375,342.0799865722656,335.8599853515625,338.04998779296875,330.23614501953125,26375400,MSFT
2023-06-21,336.3699951171875,337.7300109863281,332.07000732421875,333.55999755859375,325.8500061035156,25117800,MSFT
2023-06-22,334.1199951171875,340.1199951171875,333.3399963378906,339.7099914550781,331.8578186035156,23556800,MSFT
2023-06-23,334.3599853515625,337.9599914550781,333.45001220703125,335.0199890136719,327.2761535644531,23146900,MSFT
2023-06-26,333.7200012207031,336.1099853515625,328.489990234375,328.6000061035156,321.0045471191406,21520600,MSFT
2023-06-27,331.8599853515625,336.1499938964844,329.29998779296875,334.57000732421875,326.83660888671875,24354100,MSFT
2023-06-28,334.6600036621094,337.9800109863281,333.80999755859375,335.8500061035156,328.0870361328125,20259500,MSFT
2023-06-29,334.7099914550781,336.1099853515625,332.6199951171875,335.04998779296875,327.30548095703125,16997000,MSFT
2023-06-30,337.75,342.7300109863281,337.20001220703125,340.5400085449219,332.66864013671875,26832800,MSFT
2023-07-03,339.19000244140625,340.8999938964844,336.57000732421875,337.989990234375,330.1775207519531,12508700,MSFT
2023-07-05,335.0899963378906,341.6499938964844,334.7300109863281,338.1499938964844,330.3338317871094,18172400,MSFT
2023-07-06,337.29998779296875,342.989990234375,335.5,341.2699890136719,333.3817138671875,28161200,MSFT
2023-07-07,339.32000732421875,341.7900085449219,337.0,337.2200012207031,329.42535400390625,21214800,MSFT
2023-07-10,334.6000061035156,335.2300109863281,327.5899963378906,331.8299865722656,324.1599426269531,32791400,MSFT
2023-07-11,331.05999755859375,332.8599853515625,327.0,332.4700012207031,324.78515625,26698200,MSFT
2023-07-12,336.6000061035156,341.6499938964844,335.6700134277344,337.20001220703125,329.4058532714844,29995300,MSFT
2023-07-13,339.55999755859375,343.739990234375,339.0199890136719,342.6600036621094,334.7395935058594,20567200,MSFT
2023-07-14,347.5899963378906,351.42999267578125,344.30999755859375,345.239990234375,337.2599792480469,28352700,MSFT
2023-07-17,345.67999267578125,346.989990234375,342.20001220703125,345.7300109863281,337.7386474609375,20363900,MSFT
2023-07-18,345.8299865722656,366.7799987792969,342.1700134277344,359.489990234375,351.1805725097656,64738600,MSFT
2023-07-19,361.75,362.4599914550781,352.44000244140625,355.0799865722656,346.87255859375,39732900,MSFT
2023-07-20,353.57000732421875,357.9700012207031,345.3699951171875,346.8699951171875,338.8522644042969,33778400,MSFT
2023-07-21,349.1499938964844,350.29998779296875,339.8299865722656,343.7699890136719,335.82391357421875,69405400,MSFT
2023-07-24,345.8500061035156,346.9200134277344,342.30999755859375,345.1099853515625,337.13299560546875,26678100,MSFT
2023-07-25,347.1099853515625,351.8900146484375,345.07000732421875,350.9800109863281,342.8673095703125,41637700,MSFT
2023-07-26,341.44000244140625,344.6700134277344,333.1099853515625,337.7699890136719,329.9626159667969,58383700,MSFT
2023-07-27,340.4800109863281,341.3299865722656,329.04998779296875,330.7200012207031,323.0755920410156,39635300,MSFT
2023-07-28,333.6700134277344,340.010009765625,333.1700134277344,338.3699951171875,330.54876708984375,28484900,MSFT
2023-07-31,336.9200134277344,337.70001220703125,333.3599853515625,335.9200134277344,328.1553649902344,25446000,MSFT
2023-08-01,335.19000244140625,338.5400085449219,333.70001220703125,336.3399963378906,328.5656433105469,18311900,MSFT
2023-08-02,333.6300048828125,333.6300048828125,326.3599853515625,327.5,319.9299621582031,27761300,MSFT
2023-08-03,326.0,329.8800048828125,325.95001220703125,326.6600036621094,319.10943603515625,18253700,MSFT
2023-08-04,331.8800048828125,335.1400146484375,327.239990234375,327.7799987792969,320.20355224609375,23741500,MSFT
2023-08-07,328.3699951171875,331.1099853515625,327.5199890136719,330.1099853515625,322.4796447753906,17741500,MSFT
2023-08-08,326.9599914550781,328.75,323.0,326.04998779296875,318.5135803222656,22327600,MSFT
2023-08-09,326.4700012207031,327.1099853515625,321.04998779296875,322.2300109863281,314.7817687988281,22373300,MSFT
2023-08-10,326.0199890136719,328.260009765625,321.17999267578125,322.92999267578125,315.4656677246094,20113700,MSFT
2023-08-11,320.260009765625,322.4100036621094,319.2099914550781,321.010009765625,313.5900573730469,24355500,MSFT
2023-08-14,321.3900146484375,324.05999755859375,320.0799865722656,324.0400085449219,316.54998779296875,18836100,MSFT
2023-08-15,323.0,325.0899963378906,320.8999938964844,321.8599853515625,314.4203796386719,16966300,MSFT
2023-08-16,320.79998779296875,324.4200134277344,319.79998779296875,320.3999938964844,313.6568298339844,20698900,MSFT
2023-08-17,320.5400085449219,321.8699951171875,316.2099914550781,316.8800048828125,310.21087646484375,21257200,MSFT
2023-08-18,314.489990234375,318.3800048828125,311.54998779296875,316.4800109863281,309.8192443847656,24755000,MSFT
2023-08-21,317.92999267578125,322.7699890136719,317.0400085449219,321.8800048828125,315.105712890625,24040000,MSFT
2023-08-22,325.5,326.0799865722656,321.4599914550781,322.4599914550781,315.6734313964844,16084600,MSFT
2023-08-23,323.82000732421875,329.20001220703125,323.4599914550781,327.0,320.1179504394531,21166400,MSFT
2023-08-24,332.8500061035156,332.9800109863281,319.9599914550781,319.9700012207031,313.2358703613281,23281400,MSFT
2023-08-25,321.4700012207031,325.3599853515625,318.79998779296875,322.9800109863281,316.1825866699219,21684100,MSFT
2023-08-28,325.6600036621094,326.1499938964844,321.7200012207031,323.70001220703125,316.8873596191406,14808500,MSFT
2023-08-29,321.8800048828125,328.9800109863281,321.8800048828125,328.4100036621094,321.4981994628906,19284600,MSFT
2023-08-30,328.6700134277344,329.80999755859375,326.45001220703125,328.7900085449219,321.8702697753906,15222100,MSFT
2023-08-31,329.20001220703125,330.9100036621094,326.7799987792969,327.760009765625,320.8619384765625,26411000,MSFT
2023-09-01,331.30999755859375,331.989990234375,326.7799987792969,328.6600036621094,321.7430114746094,14942000,MSFT
2023-09-05,329.0,334.8500061035156,328.6600036621094,333.54998779296875,326.5300598144531,18553900,MSFT
2023-09-06,333.3800048828125,334.4599914550781,330.17999267578125,332.8800048828125,325.8741455078125,17535800,MSFT
2023-09-07,331.2900085449219,333.0799865722656,329.0299987792969,329.9100036621094,322.96661376953125,18381000,MSFT
2023-09-08,330.0899963378906,336.1600036621094,329.4599914550781,334.2699890136719,327.23486328125,19530100,MSFT
2023-09-11,337.239990234375,338.4200134277344,335.42999267578125,337.94000244140625,330.82763671875,16583300,MSFT
2023-09-12,335.82000732421875,336.7900085449219,331.4800109863281,331.7699890136719,324.7875671386719,17565500,MSFT
2023-09-13,331.30999755859375,336.8500061035156,331.1700134277344,336.05999755859375,328.98724365234375,16544400,MSFT
2023-09-14,339.1499938964844,340.8599853515625,336.57000732421875,338.70001220703125,331.5716857910156,20267000,MSFT
2023-09-15,336.9200134277344,337.3999938964844,329.6499938964844,330.2200012207031,323.2701416015625,37679800,MSFT
2023-09-18,327.79998779296875,330.3999938964844,326.3599853515625,329.05999755859375,322.1345520019531,16834200,MSFT
2023-09-19,326.1700134277344,329.3900146484375,324.510009765625,328.6499938964844,321.733154296875,16505900,MSFT
2023-09-20,329.510009765625,329.5899963378906,320.510009765625,320.7699890136719,314.01904296875,21436500,MSFT
2023-09-21,319.260009765625,325.3500061035156,315.0,319.5299987792969,312.8050842285156,35560400,MSFT
2023-09-22,321.32000732421875,321.45001220703125,316.1499938964844,317.010009765625,310.3381652832031,21447900,MSFT
2023-09-25,316.5899963378906,317.6700134277344,315.0,317.5400085449219,310.8570251464844,17836000,MSFT
2023-09-26,315.1300048828125,315.8800048828125,310.0199890136719,312.1400146484375,305.5706787109375,26297600,MSFT
2023-09-27,312.29998779296875,314.29998779296875,309.69000244140625,312.7900085449219,306.20697021484375,19410100,MSFT
2023-09-28,310.989990234375,315.4800109863281,309.45001220703125,313.6400146484375,307.03912353515625,19683600,MSFT
2023-09-29,317.75,319.4700012207031,314.9800109863281,315.75,309.1046447753906,24147300,MSFT
2023-10-02,316.2799987792969,321.8900146484375,315.17999267578125,321.79998779296875,315.02734375,20570000,MSFT
2023-10-03,320.8299865722656,321.3900146484375,311.2099914550781,313.3900146484375,306.7943420410156,21033500,MSFT
2023-10-04,314.0299987792969,320.0400085449219,314.0,318.9599914550781,312.2470703125,20720100,MSFT
2023-10-05,319.0899963378906,319.9800109863281,314.8999938964844,319.3599853515625,312.6386413574219,16965600,MSFT
2023-10-06,316.54998779296875,329.19000244140625,316.29998779296875,327.260009765625,320.3724365234375,25673600,MSFT
2023-10-09,324.75,330.29998779296875,323.17999267578125,329.82000732421875,322.8785705566406,19891200,MSFT
2023-10-10,330.9599914550781,331.1000061035156,327.6700134277344,328.3900146484375,321.4787292480469,20557100,MSFT
2023-10-11,331.2099914550781,332.82000732421875,329.1400146484375,332.4200134277344,325.423828125,20063200,MSFT
2023-10-12,330.57000732421875,333.6300048828125,328.7200012207031,331.1600036621094,324.19036865234375,19313100,MSFT
2023-10-13,332.3800048828125,333.8299865722656,326.3599853515625,327.7300109863281,320.8325500488281,21072400,MSFT
2023-10-16,331.04998779296875,336.1400146484375,330.6000061035156,332.6400146484375,325.6391906738281,22158000,MSFT
2023-10-17,329.5899963378906,333.4599914550781,327.4100036621094,332.05999755859375,325.0714416503906,18338500,MSFT
2023-10-18,332.489990234375,335.5899963378906,328.29998779296875,330.1099853515625,323.16241455078125,23153600,MSFT
2023-10-19,332.1499938964844,336.8800048828125,330.9100036621094,331.32000732421875,324.3470458984375,25052100,MSFT
2023-10-20,331.7200012207031,331.9200134277344,325.45001220703125,326.6700134277344,319.7948913574219,25027700,MSFT
2023-10-23,325.4700012207031,332.7300109863281,324.3900146484375,329.32000732421875,322.3890380859375,24374700,MSFT
2023-10-24,331.29998779296875,331.8399963378906,327.6000061035156,330.5299987792969,323.5736389160156,31153600,MSFT
2023-10-25,345.0199890136719,346.20001220703125,337.6199951171875,340.6700134277344,333.50018310546875,55053800,MSFT
2023-10-26,340.5400085449219,341.6300048828125,326.94000244140625,327.8900146484375,320.9891357421875,37828500,MSFT
2023-10-27,330.42999267578125,336.7200012207031,328.3999938964844,329.80999755859375,322.8687438964844,29856500,MSFT
2023-10-30,333.4100036621094,339.45001220703125,331.8299865722656,337.30999755859375,330.2109069824219,22828100,MSFT
2023-10-31,338.8500061035156,339.0,334.69000244140625,338.1099853515625,330.9940490722656,20265300,MSFT
2023-11-01,339.7900085449219,347.4200134277344,339.6499938964844,346.07000732421875,338.7865905761719,28158800,MSFT
2023-11-02,347.239990234375,348.8299865722656,344.7699890136719,348.32000732421875,340.98919677734375,24348100,MSFT
2023-11-03,349.6300048828125,354.3900146484375,347.3299865722656,352.79998779296875,345.3749084472656,23637700,MSFT
2023-11-06,353.45001220703125,357.5400085449219,353.3500061035156,356.5299987792969,349.02642822265625,23828300,MSFT
2023-11-07,359.3999938964844,362.4599914550781,357.6300048828125,360.5299987792969,352.94219970703125,25833900,MSFT
2023-11-08,361.67999267578125,363.8699951171875,360.54998779296875,363.20001220703125,355.5560607910156,26767800,MSFT
2023-11-09,362.29998779296875,364.7900085449219,360.3599853515625,360.69000244140625,353.098876953125,24847300,MSFT
2023-11-10,361.489990234375,370.1000061035156,361.07000732421875,369.6700134277344,361.889892578125,28042100,MSFT
2023-11-13,368.2200012207031,368.4700012207031,365.8999938964844,366.67999267578125,358.9627685546875,19986500,MSFT
2023-11-14,371.010009765625,371.95001220703125,367.3500061035156,370.2699890136719,362.47723388671875,27683900,MSFT
2023-11-15,371.2799987792969,373.1300048828125,367.1099853515625,369.6700134277344,362.6243896484375,26860100,MSFT
2023-11-16,370.9599914550781,376.3500061035156,370.17999267578125,376.1700134277344,369.0005187988281,27182300,MSFT
2023-11-17,373.6099853515625,374.3699951171875,367.0,369.8500061035156,362.80096435546875,40157000,MSFT
2023-11-20,371.2200012207031,378.8699951171875,371.0,377.44000244140625,370.24627685546875,52465100,MSFT
2023-11-21,375.6700134277344,376.2200012207031,371.1199951171875,373.07000732421875,365.9595947265625,28423100,MSFT
2023-11-22,378.0,379.7900085449219,374.9700012207031,377.8500061035156,370.6484680175781,23345300,MSFT
2023-11-24,377.3299865722656,377.9700012207031,375.1400146484375,377.42999267578125,370.2364807128906,10176600,MSFT
2023-11-27,376.7799987792969,380.6400146484375,376.20001220703125,378.6099853515625,371.3940124511719,22179200,MSFT
2023-11-28,378.3500061035156,383.0,378.1600036621094,382.70001220703125,375.4060363769531,20453100,MSFT
2023-11-29,383.760009765625,384.29998779296875,377.44000244140625,378.8500061035156,371.6294250488281,28963400,MSFT
2023-11-30,378.489990234375,380.0899963378906,375.4700012207031,378.9100036621094,371.68829345703125,30554400,MSFT
2023-12-01,376.760009765625,378.1600036621094,371.30999755859375,374.510009765625,367.3721618652344,33040500,MSFT
2023-12-04,369.1000061035156,369.5199890136719,362.8999938964844,369.1400146484375,362.1044616699219,32063300,MSFT
2023-12-05,366.45001220703125,373.0799865722656,365.6199951171875,372.5199890136719,365.4200439453125,23065000,MSFT
2023-12-06,373.5400085449219,374.17999267578125,368.0299987792969,368.79998779296875,361.77099609375,21182100,MSFT
2023-12-07,368.2300109863281,371.45001220703125,366.32000732421875,370.95001220703125,363.8800048828125,23118900,MSFT
2023-12-08,369.20001220703125,374.4599914550781,368.2300109863281,374.2300109863281,367.0974426269531,20154400,MSFT
2023-12-11,368.4800109863281,371.6000061035156,366.1000061035156,371.29998779296875,364.2232666015625,27708800,MSFT
2023-12-12,370.8500061035156,374.4200134277344,370.4599914550781,374.3800048828125,367.24456787109375,24838300,MSFT
2023-12-13,376.0199890136719,377.6400146484375,370.7699890136719,374.3699951171875,367.2347717285156,30955500,MSFT
2023-12-14,373.30999755859375,373.760009765625,364.1300048828125,365.92999267578125,358.9556579589844,43277500,MSFT
2023-12-15,366.8500061035156,372.3999938964844,366.2799987792969,370.7300109863281,363.6641845703125,78502300,MSFT
2023-12-18,369.45001220703125,373.0,368.67999267578125,372.6499938964844,365.547607421875,21802900,MSFT
2023-12-19,371.489990234375,373.260009765625,369.8399963378906,373.260009765625,366.14593505859375,20603700,MSFT
2023-12-20,375.0,376.0299987792969,370.5299987792969,370.6199951171875,363.5562438964844,26316700,MSFT
2023-12-21,372.55999755859375,374.4100036621094,370.0400085449219,373.5400085449219,366.420654296875,17708000,MSFT
2023-12-22,373.67999267578125,375.17999267578125,372.7099914550781,374.5799865722656,367.4407653808594,17107500,MSFT
2023-12-26,375.0,376.94000244140625,373.5,374.6600036621094,367.51934814453125,12673100,MSFT
2023-12-27,373.69000244140625,375.05999755859375,372.80999755859375,374.07000732421875,366.9405212402344,14905400,MSFT
2023-12-28,375.3699951171875,376.4599914550781,374.1600036621094,375.2799987792969,368.1274719238281,14327000,MSFT
2023-12-29,376.0,377.1600036621094,373.4800109863281,376.0400085449219,368.87298583984375,18730800,MSFT
2024-01-02,373.8599853515625,375.8999938964844,366.7699890136719,370.8699951171875,363.801513671875,25258600,MSFT
2024-01-03,369.010009765625,373.260009765625,368.510009765625,370.6000061035156,363.53662109375,23083500,MSFT
2024-01-04,370.6700134277344,373.1000061035156,367.1700134277344,367.94000244140625,360.9273681640625,20901500,MSFT
2024-01-05,368.9700012207031,372.05999755859375,366.5,367.75,360.7409362792969,21004600,MSFT
2024-01-08,369.29998779296875,375.20001220703125,369.010009765625,374.69000244140625,367.5487060546875,23134000,MSFT
2024-01-09,372.010009765625,375.989990234375,371.19000244140625,375.7900085449219,368.62774658203125,20830000,MSFT
2024-01-10,376.3699951171875,384.1700134277344,376.32000732421875,382.7699890136719,375.47467041015625,25514200,MSFT
2024-01-11,386.0,390.67999267578125,380.3800048828125,384.6300048828125,377.2992858886719,27850800,MSFT
2024-01-12,385.489990234375,388.67999267578125,384.6499938964844,388.4700012207031,381.0660705566406,21661200,MSFT
2024-01-16,393.6600036621094,394.0299987792969,387.6199951171875,390.2699890136719,382.8317565917969,27202300,MSFT
2024-01-17,387.9800109863281,390.1099853515625,384.80999755859375,389.4700012207031,382.0469665527344,22234100,MSFT
2024-01-18,391.7200012207031,393.989990234375,390.1199951171875,393.8699951171875,386.36309814453125,23392100,MSFT
2024-01-19,395.760009765625,398.6700134277344,393.5,398.6700134277344,391.0716857910156,29331100,MSFT
2024-01-22,400.0199890136719,400.6199951171875,393.5899963378906,396.510009765625,388.9528503417969,27016900,MSFT
2024-01-23,395.75,399.3800048828125,393.92999267578125,398.8999938964844,391.2972717285156,20525900,MSFT
2024-01-24,401.5400085449219,405.6300048828125,400.45001220703125,402.55999755859375,394.8874816894531,24867000,MSFT
2024-01-25,404.32000732421875,407.010009765625,402.5299987792969,404.8699951171875,397.1534729003906,21021200,MSFT
2024-01-26,404.3699951171875,406.1700134277344,402.42999267578125,403.92999267578125,396.23138427734375,17803300,MSFT
2024-01-29,406.05999755859375,409.9800109863281,404.3299865722656,409.7200012207031,401.91107177734375,24510200,MSFT
2024-01-30,412.260009765625,413.04998779296875,406.45001220703125,408.5899963378906,400.8025817871094,33477600,MSFT
2024-01-31,406.9599914550781,415.32000732421875,397.2099914550781,397.5799865722656,390.00244140625,47871100,MSFT
2024-02-01,401.8299865722656,408.0,401.79998779296875,403.7799987792969,396.0843200683594,30657700,MSFT
2024-02-02,403.80999755859375,412.6499938964844,403.55999755859375,411.2200012207031,403.38250732421875,28256700,MSFT
2024-02-05,409.8999938964844,411.1600036621094,403.989990234375,405.6499938964844,397.91864013671875,25352300,MSFT
2024-02-06,405.8800048828125,407.9700012207031,402.9100036621094,405.489990234375,397.76165771484375,18382600,MSFT
2024-02-07,407.44000244140625,414.29998779296875,407.3999938964844,414.04998779296875,406.1585388183594,22340500,MSFT
2024-02-08,414.04998779296875,415.55999755859375,412.5299987792969,414.1099853515625,406.2173767089844,21225300,MSFT
2024-02-09,415.25,420.82000732421875,415.0899963378906,420.54998779296875,412.5346374511719,22032800,MSFT
2024-02-12,420.55999755859375,420.739990234375,414.75,415.260009765625,407.3454284667969,21202900,MSFT
2024-02-13,404.94000244140625,410.07000732421875,403.3900146484375,406.32000732421875,398.57586669921875,27824900,MSFT
2024-02-14,408.07000732421875,409.8399963378906,404.57000732421875,409.489990234375,402.4282531738281,20401200,MSFT
2024-02-15,408.1400146484375,409.1300048828125,404.2900085449219,406.55999755859375,399.548828125,21825500,MSFT
2024-02-16,407.9599914550781,408.2900085449219,403.44000244140625,404.05999755859375,397.0918884277344,22296500,MSFT
2024-02-20,403.239990234375,404.489990234375,398.010009765625,402.7900085449219,395.8437805175781,24307900,MSFT
2024-02-21,400.1700134277344,402.2900085449219,397.2200012207031,402.17999267578125,395.24432373046875,18518900,MSFT
2024-02-22,410.19000244140625,412.8299865722656,408.57000732421875,411.6499938964844,404.5509948730469,27009900,MSFT
2024-02-23,415.6700134277344,415.8599853515625,408.9700012207031,410.3399963378906,403.2635803222656,16295900,MSFT
2024-02-26,411.4599914550781,412.1600036621094,407.3599853515625,407.5400085449219,400.5118713378906,16193500,MSFT
2024-02-27,407.989990234375,408.32000732421875,403.8500061035156,407.4800109863281,400.45294189453125,14835800,MSFT
2024-02-28,408.17999267578125,409.29998779296875,405.32000732421875,407.7200012207031,400.6887512207031,13183100,MSFT
2024-02-29,408.6400146484375,414.20001220703125,405.9200134277344,413.6400146484375,406.5067138671875,31947300,MSFT
2024-03-01,411.2699890136719,415.8699951171875,410.8800048828125,415.5,408.3345947265625,17823400,MSFT
2024-03-04,413.44000244140625,417.3500061035156,412.32000732421875,414.9200134277344,407.7646179199219,17596000,MSFT
2024-03-05,413.9599914550781,414.25,400.6400146484375,402.6499938964844,395.7061462402344,26919200,MSFT
2024-03-06,402.9700012207031,405.1600036621094,398.3900146484375,402.0899963378906,395.1558532714844,22344100,MSFT
2024-03-07,406.1199951171875,409.7799987792969,402.239990234375,409.1400146484375,402.0843811035156,18718500,MSFT
2024-03-08,407.9599914550781,410.4200134277344,404.3299865722656,406.2200012207031,399.21466064453125,18002200,MSFT
2024-03-11,403.760009765625,405.67999267578125,401.260009765625,404.5199890136719,397.5439453125,16120800,MSFT
2024-03-12,407.6199951171875,415.57000732421875,406.7900085449219,415.2799987792969,408.1183776855469,22457000,MSFT
2024-03-13,418.1000061035156,418.17999267578125,411.45001220703125,415.1000061035156,407.9415283203125,17115900,MSFT
2024-03-14,420.239990234375,427.82000732421875,417.989990234375,425.2200012207031,417.8869934082031,34157300,MSFT
2024-03-15,419.2900085449219,422.6000061035156,412.7900085449219,416.4200134277344,409.23876953125,45079900,MSFT
2024-03-18,414.25,420.7300109863281,413.7799987792969,417.32000732421875,410.12322998046875,20106000,MSFT
2024-03-19,417.8299865722656,421.6700134277344,415.54998779296875,421.4100036621094,414.1427001953125,19837900,MSFT
2024-03-20,422.0,425.9599914550781,420.6600036621094,425.2300109863281,417.8968505859375,17860100,MSFT
2024-03-21,429.8299865722656,430.82000732421875,427.1600036621094,429.3699951171875,421.9654235839844,21296200,MSFT
2024-03-22,429.70001220703125,429.8599853515625,426.07000732421875,428.739990234375,421.3462829589844,17648500,MSFT
2024-03-25,425.239990234375,427.4100036621094,421.6099853515625,422.8599853515625,415.56768798828125,18060500,MSFT
2024-03-26,425.6099853515625,425.989990234375,421.3500061035156,421.6499938964844,414.3785095214844,16725600,MSFT
2024-03-27,424.44000244140625,424.45001220703125,419.010009765625,421.42999267578125,414.1623229980469,16705000,MSFT
2024-03-28,420.9599914550781,421.8699951171875,419.1199951171875,420.7200012207031,413.4645690917969,21871200,MSFT
2024-04-01,423.95001220703125,427.8900146484375,422.2200012207031,424.57000732421875,417.2481994628906,16316000,MSFT
2024-04-02,420.1099853515625,422.3800048828125,417.8399963378906,421.44000244140625,414.1721496582031,17912000,MSFT
2024-04-03,419.7300109863281,423.260009765625,419.0899963378906,420.45001220703125,413.1992492675781,16502300,MSFT
2024-04-04,424.989990234375,428.6700134277344,417.57000732421875,417.8800048828125,410.6735534667969,19370900,MSFT
2024-04-05,420.010009765625,426.510009765625,418.32000732421875,425.5199890136719,418.18182373046875,16554800,MSFT
2024-04-08,425.1700134277344,427.2799987792969,423.29998779296875,424.5899963378906,417.267822265625,14272400,MSFT
2024-04-09,426.44000244140625,427.739990234375,421.6199951171875,426.2799987792969,418.9287414550781,12496900,MSFT
2024-04-10,422.19000244140625,424.0299987792969,419.70001220703125,423.260009765625,415.9607849121094,16216600,MSFT
2024-04-11,425.82000732421875,429.3699951171875,422.3599853515625,427.92999267578125,420.5502624511719,17966400,MSFT
2024-04-12,424.04998779296875,425.17999267578125,419.7699890136719,421.8999938964844,414.624267578125,19253800,MSFT
2024-04-15,426.6000061035156,426.82000732421875,413.42999267578125,413.6400146484375,406.5067138671875,20273500,MSFT
2024-04-16,414.57000732421875,418.3999938964844,413.7300109863281,414.5799865722656,407.43048095703125,16765600,MSFT
2024-04-17,417.25,418.8800048828125,410.3299865722656,411.8399963378906,404.73773193359375,15855500,MSFT
2024-04-18,410.6300048828125,411.8900146484375,403.95001220703125,404.2699890136719,397.29827880859375,21029900,MSFT
2024-04-19,404.0299987792969,405.4800109863281,397.7699890136719,399.1199951171875,392.2370910644531,30565800,MSFT
2024-04-22,400.0799865722656,402.8500061035156,395.75,400.9599914550781,394.04541015625,20286900,MSFT
2024-04-23,404.239990234375,408.20001220703125,403.05999755859375,407.57000732421875,400.5413818359375,15734500,MSFT
2024-04-24,409.55999755859375,412.4700012207031,406.7799987792969,409.05999755859375,402.005615234375,15065300,MSFT
2024-04-25,394.0299987792969,399.8900146484375,388.0299987792969,399.0400085449219,392.1584777832031,40586500,MSFT
2024-04-26,412.1700134277344,413.0,405.760009765625,406.32000732421875,399.31292724609375,29694700,MSFT
2024-04-29,405.25,406.32000732421875,399.19000244140625,402.25,395.3131103515625,19582100,MSFT
2024-04-30,401.489990234375,402.1600036621094,389.1700134277344,389.3299865722656,382.6159362792969,28781400,MSFT
2024-05-01,392.6099853515625,401.7200012207031,390.30999755859375,394.94000244140625,388.129150390625,23562500,MSFT
2024-05-02,397.6600036621094,399.92999267578125,394.6499938964844,397.8399963378906,390.9791564941406,17709400,MSFT
2024-05-03,402.2799987792969,407.1499938964844,401.8599853515625,406.6600036621094,399.6470642089844,17446700,MSFT
2024-05-06,408.760009765625,413.92999267578125,406.3699951171875,413.5400085449219,406.408447265625,16996600,MSFT
2024-05-07,414.6600036621094,414.6700134277344,409.0899963378906,409.3399963378906,402.28082275390625,20018200,MSFT
2024-05-08,408.1700134277344,412.2300109863281,406.7099914550781,410.5400085449219,403.46014404296875,11792300,MSFT
2024-05-09,410.57000732421875,412.7200012207031,409.1000061035156,412.32000732421875,405.20947265625,14689700,MSFT
2024-05-10,412.94000244140625,415.3800048828125,411.79998779296875,414.739990234375,407.5876770019531,13402300,MSFT
2024-05-13,418.010009765625,418.3500061035156,410.82000732421875,413.7200012207031,406.58526611328125,15440200,MSFT
2024-05-14,412.0199890136719,417.489990234375,411.54998779296875,416.55999755859375,409.3763427734375,15109300,MSFT
2024-05-15,417.8999938964844,423.80999755859375,417.2699890136719,423.0799865722656,416.5338439941406,22239500,MSFT
2024-05-16,421.79998779296875,425.4200134277344,420.3500061035156,420.989990234375,414.4762268066406,17530100,MSFT
2024-05-17,422.5400085449219,422.9200134277344,418.0299987792969,420.2099914550781,413.70819091796875,15352200,MSFT
2024-05-20,420.2099914550781,426.7699890136719,419.989990234375,425.3399963378906,418.7588806152344,16272100,MSFT
2024-05-21,426.8299865722656,432.9700012207031,424.8500061035156,429.0400085449219,422.4016418457031,21453300,MSFT
2024-05-22,430.0899963378906,432.4100036621094,427.1300048828125,430.5199890136719,423.85870361328125,18073700,MSFT
2024-05-23,432.9700012207031,433.6000061035156,425.4200134277344,427.0,420.3931579589844,17211700,MSFT
2024-05-24,427.19000244140625,431.05999755859375,424.4100036621094,430.1600036621094,423.50433349609375,11855300,MSFT
2024-05-28,429.6300048828125,430.82000732421875,426.6000061035156,430.32000732421875,423.66180419921875,15718000,MSFT
2024-05-29,425.69000244140625,430.94000244140625,425.69000244140625,429.1700134277344,422.52960205078125,15517100,MSFT
2024-05-30,424.29998779296875,424.29998779296875,414.239990234375,414.6700134277344,408.2539978027344,28394500,MSFT
2024-05-31,416.75,416.75,404.510009765625,415.1300048828125,408.7068786621094,47995300,MSFT
2024-06-03,415.5299987792969,416.42999267578125,408.9200134277344,413.5199890136719,407.12176513671875,17484700,MSFT
2024-06-04,412.42999267578125,416.44000244140625,409.67999267578125,416.07000732421875,409.63232421875,14348900,MSFT
2024-06-05,417.80999755859375,424.0799865722656,416.29998779296875,424.010009765625,417.4494323730469,16988000,MSFT
2024-06-06,424.010009765625,425.30999755859375,420.5799865722656,424.5199890136719,417.9515380859375,14861300,MSFT
2024-06-07,426.20001220703125,426.2799987792969,423.0,423.8500061035156,417.29193115234375,13621700,MSFT
2024-06-10,424.70001220703125,428.0799865722656,423.8900146484375,427.8699951171875,421.249755859375,13982900,MSFT
2024-06-11,425.4800109863281,432.82000732421875,425.25,432.67999267578125,425.9853210449219,14551100,MSFT
2024-06-12,435.32000732421875,443.3999938964844,433.25,441.05999755859375,434.2356262207031,22366200,MSFT
2024-06-13,440.8500061035156,443.3900146484375,439.3699951171875,441.5799865722656,434.7476501464844,15960600,MSFT
2024-06-14,438.2799987792969,443.1400146484375,436.7200012207031,442.57000732421875,435.7223205566406,13582000,MSFT
2024-06-17,442.5899963378906,450.94000244140625,440.7200012207031,448.3699951171875,441.4324951171875,20790000,MSFT
2024-06-18,449.7099914550781,450.1400146484375,444.8900146484375,446.3399963378906,439.4339904785156,17112500,MSFT
2024-06-20,446.29998779296875,446.5299987792969,441.2699890136719,445.70001220703125,438.8038635253906,19877400,MSFT
2024-06-21,447.3800048828125,450.5799865722656,446.510009765625,449.7799987792969,442.8207092285156,34187100,MSFT
2024-06-24,449.79998779296875,452.75,446.4100036621094,447.6700134277344,440.743408203125,15913700,MSFT
2024-06-25,448.25,451.4200134277344,446.75,450.95001220703125,443.9726257324219,16413400,MSFT
2024-06-26,449.0,453.6000061035156,448.19000244140625,452.1600036621094,445.1639709472656,16507000,MSFT
2024-06-27,452.17999267578125,456.1700134277344,451.7699890136719,452.8500061035156,445.8432312011719,14806300,MSFT
2024-06-28,453.07000732421875,455.3800048828125,446.4100036621094,446.95001220703125,440.03448486328125,28362300,MSFT
2024-07-01,448.6600036621094,457.3699951171875,445.6600036621094,456.7300109863281,449.6631774902344,17662800,MSFT
2024-07-02,453.20001220703125,459.5899963378906,453.1099853515625,459.2799987792969,452.1737365722656,13979800,MSFT
2024-07-03,458.19000244140625,461.0199890136719,457.8800048828125,460.7699890136719,453.64068603515625,9932800,MSFT
2024-07-05,459.6099853515625,468.3500061035156,458.9700012207031,467.55999755859375,460.32562255859375,16000300,MSFT
2024-07-08,466.54998779296875,467.70001220703125,464.4599914550781,466.239990234375,459.0260925292969,12962300,MSFT
2024-07-09,467.0,467.3299865722656,458.0,459.5400085449219,452.4297180175781,17207200,MSFT
2024-07-10,461.2200012207031,466.4599914550781,458.8599853515625,466.25,459.035888671875,18196100,MSFT
2024-07-11,462.9800109863281,464.7799987792969,451.54998779296875,454.70001220703125,447.6646728515625,23111200,MSFT
2024-07-12,454.3299865722656,456.3599853515625,450.6499938964844,453.54998779296875,446.5323791503906,16324300,MSFT
2024-07-15,453.29998779296875,457.260009765625,451.42999267578125,453.9599914550781,446.9360656738281,14429400,MSFT
2024-07-16,454.2200012207031,454.29998779296875,446.6600036621094,449.5199890136719,442.56475830078125,17175700,MSFT
2024-07-17,442.5899963378906,444.8500061035156,439.17999267578125,443.5199890136719,436.6575927734375,21778000,MSFT
2024-07-18,444.3399963378906,444.6499938964844,434.3999938964844,440.3699951171875,433.55633544921875,20794800,MSFT
2024-07-19,433.1000061035156,441.1400146484375,432.0,437.1099853515625,430.3467712402344,20940400,MSFT
2024-07-22,441.7900085449219,444.6000061035156,438.9100036621094,442.94000244140625,436.0865478515625,15808800,MSFT
2024-07-23,443.8999938964844,448.3900146484375,443.1000061035156,444.8500061035156,437.9670715332031,13107100,MSFT
2024-07-24,440.45001220703125,441.4800109863281,427.5899963378906,428.8999938964844,422.2637634277344,26805800,MSFT
2024-07-25,428.79998779296875,429.79998779296875,417.510009765625,418.3999938964844,411.9262390136719,29943800,MSFT
2024-07-26,418.20001220703125,428.9200134277344,417.2699890136719,425.2699890136719,418.6899719238281,23583800,MSFT
2024-07-29,431.5799865722656,432.1499938964844,424.70001220703125,426.7300109863281,420.1274108886719,15125800,MSFT
2024-07-30,427.7200012207031,429.04998779296875,417.3599853515625,422.9200134277344,416.37640380859375,32687600,MSFT
2024-07-31,420.5,421.7799987792969,412.2099914550781,418.3500061035156,411.87701416015625,42891400,MSFT
2024-08-01,420.7900085449219,427.4599914550781,413.0899963378906,417.1099853515625,410.6562194824219,30296400,MSFT
2024-08-02,412.489990234375,415.0,404.3399963378906,408.489990234375,402.1695251464844,29437900,MSFT
2024-08-05,389.1700134277344,401.0400085449219,385.5799865722656,395.1499938964844,389.03594970703125,40709200,MSFT
2024-08-06,400.0,405.6700134277344,398.5,399.6099853515625,393.427001953125,24946500,MSFT
2024-08-07,408.6400146484375,410.0799865722656,397.4700012207031,398.42999267578125,392.2652587890625,20650900,MSFT
2024-08-08,402.44000244140625,405.8599853515625,399.94000244140625,402.69000244140625,396.4593200683594,20203000,MSFT
2024-08-09,404.0299987792969,408.04998779296875,402.260009765625,406.0199890136719,399.7377624511719,19276700,MSFT
2024-08-12,407.05999755859375,408.760009765625,404.239990234375,406.80999755859375,400.5155944824219,16762900,MSFT
2024-08-13,409.5899963378906,414.95001220703125,409.57000732421875,414.010009765625,407.60418701171875,19414300,MSFT
2024-08-14,414.79998779296875,417.7200012207031,412.45001220703125,416.8599853515625,410.4101257324219,18267000,MSFT
2024-08-15,419.79998779296875,421.1099853515625,417.6600036621094,421.0299987792969,415.2627258300781,20752100,MSFT
2024-08-16,420.6000061035156,421.3399963378906,417.29998779296875,418.4700012207031,412.7377624511719,22775600,MSFT
2024-08-19,418.9599914550781,421.75,416.4599914550781,421.5299987792969,415.7558288574219,15234000,MSFT
2024-08-20,421.70001220703125,425.8599853515625,421.6400146484375,424.79998779296875,418.9810485839844,16387600,MSFT
2024-08-21,424.0799865722656,426.3999938964844,421.7200012207031,424.1400146484375,418.330078125,16067300,MSFT
2024-08-22,424.3599853515625,426.7900085449219,414.6099853515625,415.54998779296875,409.85772705078125,19361900,MSFT
2024-08-23,416.9800109863281,419.260009765625,412.0899963378906,416.7900085449219,411.080810546875,18493800,MSFT
2024-08-26,416.3699951171875,417.2799987792969,411.3399963378906,413.489990234375,407.8259582519531,13152800,MSFT
2024-08-27,412.8599853515625,414.3599853515625,410.25,413.8399963378906,408.17120361328125,13492900,MSFT
2024-08-28,414.8800048828125,415.0,407.30999755859375,410.6000061035156,404.9755554199219,14882700,MSFT
2024-08-29,414.94000244140625,422.04998779296875,410.6000061035156,413.1199951171875,407.4610595703125,17045200,MSFT
2024-08-30,415.6000061035156,417.489990234375,412.1300048828125,417.1400146484375,411.4259948730469,24308300,MSFT
2024-09-03,417.9100036621094,419.8800048828125,407.0299987792969,409.44000244140625,403.8314514160156,20313600,MSFT
2024-09-04,405.9100036621094,411.239990234375,404.3699951171875,408.8999938964844,403.2988586425781,15135800,MSFT
2024-09-05,407.6199951171875,413.1000061035156,406.1300048828125,408.3900146484375,402.7958068847656,14195500,MSFT
2024-09-06,409.05999755859375,410.6499938964844,400.79998779296875,401.70001220703125,396.197509765625,19609500,MSFT
2024-09-09,407.239990234375,408.6499938964844,402.1499938964844,405.7200012207031,400.1623840332031,15295100,MSFT
2024-09-10,408.20001220703125,416.3299865722656,407.70001220703125,414.20001220703125,408.5262756347656,19594300,MSFT
2024-09-11,415.5,423.989990234375,409.5799865722656,423.0400085449219,417.24517822265625,19266900,MSFT
2024-09-12,423.30999755859375,427.3699951171875,419.75,427.0,421.15093994140625,17395700,MSFT
2024-09-13,425.8299865722656,431.8299865722656,425.4599914550781,430.5899963378906,424.6917724609375,15874600,MSFT
2024-09-16,430.6000061035156,433.5299987792969,428.2200012207031,431.3399963378906,425.4314880371094,13834700,MSFT
2024-09-17,440.2300109863281,441.8500061035156,432.2699890136719,435.1499938964844,429.1892395019531,18874200,MSFT
2024-09-18,435.0,436.0299987792969,430.4100036621094,430.80999755859375,424.9087219238281,18898000,MSFT
2024-09-19,441.2300109863281,441.5,436.8999938964844,438.69000244140625,432.6807861328125,21706600,MSFT
2024-09-20,437.2200012207031,439.239990234375,434.2200012207031,435.2699890136719,429.3075866699219,55167100,MSFT
2024-09-23,434.2799987792969,436.4599914550781,430.3900146484375,433.510009765625,427.5717468261719,15128900,MSFT
2024-09-24,433.0,433.3500061035156,426.1000061035156,429.1700134277344,423.29119873046875,17015800,MSFT
2024-09-25,429.8299865722656,433.1199951171875,428.57000732421875,432.1099853515625,426.19091796875,13396400,MSFT
2024-09-26,435.0899963378906,435.29998779296875,429.1300048828125,431.30999755859375,425.4018859863281,14492000,MSFT
2024-09-27,431.5199890136719,431.8500061035156,427.4700012207031,428.0199890136719,422.1569519042969,14896100,MSFT
2024-09-30,428.2099914550781,430.4200134277344,425.3699951171875,430.29998779296875,424.4056701660156,16807300,MSFT
2024-10-01,428.45001220703125,428.4800109863281,418.80999755859375,420.69000244140625,414.9273681640625,19092900,MSFT
2024-10-02,422.5799865722656,422.82000732421875,416.7099914550781,417.1300048828125,411.4161071777344,16582300,MSFT
2024-10-03,417.6300048828125,419.54998779296875,414.2900085449219,416.5400085449219,410.8342590332031,13686400,MSFT
2024-10-04,418.239990234375,419.75,414.9700012207031,416.05999755859375,410.36077880859375,19169700,MSFT
2024-10-07,416.0,417.1099853515625,409.0,409.5400085449219,403.9300842285156,20919800,MSFT
2024-10-08,410.8999938964844,415.6600036621094,408.1700134277344,414.7099914550781,409.029296875,19229300,MSFT
2024-10-09,415.8599853515625,420.3800048828125,414.29998779296875,417.4599914550781,411.7415771484375,14974300,MSFT
2024-10-10,415.2300109863281,417.3500061035156,413.1499938964844,415.8399963378906,410.1437683105469,13848400,MSFT
2024-10-11,416.1400146484375,417.1300048828125,413.25,416.32000732421875,410.6171875,14144900,MSFT
2024-10-14,417.7699890136719,424.0400085449219,417.5199890136719,419.1400146484375,413.3985595703125,16653100,MSFT
2024-10-15,422.17999267578125,422.4800109863281,415.260009765625,418.739990234375,413.00408935546875,18900200,MSFT
2024-10-16,415.1700134277344,416.3599853515625,410.4800109863281,416.1199951171875,410.419921875,15508900,MSFT
2024-10-17,422.3599853515625,422.5,415.5899963378906,416.7200012207031,411.0117492675781,14820000,MSFT
2024-10-18,417.1400146484375,419.6499938964844,416.260009765625,418.1600036621094,412.4320373535156,17145300,MSFT
2024-10-21,416.1199951171875,418.9599914550781,413.75,418.7799987792969,413.0435485839844,14206100,MSFT
2024-10-22,418.489990234375,430.5799865722656,418.0400085449219,427.510009765625,421.6539611816406,25482200,MSFT
2024-10-23,430.8599853515625,431.0799865722656,422.5299987792969,424.6000061035156,418.7838134765625,19654400,MSFT
2024-10-24,425.3299865722656,425.9800109863281,422.3999938964844,424.7300109863281,418.91204833984375,13581600,MSFT
2024-10-25,426.760009765625,432.5199890136719,426.57000732421875,428.1499938964844,422.2851867675781,16899100,MSFT
2024-10-28,431.6600036621094,431.94000244140625,426.29998779296875,426.5899963378906,420.74652099609375,14882400,MSFT
2024-10-29,428.0,433.1700134277344,425.79998779296875,431.95001220703125,426.0331115722656,17644100,MSFT
2024-10-30,437.44000244140625,438.5,432.1000061035156,432.5299987792969,426.60516357421875,29749100,MSFT
2024-10-31,415.3599853515625,416.1600036621094,406.29998779296875,406.3500061035156,400.7838134765625,53971000,MSFT
2024-11-01,409.010009765625,415.5,407.5,410.3699951171875,404.7486877441406,24230400,MSFT
2024-11-04,409.79998779296875,410.4200134277344,405.57000732421875,408.4599914550781,402.8648986816406,19672300,MSFT
2024-11-05,408.3699951171875,414.8999938964844,408.0799865722656,411.4599914550781,405.82379150390625,17626000,MSFT
2024-11-06,412.4200134277344,420.45001220703125,410.5199890136719,420.17999267578125,414.42437744140625,26681800,MSFT
2024-11-07,421.2799987792969,426.8500061035156,419.8800048828125,425.42999267578125,419.60235595703125,19901800,MSFT
2024-11-08,425.32000732421875,426.5,421.7799987792969,422.5400085449219,416.75201416015625,16891400,MSFT
2024-11-11,422.5199890136719,424.80999755859375,416.0,418.010009765625,412.28411865234375,24503300,MSFT
2024-11-12,418.25,424.44000244140625,417.20001220703125,423.0299987792969,417.23529052734375,19401200,MSFT
2024-11-13,421.6400146484375,429.3299865722656,418.2099914550781,425.20001220703125,419.3755798339844,21502200,MSFT
2024-11-14,425.0,428.1700134277344,420.0,426.8900146484375,421.0424499511719,30246900,MSFT
2024-11-15,419.82000732421875,422.79998779296875,413.6400146484375,415.0,409.3153076171875,28247600,MSFT
2024-11-18,414.8699951171875,418.3999938964844,412.1000061035156,415.760009765625,410.0649108886719,24727000,MSFT
2024-11-19,413.1099853515625,417.94000244140625,411.54998779296875,417.7900085449219,412.067138671875,18133500,MSFT
2024-11-20,416.8699951171875,417.2900085449219,410.5799865722656,415.489990234375,409.7986145019531,19191700,MSFT
2024-11-21,419.5,419.7799987792969,410.2900085449219,412.8699951171875,408.0295715332031,20780200,MSFT
2024-11-22,411.3699951171875,417.3999938964844,411.05999755859375,417.0,412.11114501953125,24814600,MSFT
2024-11-25,418.3800048828125,421.0799865722656,414.8500061035156,418.7900085449219,413.8801574707031,27691100,MSFT
2024-11-26,419.5899963378906,429.0400085449219,418.8500061035156,427.989990234375,422.9723205566406,23458900,MSFT
2024-11-27,425.1099853515625,427.2300109863281,422.0199890136719,422.989990234375,418.0309143066406,18332400,MSFT
2024-11-29,420.0899963378906,424.8800048828125,417.79998779296875,423.4599914550781,418.49542236328125,16271900,MSFT
2024-12-02,421.57000732421875,433.0,421.30999755859375,430.9800109863281,425.92724609375,20207200,MSFT
2024-12-03,429.8399963378906,432.4700012207031,427.739990234375,431.20001220703125,426.1446838378906,18302000,MSFT
2024-12-04,433.0299987792969,439.6700134277344,432.6300048828125,437.4200134277344,432.291748046875,26009400,MSFT
2024-12-05,437.9200134277344,444.6600036621094,436.1700134277344,442.6199951171875,437.4308166503906,21697800,MSFT
2024-12-06,442.29998779296875,446.1000061035156,441.7699890136719,443.57000732421875,438.36968994140625,18821000,MSFT
2024-12-09,442.6000061035156,448.3299865722656,440.5,446.0199890136719,440.7909240722656,19144400,MSFT
2024-12-10,444.3900146484375,449.6199951171875,441.6000061035156,443.3299865722656,438.1324462890625,18469500,MSFT
2024-12-11,444.04998779296875,450.3500061035156,444.04998779296875,448.989990234375,443.7261047363281,19200200,MSFT
2024-12-12,449.1099853515625,456.1600036621094,449.1099853515625,449.55999755859375,444.2894287109375,20834800,MSFT
2024-12-13,448.44000244140625,451.42999267578125,445.5799865722656,447.2699890136719,442.0262451171875,20177800,MSFT
2024-12-16,447.2699890136719,452.17999267578125,445.2799987792969,451.5899963378906,446.295654296875,23598800,MSFT
2024-12-17,451.010009765625,455.2900085449219,449.57000732421875,454.4599914550781,449.1319885253906,22733500,MSFT
2024-12-18,451.32000732421875,452.6499938964844,437.0199890136719,437.3900146484375,432.2621154785156,24444500,MSFT
2024-12-19,441.6199951171875,443.17999267578125,436.32000732421875,437.0299987792969,431.90631103515625,22963700,MSFT
2024-12-20,433.1099853515625,443.739990234375,428.6300048828125,436.6000061035156,431.4814147949219,64263700,MSFT
2024-12-23,436.739990234375,437.6499938964844,432.8299865722656,435.25,430.1471862792969,19152500,MSFT
2024-12-24,434.6499938964844,439.6000061035156,434.19000244140625,439.3299865722656,434.1793212890625,7164500,MSFT
2024-12-26,439.0799865722656,440.94000244140625,436.6300048828125,438.1099853515625,432.9736328125,8194200,MSFT
2024-12-27,434.6000061035156,435.2200012207031,426.3500061035156,430.5299987792969,425.4825134277344,18117700,MSFT
2024-12-30,426.05999755859375,427.54998779296875,421.8999938964844,424.8299865722656,419.8493347167969,13158700,MSFT
2024-12-31,426.1000061035156,426.7300109863281,420.6600036621094,421.5,416.55841064453125,13246500,MSFT
2025-01-02,425.5299987792969,426.07000732421875,414.8500061035156,418.5799865722656,413.6726379394531,16896500,MSFT
2025-01-03,421.0799865722656,424.0299987792969,419.5400085449219,423.3500061035156,418.3867492675781,16662900,MSFT
2025-01-06,428.0,434.32000732421875,425.4800109863281,427.8500061035156,422.833984375,20573600,MSFT
2025-01-07,429.0,430.6499938964844,420.79998779296875,422.3699951171875,417.4181823730469,18139100,MSFT
2025-01-08,423.4599914550781,426.9700012207031,421.5400085449219,424.55999755859375,419.5825500488281,15054600,MSFT
2025-01-10,424.6300048828125,424.7099914550781,415.0199890136719,418.95001220703125,414.03826904296875,20201100,MSFT
2025-01-13,415.239990234375,418.5,412.2900085449219,417.19000244140625,412.2989807128906,17604800,MSFT
2025-01-14,417.80999755859375,419.739990234375,410.7200012207031,415.6700134277344,410.7967834472656,16935900,MSFT
2025-01-15,419.1300048828125,428.1499938964844,418.2699890136719,426.30999755859375,421.3119812011719,19637800,MSFT
2025-01-16,428.70001220703125,429.489990234375,424.3900146484375,424.5799865722656,419.6022644042969,15300000,MSFT
2025-01-17,434.0899963378906,434.4800109863281,428.1700134277344,429.0299987792969,424.0000915527344,26197500,MSFT
2025-01-21,430.20001220703125,430.8999938964844,425.6000061035156,428.5,423.4763488769531,26085700,MSFT
2025-01-22,437.55999755859375,447.2699890136719,436.0,446.20001220703125,440.96881103515625,27803800,MSFT
2025-01-23,442.0,446.75,441.5,446.7099914550781,441.47283935546875,18389300,MSFT
2025-01-24,445.1600036621094,446.6499938964844,441.3999938964844,444.05999755859375,438.8538818359375,15549500,MSFT
2025-01-27,424.010009765625,435.20001220703125,423.5,434.55999755859375,429.46527099609375,35647800,MSFT
2025-01-28,434.6000061035156,448.3800048828125,431.3800048828125,447.20001220703125,441.95709228515625,23491700,MSFT
2025-01-29,446.69000244140625,446.8800048828125,440.3999938964844,442.3299865722656,437.1441650390625,23581400,MSFT
2025-01-30,418.7699890136719,422.8599853515625,413.1600036621094,414.989990234375,410.1247253417969,54586300,MSFT
2025-01-31,418.9800109863281,420.69000244140625,414.9100036621094,415.05999755859375,410.19390869140625,34161900,MSFT
2025-02-03,411.6000061035156,415.4100036621094,408.6600036621094,410.9200134277344,406.10247802734375,25679100,MSFT
2025-02-04,412.69000244140625,413.9200134277344,409.739990234375,412.3699951171875,407.5354309082031,20532100,MSFT
2025-02-05,412.3500061035156,413.8299865722656,410.3999938964844,413.2900085449219,408.4447021484375,16316700,MSFT
2025-02-06,414.0,418.20001220703125,414.0,415.82000732421875,410.94500732421875,16309800,MSFT
2025-02-07,416.4800109863281,418.6499938964844,408.1000061035156,409.75,404.9461669921875,22886800,MSFT
2025-02-10,413.7099914550781,415.4599914550781,410.9200134277344,412.2200012207031,407.38720703125,20817900,MSFT
2025-02-11,409.6400146484375,412.489990234375,409.29998779296875,411.44000244140625,406.6163635253906,18140600,MSFT
2025-02-12,407.2099914550781,410.75,404.3699951171875,409.0400085449219,404.2444763183594,19121700,MSFT
2025-02-13,407.0,411.0,406.3599853515625,410.5400085449219,405.72686767578125,23891700,MSFT
2025-02-14,407.7900085449219,408.9100036621094,405.8800048828125,408.42999267578125,403.6416320800781,22758500,MSFT
2025-02-18,408.0,410.6000061035156,406.5,409.6400146484375,404.83746337890625,21423100,MSFT
2025-02-19,407.8800048828125,415.489990234375,407.6499938964844,414.7699890136719,409.9072570800781,24114200,MSFT
2025-02-20,415.2900085449219,419.30999755859375,412.5400085449219,416.1300048828125,412.0759582519531,23508700,MSFT
2025-02-21,417.3399963378906,418.04998779296875,407.8900146484375,408.2099914550781,404.23309326171875,27524800,MSFT
2025-02-24,408.510009765625,409.3699951171875,399.32000732421875,404.0,400.0641174316406,26443700,MSFT
2025-02-25,401.1000061035156,401.9200134277344,396.70001220703125,397.8999938964844,394.0235595703125,29387400,MSFT
2025-02-26,398.010009765625,403.6000061035156,394.25,399.7300109863281,395.83575439453125,19619000,MSFT
2025-02-27,401.2699890136719,405.739990234375,392.1700134277344,392.5299987792969,388.70587158203125,21127400,MSFT
2025-02-28,392.6600036621094,397.6300048828125,386.57000732421875,396.989990234375,393.1224365234375,32845700,MSFT
2025-03-03,398.82000732421875,398.82000732421875,386.1600036621094,388.489990234375,384.7052307128906,23007700,MSFT
2025-03-04,383.3999938964844,392.5799865722656,381.0,388.6099853515625,384.82403564453125,29342900,MSFT
2025-03-05,389.3399963378906,401.6700134277344,388.80999755859375,401.0199890136719,397.1131591796875,23433100,MSFT
2025-03-06,394.2799987792969,402.1499938964844,392.67999267578125,396.8900146484375,393.0234069824219,23304600,MSFT
2025-03-07,392.32000732421875,394.79998779296875,385.5400085449219,393.30999755859375,389.478271484375,22034100,MSFT
2025-03-10,385.8399963378906,386.3999938964844,377.2200012207031,380.1600036621094,376.4563903808594,32840100,MSFT
2025-03-11,379.0,386.0,376.9100036621094,380.45001220703125,376.74359130859375,30380200,MSFT
2025-03-12,382.95001220703125,385.2200012207031,378.95001220703125,383.2699890136719,379.53607177734375,24253600,MSFT
2025-03-13,383.1600036621094,385.32000732421875,377.45001220703125,378.7699890136719,375.0799255371094,20473000,MSFT
2025-03-14,379.7799987792969,390.2300109863281,379.510009765625,388.55999755859375,384.7745666503906,19952800,MSFT
2025-03-17,386.70001220703125,392.7099914550781,385.57000732421875,388.70001220703125,384.9132080078125,22474300,MSFT
2025-03-18,387.07000732421875,387.3699951171875,381.1000061035156,383.5199890136719,379.7836608886719,19486900,MSFT
2025-03-19,385.5299987792969,389.67999267578125,384.0,387.82000732421875,384.0417785644531,19185500,MSFT
2025-03-20,385.739990234375,391.7900085449219,383.2799987792969,386.8399963378906,383.07135009765625,18470500,MSFT
2025-03-21,383.2200012207031,391.739990234375,382.79998779296875,391.260009765625,387.4482421875,39675900,MSFT
2025-03-24,395.3999938964844,395.3999938964844,389.80999755859375,393.0799865722656,389.2505187988281,21004500,MSFT
2025-03-25,393.9200134277344,396.3599853515625,392.6400146484375,395.1600036621094,391.31024169921875,15775000,MSFT
2025-03-26,395.0,395.30999755859375,388.57000732421875,389.9700012207031,386.1708068847656,16108400,MSFT
2025-03-27,390.1300048828125,392.239990234375,387.3999938964844,390.5799865722656,386.77490234375,13766800,MSFT
2025-03-28,388.0799865722656,389.1300048828125,376.92999267578125,378.79998779296875,375.1096496582031,21632000,MSFT
2025-03-31,372.5400085449219,377.07000732421875,367.239990234375,375.3900146484375,371.7328796386719,35184700,MSFT
2025-04-01,374.6499938964844,382.8500061035156,373.2300109863281,382.19000244140625,378.46661376953125,19689500,MSFT
2025-04-02,377.9700012207031,385.0799865722656,376.6199951171875,382.1400146484375,378.4171447753906,16092600,MSFT
2025-04-03,374.7900085449219,377.4800109863281,369.3500061035156,373.1099853515625,369.4750671386719,30198000,MSFT
2025-04-04,364.1300048828125,374.5899963378906,359.4800109863281,359.8399963378906,356.3343505859375,49209900,MSFT
2025-04-07,350.8800048828125,371.0,344.7900085449219,357.8599853515625,354.3736572265625,50425000,MSFT
2025-04-08,368.260009765625,373.6499938964844,350.25,354.55999755859375,351.1058349609375,35868900,MSFT
2025-04-09,353.5400085449219,393.2300109863281,353.1000061035156,390.489990234375,386.68572998046875,50199700,MSFT
2025-04-10,382.05999755859375,383.8999938964844,367.79998779296875,381.3500061035156,377.6347961425781,38024400,MSFT
2025-04-11,380.6400146484375,390.04998779296875,378.8900146484375,388.45001220703125,384.6656188964844,23839200,MSFT
2025-04-14,393.2200012207031,394.6499938964844,384.2099914550781,387.80999755859375,384.0318603515625,19251200,MSFT
2025-04-15,388.510009765625,391.8900146484375,384.1600036621094,385.7300109863281,381.9721374511719,17199900,MSFT
2025-04-16,380.6700134277344,381.6099853515625,368.0,371.6099853515625,367.9897155761719,21967800,MSFT
2025-04-17,373.75,374.32000732421875,366.8900146484375,367.7799987792969,364.19696044921875,21120200,MSFT
2025-04-21,362.82000732421875,364.4800109863281,355.6700134277344,359.1199951171875,355.6213684082031,20807300,MSFT
2025-04-22,363.3800048828125,367.7699890136719,359.8599853515625,366.82000732421875,363.2463684082031,19485000,MSFT
2025-04-23,376.05999755859375,380.3900146484375,373.0199890136719,374.3900146484375,370.7426452636719,20545500,MSFT
2025-04-24,375.70001220703125,388.45001220703125,375.19000244140625,387.29998779296875,383.5267639160156,22232300,MSFT
2025-04-25,387.0,392.1600036621094,384.6000061035156,391.8500061035156,388.0325012207031,18973200,MSFT
2025-04-28,391.9599914550781,392.739990234375,386.6400146484375,391.1600036621094,387.3492126464844,16579400,MSFT
2025-04-29,391.29998779296875,395.1000061035156,390.3800048828125,394.0400085449219,390.201171875,14974000,MSFT
2025-04-30,390.29998779296875,396.6600036621094,384.44000244140625,395.260009765625,391.4093017578125,36461100,MSFT
2025-05-01,431.1099853515625,436.989990234375,424.8999938964844,425.3999938964844,421.25567626953125,58938100,MSFT
2025-05-02,431.739990234375,439.44000244140625,429.989990234375,435.2799987792969,431.0393981933594,30757400,MSFT
2025-05-05,432.8699951171875,439.5,432.1099853515625,436.1700134277344,431.9207458496094,20136100,MSFT
2025-05-06,432.20001220703125,437.7300109863281,431.1700134277344,433.30999755859375,429.0885925292969,15104200,MSFT
2025-05-07,433.8399963378906,438.1199951171875,431.1099853515625,433.3500061035156,429.12823486328125,23295300,MSFT
2025-05-08,437.92999267578125,443.6700134277344,435.6600036621094,438.1700134277344,433.9012451171875,23491300,MSFT
2025-05-09,440.0,440.739990234375,435.8800048828125,438.7300109863281,434.455810546875,15324200,MSFT
2025-05-12,445.94000244140625,449.3699951171875,439.7799987792969,449.260009765625,444.88323974609375,22821900,MSFT
2025-05-13,447.7799987792969,450.6700134277344,445.3599853515625,449.1400146484375,444.7643737792969,23618800,MSFT
2025-05-14,448.1400146484375,453.8999938964844,448.1400146484375,452.94000244140625,448.52734375,19902800,MSFT
2025-05-15,450.7699890136719,456.19000244140625,450.42999267578125,453.1300048828125,449.539306640625,21992300,MSFT
2025-05-16,452.04998779296875,454.3599853515625,448.7300109863281,454.2699890136719,450.67022705078125,23849800,MSFT
2025-05-19,450.8800048828125,459.5899963378906,450.79998779296875,458.8699951171875,455.2337646484375,21336500,MSFT
2025-05-20,455.5899963378906,458.3399963378906,454.32000732421875,458.1700134277344,454.5393371582031,15441800,MSFT
2025-05-21,454.57000732421875,457.7799987792969,451.80999755859375,452.57000732421875,448.9837341308594,19216900,MSFT
2025-05-22,454.95001220703125,460.25,453.8999938964844,454.8599853515625,451.2555847167969,18025600,MSFT
2025-05-23,449.9800109863281,453.69000244140625,448.9100036621094,450.17999267578125,446.6126403808594,16883500,MSFT
2025-05-27,456.4800109863281,460.95001220703125,456.1199951171875,460.69000244140625,457.03936767578125,20974300,MSFT
2025-05-28,461.2200012207031,462.5199890136719,456.92999267578125,457.3599853515625,453.7357177734375,17086300,MSFT
2025-05-29,461.54998779296875,461.7200012207031,455.30999755859375,458.67999267578125,455.0453186035156,13974800,MSFT
2025-05-30,459.7200012207031,461.67999267578125,455.5400085449219,460.3599853515625,456.7119445800781,34770500,MSFT
2025-06-02,457.1400146484375,462.1099853515625,456.8900146484375,461.9700012207031,458.3092346191406,16626500,MSFT
2025-06-03,461.4700012207031,464.1400146484375,460.8599853515625,462.9700012207031,459.30126953125,15743800,MSFT
2025-06-04,464.0,465.69000244140625,463.0199890136719,463.8699951171875,460.19415283203125,14162700,MSFT
2025-06-05,464.9599914550781,469.6499938964844,464.0299987792969,467.67999267578125,463.9739685058594,20131700,MSFT
2025-06-06,470.0899963378906,473.3399963378906,468.7799987792969,470.3800048828125,466.652587890625,15285600,MSFT
2025-06-09,469.70001220703125,473.42999267578125,468.6199951171875,472.75,469.0038146972656,16469900,MSFT
2025-06-10,471.19000244140625,472.79998779296875,466.9599914550781,470.9200134277344,467.1883239746094,15375900,MSFT
2025-06-11,470.0199890136719,475.4700012207031,469.6600036621094,472.6199951171875,468.87481689453125,16399200,MSFT
2025-06-12,475.0199890136719,480.4200134277344,473.5199890136719,478.8699951171875,475.0752868652344,18950600,MSFT
2025-06-13,476.4100036621094,479.17999267578125,472.760009765625,474.9599914550781,471.1962890625,16814500,MSFT
2025-06-16,475.2099914550781,480.69000244140625,475.0,479.1400146484375,475.3431701660156,15626100,MSFT
2025-06-17,475.3999938964844,478.739990234375,474.0799865722656,478.0400085449219,474.25189208984375,15414100,MSFT
2025-06-18,478.0,481.0,474.4599914550781,480.239990234375,476.4344177246094,17526500,MSFT
2025-06-20,482.2300109863281,483.4599914550781,476.8699951171875,477.3999938964844,473.6169738769531,37576200,MSFT
2025-06-23,478.2099914550781,487.75,472.510009765625,486.0,482.1488037109375,24864000,MSFT
2025-06-24,488.95001220703125,491.8500061035156,486.79998779296875,490.1099853515625,486.2261962890625,22305600,MSFT
2025-06-25,492.0400085449219,494.55999755859375,489.3900146484375,492.2699890136719,488.3691101074219,17495100,MSFT
2025-06-26,492.9800109863281,498.0400085449219,492.80999755859375,497.45001220703125,493.5080871582031,21578900,MSFT
2025-06-27,497.54998779296875,499.29998779296875,493.0299987792969,495.94000244140625,492.0100402832031,34539200,MSFT
2025-06-30,497.0400085449219,500.760009765625,495.3299865722656,497.4100036621094,493.4684143066406,28369000,MSFT
2025-07-01,496.4700012207031,498.04998779296875,490.9800109863281,492.04998779296875,488.1508483886719,19945400,MSFT
2025-07-02,489.989990234375,493.5,488.70001220703125,491.0899963378906,487.198486328125,16319600,MSFT
2025-07-03,493.80999755859375,500.1300048828125,493.44000244140625,498.8399963378906,494.8870849609375,13984800,MSFT
2025-07-07,497.3800048828125,498.75,495.2300109863281,497.7200012207031,493.77593994140625,13981600,MSFT
2025-07-08,497.239990234375,498.20001220703125,494.1099853515625,496.6199951171875,492.68463134765625,11846600,MSFT
2025-07-09,500.29998779296875,506.7799987792969,499.739990234375,503.510009765625,499.5200500488281,18659500,MSFT
2025-07-10,503.04998779296875,504.44000244140625,497.75,501.4800109863281,497.50616455078125,16492100,MSFT
2025-07-11,498.4700012207031,505.0299987792969,497.79998779296875,503.32000732421875,499.33154296875,16459500,MSFT
2025-07-14,501.5199890136719,503.9700012207031,501.0299987792969,503.0199890136719,499.033935546875,12058800,MSFT
2025-07-15,503.0199890136719,508.29998779296875,502.7900085449219,505.82000732421875,501.8117370605469,14927200,MSFT
2025-07-16,505.17999267578125,506.7200012207031,501.8900146484375,505.6199951171875,501.61334228515625,15154400,MSFT
2025-07-17,505.67999267578125,513.3699951171875,505.6199951171875,511.70001220703125,507.6451721191406,17503100,MSFT
2025-07-18,514.47998046875,514.6400146484375,507.42999267578125,510.04998779296875,506.0082092285156,21209700,MSFT
2025-07-21,506.7099914550781,512.0900268554688,505.54998779296875,510.05999755859375,506.0181579589844,14066800,MSFT
2025-07-22,510.9700012207031,511.20001220703125,505.2699890136719,505.2699890136719,501.26611328125,13868600,MSFT
2025-07-23,506.75,506.7900085449219,500.70001220703125,505.8699951171875,501.861328125,16396600,MSFT
2025-07-24,508.7699890136719,513.6699829101562,507.29998779296875,510.8800048828125,506.8316650390625,16107000,MSFT
2025-07-25,512.469970703125,518.2899780273438,510.3599853515625,513.7100219726562,509.6392517089844,19125700,MSFT
2025-07-28,514.0800170898438,515.0,510.1199951171875,512.5,508.4388122558594,14308000,MSFT
2025-07-29,515.530029296875,517.6199951171875,511.55999755859375,512.5700073242188,508.5082702636719,16469200,MSFT
2025-07-30,515.1699829101562,515.9500122070312,509.44000244140625,513.239990234375,509.1729431152344,26380400,MSFT
2025-07-31,555.22998046875,555.4500122070312,531.9000244140625,533.5,529.2723388671875,51617300,MSFT
2025-08-01,535.0,535.7999877929688,520.8599853515625,524.1099853515625,519.956787109375,28977600,MSFT
2025-08-04,528.27001953125,538.25,528.1300048828125,535.6400146484375,531.3954467773438,25349000,MSFT
2025-08-05,537.1799926757812,537.2999877929688,527.239990234375,527.75,523.5679321289062,19171600,MSFT
2025-08-06,530.9000244140625,531.7000122070312,524.030029296875,524.9400024414062,520.7802124023438,21355700,MSFT
2025-08-07,526.7999877929688,528.0900268554688,517.5499877929688,520.8400268554688,516.7127075195312,16079100,MSFT
2025-08-08,522.5999755859375,524.6599731445312,519.4099731445312,522.0399780273438,517.9032592773438,15531000,MSFT
2025-08-11,522.2999877929688,527.5900268554688,519.719970703125,521.77001953125,517.6353759765625,20194400,MSFT
2025-08-12,523.75,530.97998046875,522.7000122070312,529.239990234375,525.0462036132812,18667000,MSFT
2025-08-13,532.1099853515625,532.7000122070312,519.3699951171875,520.5800170898438,516.4547729492188,19619200,MSFT
2025-08-14,522.5599975585938,525.9500122070312,520.1400146484375,522.47998046875,518.3396606445312,20269100,MSFT
2025-08-15,522.77001953125,526.0999755859375,519.0800170898438,520.1699829101562,516.0480346679688,25213300,MSFT
2025-08-18,521.5900268554688,522.8200073242188,514.02001953125,517.0999755859375,513.0023193359375,23760600,MSFT
2025-08-19,515.0,515.1599731445312,508.54998779296875,509.7699890136719,505.73046875,21481000,MSFT
2025-08-20,509.8699951171875,511.0,504.44000244140625,505.7200012207031,501.7125244140625,27723000,MSFT
2025-08-21,503.69000244140625,507.6300048828125,502.7200012207031,504.239990234375,501.0666198730469,18443300,MSFT
2025-08-22,504.25,510.7300109863281,502.4100036621094,507.2300109863281,504.0378112792969,24324200,MSFT
2025-08-25,506.6300048828125,508.19000244140625,504.1199951171875,504.260009765625,501.0865173339844,21638600,MSFT
2025-08-26,504.3599853515625,504.9800109863281,498.510009765625,502.0400085449219,498.8804931640625,30835700,MSFT
2025-08-27,502.0,507.2900085449219,499.8999938964844,506.739990234375,503.5509033203125,17277900,MSFT
2025-08-28,507.0899963378906,511.0899963378906,505.5,509.6400146484375,506.4326477050781,18015600,MSFT
2025-08-29,508.6600036621094,509.6000061035156,504.489990234375,506.69000244140625,503.5011901855469,20961600,MSFT
2025-09-02,500.4700012207031,506.0,496.80999755859375,505.1199951171875,501.9410705566406,18128000,MSFT
2025-09-03,503.7900085449219,507.7900085449219,502.32000732421875,505.3500061035156,502.1696472167969,16345100,MSFT
2025-09-04,504.29998779296875,508.1499938964844,503.1499938964844,507.9700012207031,504.7731628417969,15509500,MSFT
2025-09-05,509.07000732421875,511.9700012207031,492.3699951171875,495.0,491.884765625,31994800,MSFT
2025-09-08,498.1099853515625,501.20001220703125,495.0299987792969,498.20001220703125,495.06463623046875,16771000,MSFT
2025-09-09,501.42999267578125,502.25,497.70001220703125,498.4100036621094,495.2733154296875,14410500,MSFT
2025-09-10,502.9800109863281,503.2300109863281,496.7200012207031,500.3699951171875,497.2209777832031,21611800,MSFT
2025-09-11,502.25,503.1700134277344,497.8800048828125,501.010009765625,497.85699462890625,18881600,MSFT
2025-09-12,506.6499938964844,512.5499877929688,503.8500061035156,509.8999938964844,506.6910095214844,23624900,MSFT
2025-09-15,508.7900085449219,515.469970703125,507.0,515.3599853515625,512.1166381835938,17143800,MSFT
2025-09-16,516.8800048828125,517.22998046875,508.6000061035156,509.0400085449219,505.83642578125,19711900,MSFT
2025-09-17,510.6199951171875,511.2900085449219,505.92999267578125,510.0199890136719,506.81024169921875,15816600,MSFT
2025-09-18,511.489990234375,513.0700073242188,507.6600036621094,508.45001220703125,505.2501525878906,18913700,MSFT
2025-09-19,510.55999755859375,519.2999877929688,510.30999755859375,517.9299926757812,514.6704711914062,52474100,MSFT
2025-09-22,515.5900268554688,517.739990234375,512.5399780273438,514.4500122070312,511.21240234375,20009300,MSFT
2025-09-23,513.7999877929688,514.5900268554688,507.30999755859375,509.2300109863281,506.0252685546875,19799600,MSFT
2025-09-24,510.3800048828125,512.47998046875,506.9200134277344,510.1499938964844,506.9394226074219,13533700,MSFT
2025-09-25,508.29998779296875,510.010009765625,505.0400085449219,507.0299987792969,503.83905029296875,15786500,MSFT
2025-09-26,510.05999755859375,513.9400024414062,506.6199951171875,511.4599914550781,508.2411804199219,16213100,MSFT
2025-09-29,511.5,516.8499755859375,508.8800048828125,514.5999755859375,511.3613586425781,17617800,MSFT
2025-09-30,513.239990234375,518.1599731445312,509.6600036621094,517.9500122070312,514.6903686523438,19728200,MSFT
2025-10-01,514.7999877929688,520.510009765625,511.69000244140625,519.7100219726562,516.4392700195312,22632300,MSFT
2025-10-02,517.6400146484375,521.5999755859375,510.67999267578125,515.739990234375,512.4942626953125,21222900,MSFT
2025-10-03,517.0999755859375,520.489990234375,515.0,517.3499755859375,514.0940551757812,15112300,MSFT
2025-10-06,518.6099853515625,531.030029296875,518.2000122070312,528.5700073242188,525.2435302734375,21388600,MSFT
2025-10-07,528.2899780273438,529.7999877929688,521.4400024414062,523.97998046875,520.682373046875,14615200,MSFT
2025-10-08,523.280029296875,526.9500122070312,523.0900268554688,524.8499755859375,521.546875,13363400,MSFT
2025-10-09,522.3400268554688,524.3300170898438,517.4000244140625,522.4000244140625,519.1123657226562,18343600,MSFT
2025-10-10,519.6400146484375,523.5800170898438,509.6300048828125,510.9599914550781,507.74432373046875,24133800,MSFT
2025-10-13,516.4099731445312,516.4099731445312,511.67999267578125,514.0499877929688,510.8148498535156,14284200,MSFT
2025-10-14,510.2300109863281,515.280029296875,506.0,513.5700073242188,510.3379211425781,14684300,MSFT
2025-10-15,514.9600219726562,517.1900024414062,510.0,513.4299926757812,510.19879150390625,14694700,MSFT
2025-10-16,512.5800170898438,516.8499755859375,508.1300048828125,511.6099853515625,508.3902282714844,15559600,MSFT
2025-10-17,509.0400085449219,515.47998046875,507.30999755859375,513.5800170898438,510.3478698730469,19867800,MSFT
2025-10-20,514.6099853515625,518.7000122070312,513.4299926757812,516.7899780273438,513.53759765625,14665600,MSFT
2025-10-21,517.5,518.6900024414062,513.0399780273438,517.6599731445312,514.4021606445312,15586200,MSFT
2025-10-22,521.1500244140625,525.22998046875,517.7100219726562,520.5399780273438,517.2640991210938,18962700,MSFT
2025-10-23,522.4600219726562,523.9500122070312,518.6099853515625,520.5599975585938,517.283935546875,14023500,MSFT
2025-10-24,522.7899780273438,525.3499755859375,520.7100219726562,523.6099853515625,520.314697265625,15532400,MSFT
2025-10-27,531.780029296875,534.5800170898438,529.010009765625,531.52001953125,528.1749877929688,18734700,MSFT
2025-10-28,550.0,553.719970703125,540.77001953125,542.0700073242188,538.6585693359375,29986700,MSFT
2025-10-29,544.9400024414062,546.27001953125,536.72998046875,541.5499877929688,538.141845703125,36023000,MSFT
2025-10-30,530.47998046875,534.969970703125,522.1199951171875,525.760009765625,522.4512329101562,41023100,MSFT
2025-10-31,528.8800048828125,529.3200073242188,515.0999755859375,517.8099975585938,514.5512084960938,34006400,MSFT
2025-11-03,519.8099975585938,524.9600219726562,514.5900268554688,517.030029296875,513.7761840820312,22374700,MSFT
2025-11-04,511.760009765625,515.5499877929688,507.8399963378906,514.3300170898438,511.0931701660156,20958700,MSFT
2025-11-05,513.2999877929688,514.8300170898438,506.5799865722656,507.1600036621094,503.96826171875,23024300,MSFT
2025-11-06,505.6600036621094,505.70001220703125,495.80999755859375,497.1000061035156,493.9715576171875,27406500,MSFT
2025-11-07,496.95001220703125,499.3800048828125,493.25,496.82000732421875,493.6933288574219,24019800,MSFT
2025-11-10,500.0400085449219,506.8500061035156,498.79998779296875,506.0,502.8155517578125,26101500,MSFT
2025-11-11,504.79998779296875,509.6000061035156,502.3500061035156,508.67999267578125,505.4786682128906,17980000,MSFT
2025-11-12,509.3599853515625,511.6700134277344,499.1199951171875,511.1400146484375,507.9232482910156,26574900,MSFT
2025-11-13,510.30999755859375,513.5,501.2900085449219,503.2900085449219,500.1225891113281,25273100,MSFT
2025-11-14,498.2300109863281,511.6000061035156,497.44000244140625,510.17999267578125,506.9692077636719,28505700,MSFT
2025-11-17,508.45001220703125,512.1199951171875,504.9100036621094,507.489990234375,504.2961730957031,19092800,MSFT
2025-11-18,495.3699951171875,502.9800109863281,486.7799987792969,493.7900085449219,490.6824035644531,33815100,MSFT
2025-11-19,490.1000061035156,495.19000244140625,482.8299865722656,487.1199951171875,484.0543518066406,23245300,MSFT
2025-11-20,492.7099914550781,493.57000732421875,475.5,478.42999267578125,476.308837890625,26802500,MSFT
2025-11-21,478.5,478.9200134277344,468.2699890136719,472.1199951171875,470.0268249511719,31769200,MSFT
2025-11-24,475.0,476.8999938964844,468.0199890136719,474.0,471.89849853515625,34421000,MSFT
2025-11-25,474.07000732421875,479.1499938964844,464.8900146484375,476.989990234375,474.8752136230469,28019800,MSFT
2025-11-26,486.30999755859375,488.30999755859375,481.20001220703125,485.5,483.3475341796875,25709100,MSFT
2025-11-28,487.6000061035156,492.6300048828125,486.6499938964844,492.010009765625,489.82867431640625,14386700,MSFT
2025-12-01,488.44000244140625,489.8599853515625,484.6499938964844,486.739990234375,484.5820007324219,23964000,MSFT
2025-12-02,486.7200012207031,493.5,486.32000732421875,490.0,487.82757568359375,19562700,MSFT
2025-12-03,476.32000732421875,484.239990234375,475.20001220703125,477.7300109863281,475.6119689941406,34615100,MSFT
2025-12-04,479.760009765625,481.32000732421875,476.489990234375,480.8399963378906,478.70819091796875,22318200,MSFT
2025-12-05,482.5199890136719,483.3999938964844,478.8800048828125,483.1600036621094,481.01788330078125,22608700,MSFT
2025-12-08,484.8900146484375,492.29998779296875,484.3800048828125,491.0199890136719,488.8430480957031,21965900,MSFT
2025-12-09,489.1000061035156,492.1199951171875,488.5,492.0199890136719,489.8385925292969,14696100,MSFT
2025-12-10,484.0299987792969,484.25,475.0799865722656,478.55999755859375,476.43829345703125,35756200,MSFT
2025-12-11,476.6300048828125,486.0299987792969,475.8599853515625,483.4700012207031,481.3265075683594,24669200,MSFT
2025-12-12,479.82000732421875,482.45001220703125,476.3399963378906,478.5299987792969,476.4084167480469,21248100,MSFT
2025-12-15,480.1000061035156,480.7200012207031,472.5199890136719,474.82000732421875,472.7148742675781,23727700,MSFT
2025-12-16,471.9100036621094,477.8900146484375,470.8800048828125,476.3900146484375,474.2779235839844,20705600,MSFT
2025-12-17,476.9100036621094,480.0,475.0,476.1199951171875,474.00909423828125,24527200,MSFT
2025-12-18,478.19000244140625,489.6000061035156,477.8900146484375,483.9800109863281,481.8342590332031,28573500,MSFT
2025-12-19,487.3599853515625,487.8500061035156,482.489990234375,485.9200134277344,483.7656555175781,70836100,MSFT
2025-12-22,486.1199951171875,488.7300109863281,482.69000244140625,484.9200134277344,482.7701110839844,16963000,MSFT
2025-12-23,484.9800109863281,487.8299865722656,484.739990234375,486.8500061035156,484.6915283203125,14683600,MSFT
2025-12-24,485.67999267578125,489.1600036621094,484.8299865722656,488.0199890136719,485.8563232421875,5855900,MSFT
2025-12-26,486.7099914550781,488.1199951171875,485.9599914550781,487.7099914550781,485.5476989746094,8842200,MSFT
2025-12-29,484.8599853515625,488.3500061035156,484.17999267578125,487.1000061035156,484.9404296875,10893400,MSFT
2025-12-30,485.92999267578125,489.67999267578125,485.5,487.4800109863281,485.3187255859375,13944500,MSFT
2020-01-02,67.42050170898438,68.43399810791016,67.32450103759766,68.43399810791016,67.83251953125,27278000,GOOGL
2020-01-03,67.4000015258789,68.6875,67.36599731445312,68.07599639892578,67.47765350341797,23408000,GOOGL
2020-01-06,67.58149719238281,69.91600036621094,67.55000305175781,69.8905029296875,69.27621459960938,46768000,GOOGL
2020-01-07,70.02300262451172,70.17500305175781,69.5780029296875,69.75550079345703,69.14240264892578,34330000,GOOGL
2020-01-08,69.74099731445312,70.59249877929688,69.63150024414062,70.25199890136719,69.6345443725586,35314000,GOOGL
2020-01-09,71.09649658203125,71.43399810791016,70.510498046875,70.989501953125,70.36555480957031,33200000,GOOGL
2020-01-10,71.47350311279297,71.74700164794922,70.9800033569336,71.447998046875,70.82001495361328,26258000,GOOGL
2020-01-13,71.76249694824219,72.0739974975586,71.26850128173828,72.00150299072266,71.36865997314453,30730000,GOOGL
2020-01-14,72.0,72.13150024414062,71.38849639892578,71.52950286865234,70.90081024169922,26076000,GOOGL
2020-01-15,71.6510009765625,72.03900146484375,71.58300018310547,71.95999908447266,71.32752227783203,21550000,GOOGL
2020-01-16,72.27249908447266,72.53500366210938,72.0,72.50800323486328,71.8707046508789,26080000,GOOGL
2020-01-17,73.12699890136719,74.02749633789062,72.82749938964844,73.97599792480469,73.32579803466797,52424000,GOOGL
2020-01-21,73.94999694824219,74.49400329589844,73.510498046875,74.11250305175781,73.46111297607422,48930000,GOOGL
2020-01-22,74.48650360107422,75.02899932861328,74.13300323486328,74.19349670410156,73.54138946533203,28458000,GOOGL
2020-01-23,74.37750244140625,74.67500305175781,74.01599884033203,74.2344970703125,73.58203125,26650000,GOOGL
2020-01-24,74.64099884033203,74.70999908447266,73.15899658203125,73.30850219726562,72.6641616821289,29786000,GOOGL
2020-01-27,71.5770034790039,71.8290023803711,70.9749984741211,71.58650207519531,70.9572982788086,34132000,GOOGL
2020-01-28,72.08699798583984,72.73999786376953,71.51799774169922,72.5250015258789,71.88756561279297,29724000,GOOGL
2020-01-29,72.9229965209961,73.20700073242188,72.26950073242188,72.83499908447266,72.19482421875,21566000,GOOGL
2020-01-30,71.90499877929688,72.76249694824219,71.75,72.7125015258789,72.07341766357422,27110000,GOOGL
2020-01-31,73.39299774169922,73.4834976196289,71.35299682617188,71.63899993896484,71.00933837890625,43822000,GOOGL
2020-02-03,73.0824966430664,74.31500244140625,72.83049774169922,74.12999725341797,73.47844696044922,71636000,GOOGL
2020-02-04,72.72450256347656,73.36699676513672,71.10150146484375,72.27050018310547,71.63529968261719,95880000,GOOGL
2020-02-05,73.18049621582031,73.22899627685547,71.48400115966797,72.30249786376953,71.66702270507812,36376000,GOOGL
2020-02-06,72.5989990234375,74.0780029296875,72.52400207519531,73.79850006103516,73.14985656738281,37822000,GOOGL
2020-02-07,73.36949920654297,74.26249694824219,73.27050018310547,73.95549774169922,73.30548095703125,28360000,GOOGL
2020-02-10,73.86150360107422,75.44400024414062,73.76000213623047,75.43299865722656,74.77000427246094,38302000,GOOGL
2020-02-11,75.66349792480469,76.49400329589844,75.27249908447266,75.50299835205078,74.83938598632812,34852000,GOOGL
2020-02-12,75.79299926757812,76.01499938964844,75.43350219726562,75.93150329589844,75.26412200927734,31042000,GOOGL
2020-02-13,75.5,76.29750061035156,75.19999694824219,75.66950225830078,75.00442504882812,22914000,GOOGL
2020-02-14,75.72650146484375,76.00250244140625,75.27749633789062,75.9365005493164,75.2690658569336,23198000,GOOGL
2020-02-18,75.71700286865234,76.52799987792969,75.55049896240234,75.97200012207031,75.30426025390625,25642000,GOOGL
2020-02-19,76.36000061035156,76.53700256347656,76.04900360107422,76.24349975585938,75.5733642578125,22746000,GOOGL
2020-02-20,75.95050048828125,76.35350036621094,75.21299743652344,75.84950256347656,75.1828384399414,25962000,GOOGL
2020-02-21,75.22899627685547,75.54750061035156,73.92449951171875,74.1729965209961,73.52107238769531,42520000,GOOGL
2020-02-24,71.15249633789062,71.81900024414062,70.3395004272461,70.99299621582031,70.36902618408203,49560000,GOOGL
2020-02-25,71.55000305175781,71.84249877929688,69.02100372314453,69.31600189208984,68.70677185058594,51580000,GOOGL
2020-02-26,69.7490005493164,70.68350219726562,68.82749938964844,69.52349853515625,68.91244506835938,49776000,GOOGL
2020-02-27,67.95700073242188,68.47000122070312,65.71199798583984,65.74749755859375,65.16962432861328,62290000,GOOGL
2020-02-28,63.71549987792969,67.12249755859375,63.410499572753906,66.9625015258789,66.37393951416016,80198000,GOOGL
2020-03-02,67.56950378417969,69.37349700927734,66.26000213623047,69.31600189208984,68.70677185058594,55430000,GOOGL
2020-03-03,69.88400268554688,70.40950012207031,66.46199798583984,66.88600158691406,66.29812622070312,56602000,GOOGL
2020-03-04,67.947998046875,69.13899993896484,66.8499984741211,69.08000183105469,68.47283172607422,47598000,GOOGL
2020-03-05,67.27749633789062,67.68150329589844,65.08200073242188,65.73799896240234,65.16020202636719,54380000,GOOGL
2020-03-06,63.497501373291016,65.13749694824219,62.86050033569336,64.78700256347656,64.21756744384766,64640000,GOOGL
2020-03-09,60.24800109863281,62.63650131225586,59.902000427246094,60.78950119018555,60.25520324707031,69252000,GOOGL
2020-03-10,62.71950149536133,63.79249954223633,60.72549819946289,63.75849914550781,63.19810485839844,54872000,GOOGL
2020-03-11,62.41350173950195,62.846500396728516,59.55699920654297,60.54499816894531,60.012855529785156,54732000,GOOGL
2020-03-12,56.13100051879883,59.4375,55.423500061035156,55.57749938964844,55.089012145996094,94326000,GOOGL
2020-03-13,58.7495002746582,60.720001220703125,55.614498138427734,60.7135009765625,60.17987060546875,79400000,GOOGL
2020-03-16,54.480499267578125,57.27349853515625,53.354000091552734,53.650001525878906,53.1784553527832,96520000,GOOGL
2020-03-17,54.53200149536133,56.29999923706055,52.45500183105469,55.90299987792969,55.411651611328125,83194000,GOOGL
2020-03-18,52.99700164794922,55.2495002746582,51.849998474121094,54.55950164794922,54.079959869384766,93044000,GOOGL
2020-03-19,54.4109992980957,57.63050079345703,52.77750015258789,55.583499908447266,55.0949592590332,74064000,GOOGL
2020-03-20,56.54499816894531,56.92399978637695,53.10499954223633,53.410499572753906,52.94105911254883,82878000,GOOGL
2020-03-23,52.81850051879883,53.34550094604492,50.44350051879883,52.70650100708008,52.24325180053711,83672000,GOOGL
2020-03-24,55.19900131225586,56.666500091552734,54.32149887084961,56.5004997253418,56.00390625,72468000,GOOGL
2020-03-25,56.229000091552734,57.30849838256836,54.1505012512207,55.08100128173828,54.59687805175781,90324000,GOOGL
2020-03-26,55.736000061035156,58.57400131225586,54.60150146484375,58.145999908447266,57.63494110107422,76562000,GOOGL
2020-03-27,56.37350082397461,57.5525016784668,55.20000076293945,55.51300048828125,55.02507400512695,62794000,GOOGL
2020-03-30,56.63199996948242,57.54999923706055,54.92449951171875,57.31549835205078,56.811737060546875,58736000,GOOGL
2020-03-31,57.436500549316406,58.66999816894531,56.83599853515625,58.09749984741211,57.58686447143555,65228000,GOOGL
2020-04-01,56.20000076293945,56.47100067138672,54.67449951171875,55.10499954223633,54.62066650390625,51970000,GOOGL
2020-04-02,55.0,56.13850021362305,54.65650177001953,55.85150146484375,55.3606071472168,56410000,GOOGL
2020-04-03,55.73550033569336,55.93949890136719,53.75400161743164,54.6349983215332,54.1547966003418,51374000,GOOGL
2020-04-06,56.650001525878906,59.537498474121094,56.25,59.15950012207031,58.639530181884766,63320000,GOOGL
2020-04-07,60.85049819946289,61.03900146484375,58.86249923706055,59.12799835205078,58.60830307006836,61620000,GOOGL
2020-04-08,60.154998779296875,60.744998931884766,59.1974983215332,60.349998474121094,59.81956481933594,40334000,GOOGL
2020-04-09,60.909000396728516,61.0994987487793,59.62099838256836,60.32849884033203,59.79825210571289,54028000,GOOGL
2020-04-13,60.07500076293945,60.72600173950195,59.11650085449219,60.52050018310547,59.98856735229492,38702000,GOOGL
2020-04-14,61.99850082397461,63.787498474121094,61.426998138427734,63.26150131225586,62.70547866821289,63358000,GOOGL
2020-04-15,62.32550048828125,63.75550079345703,61.70000076293945,62.8650016784668,62.312461853027344,42236000,GOOGL
2020-04-16,63.356998443603516,63.667999267578125,61.90999984741211,62.871498107910156,62.318904876708984,57896000,GOOGL
2020-04-17,64.08499908447266,64.5,63.29999923706055,63.95000076293945,63.38792419433594,51050000,GOOGL
2020-04-20,63.49449920654297,63.840999603271484,62.821998596191406,63.057498931884766,62.503265380859375,35292000,GOOGL
2020-04-21,62.135501861572266,62.5,60.25,60.608001708984375,60.07529830932617,49648000,GOOGL
2020-04-22,62.05550003051758,63.99399948120117,61.86000061035156,62.920501708984375,62.36747741699219,46296000,GOOGL
2020-04-23,63.2869987487793,64.40750122070312,63.0265007019043,63.55849838256836,62.99986267089844,34202000,GOOGL
2020-04-24,62.75,63.885501861572266,62.20000076293945,63.83000183105469,63.26897430419922,37402000,GOOGL
2020-04-27,64.5999984741211,64.70500183105469,63.25299835205078,63.542999267578125,62.98450469970703,44186000,GOOGL
2020-04-28,64.16000366210938,64.23799896240234,61.51900100708008,61.62950134277344,61.08781814575195,80700000,GOOGL
2020-04-29,67.25,68.00749969482422,66.33650207519531,67.10900115966797,66.51917266845703,108358000,GOOGL
2020-04-30,66.56800079345703,67.5,66.07499694824219,67.33499908447266,66.74317932128906,55842000,GOOGL
2020-05-01,66.20449829101562,67.57150268554688,65.48300170898438,65.86599731445312,65.2870864868164,48872000,GOOGL
2020-05-04,65.40650177001953,66.22350311279297,64.80049896240234,66.1449966430664,65.56362915039062,30806000,GOOGL
2020-05-05,66.875,68.55049896240234,66.75150299072266,67.45099639892578,66.85814666748047,39666000,GOOGL
2020-05-06,67.9000015258789,68.43450164794922,67.25650024414062,67.27149963378906,66.68024444580078,31732000,GOOGL
2020-05-07,68.06549835205078,68.80000305175781,67.62699890136719,68.46399688720703,67.86225128173828,30652000,GOOGL
2020-05-08,69.09100341796875,69.83200073242188,68.60050201416016,69.21700286865234,68.60863494873047,33326000,GOOGL
2020-05-11,68.8395004272461,70.77649688720703,68.7750015258789,70.17949676513672,69.56267547607422,32718000,GOOGL
2020-05-12,70.41100311279297,70.71649932861328,68.72550201416016,68.75900268554688,68.1546630859375,33918000,GOOGL
2020-05-13,68.80799865722656,69.2665023803711,66.40049743652344,67.41649627685547,66.8239517211914,40368000,GOOGL
2020-05-14,66.6760025024414,67.86849975585938,66.16500091552734,67.84300231933594,67.24671173095703,36660000,GOOGL
2020-05-15,67.41300201416016,68.72899627685547,66.94999694824219,68.65299987792969,68.04959869384766,41544000,GOOGL
2020-05-18,68.0790023803711,69.63800048828125,67.70999908447266,69.25900268554688,68.65026092529297,47094000,GOOGL
2020-05-19,69.27400207519531,69.62449645996094,68.68800354003906,68.72000122070312,68.11599731445312,31586000,GOOGL
2020-05-20,69.45800018310547,70.60150146484375,69.37100219726562,70.45800018310547,69.83872985839844,38262000,GOOGL
2020-05-21,70.54949951171875,70.822998046875,69.71949768066406,70.3375015258789,69.71929931640625,30894000,GOOGL
2020-05-22,70.19499969482422,70.8499984741211,69.79750061035156,70.66200256347656,70.04092407226562,28544000,GOOGL
2020-05-26,72.0979995727539,72.25550079345703,70.97000122070312,71.06849670410156,70.44385528564453,44590000,GOOGL
2020-05-27,71.0,71.26750183105469,69.7300033569336,71.01399993896484,70.38983154296875,31684000,GOOGL
2020-05-28,70.0,72.2229995727539,69.9540023803711,70.91200256347656,70.28874969482422,35170000,GOOGL
2020-05-29,71.02149963378906,71.83650207519531,70.79900360107422,71.6760025024414,71.04602813720703,37044000,GOOGL
2020-06-01,71.28500366210938,72.0790023803711,71.11399841308594,71.74349975585938,71.11293029785156,25162000,GOOGL
2020-06-02,71.75,72.1500015258789,71.08049774169922,72.1155014038086,71.48165130615234,23442000,GOOGL
2020-06-03,72.13500213623047,72.45050048828125,71.58100128173828,71.9625015258789,71.32999420166016,27732000,GOOGL
2020-06-04,71.83899688720703,72.06600189208984,70.30049896240234,70.71499633789062,70.09345245361328,26982000,GOOGL
2020-06-05,70.78199768066406,72.31500244140625,70.38099670410156,72.0009994506836,71.36815643310547,42642000,GOOGL
2020-06-08,71.31400299072266,72.44999694824219,71.2239990234375,72.4020004272461,71.76564025878906,33878000,GOOGL
2020-06-09,72.26200103759766,73.38999938964844,72.11799621582031,72.60399627685547,71.96585083007812,33624000,GOOGL
2020-06-10,73.07550048828125,73.63849639892578,72.71800231933594,73.23500061035156,72.59130859375,31762000,GOOGL
2020-06-11,72.05149841308594,72.58000183105469,69.92050170898438,70.09500122070312,69.4789047241211,47144000,GOOGL
2020-06-12,71.29299926757812,71.72550201416016,69.29000091552734,70.64600372314453,70.02507781982422,36676000,GOOGL
2020-06-15,69.47450256347656,71.25,69.36000061035156,71.03700256347656,70.41262817382812,30468000,GOOGL
2020-06-16,72.44999694824219,72.8584976196289,71.44950103759766,72.32350158691406,71.68782806396484,30648000,GOOGL
2020-06-17,72.64700317382812,73.11000061035156,71.75650024414062,72.62699890136719,71.98866271972656,30610000,GOOGL
2020-06-18,72.49250030517578,72.64849853515625,71.31199645996094,71.70600128173828,71.07575225830078,34862000,GOOGL
2020-06-19,72.0,72.2249984741211,70.94999694824219,71.23200225830078,70.60591888427734,52784000,GOOGL
2020-06-22,71.25050354003906,72.54750061035156,70.95950317382812,72.53299713134766,71.8954849243164,29442000,GOOGL
2020-06-23,72.5999984741211,73.76000213623047,72.25,73.1989974975586,72.55562591552734,37752000,GOOGL
2020-06-24,73.16400146484375,73.78949737548828,71.5,71.63500213623047,71.00538635253906,31592000,GOOGL
2020-06-25,71.56099700927734,72.11599731445312,70.97699737548828,72.05500030517578,71.42169952392578,23958000,GOOGL
2020-06-26,71.63150024414062,71.85099792480469,67.75,68.12699890136719,67.52820587158203,97640000,GOOGL
2020-06-29,68.01699829101562,69.9000015258789,67.5824966430664,69.8584976196289,69.24449157714844,45074000,GOOGL
2020-06-30,69.84400177001953,71.19999694824219,69.34649658203125,70.90249633789062,70.2793197631836,40286000,GOOGL
2020-07-01,70.95850372314453,72.42400360107422,70.70899963378906,72.0999984741211,71.46630096435547,42182000,GOOGL
2020-07-02,72.59200286865234,74.4260025024414,72.55349731445312,73.49649810791016,72.85051727294922,57218000,GOOGL
2020-07-06,74.40750122070312,75.5,73.8489990234375,74.98249816894531,74.32345581054688,44712000,GOOGL
2020-07-07,74.80650329589844,76.06600189208984,74.48500061035156,74.49600219726562,73.84122467041016,42364000,GOOGL
2020-07-08,75.04000091552734,75.55850219726562,74.61499786376953,75.18000030517578,74.51921844482422,31766000,GOOGL
2020-07-09,75.49649810791016,76.45700073242188,74.77950286865234,75.93299865722656,75.2656021118164,41836000,GOOGL
2020-07-10,75.6624984741211,77.06700134277344,75.03600311279297,76.95050048828125,76.27415466308594,35918000,GOOGL
2020-07-13,77.49700164794922,78.81800079345703,75.3280029296875,75.61150360107422,74.94693756103516,42954000,GOOGL
2020-07-14,74.6395034790039,76.13999938964844,74.29650115966797,76.04299926757812,75.3746337890625,38108000,GOOGL
2020-07-15,76.1614990234375,76.81649780273438,74.8915023803711,75.84400177001953,75.17737579345703,31026000,GOOGL
2020-07-16,75.07499694824219,75.79550170898438,74.41349792480469,75.74600219726562,75.08025360107422,26484000,GOOGL
2020-07-17,75.84549713134766,76.17150115966797,74.90499877929688,75.84249877929688,75.1759033203125,34264000,GOOGL
2020-07-20,75.75,78.45050048828125,75.13500213623047,78.19200134277344,77.50475311279297,30166000,GOOGL
2020-07-21,79.25150299072266,79.35250091552734,77.63099670410156,77.7959976196289,77.11223602294922,27486000,GOOGL
2020-07-22,77.7854995727539,78.3489990234375,77.1614990234375,78.24250030517578,77.5548095703125,24482000,GOOGL
2020-07-23,78.29650115966797,78.51750183105469,75.42949676513672,75.8375015258789,75.17093658447266,33910000,GOOGL
2020-07-24,74.95950317382812,75.77149963378906,74.37950134277344,75.4104995727539,74.7477035522461,29902000,GOOGL
2020-07-27,75.66300201416016,76.87799835205078,75.61650085449219,76.47149658203125,75.79936218261719,27124000,GOOGL
2020-07-28,76.25,76.30049896240234,75.0260009765625,75.18250274658203,74.52169799804688,30910000,GOOGL
2020-07-29,75.25,76.66649627685547,75.15049743652344,76.17549896240234,75.50597381591797,22676000,GOOGL
2020-07-30,74.89849853515625,77.04450225830078,74.75849914550781,76.91850280761719,76.24243927001953,36042000,GOOGL
2020-07-31,74.85250091552734,75.2509994506836,72.69999694824219,74.39749908447266,73.74359893798828,91468000,GOOGL
2020-08-03,74.55000305175781,74.8864974975586,73.58599853515625,74.13800048828125,73.48638153076172,45482000,GOOGL
2020-08-04,74.33550262451172,74.65550231933594,73.20149993896484,73.66500091552734,73.01753997802734,37212000,GOOGL
2020-08-05,73.84100341796875,74.5,73.56099700927734,73.95449829101562,73.30448150634766,29134000,GOOGL
2020-08-06,73.80750274658203,75.3134994506836,73.59500122070312,75.24749755859375,74.58612060546875,33306000,GOOGL
2020-08-07,75.4520034790039,76.00450134277344,74.3134994506836,74.91850280761719,74.26002502441406,27718000,GOOGL
2020-08-10,74.54000091552734,75.35749816894531,73.87449645996094,74.84100341796875,74.18318939208984,20546000,GOOGL
2020-08-11,74.69999694824219,75.52200317382812,73.90950012207031,74.0270004272461,73.37635803222656,31098000,GOOGL
2020-08-12,74.35600280761719,75.58350372314453,74.25,75.36199951171875,74.69962310791016,22512000,GOOGL
2020-08-13,75.4104995727539,76.84850311279297,75.4104995727539,75.8324966430664,75.16598510742188,22388000,GOOGL
2020-08-14,75.68049621582031,75.989501953125,74.94999694824219,75.23149871826172,74.57028198242188,21942000,GOOGL
2020-08-17,75.79850006103516,76.18900299072266,75.25,75.81199645996094,75.14566040039062,19990000,GOOGL
2020-08-18,76.30599975585938,77.86849975585938,76.08350372314453,77.78900146484375,77.10528564453125,28378000,GOOGL
2020-08-19,77.62449645996094,78.44300079345703,77.0,77.23049926757812,76.55171203613281,30472000,GOOGL
2020-08-20,76.99849700927734,79.00849914550781,76.7229995727539,78.8125,78.11978149414062,26382000,GOOGL
2020-08-21,78.58999633789062,79.59400177001953,78.1155014038086,78.77850341796875,78.0860824584961,34838000,GOOGL
2020-08-24,79.62349700927734,80.43900299072266,78.75199890136719,79.25749969482422,78.56088256835938,25638000,GOOGL
2020-08-25,79.00499725341797,80.44400024414062,78.89399719238281,80.2925033569336,79.58679962158203,25150000,GOOGL
2020-08-26,80.31500244140625,82.6395034790039,80.04900360107422,82.20649719238281,81.48395538330078,52188000,GOOGL
2020-08-27,82.33049774169922,82.39949798583984,80.94049835205078,81.4260025024414,80.71031951904297,31350000,GOOGL
2020-08-28,81.47350311279297,82.06749725341797,81.28050231933594,81.97149658203125,81.25101470947266,22418000,GOOGL
2020-08-31,82.17849731445312,82.2249984741211,81.2665023803711,81.47650146484375,80.76038360595703,26422000,GOOGL
2020-09-01,81.60800170898438,82.96099853515625,81.47650146484375,82.75399780273438,82.02664184570312,22652000,GOOGL
2020-09-02,83.40049743652344,86.30500030517578,83.0094985961914,85.86949920654297,85.1147689819336,49522000,GOOGL
2020-09-03,84.97599792480469,85.0,80.385498046875,81.47550201416016,80.75939178466797,63726000,GOOGL
2020-09-04,80.44999694824219,81.74949645996094,76.89849853515625,79.06050109863281,78.36560821533203,55850000,GOOGL
2020-09-08,76.25,77.77749633789062,75.82499694824219,76.18000030517578,75.51042175292969,54032000,GOOGL
2020-09-09,77.44499969482422,77.93599700927734,76.25849914550781,77.36150360107422,76.68154907226562,39242000,GOOGL
2020-09-10,77.50900268554688,78.68299865722656,76.0,76.30249786376953,75.63185119628906,33024000,GOOGL
2020-09-11,76.40750122070312,76.93499755859375,74.6510009765625,75.78800201416016,75.12187194824219,30706000,GOOGL
2020-09-14,76.5824966430664,77.8499984741211,75.25550079345703,75.44149780273438,74.7784194946289,42660000,GOOGL
2020-09-15,76.39450073242188,77.54949951171875,76.1050033569336,76.75599670410156,76.08136749267578,23042000,GOOGL
2020-09-16,77.1240005493164,77.71849822998047,75.57949829101562,75.60449981689453,74.93998718261719,22128000,GOOGL
2020-09-17,74.29049682617188,74.93299865722656,73.12300109863281,74.35199737548828,73.698486328125,40008000,GOOGL
2020-09-18,74.41500091552734,74.76000213623047,71.58100128173828,72.55449676513672,71.91678619384766,63056000,GOOGL
2020-09-21,71.58100128173828,72.00299835205078,70.13400268554688,71.50700378417969,70.87850952148438,56908000,GOOGL
2020-09-22,72.51599884033203,73.19850158691406,71.4749984741211,72.99099731445312,72.34945678710938,33950000,GOOGL
2020-09-23,72.60449981689453,72.65399932861328,70.13400268554688,70.46949768066406,69.85011291503906,37726000,GOOGL
2020-09-24,70.13400268554688,71.89949798583984,70.10749816894531,71.14299774169922,70.5177001953125,34552000,GOOGL
2020-09-25,71.25250244140625,72.2969970703125,70.38400268554688,71.9530029296875,71.32058715820312,30326000,GOOGL
2020-09-28,73.59950256347656,73.64949798583984,72.31400299072266,72.93299865722656,72.2919692993164,30784000,GOOGL
2020-09-29,73.19550323486328,73.5999984741211,72.69999694824219,73.3010025024414,72.65673828125,31816000,GOOGL
2020-09-30,73.0469970703125,74.30999755859375,72.78800201416016,73.27999877929688,72.63593292236328,40924000,GOOGL
2020-10-01,74.18299865722656,74.75350189208984,73.83999633789062,74.3949966430664,73.7411117553711,32884000,GOOGL
2020-10-02,72.98149871826172,73.95149993896484,72.36750030517578,72.77999877929688,72.14031982421875,31222000,GOOGL
2020-10-05,73.13249969482422,74.23500061035156,73.00450134277344,74.1415023803711,73.48985290527344,21602000,GOOGL
2020-10-06,73.7750015258789,74.22599792480469,72.25050354003906,72.5510025024414,71.913330078125,26096000,GOOGL
2020-10-07,72.96549987792969,73.44850158691406,71.6614990234375,72.95700073242188,72.31576538085938,36108000,GOOGL
2020-10-08,73.27249908447266,74.40149688720703,73.27249908447266,74.17150115966797,73.51959228515625,26076000,GOOGL
2020-10-09,74.64299774169922,75.59249877929688,74.3499984741211,75.52249908447266,74.85871124267578,32966000,GOOGL
2020-10-12,76.9000015258789,79.4209976196289,76.46499633789062,78.22949981689453,77.54191589355469,55344000,GOOGL
2020-10-13,78.85050201416016,79.25800323486328,77.93150329589844,78.35350036621094,77.6648178100586,39072000,GOOGL
2020-10-14,78.7300033569336,79.19249725341797,77.29499816894531,78.1719970703125,77.48491668701172,33174000,GOOGL
2020-10-15,77.2249984741211,78.56999969482422,77.05650329589844,77.77349853515625,77.08992767333984,31210000,GOOGL
2020-10-16,78.09149932861328,78.885498046875,77.88300323486328,78.38500213623047,77.696044921875,34194000,GOOGL
2020-10-19,78.79650115966797,79.19650268554688,76.14600372314453,76.49749755859375,75.82513427734375,29734000,GOOGL
2020-10-20,76.15550231933594,78.69200134277344,76.0250015258789,77.55400085449219,76.87235260009766,41670000,GOOGL
2020-10-21,78.49250030517578,80.75700378417969,78.35700225830078,79.29949951171875,78.60250854492188,60322000,GOOGL
2020-10-22,79.25,80.6709976196289,78.8740005493164,80.33300018310547,79.62692260742188,30512000,GOOGL
2020-10-23,80.75250244140625,81.70600128173828,80.59549713134766,81.64900207519531,80.93136596679688,30548000,GOOGL
2020-10-26,80.75,81.47899627685547,78.38899993896484,79.2145004272461,78.51826477050781,35826000,GOOGL
2020-10-27,79.44650268554688,80.0999984741211,78.84950256347656,79.94400024414062,79.2413558959961,25902000,GOOGL
2020-10-28,77.50050354003906,77.69049835205078,75.42400360107422,75.54000091552734,74.87605285644531,45174000,GOOGL
2020-10-29,75.85099792480469,79.43699645996094,75.82749938964844,77.84400177001953,77.1598129272461,55406000,GOOGL
2020-10-30,83.37200164794922,84.06600189208984,80.07849884033203,80.80549621582031,80.09527587890625,99878000,GOOGL
2020-11-02,81.177001953125,82.91200256347656,80.71199798583984,81.21600341796875,80.50216674804688,44228000,GOOGL
2020-11-03,81.53800201416016,82.94999694824219,80.60549926757812,82.28299713134766,81.5597915649414,31432000,GOOGL
2020-11-04,85.27899932861328,88.50150299072266,85.1500015258789,87.2925033569336,86.5252685546875,71342000,GOOGL
2020-11-05,88.52249908447266,89.59100341796875,87.05149841308594,88.125,87.35045623779297,39758000,GOOGL
2020-11-06,87.56700134277344,88.42500305175781,86.83399963378906,87.98650360107422,87.2131576538086,28622000,GOOGL
2020-11-09,89.79900360107422,90.84449768066406,87.87750244140625,88.07099914550781,87.29692840576172,53440000,GOOGL
2020-11-10,86.4885025024414,87.96900177001953,85.80599975585938,86.88600158691406,86.1223373413086,43022000,GOOGL
2020-11-11,87.41999816894531,88.1449966430664,87.15299987792969,87.36150360107422,86.59366607666016,31838000,GOOGL
2020-11-12,87.0999984741211,88.2490005493164,86.89849853515625,87.14099884033203,86.37508392333984,26474000,GOOGL
2020-11-13,87.4000015258789,88.85649871826172,86.79900360107422,88.61299896240234,87.83415985107422,29744000,GOOGL
2020-11-16,88.20700073242188,89.71700286865234,88.06649780273438,88.70149993896484,87.92189025878906,25468000,GOOGL
2020-11-17,88.39299774169922,88.85700225830078,87.97450256347656,88.08300018310547,87.30882263183594,21314000,GOOGL
2020-11-18,87.83200073242188,88.25,86.92849731445312,87.03199768066406,86.26705169677734,20108000,GOOGL
2020-11-19,86.6614990234375,88.17449951171875,86.5009994506836,87.92849731445312,87.15567779541016,20106000,GOOGL
2020-11-20,88.0999984741211,88.41799926757812,86.75,86.81900024414062,86.05592346191406,27694000,GOOGL
2020-11-23,87.01100158691406,87.29949951171875,85.50900268554688,86.37799835205078,85.61878204345703,22530000,GOOGL
2020-11-24,86.375,88.3239974975586,86.0364990234375,88.19499969482422,87.4198226928711,27984000,GOOGL
2020-11-25,88.3905029296875,88.51899719238281,87.41799926757812,88.20649719238281,87.43122100830078,19600000,GOOGL
2020-11-27,88.22699737548828,89.85050201416016,88.22699737548828,89.35099792480469,88.56566619873047,14790000,GOOGL
2020-11-30,88.78250122070312,89.01699829101562,87.39199829101562,87.72000122070312,86.9489974975586,32418000,GOOGL
2020-12-01,88.33300018310547,91.08599853515625,88.15149688720703,89.76799774169922,88.97901153564453,37350000,GOOGL
2020-12-02,89.76799774169922,91.63700103759766,89.25849914550781,91.24849700927734,90.44648742675781,29424000,GOOGL
2020-12-03,91.0270004272461,92.19149780273438,90.8499984741211,91.09200286865234,90.2913818359375,24728000,GOOGL
2020-12-04,91.01100158691406,91.4749984741211,90.67949676513672,91.18800354003906,90.38652801513672,20544000,GOOGL
2020-12-07,90.77749633789062,91.4645004272461,90.1520004272461,90.85150146484375,90.05298614501953,22288000,GOOGL
2020-12-08,90.4260025024414,90.79850006103516,89.56400299072266,90.56649780273438,89.77047729492188,19936000,GOOGL
2020-12-09,90.51799774169922,91.41850280761719,88.0999984741211,88.89299774169922,88.1116943359375,31728000,GOOGL
2020-12-10,88.12999725341797,88.74949645996094,86.67649841308594,88.38249969482422,87.60568237304688,28688000,GOOGL
2020-12-11,88.0,88.8655014038086,87.63700103759766,88.73999786376953,87.96004486083984,18628000,GOOGL
2020-12-14,88.53600311279297,89.48999786376953,87.45649719238281,87.61299896240234,86.84292602539062,33050000,GOOGL
2020-12-15,87.99299621582031,88.19999694824219,87.08350372314453,88.05400085449219,87.28006744384766,21352000,GOOGL
2020-12-16,88.45549774169922,88.45549774169922,87.4530029296875,87.8594970703125,87.08727264404297,24676000,GOOGL
2020-12-17,88.19650268554688,88.33550262451172,86.55750274658203,87.02549743652344,86.26060485839844,34880000,GOOGL
2020-12-18,87.30850219726562,87.41799926757812,85.75,86.31099700927734,85.55238342285156,85256000,GOOGL
2020-12-21,85.45649719238281,86.8499984741211,84.69999694824219,86.72799682617188,85.9657211303711,33974000,GOOGL
2020-12-22,86.46649932861328,86.63050079345703,85.28900146484375,86.01100158691406,85.25502014160156,20370000,GOOGL
2020-12-23,86.19650268554688,87.20549774169922,86.05999755859375,86.4114990234375,85.6520004272461,22974000,GOOGL
2020-12-24,86.44999694824219,87.12049865722656,86.21749877929688,86.70800018310547,85.94590759277344,9312000,GOOGL
2020-12-28,87.24549865722656,89.3499984741211,87.09100341796875,88.697998046875,87.91839599609375,27650000,GOOGL
2020-12-29,89.36150360107422,89.42350006103516,87.75550079345703,87.88800048828125,87.11552429199219,19726000,GOOGL
2020-12-30,88.25,88.38800048828125,86.4000015258789,86.8125,86.04947662353516,21026000,GOOGL
2020-12-31,86.8635025024414,87.875,86.80449676513672,87.63200378417969,86.86177825927734,21070000,GOOGL
2021-01-04,88.0,88.12449645996094,85.35700225830078,86.30650329589844,85.54793548583984,37324000,GOOGL
2021-01-05,86.25450134277344,87.34149932861328,85.84500122070312,87.00250244140625,86.23780822753906,20360000,GOOGL
2021-01-06,85.01300048828125,87.19850158691406,84.80500030517578,86.14399719238281,85.3868408203125,46588000,GOOGL
2021-01-07,86.33799743652344,88.89099884033203,86.33799743652344,88.71700286865234,87.93724822998047,41936000,GOOGL
2021-01-08,88.85800170898438,89.96800231933594,88.06099700927734,89.8915023803711,89.10140991210938,35484000,GOOGL
2021-01-11,88.85099792480469,89.21900177001953,87.60700225830078,87.81449890136719,87.04266357421875,34796000,GOOGL
2021-01-12,87.26799774169922,88.3949966430664,85.81900024414062,86.87149810791016,86.10795593261719,29528000,GOOGL
2021-01-13,86.36599731445312,87.81950378417969,86.36599731445312,87.36250305175781,86.59465789794922,23432000,GOOGL
2021-01-14,87.44349670410156,88.37750244140625,86.30349731445312,86.5459976196289,85.78532409667969,29212000,GOOGL
2021-01-15,86.45099639892578,87.38099670410156,85.58550262451172,86.38099670410156,85.62177276611328,31444000,GOOGL
2021-01-19,87.1500015258789,90.19200134277344,86.6415023803711,89.22350311279297,88.43929290771484,41660000,GOOGL
2021-01-20,91.31849670410156,94.98600006103516,90.97550201416016,94.00350189208984,93.17727661132812,64152000,GOOGL
2021-01-21,94.68250274658203,96.60399627685547,93.97049713134766,94.2074966430664,93.37947082519531,58634000,GOOGL
2021-01-22,94.572998046875,95.21949768066406,93.82499694824219,94.62799835205078,93.79627990722656,32744000,GOOGL
2021-01-25,95.63700103759766,96.09100341796875,92.95800018310547,94.71399688720703,93.88151550292969,50586000,GOOGL
2021-01-26,94.29949951171875,95.7874984741211,93.80650329589844,95.39749908447266,94.55902862548828,31462000,GOOGL
2021-01-27,93.74549865722656,94.02349853515625,89.86399841308594,90.9469985961914,90.14762878417969,82512000,GOOGL
2021-01-28,91.55000305175781,94.39949798583984,91.55000305175781,92.66000366210938,91.84559631347656,55278000,GOOGL
2021-01-29,91.70099639892578,92.37699890136719,90.0780029296875,91.36799621582031,90.56494140625,44530000,GOOGL
2021-02-01,92.22949981689453,95.7770004272461,92.22949981689453,94.65350341796875,93.82156372070312,40252000,GOOGL
2021-02-02,95.65650177001953,97.46849822998047,95.31849670410156,95.95600128173828,95.11260986328125,66332000,GOOGL
2021-02-03,103.28050231933594,105.33100128173828,100.67749786376953,102.94400024414062,102.0392074584961,97882000,GOOGL
2021-02-04,103.03099822998047,103.46499633789062,101.75499725341797,102.68150329589844,101.77901458740234,48596000,GOOGL
2021-02-05,102.97799682617188,104.7969970703125,102.5,104.44149780273438,103.5235366821289,29866000,GOOGL
2021-02-08,105.0,105.75,103.1675033569336,104.22599792480469,103.30992126464844,28828000,GOOGL
2021-02-09,103.73999786376953,104.92549896240234,103.5,103.76950073242188,102.85742950439453,21892000,GOOGL
2021-02-10,104.15699768066406,104.94400024414062,102.61199951171875,104.3239974975586,103.40706634521484,25102000,GOOGL
2021-02-11,104.55000305175781,104.69999694824219,103.44300079345703,104.4375,103.51956176757812,20480000,GOOGL
2021-02-12,103.9885025024414,104.9749984741211,103.67849731445312,104.75150299072266,103.830810546875,18990000,GOOGL
2021-02-16,104.5875015258789,107.25700378417969,104.5875015258789,105.53500366210938,104.607421875,31004000,GOOGL
2021-02-17,104.6989974975586,106.12200164794922,104.4175033569336,105.93099975585938,104.99993896484375,20294000,GOOGL
2021-02-18,105.25,106.09950256347656,104.66649627685547,105.29049682617188,104.36505889892578,22546000,GOOGL
2021-02-19,105.3895034790039,105.92900085449219,104.17150115966797,104.44049835205078,103.52253723144531,37938000,GOOGL
2021-02-22,102.68000030517578,104.0165023803711,102.4000015258789,102.71299743652344,101.81022644042969,29466000,GOOGL
2021-02-23,100.69950103759766,103.625,99.5114974975586,103.00599670410156,102.10063934326172,34658000,GOOGL
2021-02-24,101.50199890136719,104.41600036621094,101.37650299072266,104.19049835205078,103.27474212646484,22608000,GOOGL
2021-02-25,102.79650115966797,104.1500015258789,100.32450103759766,100.79750061035156,99.91156768798828,41548000,GOOGL
2021-02-26,101.49749755859375,102.82599639892578,100.05049896240234,101.09549713134766,100.20693969726562,40042000,GOOGL
2021-03-01,102.4000015258789,103.8115005493164,101.72100067138672,103.48300170898438,102.5734634399414,26060000,GOOGL
2021-03-02,103.24199676513672,104.73699951171875,102.83350372314453,103.2239990234375,102.31674194335938,25564000,GOOGL
2021-03-03,102.59750366210938,103.79949951171875,99.69999694824219,100.57050323486328,99.68656158447266,33892000,GOOGL
2021-03-04,100.74349975585938,103.72949981689453,100.27149963378906,101.69650268554688,100.80267333984375,49216000,GOOGL
2021-03-05,103.05750274658203,105.30999755859375,101.38899993896484,104.85350036621094,103.9319076538086,53100000,GOOGL
2021-03-08,104.2030029296875,105.68699645996094,100.2594985961914,100.375,99.4927749633789,36868000,GOOGL
2021-03-09,102.48750305175781,103.19599914550781,101.77999877929688,102.01799774169922,101.12133026123047,33920000,GOOGL
2021-03-10,103.06999969482422,103.06999969482422,100.96649932861328,101.80950164794922,100.9146728515625,27100000,GOOGL
2021-03-11,102.91100311279297,105.5634994506836,102.82250213623047,105.0270004272461,104.10388946533203,27702000,GOOGL
2021-03-12,103.82050323486328,103.88050079345703,101.62100219726562,102.5,101.5990982055664,33818000,GOOGL
2021-03-15,102.2490005493164,102.74949645996094,101.3895034790039,102.72200012207031,101.81914520263672,26168000,GOOGL
2021-03-16,103.29949951171875,105.68399810791016,102.9645004272461,104.19450378417969,103.2787094116211,31900000,GOOGL
2021-03-17,103.42350006103516,104.94999694824219,102.20600128173828,104.11100006103516,103.19593811035156,26382000,GOOGL
2021-03-18,102.40899658203125,103.4375,100.95899963378906,101.06700134277344,100.17868041992188,31700000,GOOGL
2021-03-19,101.48650360107422,101.85199737548828,100.14649963378906,101.3479995727539,100.45720672607422,46072000,GOOGL
2021-03-22,101.38150024414062,102.41699981689453,100.69999694824219,101.53450012207031,100.64208221435547,33536000,GOOGL
2021-03-23,101.99749755859375,103.20549774169922,101.4000015258789,102.06649780273438,101.16940307617188,28510000,GOOGL
2021-03-24,102.58799743652344,103.37999725341797,101.44999694824219,101.62650299072266,100.73328399658203,25218000,GOOGL
2021-03-25,101.45249938964844,102.28199768066406,99.80449676513672,101.62300109863281,100.72980499267578,35616000,GOOGL
2021-03-26,101.5895004272461,101.96949768066406,100.19249725341797,101.23650360107422,100.34671020507812,27978000,GOOGL
2021-03-29,101.10800170898438,102.46050262451172,100.27249908447266,102.28949737548828,101.39044952392578,26492000,GOOGL
2021-03-30,102.64900207519531,103.13349914550781,101.80750274658203,102.32350158691406,101.42414855957031,27312000,GOOGL
2021-03-31,102.72000122070312,104.31300354003906,102.3499984741211,103.1259994506836,102.21958923339844,42570000,GOOGL
2021-04-01,104.61250305175781,106.7874984741211,104.57150268554688,106.48899841308594,105.55303955078125,39880000,GOOGL
2021-04-05,107.35749816894531,111.44950103759766,107.260498046875,110.947998046875,109.97283935546875,48510000,GOOGL
2021-04-06,110.5459976196289,111.4000015258789,110.0895004272461,110.46299743652344,109.49211120605469,35240000,GOOGL
2021-04-07,110.65499877929688,112.2249984741211,110.65499877929688,111.95149993896484,110.96752166748047,24134000,GOOGL
2021-04-08,113.19999694824219,113.5895004272461,112.15049743652344,112.52149963378906,111.53253173828125,28664000,GOOGL
2021-04-09,112.27200317382812,113.69850158691406,111.86299896240234,113.53350067138672,112.53562927246094,26146000,GOOGL
2021-04-12,112.70600128173828,112.84449768066406,111.39099884033203,112.23100280761719,111.24456787109375,25024000,GOOGL
2021-04-13,112.54949951171875,113.17350006103516,112.15249633789062,112.72149658203125,111.73075103759766,25682000,GOOGL
2021-04-14,113.37149810791016,113.37149810791016,111.8010025024414,112.09549713134766,111.1102523803711,21002000,GOOGL
2021-04-15,113.09750366210938,114.80000305175781,112.55850219726562,114.26249694824219,113.25821685791016,29174000,GOOGL
2021-04-16,114.46199798583984,114.71199798583984,113.5459976196289,114.13749694824219,113.13431549072266,26282000,GOOGL
2021-04-19,113.50900268554688,115.20449829101562,113.50900268554688,114.48799896240234,113.48173522949219,30290000,GOOGL
2021-04-20,114.87449645996094,114.94999694824219,112.85600280761719,113.95050048828125,112.9489517211914,22288000,GOOGL
2021-04-21,113.60250091552734,114.0,112.24099731445312,113.9175033569336,112.91624450683594,23204000,GOOGL
2021-04-22,113.7699966430664,114.44400024414062,112.01599884033203,112.6259994506836,111.63610076904297,24146000,GOOGL
2021-04-23,113.3499984741211,115.30599975585938,113.0625,114.99649810791016,113.98576354980469,29066000,GOOGL
2021-04-26,115.22599792480469,116.22650146484375,114.86599731445312,115.49649810791016,114.48137664794922,32038000,GOOGL
2021-04-27,115.88150024414062,115.92250061035156,114.30799865722656,114.54900360107422,113.54219055175781,44386000,GOOGL
2021-04-28,119.625,121.56900024414062,117.66100311279297,117.9520034790039,116.915283203125,81106000,GOOGL
2021-04-29,119.46150207519531,120.20800018310547,118.69249725341797,119.63800048828125,118.58647155761719,41234000,GOOGL
2021-04-30,118.4010009765625,119.09249877929688,117.3280029296875,117.67500305175781,116.64073181152344,44856000,GOOGL
2021-05-03,118.24549865722656,119.07749938964844,116.7750015258789,117.15399932861328,116.12429809570312,28242000,GOOGL
2021-05-04,115.67749786376953,116.24949645996094,112.83399963378906,115.34149932861328,114.32772827148438,44818000,GOOGL
2021-05-05,116.43150329589844,116.75,115.41400146484375,115.7385025024414,114.72124481201172,26636000,GOOGL
2021-05-06,115.31649780273438,116.86750030517578,114.6520004272461,116.86750030517578,115.84031677246094,25190000,GOOGL
2021-05-07,118.19450378417969,118.5625,117.30799865722656,117.59649658203125,116.56289672851562,28898000,GOOGL
2021-05-10,116.40699768066406,116.55000305175781,114.22699737548828,114.5875015258789,113.58036041259766,30914000,GOOGL
2021-05-11,112.15350341796875,114.01399993896484,111.69599914550781,113.50299835205078,112.5053939819336,34186000,GOOGL
2021-05-12,111.30950164794922,112.39900207519531,109.68099975585938,110.01249694824219,109.04557037353516,46376000,GOOGL
2021-05-13,111.30599975585938,111.97200012207031,110.33599853515625,111.4520034790039,110.472412109375,33204000,GOOGL
2021-05-14,112.927001953125,114.23600006103516,112.5,113.91899871826172,112.91773223876953,31996000,GOOGL
2021-05-17,113.17849731445312,114.48899841308594,112.77549743652344,114.44599914550781,113.44010162353516,21598000,GOOGL
2021-05-18,115.11750030517578,115.38400268554688,113.1094970703125,113.12349700927734,112.12921905517578,22204000,GOOGL
2021-05-19,111.42150115966797,113.74949645996094,111.27200317382812,113.57499694824219,112.57674407958984,23684000,GOOGL
2021-05-20,114.55000305175781,115.5999984741211,114.1760025024414,115.34750366210938,114.33368682861328,32352000,GOOGL
2021-05-21,115.87049865722656,115.94450378417969,114.46499633789062,114.70649719238281,113.69831085205078,40632000,GOOGL
2021-05-24,115.74449920654297,118.27749633789062,115.5979995727539,118.052001953125,117.014404296875,31832000,GOOGL
2021-05-25,118.5999984741211,119.19999694824219,117.75,118.14350128173828,117.10511779785156,22440000,GOOGL
2021-05-26,118.32599639892578,119.44950103759766,118.322998046875,119.0155029296875,117.96943664550781,21572000,GOOGL
2021-05-27,119.45249938964844,119.45249938964844,117.81300354003906,118.13400268554688,117.09569549560547,35224000,GOOGL
2021-05-28,118.72100067138672,118.80349731445312,117.64250183105469,117.84249877929688,116.8067398071289,21482000,GOOGL
2021-06-01,118.72200012207031,119.2854995727539,117.71399688720703,119.05899810791016,118.01255798339844,23354000,GOOGL
2021-06-02,119.4574966430664,119.68199920654297,117.61799621582031,118.52950286865234,117.48771667480469,21158000,GOOGL
2021-06-03,117.2864990234375,117.85099792480469,116.47599792480469,117.37899780273438,116.34732055664062,18696000,GOOGL
2021-06-04,118.4635009765625,119.95149993896484,118.12049865722656,119.67849731445312,118.6266098022461,24458000,GOOGL
2021-06-07,119.47200012207031,120.22550201416016,119.05000305175781,120.11499786376953,119.05926513671875,24120000,GOOGL
2021-06-08,120.60050201416016,120.97599792480469,119.73899841308594,119.9219970703125,118.86797332763672,24240000,GOOGL
2021-06-09,120.57150268554688,120.64399719238281,119.84500122070312,120.39700317382812,119.33879852294922,17942000,GOOGL
2021-06-10,120.34600067138672,121.80000305175781,120.18900299072266,121.75650024414062,120.68634796142578,25904000,GOOGL
2021-06-11,122.0,122.08599853515625,120.947998046875,121.51000213623047,120.4420166015625,21958000,GOOGL
2021-06-14,121.61299896240234,122.44599914550781,120.9000015258789,122.44550323486328,121.3692855834961,22098000,GOOGL
2021-06-15,122.44999694824219,122.77549743652344,121.05599975585938,121.41950225830078,120.35230255126953,21562000,GOOGL
2021-06-16,121.5719985961914,121.88600158691406,119.47000122070312,120.77249908447266,119.71098327636719,26472000,GOOGL
2021-06-17,120.69750213623047,122.52249908447266,120.5,121.74349975585938,120.67346954345703,25842000,GOOGL
2021-06-18,121.36699676513672,121.60299682617188,120.01499938964844,120.11100006103516,119.05531311035156,46116000,GOOGL
2021-06-21,120.50050354003906,122.0,119.89849853515625,121.8125,120.74185943603516,27414000,GOOGL
2021-06-22,121.75,122.4000015258789,121.06400299072266,122.33049774169922,121.25529479980469,22390000,GOOGL
2021-06-23,122.09349822998047,123.09549713134766,121.83450317382812,122.12699890136719,121.05358123779297,19148000,GOOGL
2021-06-24,122.69999694824219,123.05549621582031,122.30000305175781,122.5,121.4233169555664,21362000,GOOGL
2021-06-25,122.0,122.63300323486328,121.56500244140625,122.50849914550781,121.43174743652344,34594000,GOOGL
2021-06-28,122.67849731445312,122.78500366210938,121.40550231933594,122.53600311279297,121.45899200439453,28526000,GOOGL
2021-06-29,122.67050170898438,123.02100372314453,121.69100189208984,122.27249908447266,121.19780731201172,23108000,GOOGL
2021-06-30,121.99449920654297,122.25700378417969,121.35449981689453,122.0895004272461,121.01642608642578,24474000,GOOGL
2021-07-01,121.7249984741211,122.58699798583984,121.53150177001953,122.44450378417969,121.36829376220703,18110000,GOOGL
2021-07-02,123.1500015258789,125.40399932861328,123.05950164794922,125.25749969482422,124.15656280517578,25982000,GOOGL
2021-07-06,125.64849853515625,126.4280014038086,124.5824966430664,126.19000244140625,125.08088684082031,26404000,GOOGL
2021-07-07,127.16200256347656,127.28399658203125,126.15299987792969,126.4739990234375,125.36238098144531,24060000,GOOGL
2021-07-08,124.0260009765625,125.59549713134766,124.02200317382812,125.04399871826172,123.94493865966797,23790000,GOOGL
2021-07-09,125.0250015258789,125.7344970703125,124.55149841308594,125.51850128173828,124.41526794433594,18632000,GOOGL
2021-07-12,126.1780014038086,127.06950378417969,125.61100006103516,126.97550201416016,125.85946655273438,17668000,GOOGL
2021-07-13,127.03849792480469,128.0574951171875,126.67449951171875,127.34149932861328,126.2222671508789,19240000,GOOGL
2021-07-14,127.95800018310547,129.32650756835938,127.91449737548828,128.23699951171875,127.10987854003906,23742000,GOOGL
2021-07-15,128.6490020751953,128.6999969482422,126.52999877929688,127.00499725341797,125.88871765136719,24218000,GOOGL
2021-07-16,127.66300201416016,127.8115005493164,126.15350341796875,126.97000122070312,125.85403442382812,20424000,GOOGL
2021-07-19,126.0895004272461,126.20500183105469,123.50499725341797,124.5780029296875,123.48304748535156,27968000,GOOGL
2021-07-20,125.52749633789062,127.04299926757812,124.35050201416016,126.20950317382812,125.10021209716797,26312000,GOOGL
2021-07-21,126.13349914550781,127.59600067138672,126.02349853515625,127.54900360107422,126.42794799804688,20746000,GOOGL
2021-07-22,127.84400177001953,128.48300170898438,127.4990005493164,128.42149353027344,127.29275512695312,14302000,GOOGL
2021-07-23,130.4304962158203,133.3990020751953,129.80050659179688,133.01499938964844,131.8459014892578,41506000,GOOGL
2021-07-26,133.32850646972656,134.23699951171875,132.30149841308594,134.03500366210938,132.85693359375,30572000,GOOGL
2021-07-27,134.25050354003906,134.3990020751953,130.10400390625,131.89999389648438,130.7406768798828,54710000,GOOGL
2021-07-28,136.31199645996094,138.2969970703125,135.27749633789062,136.093994140625,134.89781188964844,95130000,GOOGL
2021-07-29,136.14999389648438,136.66099548339844,135.54299926757812,135.77749633789062,134.58412170410156,31716000,GOOGL
2021-07-30,135.03500366210938,135.30450439453125,134.2550048828125,134.72650146484375,133.54234313964844,25576000,GOOGL
2021-08-02,135.11700439453125,135.3365020751953,133.79400634765625,134.85450744628906,133.6692352294922,21634000,GOOGL
2021-08-03,135.13499450683594,135.73199462890625,133.3195037841797,135.6300048828125,134.43792724609375,20762000,GOOGL
2021-08-04,135.34950256347656,135.64950561523438,134.48699951171875,135.12550354003906,133.93783569335938,19676000,GOOGL
2021-08-05,135.6804962158203,136.35000610351562,134.8459930419922,136.25149536132812,135.05393981933594,17870000,GOOGL
2021-08-06,136.04200744628906,136.47250366210938,135.2100067138672,135.73849487304688,134.54542541503906,20488000,GOOGL
2021-08-09,135.9425048828125,137.1840057373047,135.33949279785156,136.91299438476562,135.70962524414062,17760000,GOOGL
2021-08-10,137.3419952392578,137.7725067138672,136.364501953125,136.8070068359375,135.6045684814453,19414000,GOOGL
2021-08-11,137.18150329589844,137.6824951171875,136.27149963378906,136.2790069580078,135.08120727539062,15352000,GOOGL
2021-08-12,135.97549438476562,137.3000030517578,135.42550659179688,137.19400024414062,135.9881591796875,16506000,GOOGL
2021-08-13,137.25,137.85650634765625,137.0330047607422,137.7274932861328,136.51695251464844,15948000,GOOGL
2021-08-16,137.52499389648438,138.3625030517578,135.2989959716797,138.3094940185547,137.09385681152344,22384000,GOOGL
2021-08-17,137.75,138.2655029296875,136.08200073242188,136.6614990234375,135.46034240722656,21716000,GOOGL
2021-08-18,136.5,137.10450744628906,135.32150268554688,135.44900512695312,134.25851440429688,19258000,GOOGL
2021-08-19,134.4355010986328,136.3524932861328,134.25,135.67999267578125,134.4874725341797,21782000,GOOGL
2021-08-20,136.0,137.5540008544922,135.25,137.42950439453125,136.2216033935547,31194000,GOOGL
2021-08-23,137.96949768066406,140.87449645996094,137.6074981689453,140.04150390625,138.81065368652344,28454000,GOOGL
2021-08-24,140.6114959716797,142.0800018310547,140.3385009765625,141.26150512695312,140.0199432373047,19268000,GOOGL
2021-08-25,141.625,142.1894989013672,141.37600708007812,142.07899475097656,140.83023071289062,15848000,GOOGL
2021-08-26,141.75,142.41749572753906,141.35699462890625,141.4405059814453,140.19735717773438,20610000,GOOGL
2021-08-27,141.65249633789062,144.5124969482422,141.4969940185547,144.00399780273438,142.73831176757812,28780000,GOOGL
2021-08-30,144.39999389648438,145.9705047607422,144.16299438476562,144.5904998779297,143.3196563720703,24434000,GOOGL
2021-08-31,145.14700317382812,145.17149353027344,144.281005859375,144.69749450683594,143.4257049560547,22448000,GOOGL
2021-09-01,145.0,146.25399780273438,144.8834991455078,145.2154998779297,143.9391632080078,21936000,GOOGL
2021-09-02,145.21600341796875,145.51950073242188,143.18499755859375,143.28700256347656,142.02761840820312,32342000,GOOGL
2021-09-03,143.08050537109375,144.15499877929688,142.40049743652344,143.739501953125,142.47613525390625,19850000,GOOGL
2021-09-07,143.83450317382812,144.56500244140625,143.61900329589844,144.28050231933594,143.0123748779297,20124000,GOOGL
2021-09-08,144.10000610351562,144.39999389648438,143.0,143.6909942626953,142.42803955078125,18344000,GOOGL
2021-09-09,143.8404998779297,144.3105010986328,143.17750549316406,143.54100036621094,142.2793731689453,15314000,GOOGL
2021-09-10,144.21249389648438,144.718505859375,140.73800659179688,140.87600708007812,139.63780212402344,36840000,GOOGL
2021-09-13,141.94949340820312,142.9499969482422,141.25,142.33250427246094,141.0814971923828,22094000,GOOGL
2021-09-14,142.99549865722656,143.36300659179688,141.75,142.54449462890625,141.29165649414062,19674000,GOOGL
2021-09-15,142.77149963378906,144.45050048828125,141.34750366210938,144.42950439453125,143.1600799560547,27408000,GOOGL
2021-09-16,143.95050048828125,144.3000030517578,142.40150451660156,143.61000061035156,142.34776306152344,26190000,GOOGL
2021-09-17,143.03050231933594,143.4499969482422,140.47000122070312,140.8000030517578,139.56248474121094,53384000,GOOGL
2021-09-20,138.1614990234375,139.0,136.32200622558594,138.71949768066406,137.50027465820312,46518000,GOOGL
2021-09-21,139.74949645996094,140.01150512695312,138.2779998779297,139.0330047607422,137.81097412109375,25332000,GOOGL
2021-09-22,139.3040008544922,140.88699340820312,138.55149841308594,140.2834930419922,139.0504913330078,25056000,GOOGL
2021-09-23,140.9875030517578,141.69650268554688,140.40150451660156,141.21600341796875,139.9748077392578,20952000,GOOGL
2021-09-24,140.5384979248047,142.33050537109375,140.24099731445312,142.21499633789062,140.9650421142578,22984000,GOOGL
2021-09-27,140.80450439453125,141.93850708007812,140.0675048828125,141.07200622558594,139.8320770263672,21882000,GOOGL
2021-09-28,138.65499877929688,139.09649658203125,135.36000061035156,135.8300018310547,134.63613891601562,45772000,GOOGL
2021-09-29,136.97999572753906,137.1510009765625,133.86500549316406,134.35350036621094,133.172607421875,30848000,GOOGL
2021-09-30,134.26150512695312,135.54249572753906,133.55599975585938,133.67599487304688,132.50108337402344,37996000,GOOGL
2021-10-01,134.44749450683594,136.91050720214844,134.072998046875,136.54299926757812,135.34288024902344,35360000,GOOGL
2021-10-04,135.9604949951172,135.9604949951172,131.0500030517578,133.6595001220703,132.48471069335938,51202000,GOOGL
2021-10-05,134.04100036621094,137.22450256347656,134.04100036621094,136.0229949951172,134.82745361328125,32404000,GOOGL
2021-10-06,134.75,137.75,134.5500030517578,137.56500244140625,136.3559112548828,24364000,GOOGL
2021-10-07,138.89199829101562,140.04200744628906,138.6510009765625,139.22500610351562,138.0012969970703,25110000,GOOGL
2021-10-08,139.57699584960938,140.33099365234375,139.21749877929688,139.78550720214844,138.556884765625,26526000,GOOGL
2021-10-11,139.29200744628906,140.71200561523438,138.85899353027344,138.91400146484375,137.6930389404297,17954000,GOOGL
2021-10-12,139.47999572753906,139.5070037841797,135.75999450683594,136.44900512695312,135.24972534179688,36332000,GOOGL
2021-10-13,137.40249633789062,138.0,136.5189971923828,137.58200073242188,136.37274169921875,19654000,GOOGL
2021-10-14,139.4739990234375,141.33749389648438,138.8249969482422,141.1510009765625,139.91036987304688,31894000,GOOGL
2021-10-15,141.614501953125,141.71800231933594,140.7550048828125,141.3679962158203,140.12547302246094,30274000,GOOGL
2021-10-18,141.07650756835938,142.79600524902344,141.0695037841797,142.7779998779297,141.5230712890625,20396000,GOOGL
2021-10-19,143.3874969482422,143.66250610351562,142.60000610351562,143.23699951171875,141.97804260253906,20164000,GOOGL
2021-10-20,143.33799743652344,143.54600524902344,141.37649536132812,141.7689971923828,140.52294921875,23288000,GOOGL
2021-10-21,141.7689971923828,142.156005859375,140.5,141.88600158691406,140.638916015625,26292000,GOOGL
2021-10-22,139.14999389648438,140.58299255371094,136.05599975585938,137.56649780273438,136.35739135742188,50588000,GOOGL
2021-10-25,137.5500030517578,138.0,135.4239959716797,137.44700622558594,136.23895263671875,34412000,GOOGL
2021-10-26,139.2635040283203,140.08299255371094,138.30450439453125,139.30850219726562,138.0841064453125,49236000,GOOGL
2021-10-27,139.40499877929688,148.64999389648438,139.40499877929688,146.21749877929688,144.93235778808594,85782000,GOOGL
2021-10-28,147.13450622558594,147.1580047607422,144.6269989013672,145.8489990234375,144.5670928955078,36206000,GOOGL
2021-10-29,145.0780029296875,148.24200439453125,144.64950561523438,148.04600524902344,146.74476623535156,43320000,GOOGL
2021-11-01,148.04600524902344,148.04600524902344,143.22549438476562,143.4969940185547,142.2357635498047,46924000,GOOGL
2021-11-02,144.57949829101562,146.60899353027344,144.3354949951172,145.4324951171875,144.15426635742188,33482000,GOOGL
2021-11-03,145.90049743652344,146.66900634765625,144.59100341796875,146.59800720214844,145.3095245361328,27494000,GOOGL
2021-11-04,147.12449645996094,149.73350524902344,146.30799865722656,148.2675018310547,146.96432495117188,38412000,GOOGL
2021-11-05,149.16949462890625,150.32749938964844,148.19700622558594,148.8520050048828,147.54371643066406,38354000,GOOGL
2021-11-08,149.8249969482422,150.61500549316406,148.4304962158203,149.031005859375,147.72113037109375,23052000,GOOGL
2021-11-09,149.23300170898438,149.83450317382812,147.2449951171875,148.9185028076172,147.60963439941406,19530000,GOOGL
2021-11-10,147.5,148.07000732421875,144.53750610351562,145.89349365234375,144.6112060546875,29970000,GOOGL
2021-11-11,146.489501953125,147.53550720214844,145.60049438476562,145.76649475097656,144.4853057861328,16518000,GOOGL
2021-11-12,146.61549377441406,148.85000610351562,145.41099548339844,148.67799377441406,147.37123107910156,22360000,GOOGL
2021-11-15,148.90049743652344,149.54949951171875,147.5749969482422,148.45199584960938,147.147216796875,23508000,GOOGL
2021-11-16,148.14950561523438,148.7624969482422,147.3125,147.87600708007812,146.5762939453125,18904000,GOOGL
2021-11-17,148.02749633789062,148.5594940185547,147.24000549316406,148.0469970703125,146.74575805664062,19594000,GOOGL
2021-11-18,148.2415008544922,150.58050537109375,147.88450622558594,149.8385009765625,148.52151489257812,35608000,GOOGL
2021-11-19,149.97549438476562,150.9665069580078,148.8990020751953,148.92649841308594,147.6175537109375,33682000,GOOGL
2021-11-22,149.33250427246094,149.82949829101562,146.1475067138672,146.302001953125,145.01611328125,30594000,GOOGL
2021-11-23,146.1529998779297,146.66000366210938,144.11500549316406,145.78199768066406,144.5006866455078,27218000,GOOGL
2021-11-24,145.47349548339844,146.24949645996094,144.3730010986328,146.1199951171875,144.83570861816406,18040000,GOOGL
2021-11-26,144.34849548339844,144.5574951171875,141.84249877929688,142.18299865722656,140.9333038330078,30470000,GOOGL
2021-11-29,144.0,146.29750061035156,143.89349365234375,145.53050231933594,144.2513885498047,32596000,GOOGL
2021-11-30,145.0084991455078,146.0,141.60150146484375,141.8975067138672,140.6503143310547,42068000,GOOGL
2021-12-01,144.0,145.95050048828125,140.91200256347656,141.05149841308594,139.811767578125,34020000,GOOGL
2021-12-02,141.25,143.864501953125,140.21449279785156,142.96600341796875,141.7094268798828,29194000,GOOGL
2021-12-03,143.68099975585938,144.39999389648438,140.30099487304688,142.00149536132812,140.75341796875,41230000,GOOGL
2021-12-06,143.04049682617188,143.8524932861328,140.14999389648438,143.15499877929688,141.8967742919922,30618000,GOOGL
2021-12-07,145.59649658203125,147.531005859375,145.2274932861328,147.26950073242188,145.97509765625,32240000,GOOGL
2021-12-08,147.59649658203125,148.39300537109375,146.406005859375,148.18649291992188,146.88404846191406,24270000,GOOGL
2021-12-09,147.59100341796875,149.10000610351562,147.11500549316406,147.6385040283203,146.34088134765625,23270000,GOOGL
2021-12-10,148.6999969482422,148.9774932861328,146.70399475097656,148.00149536132812,146.70065307617188,24458000,GOOGL
2021-12-13,147.781494140625,147.97000122070312,145.5175018310547,145.82650756835938,144.54483032226562,27070000,GOOGL
2021-12-14,143.96800231933594,144.47999572753906,141.21499633789062,143.90699768066406,142.64215087890625,38446000,GOOGL
2021-12-15,143.40899658203125,146.7209930419922,141.67799377441406,146.4409942626953,145.15390014648438,36370000,GOOGL
2021-12-16,147.17050170898438,147.677001953125,143.60699462890625,144.44500732421875,143.17543029785156,33650000,GOOGL
2021-12-17,142.5,143.83450317382812,141.3000030517578,141.72500610351562,140.47933959960938,50416000,GOOGL
2021-12-20,140.0,141.77450561523438,139.3209991455078,141.60699462890625,140.36236572265625,27192000,GOOGL
2021-12-21,142.05349731445312,143.86900329589844,140.50250244140625,143.47250366210938,142.2115020751953,28756000,GOOGL
2021-12-22,143.0675048828125,146.5,143.0675048828125,146.4149932861328,145.1280975341797,26322000,GOOGL
2021-12-23,146.5,148.24349975585938,146.45199584960938,146.91650390625,145.62521362304688,26384000,GOOGL
2021-12-27,147.25599670410156,148.343994140625,147.16949462890625,147.906494140625,146.60650634765625,15976000,GOOGL
2021-12-28,148.23599243164062,148.2989959716797,146.05450439453125,146.68699645996094,145.39772033691406,18200000,GOOGL
2021-12-29,146.64450073242188,147.41700744628906,145.6475067138672,146.65499877929688,145.36599731445312,17788000,GOOGL
2021-12-30,146.69400024414062,147.3000030517578,145.9945068359375,146.20050048828125,144.91552734375,15688000,GOOGL
2021-12-31,146.0500030517578,146.69850158691406,144.8520050048828,144.8520050048828,143.57884216308594,18136000,GOOGL
2022-01-03,145.05499267578125,145.8509979248047,143.71299743652344,144.9915008544922,143.7171173095703,28646000,GOOGL
2022-01-04,145.39599609375,146.48500061035156,143.7165069580078,144.39950561523438,143.13034057617188,28400000,GOOGL
2022-01-05,144.4199981689453,144.49949645996094,137.68800354003906,137.77499389648438,136.56405639648438,54618000,GOOGL
2022-01-06,136.99850463867188,139.94000244140625,136.55850219726562,137.74749755859375,136.5367889404297,37348000,GOOGL
2022-01-07,138.14549255371094,138.44850158691406,135.76649475097656,137.01699829101562,135.81272888183594,29760000,GOOGL
2022-01-10,135.0780029296875,138.8195037841797,133.1645050048828,138.66949462890625,137.45071411132812,44408000,GOOGL
2022-01-11,138.0070037841797,140.21600341796875,136.6925048828125,139.73599243164062,138.5078125,28730000,GOOGL
2022-01-12,141.14999389648438,142.60800170898438,140.6945037841797,141.4304962158203,140.18740844726562,26108000,GOOGL
2022-01-13,141.5399932861328,142.85000610351562,138.40899658203125,138.58700561523438,137.36892700195312,31436000,GOOGL
2022-01-14,137.07899475097656,140.74200439453125,136.99850463867188,139.48049926757812,138.2545623779297,29662000,GOOGL
2022-01-18,136.1750030517578,137.13150024414062,135.43850708007812,135.9980010986328,134.80267333984375,34872000,GOOGL
2022-01-19,136.52349853515625,137.95950317382812,135.0155029296875,135.1165008544922,133.92892456054688,28648000,GOOGL
2022-01-20,136.25,137.62600708007812,132.96449279785156,133.3074951171875,132.13583374023438,29908000,GOOGL
2022-01-21,132.593505859375,134.86549377441406,130.0865020751953,130.35150146484375,129.20579528808594,55652000,GOOGL
2022-01-24,125.97799682617188,131.2030029296875,124.5,130.8040008544922,129.6543426513672,76622000,GOOGL
2022-01-25,128.74000549316406,129.3990020751953,126.50050354003906,126.93499755859375,125.81932067871094,46960000,GOOGL
2022-01-26,131.11900329589844,133.0,127.14199829101562,129.23300170898438,128.0971221923828,49130000,GOOGL
2022-01-27,131.3040008544922,132.65249633789062,128.9324951171875,129.0050048828125,127.87113952636719,31950000,GOOGL
2022-01-28,129.65899658203125,133.35650634765625,128.48500061035156,133.3509979248047,132.17892456054688,34362000,GOOGL
2022-01-31,134.16200256347656,135.47300720214844,132.20950317382812,135.30349731445312,134.1143035888672,39986000,GOOGL
2022-02-01,137.59449768066406,137.79299926757812,134.36849975585938,137.6439971923828,136.43418884277344,68644000,GOOGL
2022-02-02,151.25,151.54649353027344,145.5225067138672,148.0,146.69920349121094,123200000,GOOGL
2022-02-03,145.70550537109375,149.6750030517578,142.66549682617188,143.08999633789062,141.8323516845703,71518000,GOOGL
2022-02-04,143.4445037841797,144.875,140.51499938964844,143.29299926757812,142.03355407714844,57998000,GOOGL
2022-02-07,144.25,144.25,138.89999389648438,139.2010040283203,137.9775390625,54974000,GOOGL
2022-02-08,139.02650451660156,140.0,137.01400756835938,139.3990020751953,138.17376708984375,54284000,GOOGL
2022-02-09,140.9635009765625,142.52450561523438,140.18699645996094,141.5919952392578,140.34750366210938,40144000,GOOGL
2022-02-10,139.70350646972656,141.4844970703125,137.95700073242188,138.6199951171875,137.401611328125,39330000,GOOGL
2022-02-11,138.60000610351562,139.156494140625,133.39999389648438,134.28250122070312,133.1022491455078,39958000,GOOGL
2022-02-14,133.25650024414062,136.3000030517578,133.25650024414062,135.5260009765625,134.33480834960938,34302000,GOOGL
2022-02-15,137.57049560546875,138.10850524902344,135.82150268554688,136.60850524902344,135.40782165527344,26680000,GOOGL
2022-02-16,136.64649963378906,138.08599853515625,134.9239959716797,137.73800659179688,136.5273895263672,25022000,GOOGL
2022-02-17,136.2429962158203,137.11349487304688,132.47850036621094,132.53900146484375,131.37405395507812,38950000,GOOGL
2022-02-18,133.4669952392578,134.07000732421875,130.19650268554688,130.4029998779297,129.25685119628906,45620000,GOOGL
2022-02-22,129.83799743652344,132.1804962158203,128.22349548339844,129.81350708007812,128.6725311279297,44990000,GOOGL
2022-02-23,131.64849853515625,132.05099487304688,127.52749633789062,127.58799743652344,126.46659851074219,32786000,GOOGL
2022-02-24,124.95349884033203,133.0,124.95349884033203,132.6909942626953,131.5247344970703,54456000,GOOGL
2022-02-25,133.552001953125,135.27149963378906,131.75149536132812,134.45950317382812,133.2777099609375,36406000,GOOGL
2022-02-28,133.0500030517578,135.75149536132812,132.59249877929688,135.0570068359375,133.8699493408203,38864000,GOOGL
2022-03-01,134.8784942626953,136.2554931640625,133.218505859375,134.06149291992188,132.88319396972656,26496000,GOOGL
2022-03-02,134.6280059814453,135.2624969482422,133.07150268554688,134.57150268554688,133.38870239257812,23520000,GOOGL
2022-03-03,136.00999450683594,136.4394989013672,133.02549743652344,133.89950561523438,132.72259521484375,24604000,GOOGL
2022-03-04,132.92750549316406,133.85150146484375,130.33749389648438,131.906494140625,130.7471160888672,30430000,GOOGL
2022-03-07,131.48800659179688,131.73500061035156,126.29499816894531,126.37850189208984,125.26773071289062,45112000,GOOGL
2022-03-08,126.25,131.25,125.67449951171875,127.10449981689453,125.98733520507812,40428000,GOOGL
2022-03-09,131.25,133.73550415039062,129.90049743652344,133.4199981689453,132.24732971191406,37026000,GOOGL
2022-03-10,131.26600646972656,133.27200317382812,130.91250610351562,132.42950439453125,131.26556396484375,27102000,GOOGL
2022-03-11,133.48849487304688,133.79550170898438,129.63150024414062,129.87049865722656,128.7290496826172,31526000,GOOGL
2022-03-14,130.25,130.40899658203125,125.2750015258789,125.95099639892578,124.84397888183594,38812000,GOOGL
2022-03-15,126.97599792480469,129.85450744628906,125.72049713134766,129.197998046875,128.0624237060547,30920000,GOOGL
2022-03-16,130.73300170898438,133.33299255371094,128.7344970703125,133.28050231933594,132.10906982421875,35576000,GOOGL
2022-03-17,133.1490020751953,134.08050537109375,132.18499755859375,133.83900451660156,132.66265869140625,28264000,GOOGL
2022-03-18,133.42449951171875,136.24400329589844,132.2584991455078,136.12550354003906,134.92904663085938,44566000,GOOGL
2022-03-21,136.1634979248047,137.0500030517578,134.09249877929688,136.10150146484375,134.90525817871094,26832000,GOOGL
2022-03-22,136.10150146484375,141.0500030517578,136.10150146484375,139.8679962158203,138.638671875,35496000,GOOGL
2022-03-23,138.70249938964844,139.5885009765625,137.8350067138672,138.27549743652344,137.06015014648438,25154000,GOOGL
2022-03-24,139.1999969482422,141.61900329589844,137.75050354003906,141.57200622558594,140.3276824951172,26396000,GOOGL
2022-03-25,141.91600036621094,142.03500366210938,139.7375030517578,141.67300415039062,140.42779541015625,24126000,GOOGL
2022-03-28,140.90049743652344,142.00250244140625,139.81149291992188,141.45550537109375,140.2122039794922,35050000,GOOGL
2022-03-29,142.6475067138672,143.7935028076172,142.0384979248047,142.5054931640625,141.25296020507812,34318000,GOOGL
2022-03-30,142.4600067138672,142.7205047607422,141.60000610351562,141.93850708007812,140.6909637451172,19884000,GOOGL
2022-03-31,142.05299377441406,142.10800170898438,139.02450561523438,139.0675048828125,137.84519958496094,37524000,GOOGL
2022-04-01,139.5,140.4709930419922,138.3074951171875,140.15049743652344,138.9186553955078,25942000,GOOGL
2022-04-04,140.35850524902344,143.71200561523438,140.3105010986328,142.97149658203125,141.71485900878906,25942000,GOOGL
2022-04-05,142.86900329589844,142.99049377441406,140.38250732421875,140.59100341796875,139.35531616210938,21418000,GOOGL
2022-04-06,138.75,139.36050415039062,135.51699829101562,136.54800415039062,135.3478546142578,32468000,GOOGL
2022-04-07,136.00999450683594,137.1645050048828,134.2274932861328,135.8885040283203,134.69415283203125,26234000,GOOGL
2022-04-08,135.58349609375,135.6699981689453,132.9654998779297,133.28750610351562,132.11598205566406,25142000,GOOGL
2022-04-11,131.82350158691406,132.09249877929688,128.6685028076172,128.82350158691406,127.69123840332031,36884000,GOOGL
2022-04-12,131.60000610351562,131.60000610351562,126.78900146484375,127.7145004272461,126.59198760986328,32710000,GOOGL
2022-04-13,128.0,130.33399963378906,127.74099731445312,129.8939971923828,128.7523193359375,27928000,GOOGL
2022-04-14,130.47950744628906,130.47950744628906,126.60099792480469,126.7300033569336,125.61614227294922,31598000,GOOGL
2022-04-18,127.0,128.21249389648438,126.18199920654297,127.67649841308594,126.55432891845703,20808000,GOOGL
2022-04-19,127.69149780273438,130.33299255371094,126.99949645996094,130.00900268554688,128.86631774902344,26490000,GOOGL
2022-04-20,130.89199829101562,131.3990020751953,127.5,128.0399932861328,126.91460418701172,31696000,GOOGL
2022-04-21,129.25,130.09849548339844,124.52649688720703,124.81449890136719,123.71746826171875,36446000,GOOGL
2022-04-22,125.0,125.4020004272461,118.92500305175781,119.635498046875,118.58397674560547,56884000,GOOGL
2022-04-25,119.10099792480469,123.27749633789062,118.51100158691406,123.0739974975586,121.99227142333984,46128000,GOOGL
2022-04-26,122.29450225830078,122.51000213623047,118.51100158691406,118.6500015258789,117.6071548461914,73054000,GOOGL
2022-04-27,114.46949768066406,117.24199676513672,112.73650360107422,114.29450225830078,113.28992462158203,91820000,GOOGL
2022-04-28,116.41500091552734,119.64949798583984,114.11499786376953,118.52249908447266,117.48077392578125,48884000,GOOGL
2022-04-29,116.7344970703125,117.91999816894531,113.81449890136719,114.1094970703125,113.10655212402344,42676000,GOOGL
2022-05-02,113.40499877929688,116.74549865722656,112.5999984741211,116.58300018310547,115.55831909179688,35534000,GOOGL
2022-05-03,116.43049621582031,118.44200134277344,116.03450012207031,117.33399963378906,116.3027114868164,24968000,GOOGL
2022-05-04,117.03150177001953,122.85449981689453,115.11599731445312,122.26100158691406,121.18641662597656,49916000,GOOGL
2022-05-05,120.2040023803711,121.03900146484375,115.00550079345703,116.50550079345703,115.48150634765625,45840000,GOOGL
2022-05-06,115.18450164794922,117.57150268554688,114.0155029296875,115.74649810791016,114.72916412353516,39710000,GOOGL
2022-05-09,113.25,115.0770034790039,112.00050354003906,112.51100158691406,111.5221176147461,40802000,GOOGL
2022-05-10,115.50749969482422,116.25,112.90049743652344,114.3949966430664,113.38953399658203,39900000,GOOGL
2022-05-11,113.23650360107422,116.364501953125,113.23650360107422,113.60250091552734,112.60401153564453,37534000,GOOGL
2022-05-12,111.37750244140625,114.29499816894531,109.82450103759766,112.84400177001953,111.85218048095703,53836000,GOOGL
2022-05-13,114.53299713134766,117.875,113.6050033569336,116.05049896240234,115.03050231933594,35038000,GOOGL
2022-05-16,114.95549774169922,116.16999816894531,113.8895034790039,114.44499969482422,113.4391098022461,25990000,GOOGL
2022-05-17,116.84049987792969,116.9000015258789,114.87000274658203,116.4729995727539,115.44929504394531,23054000,GOOGL
2022-05-18,115.0,115.4000015258789,111.55549621582031,111.89949798583984,110.91598510742188,35126000,GOOGL
2022-05-19,111.43150329589844,113.01000213623047,110.0,110.38400268554688,109.41380310058594,34144000,GOOGL
2022-05-20,111.95099639892578,112.18350219726562,105.79650115966797,108.90799713134766,107.9507827758789,48962000,GOOGL
2022-05-23,109.5875015258789,112.14749908447266,108.74099731445312,111.48799896240234,110.50810241699219,37184000,GOOGL
2022-05-24,105.77200317382812,106.45850372314453,101.8844985961914,105.97000122070312,105.0385971069336,76780000,GOOGL
2022-05-25,104.9854965209961,106.5,103.85649871826172,105.80500030517578,104.87504577636719,40258000,GOOGL
2022-05-26,105.677001953125,108.64949798583984,105.2249984741211,107.7925033569336,106.84508514404297,37948000,GOOGL
2022-05-27,109.48300170898438,112.31800079345703,109.13849639892578,112.31649780273438,111.32930755615234,37914000,GOOGL
2022-05-31,112.74649810791016,115.73500061035156,112.07849884033203,113.76200103759766,112.76211547851562,50012000,GOOGL
2022-06-01,114.8550033569336,117.10150146484375,113.25,113.89199829101562,112.8909683227539,36606000,GOOGL
2022-06-02,114.0,117.89949798583984,112.94650268554688,117.62249755859375,116.58868408203125,37992000,GOOGL
2022-06-03,116.0625,116.32150268554688,113.51850128173828,114.54100036621094,113.53427124023438,26136000,GOOGL
2022-06-06,116.70449829101562,119.34700012207031,116.16400146484375,116.82050323486328,115.7937240600586,33542000,GOOGL
2022-06-07,115.48049926757812,117.69100189208984,115.052001953125,117.14949798583984,116.11982727050781,31590000,GOOGL
2022-06-08,116.7614974975586,118.57050323486328,116.5999984741211,117.19400024414062,116.16394805908203,26108000,GOOGL
2022-06-09,116.32749938964844,118.29900360107422,114.7760009765625,114.83550262451172,113.82617950439453,25798000,GOOGL
2022-06-10,112.44499969482422,113.27899932861328,110.36599731445312,111.1614990234375,110.1844711303711,41452000,GOOGL
2022-06-13,106.7864990234375,108.79149627685547,106.11900329589844,106.39250183105469,105.45738220214844,47252000,GOOGL
2022-06-14,106.53500366210938,107.92449951171875,105.80000305175781,106.71549987792969,105.77754211425781,33706000,GOOGL
2022-06-15,108.54499816894531,111.42350006103516,107.66950225830078,109.7645034790039,108.79974365234375,39698000,GOOGL
2022-06-16,107.22100067138672,108.64849853515625,105.13800048828125,106.03350067138672,105.10154724121094,51684000,GOOGL
2022-06-17,106.03350067138672,108.69950103759766,105.0459976196289,107.14350128173828,106.20177459716797,51376000,GOOGL
2022-06-21,108.92949676513672,112.489501953125,108.5999984741211,111.54399871826172,110.5636215209961,47416000,GOOGL
2022-06-22,110.55650329589844,113.34649658203125,110.38249969482422,111.48750305175781,110.50760650634766,30774000,GOOGL
2022-06-23,112.23149871826172,112.74250030517578,110.50050354003906,112.24199676513672,111.25546264648438,28362000,GOOGL
2022-06-24,112.99500274658203,118.0790023803711,112.95249938964844,117.9749984741211,116.9380874633789,41164000,GOOGL
2022-06-27,118.27300262451172,118.57949829101562,115.17949676513672,115.83350372314453,114.8154067993164,36420000,GOOGL
2022-06-28,115.80249786376953,117.30950164794922,111.8479995727539,112.00749969482422,111.02304077148438,35792000,GOOGL
2022-06-29,111.552001953125,113.1604995727539,110.87249755859375,111.70149993896484,110.71971893310547,24716000,GOOGL
2022-06-30,110.0,110.88800048828125,106.75,108.96299743652344,108.00528717041016,43170000,GOOGL
2022-07-01,107.93299865722656,109.25,106.73049926757812,108.73750305175781,107.78176879882812,35476000,GOOGL
2022-07-05,107.10050201416016,113.37699890136719,105.73149871826172,113.26300048828125,112.26749420166016,39342000,GOOGL
2022-07-06,113.302001953125,115.5895004272461,111.47599792480469,114.5719985961914,113.56498718261719,37432000,GOOGL
2022-07-07,115.08000183105469,119.18949890136719,114.83350372314453,118.78299713134766,117.73898315429688,40936000,GOOGL
2022-07-08,117.25,119.68499755859375,116.90149688720703,119.35350036621094,118.30447387695312,38238000,GOOGL
2022-07-11,117.99800109863281,117.99800109863281,115.33049774169922,115.67649841308594,114.6597900390625,31196000,GOOGL
2022-07-12,116.21499633789062,116.9739990234375,113.69000244140625,114.02050018310547,113.0183334350586,29960000,GOOGL
2022-07-13,111.70099639892578,114.19599914550781,111.20149993896484,111.35350036621094,110.37478637695312,43722000,GOOGL
2022-07-14,110.21050262451172,111.09300231933594,108.37300109863281,110.36750030517578,109.39745330810547,37004000,GOOGL
2022-07-15,112.00050354003906,113.1405029296875,110.9000015258789,111.77749633789062,110.79505157470703,46770000,GOOGL
2022-07-18,112.63999938964844,113.68000030517578,108.37000274658203,109.02999877929688,108.07169342041016,43164600,GOOGL
2022-07-19,110.8499984741211,114.0199966430664,109.55999755859375,113.80999755859375,112.80968475341797,36530900,GOOGL
2022-07-20,113.16999816894531,115.4000015258789,112.4800033569336,113.9000015258789,112.89891052246094,35600400,GOOGL
2022-07-21,114.27999877929688,114.55000305175781,111.11000061035156,114.33999633789062,113.33503723144531,32676200,GOOGL
2022-07-22,111.0,112.33999633789062,106.5,107.9000015258789,106.95162963867188,48901200,GOOGL
2022-07-25,108.41000366210938,109.87000274658203,106.30000305175781,107.51000213623047,106.56507873535156,34690900,GOOGL
2022-07-26,106.5999984741211,107.19999694824219,104.06999969482422,105.0199966430664,104.09693908691406,47991000,GOOGL
2022-07-27,109.26000213623047,113.91000366210938,108.01000213623047,113.05999755859375,112.06627655029297,59858500,GOOGL
2022-07-28,112.37000274658203,114.33999633789062,111.45999908447266,114.22000122070312,113.21609497070312,32816600,GOOGL
2022-07-29,113.08000183105469,116.70999908447266,113.05999755859375,116.31999969482422,115.2976303100586,37223400,GOOGL
2022-08-01,115.30000305175781,116.72000122070312,114.33999633789062,114.86000061035156,113.8504638671875,26034300,GOOGL
2022-08-02,114.0,116.3499984741211,113.72000122070312,115.12999725341797,114.11808013916016,20236000,GOOGL
2022-08-03,115.70999908447266,118.62000274658203,115.4800033569336,118.08000183105469,117.04216003417969,28499000,GOOGL
2022-08-04,117.4800033569336,118.77999877929688,116.88999938964844,118.19000244140625,117.15119934082031,21602900,GOOGL
2022-08-05,116.2300033569336,118.11000061035156,116.0,117.47000122070312,116.43751525878906,19159500,GOOGL
2022-08-08,118.38999938964844,120.1500015258789,116.87999725341797,117.30000305175781,116.2690200805664,19138300,GOOGL
2022-08-09,117.13999938964844,117.31999969482422,115.70999908447266,116.62999725341797,115.60490417480469,19086500,GOOGL
2022-08-10,118.77999877929688,120.91999816894531,118.41000366210938,119.69999694824219,118.6479263305664,30930400,GOOGL
2022-08-11,121.27999877929688,121.48999786376953,118.55999755859375,118.83999633789062,117.79547882080078,24293700,GOOGL
2022-08-12,120.26000213623047,121.68000030517578,119.45999908447266,121.68000030517578,120.61051177978516,19096300,GOOGL
2022-08-15,121.12999725341797,122.30000305175781,120.61000061035156,122.08000183105469,121.00701141357422,19494800,GOOGL
2022-08-16,121.5199966430664,122.43000030517578,120.63999938964844,121.69999694824219,120.63034057617188,19041200,GOOGL
2022-08-17,120.12000274658203,121.29000091552734,119.37999725341797,119.55000305175781,118.49923706054688,22847000,GOOGL
2022-08-18,119.43000030517578,120.81999969482422,118.72000122070312,120.16999816894531,119.11378479003906,17987700,GOOGL
2022-08-19,119.05999755859375,119.1500015258789,116.76000213623047,117.20999908447266,116.17980194091797,21809500,GOOGL
2022-08-22,115.19999694824219,115.62999725341797,113.8499984741211,114.23999786376953,113.23591613769531,21456600,GOOGL
2022-08-23,113.4800033569336,115.01000213623047,113.43000030517578,113.86000061035156,112.8592529296875,15870400,GOOGL
2022-08-24,113.5,114.77999877929688,112.87000274658203,113.69000244140625,112.69074249267578,17734600,GOOGL
2022-08-25,114.23999786376953,116.72000122070312,114.11000061035156,116.6500015258789,115.6247329711914,16956800,GOOGL
2022-08-26,114.72000122070312,115.12000274658203,110.19000244140625,110.33999633789062,109.37018585205078,37245700,GOOGL
2022-08-29,109.98999786376953,110.94999694824219,108.80000305175781,109.41999816894531,108.4582748413086,21191200,GOOGL
2022-08-30,110.16999816894531,110.5,107.80000305175781,108.94000244140625,107.98249816894531,27513300,GOOGL
2022-08-31,110.6500015258789,110.8499984741211,108.12999725341797,108.22000122070312,107.26881408691406,28627000,GOOGL
2022-09-01,108.27999877929688,110.44999694824219,107.36000061035156,109.73999786376953,108.77546691894531,28360900,GOOGL
2022-09-02,110.58999633789062,110.73999786376953,107.26000213623047,107.8499984741211,106.90206909179688,24160700,GOOGL
2022-09-06,107.30000305175781,108.02999877929688,105.77999877929688,106.80999755859375,105.87120819091797,25068300,GOOGL
2022-09-07,107.05999755859375,109.9800033569336,106.9000015258789,109.44999694824219,108.48800659179688,23167000,GOOGL
2022-09-08,108.04000091552734,109.5999984741211,107.16000366210938,108.37999725341797,107.42741394042969,24238300,GOOGL
2022-09-09,109.06999969482422,110.98999786376953,109.0199966430664,110.6500015258789,109.6774673461914,23197700,GOOGL
2022-09-12,110.98999786376953,111.62000274658203,109.93000030517578,110.86000061035156,109.88561248779297,22966800,GOOGL
2022-09-13,107.80000305175781,108.30000305175781,104.08999633789062,104.31999969482422,103.40310668945312,38172900,GOOGL
2022-09-14,104.56999969482422,105.27999877929688,103.66000366210938,105.0,104.07713317871094,26395100,GOOGL
2022-09-15,104.02999877929688,105.2699966430664,102.3499984741211,102.91000366210938,102.0054931640625,34188300,GOOGL
2022-09-16,102.06999969482422,103.12999725341797,100.94000244140625,102.80000305175781,101.89646911621094,42797200,GOOGL
2022-09-19,101.75,103.33000183105469,101.55000305175781,103.06999969482422,102.16409301757812,23036800,GOOGL
2022-09-20,102.08000183105469,102.37000274658203,100.5199966430664,101.13999938964844,100.25106048583984,26517100,GOOGL
2022-09-21,101.66999816894531,102.87999725341797,99.2699966430664,99.27999877929688,98.40739440917969,31487300,GOOGL
2022-09-22,98.81999969482422,101.23999786376953,98.79000091552734,100.13999938964844,99.25984954833984,34298600,GOOGL
2022-09-23,99.62999725341797,99.66000366210938,97.47000122070312,98.73999786376953,97.87213897705078,31625400,GOOGL
2022-09-26,98.0999984741211,99.87999725341797,97.80000305175781,98.16999816894531,97.30716705322266,27072700,GOOGL
2022-09-27,99.43000030517578,100.0,96.87000274658203,97.5,96.64303588867188,30072800,GOOGL
2022-09-28,97.6500015258789,100.69999694824219,97.11000061035156,100.05000305175781,99.170654296875,32466300,GOOGL
2022-09-29,98.63999938964844,98.63999938964844,95.95999908447266,97.41999816894531,96.5637435913086,31047200,GOOGL
2022-09-30,97.05000305175781,98.9000015258789,95.55999755859375,95.6500015258789,94.8093032836914,32941500,GOOGL
2022-10-03,96.76000213623047,99.29000091552734,96.5199966430664,98.63999938964844,97.77302551269531,27982000,GOOGL
2022-10-04,100.44000244140625,101.83999633789062,100.37999725341797,101.63999938964844,100.74665069580078,28850800,GOOGL
2022-10-05,99.83000183105469,101.93000030517578,98.80000305175781,101.43000030517578,100.53849792480469,22176900,GOOGL
2022-10-06,100.68000030517578,102.93000030517578,100.58999633789062,101.41999816894531,100.5285873413086,22324000,GOOGL
2022-10-07,99.8499984741211,100.52999877929688,98.30000305175781,98.68000030517578,97.81266784667969,27502800,GOOGL
2022-10-10,99.0,99.0999984741211,97.01000213623047,97.86000061035156,96.9998779296875,18225100,GOOGL
2022-10-11,97.43000030517578,99.25,96.30999755859375,97.18000030517578,96.32585906982422,26507100,GOOGL
2022-10-12,97.30000305175781,98.75,96.73999786376953,97.55999755859375,96.7025146484375,21876400,GOOGL
2022-10-13,95.1500015258789,99.77999877929688,94.37999725341797,99.05999755859375,98.1893310546875,34574500,GOOGL
2022-10-14,99.98999786376953,100.69000244140625,96.37000274658203,96.55999755859375,95.7113037109375,25410700,GOOGL
2022-10-17,98.86000061035156,100.93000030517578,98.83000183105469,99.97000122070312,99.09133911132812,28419200,GOOGL
2022-10-18,103.12999725341797,103.47000122070312,99.97000122070312,100.7699966430664,99.88430786132812,24060700,GOOGL
2022-10-19,100.01000213623047,101.0199966430664,98.91999816894531,99.62999725341797,98.75431823730469,23811100,GOOGL
2022-10-20,100.0,102.31999969482422,99.38999938964844,99.97000122070312,99.09133911132812,25323200,GOOGL
2022-10-21,97.8499984741211,101.30999755859375,97.72000122070312,101.12999725341797,100.24114990234375,32458700,GOOGL
2022-10-24,101.80000305175781,102.75,99.9800033569336,102.5199966430664,101.61892700195312,27176400,GOOGL
2022-10-25,102.9000015258789,104.81999969482422,102.72000122070312,104.4800033569336,103.56169128417969,40611400,GOOGL
2022-10-26,96.43000030517578,98.30999755859375,94.69000244140625,94.93000030517578,94.09564208984375,88114100,GOOGL
2022-10-27,94.5199966430664,95.43000030517578,91.80000305175781,92.22000122070312,91.40945434570312,60710900,GOOGL
2022-10-28,92.2699966430664,96.55000305175781,92.12999725341797,96.29000091552734,95.44367980957031,43697300,GOOGL
2022-10-31,95.41999816894531,96.02999877929688,93.9800033569336,94.51000213623047,93.6793212890625,31675000,GOOGL
2022-11-01,95.44999694824219,96.02999877929688,90.37000274658203,90.47000122070312,89.67483520507812,47161400,GOOGL
2022-11-02,90.94000244140625,91.18000030517578,86.87999725341797,86.97000122070312,86.20558166503906,57038300,GOOGL
2022-11-03,86.31999969482422,86.5199966430664,83.33999633789062,83.43000030517578,82.69670867919922,61288000,GOOGL
2022-11-04,85.4000015258789,86.63999938964844,83.70999908447266,86.58000183105469,85.81903839111328,51124900,GOOGL
2022-11-07,87.27999877929688,88.9000015258789,86.8499984741211,88.48999786376953,87.71222686767578,34078900,GOOGL
2022-11-08,88.9000015258789,90.31999969482422,87.58999633789062,88.9000015258789,88.1186294555664,30429000,GOOGL
2022-11-09,88.44999694824219,89.44000244140625,87.27999877929688,87.31999969482422,86.5525131225586,31769100,GOOGL
2022-11-10,92.25,94.38999938964844,91.61000061035156,93.94000244140625,93.11434936523438,51620100,GOOGL
2022-11-11,94.69000244140625,96.93000030517578,93.91999816894531,96.41000366210938,95.56263732910156,33090500,GOOGL
2022-11-14,95.08999633789062,96.79000091552734,94.51000213623047,95.69999694824219,94.85885620117188,30179500,GOOGL
2022-11-15,98.26000213623047,100.13999938964844,96.70999908447266,98.44000244140625,97.57477569580078,41640800,GOOGL
2022-11-16,97.9000015258789,99.63999938964844,97.63999938964844,98.8499984741211,97.98118591308594,29105200,GOOGL
2022-11-17,96.97000122070312,99.27999877929688,96.79000091552734,98.36000061035156,97.49547576904297,26052600,GOOGL
2022-11-18,98.7699966430664,98.9000015258789,96.37000274658203,97.43000030517578,96.57366180419922,28342300,GOOGL
2022-11-21,97.29000091552734,98.4000015258789,95.36000061035156,95.5999984741211,94.75975036621094,21647400,GOOGL
2022-11-22,95.94999694824219,97.22000122070312,94.05000305175781,97.05000305175781,96.1969985961914,23438500,GOOGL
2022-11-23,97.08999633789062,98.76000213623047,97.08999633789062,98.45999908447266,97.5946044921875,18868100,GOOGL
2022-11-25,98.23999786376953,98.63999938964844,97.4000015258789,97.45999908447266,96.60338592529297,9701400,GOOGL
2022-11-28,97.04000091552734,97.58000183105469,95.61000061035156,96.05000305175781,95.20579528808594,26237500,GOOGL
2022-11-29,95.7300033569336,96.12000274658203,94.11000061035156,95.19000244140625,94.35336303710938,20061700,GOOGL
2022-11-30,94.81999969482422,101.04000091552734,94.41999816894531,100.98999786376953,100.10237121582031,43647500,GOOGL
2022-12-01,101.0199966430664,102.25,100.25,100.98999786376953,100.10237121582031,28687100,GOOGL
2022-12-02,99.05000305175781,100.7699966430664,98.9000015258789,100.44000244140625,99.55719757080078,21480700,GOOGL
2022-12-05,99.4000015258789,101.37999725341797,99.0,99.4800033569336,98.60564422607422,24405100,GOOGL
2022-12-06,99.30000305175781,99.77999877929688,96.41999816894531,96.9800033569336,96.12760925292969,24910700,GOOGL
2022-12-07,96.41000366210938,96.87999725341797,94.72000122070312,94.94000244140625,94.10555267333984,31045400,GOOGL
2022-12-08,95.37999725341797,95.58000183105469,93.44999694824219,93.70999908447266,92.8863525390625,32213300,GOOGL
2022-12-09,93.7699966430664,94.26000213623047,92.75,92.83000183105469,92.01409149169922,28225400,GOOGL
2022-12-12,92.70999908447266,93.55999755859375,91.61000061035156,93.30999755859375,92.4898681640625,29420000,GOOGL
2022-12-13,97.76000213623047,99.52999877929688,95.02999877929688,95.62999725341797,94.78947448730469,40593700,GOOGL
2022-12-14,95.19999694824219,96.87000274658203,93.5999984741211,95.06999969482422,94.23441314697266,28733600,GOOGL
2022-12-15,93.12999725341797,93.63999938964844,90.01000213623047,90.86000061035156,90.06140899658203,40107000,GOOGL
2022-12-16,90.76000213623047,91.33000183105469,89.5199966430664,90.26000213623047,89.46668243408203,58011800,GOOGL
2022-12-19,90.26000213623047,90.55999755859375,88.20999908447266,88.44000244140625,87.66268157958984,29493000,GOOGL
2022-12-20,88.11000061035156,89.18000030517578,87.44000244140625,89.0199966430664,88.2375717163086,23453800,GOOGL
2022-12-21,89.08000183105469,90.22000122070312,88.31999969482422,89.58000183105469,88.79265594482422,24745600,GOOGL
2022-12-22,88.16000366210938,88.54000091552734,86.31999969482422,87.76000213623047,86.9886474609375,27658300,GOOGL
2022-12-23,87.11000061035156,89.55000305175781,87.06999969482422,89.2300033569336,88.44573211669922,23003000,GOOGL
2022-12-27,88.80000305175781,88.94000244140625,87.01000213623047,87.38999938964844,86.62189483642578,20097300,GOOGL
2022-12-28,86.9800033569336,88.04000091552734,85.94000244140625,86.0199966430664,85.26394653320312,19523200,GOOGL
2022-12-29,86.62000274658203,88.8499984741211,86.61000061035156,88.44999694824219,87.67257690429688,23333500,GOOGL
2022-12-30,86.9800033569336,88.30000305175781,86.56999969482422,88.2300033569336,87.45452117919922,23986300,GOOGL
2023-01-03,89.58999633789062,91.05000305175781,88.5199966430664,89.12000274658203,88.33670043945312,28131200,GOOGL
2023-01-04,90.3499984741211,90.6500015258789,87.2699966430664,88.08000183105469,87.30583953857422,34854800,GOOGL
2023-01-05,87.47000122070312,87.56999969482422,85.9000015258789,86.19999694824219,85.44236755371094,27194400,GOOGL
2023-01-06,86.79000091552734,87.69000244140625,84.86000061035156,87.33999633789062,86.57234954833984,41381500,GOOGL
2023-01-09,88.36000061035156,90.05000305175781,87.86000061035156,88.0199966430664,87.2463607788086,29003900,GOOGL
2023-01-10,85.9800033569336,88.66999816894531,85.83000183105469,88.41999816894531,87.64285278320312,30467800,GOOGL
2023-01-11,89.18000030517578,91.5999984741211,89.01000213623047,91.5199966430664,90.7155990600586,26862000,GOOGL
2023-01-12,91.4800033569336,91.87000274658203,89.75,91.12999725341797,90.32903289794922,30258100,GOOGL
2023-01-13,90.8499984741211,92.19000244140625,90.12999725341797,92.12000274658203,91.31033325195312,26329200,GOOGL
2023-01-17,92.05999755859375,92.25,90.05000305175781,91.29000091552734,90.48763275146484,32602400,GOOGL
2023-01-18,92.13999938964844,92.80000305175781,90.63999938964844,91.12000274658203,90.31912231445312,29116700,GOOGL
2023-01-19,90.72000122070312,93.61000061035156,90.62999725341797,93.05000305175781,92.2321548461914,37000400,GOOGL
2023-01-20,95.0999984741211,98.30000305175781,95.0199966430664,98.0199966430664,97.15846252441406,63191100,GOOGL
2023-01-23,97.94999694824219,100.04000091552734,97.5,99.79000091552734,98.91293334960938,40005100,GOOGL
2023-01-24,98.0999984741211,99.61000061035156,97.19999694824219,97.69999694824219,96.84127044677734,33078500,GOOGL
2023-01-25,95.56999969482422,96.16000366210938,93.76000213623047,95.22000122070312,94.38308715820312,42330000,GOOGL
2023-01-26,96.5,97.56999969482422,95.37999725341797,97.5199966430664,96.6628646850586,30114000,GOOGL
2023-01-27,97.30999755859375,100.31999969482422,97.30999755859375,99.37000274658203,98.4966049194336,33879800,GOOGL
2023-01-30,97.4800033569336,98.29000091552734,96.4000015258789,96.94000244140625,96.08796691894531,27226200,GOOGL
2023-01-31,96.87000274658203,98.87999725341797,96.81999969482422,98.83999633789062,97.97126770019531,29870700,GOOGL
2023-02-01,98.70999908447266,101.19000244140625,97.58000183105469,100.43000030517578,99.54729461669922,35531100,GOOGL
2023-02-02,105.80000305175781,107.8499984741211,105.61000061035156,107.73999786376953,106.79303741455078,69883800,GOOGL
2023-02-03,102.93000030517578,107.80999755859375,102.58000183105469,104.77999877929688,103.85906219482422,65309300,GOOGL
2023-02-06,102.4000015258789,104.36000061035156,101.87999725341797,102.9000015258789,101.9955825805664,31999600,GOOGL
2023-02-07,103.22000122070312,108.18000030517578,103.12000274658203,107.63999938964844,106.69391632080078,49010200,GOOGL
2023-02-08,102.05000305175781,103.13999938964844,98.04000091552734,99.37000274658203,98.4966049194336,94743500,GOOGL
2023-02-09,100.0,100.02999877929688,93.62999725341797,95.01000213623047,94.17493438720703,119455000,GOOGL
2023-02-10,95.44999694824219,96.75,94.25,94.56999969482422,93.7387924194336,54980700,GOOGL
2023-02-13,94.73999786376953,95.19999694824219,93.83999633789062,94.61000061035156,93.77843475341797,50076100,GOOGL
2023-02-14,94.43000030517578,94.8499984741211,92.26000213623047,94.68000030517578,93.84783172607422,54726100,GOOGL
2023-02-15,94.48999786376953,97.12000274658203,94.1500015258789,96.94000244140625,96.08796691894531,50169000,GOOGL
2023-02-16,95.37000274658203,97.68000030517578,94.73999786376953,95.51000213623047,94.6705322265625,42462600,GOOGL
2023-02-17,94.8499984741211,95.55999755859375,93.20999908447266,94.3499984741211,93.52073669433594,34284100,GOOGL
2023-02-21,93.0,93.0999984741211,91.72000122070312,91.79000091552734,90.98323822021484,33629300,GOOGL
2023-02-22,91.69999694824219,92.11000061035156,90.61000061035156,91.6500015258789,90.8444595336914,30884000,GOOGL
2023-02-23,91.91999816894531,91.94000244140625,89.76000213623047,90.88999938964844,90.09114074707031,41206400,GOOGL
2023-02-24,89.44000244140625,89.88999938964844,88.58000183105469,89.12999725341797,88.34660339355469,36585100,GOOGL
2023-02-27,89.87000274658203,90.16000366210938,89.33999633789062,89.87000274658203,89.08010864257812,27502300,GOOGL
2023-02-28,89.33000183105469,91.2300033569336,89.31999969482422,90.05999755859375,89.26844024658203,30142000,GOOGL
2023-03-01,89.9800033569336,91.02999877929688,89.66999816894531,90.36000061035156,89.56580352783203,31111200,GOOGL
2023-03-02,89.66000366210938,92.27999877929688,89.58999633789062,92.0,91.1913833618164,32204400,GOOGL
2023-03-03,92.4800033569336,93.7300033569336,92.44999694824219,93.6500015258789,92.82687377929688,35160100,GOOGL
2023-03-06,94.0199966430664,95.97000122070312,94.0,95.12999725341797,94.29387664794922,32639300,GOOGL
2023-03-07,94.9800033569336,95.66999816894531,93.52999877929688,93.86000061035156,93.0350570678711,27835500,GOOGL
2023-03-08,94.12000274658203,95.95999908447266,94.0,94.25,93.42160034179688,34103300,GOOGL
2023-03-09,94.05000305175781,95.52999877929688,91.9000015258789,92.31999969482422,91.50857543945312,28813500,GOOGL
2023-03-10,92.16999816894531,92.79000091552734,90.4000015258789,90.62999725341797,89.83341979980469,35941000,GOOGL
2023-03-13,90.08999633789062,92.56999969482422,89.41999816894531,91.11000061035156,90.30921173095703,37335600,GOOGL
2023-03-14,92.55999755859375,94.36000061035156,92.44000244140625,93.97000122070312,93.14407348632812,36050200,GOOGL
2023-03-15,93.22000122070312,96.93000030517578,92.63999938964844,96.11000061035156,95.2652587890625,50622100,GOOGL
2023-03-16,96.19999694824219,101.19000244140625,95.5,100.31999969482422,99.43826293945312,65492000,GOOGL
2023-03-17,100.26000213623047,102.83999633789062,100.0999984741211,101.62000274658203,100.7268295288086,61028500,GOOGL
2023-03-20,100.12000274658203,101.75,99.87000274658203,101.22000122070312,100.33035278320312,32960400,GOOGL
2023-03-21,101.25,105.0999984741211,101.22000122070312,104.91999816894531,103.9978256225586,42110300,GOOGL
2023-03-22,104.2699966430664,106.58999633789062,103.33000183105469,103.37000274658203,102.4614486694336,43427400,GOOGL
2023-03-23,105.05999755859375,106.30000305175781,104.45999908447266,105.5999984741211,104.67184448242188,40797800,GOOGL
2023-03-24,104.98999786376953,105.48999786376953,103.83999633789062,105.44000244140625,104.51325988769531,30393300,GOOGL
2023-03-27,104.62000274658203,104.76000213623047,101.93000030517578,102.45999908447266,101.5594482421875,31120900,GOOGL
2023-03-28,102.44000244140625,102.44999694824219,99.73999786376953,101.02999877929688,100.14201354980469,32057900,GOOGL
2023-03-29,102.27999877929688,102.48999786376953,100.6500015258789,101.38999938964844,100.49886322021484,28779600,GOOGL
2023-03-30,100.91000366210938,101.16000366210938,99.77999877929688,100.88999938964844,100.00325012207031,33086200,GOOGL
2023-03-31,101.30000305175781,103.88999938964844,101.04000091552734,103.7300033569336,102.81829071044922,36863400,GOOGL
2023-04-03,102.38999938964844,104.52999877929688,101.93000030517578,104.36000061035156,103.44274139404297,25035400,GOOGL
2023-04-04,104.33000183105469,105.58000183105469,104.04000091552734,104.72000122070312,103.7995834350586,24420100,GOOGL
2023-04-05,105.77999877929688,106.0999984741211,103.66000366210938,104.47000122070312,103.55178833007812,28290500,GOOGL
2023-04-06,105.26000213623047,109.16999816894531,104.33000183105469,108.41999816894531,107.4670639038086,48711500,GOOGL
2023-04-10,106.9800033569336,107.58999633789062,105.12000274658203,106.44000244140625,105.50447082519531,27067400,GOOGL
2023-04-11,106.55000305175781,106.7300033569336,104.68000030517578,105.3499984741211,104.42405700683594,26311800,GOOGL
2023-04-12,106.58000183105469,106.75,104.33999633789062,104.63999938964844,103.72028350830078,24370300,GOOGL
2023-04-13,105.83999633789062,107.48999786376953,105.83999633789062,107.43000030517578,106.48575592041016,24843600,GOOGL
2023-04-14,106.88999938964844,108.94000244140625,106.83999633789062,108.87000274658203,107.9131088256836,26578000,GOOGL
2023-04-17,104.66000366210938,106.16000366210938,104.5199966430664,105.97000122070312,105.0385971069336,37571200,GOOGL
2023-04-18,106.48999786376953,106.54000091552734,104.06999969482422,104.5,103.5815200805664,26596400,GOOGL
2023-04-19,103.58000183105469,104.9800033569336,103.06999969482422,104.18000030517578,103.26433563232422,20905700,GOOGL
2023-04-20,103.91000366210938,106.25,103.87000274658203,105.29000091552734,104.36458587646484,27820800,GOOGL
2023-04-21,105.47000122070312,106.0,104.77999877929688,105.41000366210938,104.48353576660156,25800100,GOOGL
2023-04-24,105.48999786376953,106.62999725341797,104.69999694824219,105.97000122070312,105.0385971069336,23542800,GOOGL
2023-04-25,105.83000183105469,106.69000244140625,103.83999633789062,103.8499984741211,102.9372329711914,46664100,GOOGL
2023-04-26,104.91999816894531,106.3499984741211,102.62999725341797,103.70999908447266,102.7984619140625,53347600,GOOGL
2023-04-27,104.44999694824219,108.37000274658203,103.54000091552734,107.58999633789062,106.64435577392578,50089200,GOOGL
2023-04-28,107.04000091552734,107.3499984741211,105.08999633789062,107.33999633789062,106.39654541015625,36139800,GOOGL
2023-05-01,106.83999633789062,107.98999786376953,106.81999969482422,107.19999694824219,106.25778198242188,26681700,GOOGL
2023-05-02,107.13999938964844,107.19999694824219,103.70999908447266,105.31999969482422,104.3943099975586,30997200,GOOGL
2023-05-03,105.52999877929688,107.48999786376953,104.95999908447266,105.41000366210938,104.48353576660156,21795400,GOOGL
2023-05-04,105.48999786376953,105.5999984741211,103.97000122070312,104.69000244140625,103.76985168457031,23419500,GOOGL
2023-05-05,104.81999969482422,105.87999725341797,104.11000061035156,105.56999969482422,104.6421127319336,26639300,GOOGL
2023-05-08,105.18000030517578,107.95999908447266,105.16000366210938,107.7699966430664,106.82276916503906,26511400,GOOGL
2023-05-09,108.38999938964844,110.1500015258789,107.19000244140625,107.3499984741211,106.40645599365234,36360100,GOOGL
2023-05-10,107.97000122070312,112.94000244140625,107.93000030517578,111.75,110.7677993774414,63153400,GOOGL
2023-05-11,115.4000015258789,117.91999816894531,114.41000366210938,116.56999969482422,115.5454330444336,78900000,GOOGL
2023-05-12,116.68000030517578,118.02999877929688,116.11000061035156,117.51000213623047,116.4771728515625,41102300,GOOGL
2023-05-15,116.11000061035156,118.4800033569336,116.01000213623047,116.51000213623047,115.4859619140625,36266800,GOOGL
2023-05-16,116.48999786376953,120.75,116.43000030517578,119.51000213623047,118.4595947265625,45035600,GOOGL
2023-05-17,119.61000061035156,121.66999816894531,118.88999938964844,120.83999633789062,119.77790069580078,33323600,GOOGL
2023-05-18,120.94999694824219,123.30999755859375,120.83000183105469,122.83000183105469,121.75041961669922,35234200,GOOGL
2023-05-19,123.55000305175781,125.97000122070312,122.1500015258789,122.76000213623047,121.6810302734375,41353400,GOOGL
2023-05-22,122.94000244140625,126.43000030517578,122.73999786376953,125.05000305175781,123.95089721679688,35253000,GOOGL
2023-05-23,124.16000366210938,124.62999725341797,122.20999908447266,122.55999755859375,121.4827880859375,34046300,GOOGL
2023-05-24,121.12000274658203,121.91000366210938,119.86000061035156,120.9000015258789,119.83737182617188,34182600,GOOGL
2023-05-25,124.5199966430664,125.31999969482422,121.95999908447266,123.4800033569336,122.39469909667969,42317000,GOOGL
2023-05-26,123.16999816894531,125.26000213623047,122.44999694824219,124.61000061035156,123.5147705078125,35635900,GOOGL
2023-05-30,125.63999938964844,125.66000366210938,122.0,123.66999816894531,122.58302307128906,35076700,GOOGL
2023-05-31,122.75,124.05999755859375,122.5,122.87000274658203,121.79005432128906,37325800,GOOGL
2023-06-01,122.81999969482422,124.41999816894531,122.62000274658203,123.72000122070312,122.63257598876953,30772700,GOOGL
2023-06-02,123.98999786376953,126.1500015258789,123.76000213623047,124.66999816894531,123.57423400878906,26980100,GOOGL
2023-06-05,124.01000213623047,127.43000030517578,123.83999633789062,126.01000213623047,124.9024658203125,32305500,GOOGL
2023-06-06,126.01000213623047,128.2899932861328,125.36000061035156,127.30999755859375,126.19103240966797,26638300,GOOGL
2023-06-07,126.97000122070312,129.0399932861328,122.12000274658203,122.5,121.4233169555664,52539000,GOOGL
2023-06-08,122.2300033569336,123.2300033569336,121.23999786376953,122.13999938964844,121.06646728515625,29389200,GOOGL
2023-06-09,122.25,123.76000213623047,121.91000366210938,122.2300033569336,121.15569305419922,23778300,GOOGL
2023-06-12,122.79000091552734,124.05000305175781,121.66000366210938,123.63999938964844,122.55329895019531,28306400,GOOGL
2023-06-13,124.9800033569336,125.16000366210938,123.18000030517578,123.83000183105469,122.74163818359375,22278300,GOOGL
2023-06-14,123.0999984741211,124.05000305175781,121.44999694824219,123.66999816894531,122.58302307128906,30592300,GOOGL
2023-06-15,123.13999938964844,125.45999908447266,122.4000015258789,125.08999633789062,123.99055480957031,35246300,GOOGL
2023-06-16,125.93000030517578,126.11000061035156,123.27999877929688,123.52999877929688,122.44425964355469,45535600,GOOGL
2023-06-20,122.93000030517578,124.56999969482422,122.13999938964844,123.0999984741211,122.01805114746094,26097500,GOOGL
2023-06-21,122.4000015258789,122.66000366210938,120.0999984741211,120.55000305175781,119.4904556274414,30306300,GOOGL
2023-06-22,120.0,123.23999786376953,118.83000183105469,123.1500015258789,122.0676040649414,26952200,GOOGL
2023-06-23,121.37999725341797,122.79000091552734,121.05999755859375,122.33999633789062,121.26471710205078,34913600,GOOGL
2023-06-26,120.76000213623047,122.0,118.2699966430664,118.33999633789062,117.29986572265625,33969900,GOOGL
2023-06-27,117.08000183105469,119.08000183105469,116.0999984741211,118.33000183105469,117.28997039794922,39535900,GOOGL
2023-06-28,117.08999633789062,120.38999938964844,116.8499984741211,120.18000030517578,119.12371063232422,27091400,GOOGL
2023-06-29,119.23999786376953,120.05999755859375,118.30000305175781,119.0999984741211,118.05321502685547,24090900,GOOGL
2023-06-30,120.16999816894531,121.08000183105469,119.69000244140625,119.69999694824219,118.6479263305664,29532200,GOOGL
2023-07-03,119.23999786376953,120.19000244140625,118.81999969482422,119.9000015258789,118.8461685180664,14467900,GOOGL
2023-07-05,119.23999786376953,122.61000061035156,119.2300033569336,121.75,120.67990112304688,27584800,GOOGL
2023-07-06,119.80000305175781,120.30000305175781,118.4000015258789,120.11000061035156,119.0543212890625,24745200,GOOGL
2023-07-07,120.0999984741211,121.05000305175781,119.4000015258789,119.4800033569336,118.42986297607422,21709500,GOOGL
2023-07-10,118.30000305175781,118.30999755859375,116.13999938964844,116.44999694824219,115.42648315429688,35315200,GOOGL
2023-07-11,116.29000091552734,117.70999908447266,115.3499984741211,117.13999938964844,116.11042785644531,23078800,GOOGL
2023-07-12,118.80000305175781,120.33000183105469,118.41000366210938,118.93000030517578,117.88468170166016,30404400,GOOGL
2023-07-13,120.93000030517578,124.83000183105469,120.44999694824219,124.54000091552734,123.44538116455078,44297900,GOOGL
2023-07-14,124.80000305175781,126.77999877929688,123.48999786376953,125.41999816894531,124.31764221191406,33283100,GOOGL
2023-07-17,125.94000244140625,127.0999984741211,124.19999694824219,124.6500015258789,123.5544204711914,25716200,GOOGL
2023-07-18,124.5999984741211,124.68000030517578,122.95999908447266,123.76000213623047,122.67223358154297,26193600,GOOGL
2023-07-19,124.5999984741211,125.18000030517578,121.80000305175781,122.02999877929688,120.95743560791016,37224000,GOOGL
2023-07-20,121.41999816894531,124.08999633789062,118.22000122070312,119.19999694824219,118.1523208618164,37906800,GOOGL
2023-07-21,120.62000274658203,120.98999786376953,118.7300033569336,120.0199966430664,118.96510314941406,72937900,GOOGL
2023-07-24,121.66000366210938,123.0,120.9800033569336,121.52999877929688,120.46183776855469,29686100,GOOGL
2023-07-25,121.36000061035156,123.1500015258789,121.0199966430664,122.20999908447266,121.13585662841797,52509600,GOOGL
2023-07-26,130.07000732421875,130.97999572753906,128.32000732421875,129.27000427246094,128.13380432128906,61682100,GOOGL
2023-07-27,131.6699981689453,133.24000549316406,128.7899932861328,129.39999389648438,128.2626495361328,44952100,GOOGL
2023-07-28,130.77999877929688,133.74000549316406,130.57000732421875,132.5800018310547,131.41470336914062,36591200,GOOGL
2023-07-31,132.72999572753906,133.52999877929688,131.77999877929688,132.72000122070312,131.5535125732422,28055500,GOOGL
2023-08-01,130.77999877929688,132.6300048828125,130.67999267578125,131.5500030517578,130.3937530517578,23166800,GOOGL
2023-08-02,129.4499969482422,130.08999633789062,127.55999755859375,128.3800048828125,127.25162506103516,26273300,GOOGL
2023-08-03,127.97000122070312,129.38999938964844,127.41999816894531,128.4499969482422,127.32101440429688,20089500,GOOGL
2023-08-04,129.27999877929688,131.50999450683594,127.91000366210938,128.11000061035156,126.98400115966797,26147200,GOOGL
2023-08-07,129.16000366210938,131.61000061035156,129.02000427246094,131.52999877929688,130.37393188476562,22746300,GOOGL
2023-08-08,130.6199951171875,131.50999450683594,129.5399932861328,131.39999389648438,130.24508666992188,23535200,GOOGL
2023-08-09,131.66000366210938,132.0399932861328,129.0,129.66000366210938,128.5203857421875,24912900,GOOGL
2023-08-10,131.32000732421875,132.0500030517578,129.4499969482422,129.69000244140625,128.5501251220703,20857800,GOOGL
2023-08-11,128.66000366210938,129.92999267578125,128.1699981689453,129.55999755859375,128.4212646484375,19591100,GOOGL
2023-08-14,129.38999938964844,131.3699951171875,128.9600067138672,131.3300018310547,130.17568969726562,24695600,GOOGL
2023-08-15,131.10000610351562,131.4199981689453,129.27999877929688,129.77999877929688,128.6393280029297,19770700,GOOGL
2023-08-16,128.6999969482422,130.27999877929688,127.87000274658203,128.6999969482422,127.56880950927734,25216100,GOOGL
2023-08-17,129.8000030517578,131.99000549316406,129.2899932861328,129.9199981689453,128.77809143066406,33446300,GOOGL
2023-08-18,128.50999450683594,129.25,126.37999725341797,127.45999908447266,126.3397216796875,30504800,GOOGL
2023-08-21,127.18000030517578,128.72999572753906,126.55999755859375,128.3699951171875,127.2417221069336,25248700,GOOGL
2023-08-22,128.50999450683594,130.27999877929688,128.32000732421875,129.0800018310547,127.94547271728516,22054900,GOOGL
2023-08-23,130.17999267578125,133.41000366210938,129.8699951171875,132.3699951171875,131.20654296875,27819700,GOOGL
2023-08-24,133.9499969482422,134.25,129.57000732421875,129.77999877929688,128.6393280029297,28500700,GOOGL
2023-08-25,129.5399932861328,130.75999450683594,127.25,129.8800048828125,128.73841857910156,26762900,GOOGL
2023-08-28,131.30999755859375,132.5399932861328,130.13999938964844,131.00999450683594,129.85850524902344,20543300,GOOGL
2023-08-29,132.24000549316406,136.57000732421875,132.24000549316406,134.57000732421875,133.38722229003906,43075600,GOOGL
2023-08-30,134.77999877929688,136.27999877929688,134.07000732421875,135.8800048828125,134.6857147216797,28315800,GOOGL
2023-08-31,136.00999450683594,138.0,135.7899932861328,136.1699981689453,134.97315979003906,30053800,GOOGL
2023-09-01,137.4600067138672,137.4600067138672,134.85000610351562,135.66000366210938,134.46766662597656,21543700,GOOGL
2023-09-05,135.44000244140625,136.4199981689453,134.5800018310547,135.77000427246094,134.57667541503906,19403100,GOOGL
2023-09-06,136.02000427246094,136.52999877929688,133.6699981689453,134.4600067138672,133.2781982421875,18684500,GOOGL
2023-09-07,133.58999633789062,135.5800018310547,132.9499969482422,135.25999450683594,134.07115173339844,18844300,GOOGL
2023-09-08,134.91000366210938,136.66000366210938,134.85000610351562,136.3800048828125,135.1813201904297,23558300,GOOGL
2023-09-11,136.5399932861328,137.47999572753906,135.7899932861328,136.9199981689453,135.716552734375,20763400,GOOGL
2023-09-12,136.25999450683594,136.8699951171875,135.19000244140625,135.33999633789062,134.1504364013672,18405500,GOOGL
2023-09-13,135.08999633789062,136.89999389648438,134.14999389648438,136.7100067138672,135.50843811035156,20749500,GOOGL
2023-09-14,137.60000610351562,138.6999969482422,136.24000549316406,138.10000610351562,136.88621520996094,24751000,GOOGL
2023-09-15,137.97999572753906,138.52000427246094,136.47999572753906,137.39999389648438,136.19235229492188,38919600,GOOGL
2023-09-18,136.61000061035156,139.16000366210938,136.61000061035156,138.2100067138672,136.99522399902344,21861300,GOOGL
2023-09-19,137.4199981689453,138.41000366210938,136.6199951171875,138.0399932861328,136.82672119140625,20353700,GOOGL
2023-09-20,138.0800018310547,138.0800018310547,133.6199951171875,133.74000549316406,132.5645294189453,29927500,GOOGL
2023-09-21,131.44000244140625,132.22999572753906,130.07000732421875,130.44000244140625,129.2935028076172,31503900,GOOGL
2023-09-22,130.75999450683594,132.02999877929688,129.60000610351562,130.25,129.10520935058594,26397300,GOOGL
2023-09-25,129.8300018310547,131.1699981689453,128.9600067138672,131.11000061035156,129.9576416015625,20094600,GOOGL
2023-09-26,129.77000427246094,130.36000061035156,127.22000122070312,128.57000732421875,127.4399642944336,25718700,GOOGL
2023-09-27,128.57000732421875,130.89999389648438,128.57000732421875,130.5399932861328,129.3926544189453,22746500,GOOGL
2023-09-28,129.83999633789062,133.3000030517578,129.7899932861328,132.30999755859375,131.1470947265625,22513100,GOOGL
2023-09-29,133.27999877929688,134.0500030517578,130.36000061035156,130.86000061035156,129.70982360839844,30859800,GOOGL
2023-10-02,131.2100067138672,134.4199981689453,131.1699981689453,134.1699981689453,132.99073791503906,22288000,GOOGL
2023-10-03,133.94000244140625,134.25999450683594,131.83999633789062,132.42999267578125,131.26605224609375,22989400,GOOGL
2023-10-04,132.7899932861328,135.57000732421875,132.52999877929688,135.24000549316406,134.0513458251953,26752300,GOOGL
2023-10-05,135.07000732421875,135.49000549316406,133.4499969482422,135.07000732421875,133.88282775878906,19832600,GOOGL
2023-10-06,134.00999450683594,138.16000366210938,134.00999450683594,137.5800018310547,136.3707733154297,27597600,GOOGL
2023-10-09,136.94000244140625,138.94000244140625,135.61000061035156,138.4199981689453,137.203369140625,19278100,GOOGL
2023-10-10,138.5,139.72000122070312,137.3300018310547,138.05999755859375,136.8465576171875,27786600,GOOGL
2023-10-11,138.5800018310547,141.11000061035156,138.5800018310547,140.5500030517578,139.3146514892578,25884300,GOOGL
2023-10-12,141.0500030517578,141.22000122070312,138.25999450683594,138.97000122070312,137.74855041503906,24765500,GOOGL
2023-10-13,139.3800048828125,140.0,136.6199951171875,137.36000061035156,136.15269470214844,23420500,GOOGL
2023-10-16,138.1699981689453,139.6300048828125,137.99000549316406,139.10000610351562,137.8773956298828,28501900,GOOGL
2023-10-17,138.6300048828125,139.89999389648438,137.17999267578125,139.72000122070312,138.49197387695312,23515800,GOOGL
2023-10-18,139.4499969482422,140.72000122070312,137.3800048828125,137.9600067138672,136.74745178222656,23375000,GOOGL
2023-10-19,138.5,139.66000366210938,137.3800048828125,137.75,136.53927612304688,26066000,GOOGL
2023-10-20,137.3300018310547,137.8699951171875,135.0800018310547,135.60000610351562,134.4081573486328,26335700,GOOGL
2023-10-23,135.0399932861328,137.66000366210938,133.9499969482422,136.5,135.30027770996094,26317900,GOOGL
2023-10-24,137.8300018310547,139.36000061035156,137.4199981689453,138.80999755859375,137.58993530273438,44814300,GOOGL
2023-10-25,128.16000366210938,128.30999755859375,125.06999969482422,125.61000061035156,124.50597381591797,84366200,GOOGL
2023-10-26,123.2699966430664,124.33000183105469,121.2699966430664,122.27999877929688,121.20523834228516,57061100,GOOGL
2023-10-27,122.87999725341797,123.30999755859375,120.20999908447266,122.16999816894531,121.09620666503906,44566500,GOOGL
2023-10-30,123.20999908447266,125.4000015258789,122.75,124.45999908447266,123.3660888671875,28940100,GOOGL
2023-10-31,125.05999755859375,125.37000274658203,122.69000244140625,124.08000183105469,122.98941802978516,26292300,GOOGL
2023-11-01,124.06999969482422,126.48999786376953,123.72000122070312,126.44999694824219,125.33859252929688,30082400,GOOGL
2023-11-02,128.4199981689453,128.97999572753906,126.93000030517578,127.48999786376953,126.36945343017578,27124600,GOOGL
2023-11-03,128.02000427246094,129.52999877929688,127.86000061035156,129.10000610351562,127.96532440185547,26393100,GOOGL
2023-11-06,129.0500030517578,130.33999633789062,128.6699981689453,130.25,129.10520935058594,19052700,GOOGL
2023-11-07,130.7100067138672,131.91000366210938,129.8800048828125,130.97000122070312,129.81887817382812,29757300,GOOGL
2023-11-08,130.97000122070312,132.2100067138672,130.77999877929688,131.83999633789062,130.68121337890625,26425800,GOOGL
2023-11-09,131.9600067138672,132.5500030517578,130.07000732421875,130.24000549316406,129.09527587890625,23747800,GOOGL
2023-11-10,130.10000610351562,132.8000030517578,129.41000366210938,132.58999633789062,131.4246368408203,26913300,GOOGL
2023-11-13,131.77999877929688,132.58999633789062,131.25,132.08999633789062,130.9290008544922,18324800,GOOGL
2023-11-14,134.19000244140625,135.6999969482422,133.32000732421875,133.6199951171875,132.44557189941406,32395200,GOOGL
2023-11-15,134.8699951171875,135.02999877929688,133.57000732421875,134.6199951171875,133.436767578125,23861500,GOOGL
2023-11-16,135.19000244140625,137.22000122070312,134.32000732421875,136.92999267578125,135.7264862060547,28013200,GOOGL
2023-11-17,136.0,136.05999755859375,133.64999389648438,135.30999755859375,134.12071228027344,37240600,GOOGL
2023-11-20,133.69000244140625,136.66000366210938,133.6199951171875,136.25,135.05247497558594,27815500,GOOGL
2023-11-21,136.2899932861328,137.17999267578125,135.9600067138672,136.97000122070312,135.76612854003906,22635300,GOOGL
2023-11-22,137.47000122070312,139.4199981689453,137.47000122070312,138.49000549316406,137.27276611328125,17813900,GOOGL
2023-11-24,138.02999877929688,138.1300048828125,135.99000549316406,136.69000244140625,135.4886016845703,12514300,GOOGL
2023-11-27,136.02999877929688,138.4199981689453,136.0,136.41000366210938,135.21107482910156,23436500,GOOGL
2023-11-28,136.0800018310547,137.25,135.4199981689453,137.1999969482422,135.9940948486328,18730000,GOOGL
2023-11-29,137.57000732421875,138.2899932861328,134.83999633789062,134.99000549316406,133.8035430908203,23967200,GOOGL
2023-11-30,135.0500030517578,135.5500030517578,131.27999877929688,132.52999877929688,131.36514282226562,38988300,GOOGL
2023-12-01,131.86000061035156,132.11000061035156,130.6699981689453,131.86000061035156,130.70103454589844,31442300,GOOGL
2023-12-04,129.8800048828125,130.02999877929688,127.9000015258789,129.27000427246094,128.13380432128906,36669900,GOOGL
2023-12-05,128.9499969482422,132.13999938964844,128.25,130.99000549316406,129.8386993408203,27384800,GOOGL
2023-12-06,131.44000244140625,131.83999633789062,129.8800048828125,130.02000427246094,128.87721252441406,23576200,GOOGL
2023-12-07,135.0399932861328,138.55999755859375,134.6999969482422,136.92999267578125,135.7264862060547,56767100,GOOGL
2023-12-08,134.1999969482422,136.39999389648438,134.02999877929688,134.99000549316406,133.8035430908203,32260100,GOOGL
2023-12-11,132.3800048828125,133.33999633789062,131.36000061035156,133.2899932861328,132.1184539794922,31138000,GOOGL
2023-12-12,131.80999755859375,133.0,131.25999450683594,132.52000427246094,131.3552703857422,29032800,GOOGL
2023-12-13,133.3800048828125,133.5,131.57000732421875,132.57000732421875,131.40481567382812,30104800,GOOGL
2023-12-14,133.3800048828125,133.72000122070312,129.69000244140625,131.94000244140625,130.78030395507812,38722400,GOOGL
2023-12-15,131.6199951171875,133.50999450683594,131.17999267578125,132.60000610351562,131.43453979492188,50847100,GOOGL
2023-12-18,132.6300048828125,137.14999389648438,132.42999267578125,135.8000030517578,134.6064453125,32258000,GOOGL
2023-12-19,136.83999633789062,137.47000122070312,136.0800018310547,136.64999389648438,135.44895935058594,25476800,GOOGL
2023-12-20,138.97000122070312,141.6999969482422,138.07000732421875,138.33999633789062,137.1240997314453,49107200,GOOGL
2023-12-21,139.49000549316406,140.69000244140625,139.17999267578125,140.4199981689453,139.185791015625,27488300,GOOGL
2023-12-22,140.77000427246094,141.99000549316406,140.7100067138672,141.49000549316406,140.2464141845703,26532200,GOOGL
2023-12-26,141.58999633789062,142.67999267578125,141.19000244140625,141.52000427246094,140.27615356445312,16780300,GOOGL
2023-12-27,141.58999633789062,142.0800018310547,139.88999938964844,140.3699951171875,139.13624572753906,19628600,GOOGL
2023-12-28,140.77999877929688,141.13999938964844,139.75,140.22999572753906,138.99745178222656,16045700,GOOGL
2023-12-29,139.6300048828125,140.36000061035156,138.77999877929688,139.69000244140625,138.46221923828125,18733000,GOOGL
2024-01-02,138.5500030517578,139.4499969482422,136.47999572753906,138.1699981689453,136.95558166503906,23711200,GOOGL
2024-01-03,137.25,139.6300048828125,137.0800018310547,138.9199981689453,137.69898986816406,24212100,GOOGL
2024-01-04,138.4199981689453,139.16000366210938,136.35000610351562,136.38999938964844,135.19122314453125,27137700,GOOGL
2024-01-05,136.75,137.16000366210938,135.14999389648438,135.72999572753906,134.53704833984375,22513900,GOOGL
2024-01-08,136.2899932861328,139.00999450683594,136.25999450683594,138.83999633789062,137.6197052001953,21404000,GOOGL
2024-01-09,138.5,141.49000549316406,138.14999389648438,140.9499969482422,139.7111358642578,24759600,GOOGL
2024-01-10,141.0,143.0,140.91000366210938,142.27999877929688,141.02944946289062,21320200,GOOGL
2024-01-11,143.49000549316406,145.22000122070312,140.63999938964844,142.0800018310547,140.8312225341797,24008700,GOOGL
2024-01-12,142.6699981689453,143.1999969482422,141.82000732421875,142.64999389648438,141.39622497558594,18785500,GOOGL
2024-01-16,142.0,144.35000610351562,141.4499969482422,142.49000549316406,141.23760986328125,22670500,GOOGL
2024-01-17,141.35000610351562,141.83999633789062,138.89999389648438,141.47000122070312,140.2265625,20968600,GOOGL
2024-01-18,142.0500030517578,144.2100067138672,141.99000549316406,143.47999572753906,142.21890258789062,25746400,GOOGL
2024-01-19,144.74000549316406,146.4499969482422,144.3800048828125,146.3800048828125,145.09341430664062,34271900,GOOGL
2024-01-22,147.10000610351562,148.38999938964844,145.83999633789062,145.99000549316406,144.7068634033203,32200400,GOOGL
2024-01-23,145.88999938964844,147.17999267578125,145.5,147.0399932861328,145.7476348876953,21636100,GOOGL
2024-01-24,148.5399932861328,149.85000610351562,148.10000610351562,148.6999969482422,147.39305114746094,25233500,GOOGL
2024-01-25,150.07000732421875,153.0500030517578,149.5399932861328,151.8699951171875,150.53517150878906,29149100,GOOGL
2024-01-26,151.10000610351562,152.5399932861328,151.00999450683594,152.19000244140625,150.85235595703125,26115500,GOOGL
2024-01-29,152.05999755859375,153.77999877929688,151.42999267578125,153.50999450683594,152.16073608398438,27784300,GOOGL
2024-01-30,152.8000030517578,153.6199951171875,151.19000244140625,151.4600067138672,150.1287841796875,36331800,GOOGL
2024-01-31,143.6199951171875,144.0,139.8699951171875,140.10000610351562,138.86862182617188,71910000,GOOGL
2024-02-01,142.1199951171875,143.05999755859375,140.7899932861328,141.16000366210938,139.91932678222656,40466500,GOOGL
2024-02-02,139.25999450683594,142.6199951171875,136.5,142.3800048828125,141.12857055664062,62499600,GOOGL
2024-02-05,142.82000732421875,145.47000122070312,142.77999877929688,143.67999267578125,142.4171600341797,38505400,GOOGL
2024-02-06,144.64999389648438,145.36000061035156,143.19000244140625,144.10000610351562,142.83346557617188,29128200,GOOGL
2024-02-07,144.75999450683594,145.6199951171875,143.92999267578125,145.5399932861328,144.2607879638672,25208900,GOOGL
2024-02-08,145.8300018310547,146.3300018310547,145.10000610351562,145.91000366210938,144.6275634765625,22563800,GOOGL
2024-02-09,146.67999267578125,149.44000244140625,146.17999267578125,149.0,147.69041442871094,26829500,GOOGL
2024-02-12,148.4199981689453,149.33999633789062,147.3699951171875,147.52999877929688,146.23330688476562,21564100,GOOGL
2024-02-13,144.9199981689453,146.6699981689453,143.69000244140625,145.13999938964844,143.86431884765625,27837700,GOOGL
2024-02-14,146.0800018310547,146.52000427246094,144.08999633789062,145.94000244140625,144.6573028564453,22704200,GOOGL
2024-02-15,143.13999938964844,143.52000427246094,140.4600067138672,142.77000427246094,141.51516723632812,37590700,GOOGL
2024-02-16,142.99000549316406,143.19000244140625,140.13999938964844,140.52000427246094,139.28494262695312,31468900,GOOGL
2024-02-20,139.66000366210938,142.0800018310547,139.49000549316406,141.1199951171875,139.87966918945312,25144700,GOOGL
2024-02-21,141.4499969482422,142.69000244140625,140.67999267578125,142.5500030517578,141.2970733642578,23223300,GOOGL
2024-02-22,144.92999267578125,145.0,142.8000030517578,144.08999633789062,142.8235321044922,27191900,GOOGL
2024-02-23,143.6699981689453,144.67999267578125,143.42999267578125,143.9600067138672,142.6947021484375,19493800,GOOGL
2024-02-26,142.13999938964844,142.44000244140625,137.38999938964844,137.57000732421875,136.36085510253906,53641800,GOOGL
2024-02-27,138.02000427246094,139.25,137.08999633789062,138.8800048828125,137.65933227539062,33099200,GOOGL
2024-02-28,137.89999389648438,138.00999450683594,135.41000366210938,136.3800048828125,135.1813201904297,37328600,GOOGL
2024-02-29,137.27999877929688,138.86000061035156,136.39999389648438,138.4600067138672,137.24307250976562,42133000,GOOGL
2024-03-01,138.42999267578125,138.8699951171875,136.9199981689453,137.13999938964844,135.93463134765625,31151100,GOOGL
2024-03-04,135.66000366210938,135.66000366210938,131.91000366210938,133.35000610351562,132.17796325683594,55999400,GOOGL
2024-03-05,131.8800048828125,133.24000549316406,130.6699981689453,132.6699981689453,131.5039520263672,40194800,GOOGL
2024-03-06,133.1199951171875,133.5800018310547,130.85000610351562,131.39999389648438,130.24508666992188,35318600,GOOGL
2024-03-07,132.7899932861328,134.94000244140625,131.61000061035156,134.3800048828125,133.19888305664062,37738200,GOOGL
2024-03-08,134.2100067138672,138.08999633789062,134.0,135.41000366210938,134.21983337402344,39370400,GOOGL
2024-03-11,136.1300048828125,139.10000610351562,136.1300048828125,137.6699981689453,136.45997619628906,32437800,GOOGL
2024-03-12,137.02999877929688,139.3800048828125,137.02999877929688,138.5,137.28268432617188,27563400,GOOGL
2024-03-13,139.0,141.08999633789062,138.99000549316406,139.7899932861328,138.5613250732422,23347200,GOOGL
2024-03-14,141.19000244140625,143.58999633789062,140.4600067138672,143.10000610351562,141.8422393798828,42753400,GOOGL
2024-03-15,142.5,143.17999267578125,140.02999877929688,141.17999267578125,139.93910217285156,49475400,GOOGL
2024-03-18,148.61000061035156,152.14999389648438,147.1699981689453,147.67999267578125,146.38201904296875,69273700,GOOGL
2024-03-19,148.16000366210938,148.7899932861328,146.0800018310547,147.02999877929688,145.73770141601562,24070400,GOOGL
2024-03-20,148.0,148.86000061035156,146.74000549316406,148.74000549316406,147.4326934814453,21311500,GOOGL
2024-03-21,149.47000122070312,150.3699951171875,146.89999389648438,147.60000610351562,146.30270385742188,24755600,GOOGL
2024-03-22,149.1199951171875,151.5800018310547,148.97999572753906,150.77000427246094,149.44485473632812,29211800,GOOGL
2024-03-25,149.94000244140625,150.3800048828125,147.82000732421875,150.07000732421875,148.75099182128906,19229300,GOOGL
2024-03-26,150.22000122070312,152.25999450683594,149.97999572753906,150.6699981689453,149.34571838378906,22149100,GOOGL
2024-03-27,151.17999267578125,151.63999938964844,148.89999389648438,150.8699951171875,149.5439453125,22879200,GOOGL
2024-03-28,150.85000610351562,151.42999267578125,150.1699981689453,150.92999267578125,149.60342407226562,24485400,GOOGL
2024-04-01,150.69000244140625,155.74000549316406,150.61000061035156,155.49000549316406,154.12338256835938,31730800,GOOGL
2024-04-02,153.5,154.6999969482422,152.14999389648438,154.55999755859375,153.20152282714844,24586000,GOOGL
2024-04-03,153.60000610351562,155.0800018310547,152.72999572753906,154.9199981689453,153.55836486816406,24705000,GOOGL
2024-04-04,153.5,154.77000427246094,150.4499969482422,150.52999877929688,149.20693969726562,34724700,GOOGL
2024-04-05,150.02999877929688,153.4199981689453,149.60000610351562,152.5,151.1596221923828,23459200,GOOGL
2024-04-08,152.77999877929688,155.27000427246094,152.61000061035156,154.85000610351562,153.489013671875,20702000,GOOGL
2024-04-09,156.08999633789062,158.55999755859375,155.19000244140625,156.60000610351562,155.22360229492188,31079500,GOOGL
2024-04-10,156.2100067138672,156.61000061035156,154.67999267578125,156.13999938964844,154.7676239013672,22838600,GOOGL
2024-04-11,156.91000366210938,159.67999267578125,156.4600067138672,159.41000366210938,158.00889587402344,27166400,GOOGL
2024-04-12,157.9600067138672,160.22000122070312,157.13999938964844,157.72999572753906,156.34365844726562,25353700,GOOGL
2024-04-15,158.86000061035156,159.24000549316406,154.58999633789062,154.86000061035156,153.4989013671875,27136500,GOOGL
2024-04-16,154.19000244140625,155.64999389648438,153.42999267578125,154.39999389648438,153.04290771484375,20779500,GOOGL
2024-04-17,155.6199951171875,157.0800018310547,154.5800018310547,155.47000122070312,154.103515625,21763100,GOOGL
2024-04-18,155.33999633789062,156.94000244140625,154.6199951171875,156.00999450683594,154.63877868652344,19883000,GOOGL
2024-04-19,156.1999969482422,156.36000061035156,152.3000030517578,154.08999633789062,152.73565673828125,32615600,GOOGL
2024-04-22,154.30999755859375,157.63999938964844,154.05999755859375,156.27999877929688,154.90640258789062,26446200,GOOGL
2024-04-23,156.9600067138672,158.97000122070312,156.27999877929688,158.25999450683594,156.86898803710938,21151600,GOOGL
2024-04-24,157.49000549316406,159.57000732421875,157.1699981689453,159.1300048828125,157.7313690185547,22779100,GOOGL
2024-04-25,151.3300018310547,156.49000549316406,150.8699951171875,156.0,154.62884521484375,57109700,GOOGL
2024-04-26,174.3699951171875,174.7100067138672,169.64999389648438,171.9499969482422,170.43869018554688,64665300,GOOGL
2024-04-29,169.05999755859375,169.5500030517578,165.2100067138672,166.14999389648438,164.6896514892578,45610000,GOOGL
2024-04-30,165.61000061035156,168.10000610351562,162.60000610351562,162.77999877929688,161.34925842285156,33562900,GOOGL
2024-05-01,164.3000030517578,167.1199951171875,163.08999633789062,163.86000061035156,162.41976928710938,33493200,GOOGL
2024-05-02,164.7899932861328,166.72999572753906,163.88999938964844,166.6199951171875,165.15553283691406,24294500,GOOGL
2024-05-03,167.55999755859375,167.9600067138672,163.0500030517578,167.24000549316406,165.7700958251953,34662400,GOOGL
2024-05-06,167.4600067138672,168.13999938964844,166.02999877929688,168.10000610351562,166.6225128173828,21871300,GOOGL
2024-05-07,168.5,171.75999450683594,168.38999938964844,171.25,169.7448272705078,28039700,GOOGL
2024-05-08,169.0,170.14999389648438,168.74000549316406,169.3800048828125,167.8913116455078,19569100,GOOGL
2024-05-09,169.38999938964844,170.69000244140625,168.17999267578125,169.9600067138672,168.46615600585938,15346700,GOOGL
2024-05-10,168.02999877929688,169.85000610351562,166.19000244140625,168.64999389648438,167.1676788330078,29799900,GOOGL
2024-05-13,164.25999450683594,169.27999877929688,164.0,169.13999938964844,167.6533966064453,31327600,GOOGL
2024-05-14,169.77000427246094,171.25,168.8000030517578,170.33999633789062,168.84283447265625,25127100,GOOGL
2024-05-15,170.6300048828125,172.64999389648438,170.50999450683594,172.50999450683594,170.9937744140625,26948400,GOOGL
2024-05-16,173.2899932861328,175.1199951171875,172.69000244140625,174.17999267578125,172.64906311035156,27867900,GOOGL
2024-05-17,174.17999267578125,176.27000427246094,173.69000244140625,176.05999755859375,174.51254272460938,24479300,GOOGL
2024-05-20,176.19000244140625,178.77000427246094,176.0800018310547,176.9199981689453,175.36502075195312,22554400,GOOGL
2024-05-21,176.89999389648438,178.14999389648438,175.80999755859375,177.85000610351562,176.28683471679688,16989400,GOOGL
2024-05-22,176.63999938964844,177.14999389648438,175.2100067138672,176.3800048828125,174.82974243164062,17880000,GOOGL
2024-05-23,177.07000732421875,178.25,172.9499969482422,173.5500030517578,172.02464294433594,21024900,GOOGL
2024-05-24,174.97999572753906,175.77000427246094,173.64999389648438,174.99000549316406,173.4519805908203,16579400,GOOGL
2024-05-28,174.4499969482422,177.27000427246094,174.3699951171875,176.39999389648438,174.84957885742188,20572200,GOOGL
2024-05-29,175.42999267578125,176.83999633789062,174.72000122070312,175.89999389648438,174.3539581298828,23388700,GOOGL
2024-05-30,175.1999969482422,175.22000122070312,171.7899932861328,172.11000061035156,170.5972900390625,22931500,GOOGL
2024-05-31,171.86000061035156,173.05999755859375,169.44000244140625,172.5,170.98382568359375,37638900,GOOGL
2024-06-03,172.5399932861328,174.52999877929688,171.16000366210938,173.1699981689453,171.64794921875,27459100,GOOGL
2024-06-04,173.27999877929688,173.85000610351562,171.88999938964844,173.7899932861328,172.2624969482422,26879600,GOOGL
2024-06-05,175.1999969482422,176.64999389648438,173.92999267578125,175.41000366210938,173.8682861328125,22068500,GOOGL
2024-06-06,175.89999389648438,177.14999389648438,175.75,176.72999572753906,175.1766815185547,23251000,GOOGL
2024-06-07,177.0500030517578,177.8699951171875,174.3000030517578,174.4600067138672,172.92662048339844,19661400,GOOGL
2024-06-10,174.97000122070312,177.05999755859375,172.75999450683594,175.00999450683594,173.67086791992188,23726700,GOOGL
2024-06-11,176.22000122070312,176.83999633789062,173.77000427246094,176.6199951171875,175.2685546875,21540600,GOOGL
2024-06-12,178.25,180.41000366210938,176.11000061035156,177.7899932861328,176.4296112060547,27864700,GOOGL
2024-06-13,176.11000061035156,176.74000549316406,174.8800048828125,175.16000366210938,173.81971740722656,20913300,GOOGL
2024-06-14,174.22000122070312,177.05999755859375,174.14999389648438,176.7899932861328,175.437255859375,18063600,GOOGL
2024-06-17,175.4600067138672,178.36000061035156,174.80999755859375,177.24000549316406,175.88381958007812,19618500,GOOGL
2024-06-18,177.13999938964844,177.38999938964844,174.10000610351562,175.08999633789062,173.75027465820312,21869900,GOOGL
2024-06-20,175.3699951171875,177.2899932861328,174.99000549316406,176.3000030517578,174.9510040283203,20160100,GOOGL
2024-06-21,177.0,180.85000610351562,176.61000061035156,179.6300048828125,178.2555389404297,57759000,GOOGL
2024-06-24,180.16000366210938,180.88999938964844,178.6699981689453,179.22000122070312,177.84866333007812,18298000,GOOGL
2024-06-25,179.6199951171875,184.2899932861328,179.4199981689453,184.02999877929688,182.62185668945312,23130200,GOOGL
2024-06-26,182.6300048828125,184.50999450683594,182.47999572753906,183.8800048828125,182.4730224609375,19839000,GOOGL
2024-06-27,184.17999267578125,186.0500030517578,184.02000427246094,185.41000366210938,183.99130249023438,18848900,GOOGL
2024-06-28,184.32000732421875,185.1300048828125,181.9600067138672,182.14999389648438,180.7562255859375,29156600,GOOGL
2024-07-01,183.02999877929688,183.8800048828125,181.3000030517578,182.99000549316406,181.58984375,16006100,GOOGL
2024-07-02,182.0500030517578,185.57000732421875,181.55999755859375,185.24000549316406,183.82261657714844,17372500,GOOGL
2024-07-03,184.85000610351562,186.08999633789062,184.0,185.82000732421875,184.39816284179688,10242100,GOOGL
2024-07-05,185.86000061035156,190.86000061035156,185.8000030517578,190.60000610351562,189.1416015625,20967500,GOOGL
2024-07-08,189.89999389648438,190.1699981689453,187.77999877929688,189.02999877929688,187.58360290527344,21035900,GOOGL
2024-07-09,190.30999755859375,191.36000061035156,188.72000122070312,188.97999572753906,187.5339813232422,15121400,GOOGL
2024-07-10,189.14999389648438,191.75,189.02999877929688,191.17999267578125,189.71713256835938,15952500,GOOGL
2024-07-11,189.85000610351562,190.86000061035156,185.0800018310547,185.57000732421875,184.1500701904297,25625800,GOOGL
2024-07-12,185.0800018310547,187.11000061035156,184.49000549316406,185.07000732421875,183.6539306640625,22898400,GOOGL
2024-07-15,184.9199981689453,188.24000549316406,184.9199981689453,186.52999877929688,185.1027374267578,16474000,GOOGL
2024-07-16,187.36000061035156,188.67999267578125,183.3699951171875,183.9199981689453,182.5126953125,18290700,GOOGL
2024-07-17,182.97000122070312,183.5500030517578,179.89999389648438,181.02000427246094,179.6348876953125,20734100,GOOGL
2024-07-18,181.92999267578125,182.5,176.47000122070312,177.69000244140625,176.3303680419922,25315700,GOOGL
2024-07-19,178.8800048828125,180.2899932861328,177.1300048828125,177.66000366210938,176.30059814453125,18881900,GOOGL
2024-07-22,180.58999633789062,182.6999969482422,180.22999572753906,181.6699981689453,180.2799072265625,24100300,GOOGL
2024-07-23,182.0500030517578,183.61000061035156,181.5399932861328,181.7899932861328,180.39898681640625,36352700,GOOGL
2024-07-24,173.60000610351562,176.19000244140625,171.82000732421875,172.6300048828125,171.30911254882812,49585200,GOOGL
2024-07-25,172.52000427246094,173.4199981689453,167.19000244140625,167.27999877929688,166.00003051757812,44852000,GOOGL
2024-07-26,167.14999389648438,168.08999633789062,164.05999755859375,167.0,165.72216796875,41336900,GOOGL
2024-07-29,168.8300018310547,170.42999267578125,167.99000549316406,169.52999877929688,168.23281860351562,20293800,GOOGL
2024-07-30,170.24000549316406,171.22999572753906,168.44000244140625,170.2899932861328,168.9869842529297,18959700,GOOGL
2024-07-31,173.24000549316406,174.25,170.00999450683594,171.5399932861328,170.2274169921875,25729100,GOOGL
2024-08-01,170.25,174.0500030517578,168.8800048828125,170.75999450683594,169.45338439941406,24531400,GOOGL
2024-08-02,166.44000244140625,168.50999450683594,164.6699981689453,166.66000366210938,165.38478088378906,29130100,GOOGL
2024-08-05,155.5,164.42999267578125,154.92999267578125,159.25,158.03146362304688,53630700,GOOGL
2024-08-06,159.3300018310547,160.57000732421875,156.41000366210938,158.2899932861328,157.07882690429688,49004600,GOOGL
2024-08-07,161.25,162.97999572753906,158.47000122070312,158.94000244140625,157.7238311767578,25138600,GOOGL
2024-08-08,160.50999450683594,163.69000244140625,160.2100067138672,162.02999877929688,160.79019165039062,25578800,GOOGL
2024-08-09,160.00999450683594,163.7899932861328,159.05999755859375,163.6699981689453,162.4176483154297,28602300,GOOGL
2024-08-12,164.35000610351562,164.89999389648438,161.83999633789062,162.2899932861328,161.04820251464844,15895300,GOOGL
2024-08-13,163.41000366210938,164.72999572753906,162.97000122070312,164.16000366210938,162.90390014648438,18551700,GOOGL
2024-08-14,162.39999389648438,163.22000122070312,157.7100067138672,160.3699951171875,159.1428985595703,40591100,GOOGL
2024-08-15,160.5,161.63999938964844,159.61000061035156,161.3000030517578,160.0657958984375,31524300,GOOGL
2024-08-16,161.47000122070312,165.05999755859375,161.1300048828125,162.9600067138672,161.71310424804688,24208600,GOOGL
2024-08-19,165.27999877929688,166.69000244140625,164.25999450683594,166.6699981689453,165.3946990966797,22416200,GOOGL
2024-08-20,166.89999389648438,168.63999938964844,166.82000732421875,167.17999267578125,165.90078735351562,18341500,GOOGL
2024-08-21,165.14999389648438,166.85000610351562,164.6699981689453,165.85000610351562,164.5809783935547,22902000,GOOGL
2024-08-22,167.25999450683594,167.58999633789062,163.30999755859375,163.8000030517578,162.54664611816406,22493300,GOOGL
2024-08-23,164.72000122070312,166.17999267578125,163.8300018310547,165.6199951171875,164.3527374267578,13955700,GOOGL
2024-08-26,166.3800048828125,167.5500030517578,164.4600067138672,166.16000366210938,164.8885955810547,14190400,GOOGL
2024-08-27,165.83999633789062,166.44000244140625,164.4600067138672,164.67999267578125,163.419921875,11821900,GOOGL
2024-08-28,165.0399932861328,165.60000610351562,161.52999877929688,162.85000610351562,161.60391235351562,16407400,GOOGL
2024-08-29,164.30999755859375,165.97000122070312,160.25,161.77999877929688,160.54212951660156,19699800,GOOGL
2024-08-30,162.6199951171875,163.66000366210938,161.69000244140625,163.3800048828125,162.12989807128906,22123800,GOOGL
2024-09-03,161.72000122070312,161.85000610351562,156.47999572753906,157.36000061035156,156.15591430664062,38945300,GOOGL
2024-09-04,156.66000366210938,159.0,155.9600067138672,156.4499969482422,155.2528839111328,19353800,GOOGL
2024-09-05,156.3000030517578,159.4499969482422,155.97999572753906,157.24000549316406,156.03684997558594,18688700,GOOGL
2024-09-06,157.3000030517578,157.8300018310547,150.5500030517578,150.9199981689453,149.7652130126953,37912100,GOOGL
2024-09-09,152.50999450683594,153.39999389648438,147.22000122070312,148.7100067138672,147.7679443359375,39260500,GOOGL
2024-09-10,150.4499969482422,151.27000427246094,148.33999633789062,148.66000366210938,147.71826171875,31118800,GOOGL
2024-09-11,149.9199981689453,151.5,147.52000427246094,151.16000366210938,150.202392578125,29607700,GOOGL
2024-09-12,153.8000030517578,154.82000732421875,152.64999389648438,154.69000244140625,153.71006774902344,29621500,GOOGL
2024-09-13,155.42999267578125,158.3800048828125,155.2100067138672,157.4600067138672,156.46250915527344,29591200,GOOGL
2024-09-16,157.30999755859375,158.25,156.60000610351562,158.05999755859375,157.0587158203125,18379800,GOOGL
2024-09-17,159.02000427246094,160.5500030517578,158.3800048828125,159.32000732421875,158.3107452392578,20715600,GOOGL
2024-09-18,159.86000061035156,160.5,158.60000610351562,159.80999755859375,158.79762268066406,23677300,GOOGL
2024-09-19,163.7100067138672,163.7899932861328,161.33999633789062,162.13999938964844,161.1128692626953,26587700,GOOGL
2024-09-20,163.5,163.72999572753906,162.05999755859375,163.58999633789062,162.55368041992188,40896400,GOOGL
2024-09-23,164.35000610351562,165.49000549316406,161.6699981689453,161.85000610351562,160.82470703125,24150900,GOOGL
2024-09-24,163.02999877929688,163.22000122070312,160.69000244140625,162.2899932861328,161.2618865966797,23332100,GOOGL
2024-09-25,161.47000122070312,162.80999755859375,161.3000030517578,161.49000549316406,160.4669952392578,18869200,GOOGL
2024-09-26,163.63999938964844,164.0800018310547,162.27999877929688,162.72999572753906,161.69911193847656,20319300,GOOGL
2024-09-27,162.80999755859375,165.6999969482422,162.6300048828125,163.9499969482422,162.911376953125,21101300,GOOGL
2024-09-30,163.32000732421875,166.14999389648438,163.25999450683594,165.85000610351562,164.79937744140625,20413900,GOOGL
2024-10-01,167.69000244140625,169.16000366210938,164.5800018310547,166.99000549316406,165.93215942382812,28338100,GOOGL
2024-10-02,166.4199981689453,167.52000427246094,164.72999572753906,165.86000061035156,164.80931091308594,17760200,GOOGL
2024-10-03,164.41000366210938,166.63999938964844,163.9199981689453,165.86000061035156,164.80931091308594,15073100,GOOGL
2024-10-04,168.05999755859375,168.22999572753906,165.47999572753906,167.05999755859375,166.001708984375,19047400,GOOGL
2024-10-07,167.72000122070312,168.47999572753906,162.75,162.97999572753906,161.9475555419922,22463100,GOOGL
2024-10-08,163.94000244140625,164.72999572753906,162.8699951171875,164.3800048828125,163.3386688232422,23072700,GOOGL
2024-10-09,163.4499969482422,164.83999633789062,159.74000549316406,161.86000061035156,160.83462524414062,31181800,GOOGL
2024-10-10,160.8699951171875,163.07000732421875,160.39999389648438,162.0800018310547,161.05323791503906,14144100,GOOGL
2024-10-11,162.1300048828125,163.89999389648438,161.24000549316406,163.24000549316406,162.20590209960938,15344300,GOOGL
2024-10-14,163.63999938964844,166.22999572753906,163.39999389648438,164.9600067138672,163.91500854492188,19016100,GOOGL
2024-10-15,165.7899932861328,167.67999267578125,164.6300048828125,165.4600067138672,164.41183471679688,20247200,GOOGL
2024-10-16,164.52999877929688,165.8000030517578,163.74000549316406,165.16000366210938,164.11373901367188,16406000,GOOGL
2024-10-17,165.72999572753906,166.3699951171875,162.75999450683594,162.92999267578125,161.89784240722656,21453400,GOOGL
2024-10-18,163.19000244140625,164.7100067138672,163.0800018310547,163.4199981689453,162.38475036621094,19757700,GOOGL
2024-10-21,162.9499969482422,164.5,162.6199951171875,164.07000732421875,163.0306396484375,20946500,GOOGL
2024-10-22,162.97999572753906,165.77000427246094,162.97999572753906,165.13999938964844,164.09388732910156,16568100,GOOGL
2024-10-23,164.75999450683594,165.82000732421875,161.92999267578125,162.77999877929688,161.7488250732422,18280500,GOOGL
2024-10-24,162.8300018310547,163.3300018310547,161.00999450683594,162.72000122070312,161.68917846679688,22412500,GOOGL
2024-10-25,163.6699981689453,165.58999633789062,163.4199981689453,165.27000427246094,164.22303771972656,19828900,GOOGL
2024-10-28,168.75,168.75,163.9499969482422,166.72000122070312,165.66384887695312,32138600,GOOGL
2024-10-29,167.72999572753906,170.3800048828125,167.08999633789062,169.67999267578125,168.60507202148438,42169000,GOOGL
2024-10-30,180.67999267578125,182.02000427246094,174.05999755859375,174.4600067138672,173.3548126220703,68890800,GOOGL
2024-10-31,173.1300048828125,176.82000732421875,171.0,171.11000061035156,170.0260467529297,44769000,GOOGL
2024-11-01,170.07000732421875,172.32000732421875,168.8800048828125,171.2899932861328,170.2048797607422,31796500,GOOGL
2024-11-04,169.92999267578125,170.72999572753906,168.00999450683594,169.24000549316406,168.1678924560547,21492700,GOOGL
2024-11-05,169.42999267578125,170.52999877929688,168.83999633789062,169.74000549316406,168.66473388671875,18242100,GOOGL
2024-11-06,173.8000030517578,176.94000244140625,173.5,176.50999450683594,175.39183044433594,33695500,GOOGL
2024-11-07,177.41000366210938,181.0800018310547,177.19000244140625,180.75,179.60498046875,25352900,GOOGL
2024-11-08,180.64999389648438,180.89999389648438,178.0800018310547,178.35000610351562,177.22018432617188,22006200,GOOGL
2024-11-11,178.5800018310547,180.5500030517578,178.47000122070312,180.35000610351562,179.20751953125,17450400,GOOGL
2024-11-12,179.82000732421875,182.49000549316406,179.38999938964844,181.6199951171875,180.46946716308594,25134900,GOOGL
2024-11-13,180.4600067138672,180.9600067138672,178.5399932861328,178.8800048828125,177.746826171875,23184000,GOOGL
2024-11-14,178.27999877929688,178.82000732421875,174.32000732421875,175.5800018310547,174.46771240234375,31007500,GOOGL
2024-11-15,173.72999572753906,174.13999938964844,171.22000122070312,172.49000549316406,171.39730834960938,32504600,GOOGL
2024-11-18,173.4199981689453,175.44000244140625,172.89999389648438,175.3000030517578,174.1894989013672,20135300,GOOGL
2024-11-19,173.72000122070312,178.8699951171875,173.55999755859375,178.1199951171875,176.99163818359375,23434900,GOOGL
2024-11-20,177.33999633789062,177.67999267578125,173.77999877929688,175.97999572753906,174.8651580810547,18997100,GOOGL
2024-11-21,173.89999389648438,174.1300048828125,163.6999969482422,167.6300048828125,166.568115234375,59734400,GOOGL
2024-11-22,165.85000610351562,166.4600067138672,163.89999389648438,164.75999450683594,163.7162628173828,38604600,GOOGL
2024-11-25,166.08999633789062,168.6300048828125,165.61000061035156,167.64999389648438,166.58795166015625,33135300,GOOGL
2024-11-26,167.6300048828125,169.82000732421875,167.5800018310547,169.1199951171875,168.04864501953125,20486700,GOOGL
2024-11-27,169.0,169.47999572753906,168.02000427246094,169.22999572753906,168.15792846679688,19266500,GOOGL
2024-11-29,168.5,169.42999267578125,167.16000366210938,168.9499969482422,167.8797149658203,14257200,GOOGL
2024-12-02,168.77000427246094,172.0800018310547,168.57000732421875,171.49000549316406,170.40362548828125,23789100,GOOGL
2024-12-03,171.49000549316406,172.67999267578125,170.85000610351562,171.33999633789062,170.2545623779297,22248700,GOOGL
2024-12-04,171.14999389648438,174.91000366210938,171.05999755859375,174.3699951171875,173.26535034179688,31615100,GOOGL
2024-12-05,175.36000061035156,176.05999755859375,172.3300018310547,172.63999938964844,171.5463409423828,21356200,GOOGL
2024-12-06,172.02999877929688,175.0800018310547,171.86000061035156,174.7100067138672,173.60325622558594,21462400,GOOGL
2024-12-09,173.9600067138672,176.25999450683594,173.64999389648438,175.3699951171875,174.45875549316406,25389600,GOOGL
2024-12-10,182.85000610351562,186.36000061035156,181.0500030517578,185.1699981689453,184.2078399658203,54813000,GOOGL
2024-12-11,185.30999755859375,195.61000061035156,184.85000610351562,195.39999389648438,194.3846893310547,67894100,GOOGL
2024-12-12,195.0,195.17999267578125,191.7100067138672,191.9600067138672,190.96255493164062,34817500,GOOGL
2024-12-13,191.00999450683594,192.72999572753906,189.63999938964844,189.82000732421875,188.8336639404297,25143500,GOOGL
2024-12-16,192.8699951171875,199.0,192.6199951171875,196.66000366210938,195.6381378173828,44934900,GOOGL
2024-12-17,197.25,201.4199981689453,194.97999572753906,195.4199981689453,194.4045867919922,43504000,GOOGL
2024-12-18,195.22000122070312,197.0,187.74000549316406,188.39999389648438,187.42105102539062,34166100,GOOGL
2024-12-19,191.6300048828125,193.02999877929688,188.3800048828125,188.50999450683594,187.53048706054688,32265200,GOOGL
2024-12-20,185.77999877929688,192.88999938964844,185.22000122070312,191.41000366210938,190.41542053222656,63462900,GOOGL
2024-12-23,192.6199951171875,195.10000610351562,190.14999389648438,194.6300048828125,193.6186981201172,25675000,GOOGL
2024-12-24,194.83999633789062,196.11000061035156,193.77999877929688,196.11000061035156,195.0910186767578,10403300,GOOGL
2024-12-26,195.14999389648438,196.75,194.3800048828125,195.60000610351562,194.5836639404297,12046600,GOOGL
2024-12-27,194.9499969482422,195.32000732421875,190.64999389648438,192.75999450683594,191.75839233398438,18891400,GOOGL
2024-12-30,189.8000030517578,192.5500030517578,189.1199951171875,191.24000549316406,190.24630737304688,14264700,GOOGL
2024-12-31,191.0800018310547,191.9600067138672,188.50999450683594,189.3000030517578,188.31640625,17466900,GOOGL
2025-01-02,190.64999389648438,192.0,187.5,189.42999267578125,188.44570922851562,20370800,GOOGL
2025-01-03,191.3699951171875,193.2100067138672,189.97999572753906,191.7899932861328,190.79344177246094,18596200,GOOGL
2025-01-06,193.97999572753906,198.22000122070312,193.85000610351562,196.8699951171875,195.84703063964844,29563600,GOOGL
2025-01-07,197.11000061035156,201.0,194.60000610351562,195.49000549316406,194.47422790527344,26487200,GOOGL
2025-01-08,192.57000732421875,196.2899932861328,192.3800048828125,193.9499969482422,192.9422149658203,24864800,GOOGL
2025-01-10,194.3000030517578,196.52000427246094,190.30999755859375,192.0399932861328,191.04212951660156,26665200,GOOGL
2025-01-13,190.07000732421875,191.17999267578125,187.36000061035156,191.00999450683594,190.0175018310547,21823700,GOOGL
2025-01-14,191.24000549316406,191.97999572753906,188.30999755859375,189.66000366210938,188.6745147705078,17174900,GOOGL
2025-01-15,193.08999633789062,196.36000061035156,191.86000061035156,195.5500030517578,194.53392028808594,21776000,GOOGL
2025-01-16,194.13999938964844,195.47999572753906,192.80999755859375,192.91000366210938,191.9076385498047,17815400,GOOGL
2025-01-17,196.52999877929688,197.22999572753906,193.75,196.0,194.9815673828125,27735100,GOOGL
2025-01-21,199.07000732421875,202.2899932861328,197.8699951171875,198.0500030517578,197.0209197998047,29971300,GOOGL
2025-01-22,199.05999755859375,200.47999572753906,197.52999877929688,198.3699951171875,197.3392333984375,26200600,GOOGL
2025-01-23,198.13999938964844,200.3000030517578,195.1999969482422,197.97999572753906,196.95127868652344,26951400,GOOGL
2025-01-24,198.10000610351562,200.89999389648438,198.0,200.2100067138672,199.16970825195312,23877500,GOOGL
2025-01-27,192.41000366210938,196.8800048828125,190.72999572753906,191.80999755859375,190.81332397460938,41728900,GOOGL
2025-01-28,192.75,195.47999572753906,190.67999267578125,195.3000030517578,194.28521728515625,24157900,GOOGL
2025-01-29,195.55999755859375,196.7899932861328,193.42999267578125,195.41000366210938,194.39463806152344,18218300,GOOGL
2025-01-30,198.0,201.39999389648438,197.6699981689453,200.8699951171875,199.82626342773438,24354700,GOOGL
2025-01-31,202.0,205.47999572753906,201.8000030517578,204.02000427246094,202.95989990234375,32001100,GOOGL
2025-02-03,200.69000244140625,203.75,200.10000610351562,201.22999572753906,200.18438720703125,27838300,GOOGL
2025-02-04,203.38999938964844,207.0500030517578,202.80999755859375,206.3800048828125,205.30764770507812,43856400,GOOGL
2025-02-05,191.07000732421875,192.75,188.02999877929688,191.3300018310547,190.33584594726562,70373900,GOOGL
2025-02-06,189.5,192.10000610351562,188.72000122070312,191.60000610351562,190.60443115234375,29297400,GOOGL
2025-02-07,191.0500030517578,191.17999267578125,183.24000549316406,185.33999633789062,184.376953125,49315000,GOOGL
2025-02-10,187.35000610351562,188.1999969482422,185.86000061035156,186.47000122070312,185.50108337402344,23105600,GOOGL
2025-02-11,185.02999877929688,186.94000244140625,184.27999877929688,185.32000732421875,184.3570556640625,21239500,GOOGL
2025-02-12,183.22000122070312,185.11000061035156,181.8300018310547,183.61000061035156,182.65594482421875,22072600,GOOGL
2025-02-13,184.32000732421875,186.27999877929688,183.13999938964844,186.13999938964844,185.1728057861328,21402500,GOOGL
2025-02-14,185.05999755859375,186.39999389648438,184.32000732421875,185.22999572753906,184.2675323486328,20448400,GOOGL
2025-02-18,185.60000610351562,185.9600067138672,181.74000549316406,183.77000427246094,182.8151092529297,29916700,GOOGL
2025-02-19,184.07000732421875,185.4600067138672,183.58999633789062,185.27000427246094,184.3073272705078,19549400,GOOGL
2025-02-20,184.8000030517578,185.30999755859375,182.72000122070312,184.55999755859375,183.60101318359375,20441500,GOOGL
2025-02-21,185.14999389648438,185.33999633789062,179.0800018310547,179.66000366210938,178.72647094726562,35199200,GOOGL
2025-02-24,181.99000549316406,183.1199951171875,178.88999938964844,179.25,178.318603515625,29854200,GOOGL
2025-02-25,178.0399932861328,178.74000549316406,174.69000244140625,175.4199981689453,174.5084991455078,41913400,GOOGL
2025-02-26,175.07000732421875,176.0800018310547,171.5800018310547,172.72999572753906,171.8324737548828,35431300,GOOGL
2025-02-27,173.99000549316406,174.55999755859375,167.94000244140625,168.5,167.6244659423828,39991000,GOOGL
2025-02-28,168.67999267578125,170.61000061035156,166.77000427246094,170.27999877929688,169.3952178955078,48130600,GOOGL
2025-03-03,171.92999267578125,173.3699951171875,165.92999267578125,167.00999450683594,166.1422119140625,40770500,GOOGL
2025-03-04,166.24000549316406,173.2899932861328,165.8000030517578,170.9199981689453,170.03187561035156,45388000,GOOGL
2025-03-05,170.52000427246094,173.77999877929688,169.05999755859375,173.02000427246094,172.12098693847656,30954900,GOOGL
2025-03-06,170.52999877929688,174.80999755859375,170.5,172.35000610351562,171.45445251464844,28302000,GOOGL
2025-03-07,171.25999450683594,174.97000122070312,170.27000427246094,173.86000061035156,172.9566192626953,27385800,GOOGL
2025-03-10,168.25999450683594,168.4600067138672,163.69000244140625,165.8699951171875,165.19815063476562,43604000,GOOGL
2025-03-11,164.91000366210938,166.75,161.3699951171875,164.0399932861328,163.3755645751953,39587400,GOOGL
2025-03-12,166.5800018310547,167.63999938964844,163.52999877929688,167.11000061035156,166.4331512451172,28372400,GOOGL
2025-03-13,166.0399932861328,166.1300048828125,162.11000061035156,162.75999450683594,162.10076904296875,31756200,GOOGL
2025-03-14,163.27000427246094,166.49000549316406,162.4499969482422,165.49000549316406,164.81971740722656,31995900,GOOGL
2025-03-17,165.02999877929688,166.3000030517578,163.6699981689453,164.2899932861328,163.62457275390625,31184300,GOOGL
2025-03-18,163.67999267578125,164.25,156.72000122070312,160.6699981689453,160.0192108154297,42074800,GOOGL
2025-03-19,161.75999450683594,165.8699951171875,161.0,163.88999938964844,163.22618103027344,34275600,GOOGL
2025-03-20,161.57000732421875,164.88999938964844,160.9600067138672,162.8000030517578,162.14060974121094,28138500,GOOGL
2025-03-21,161.2100067138672,164.24000549316406,160.88999938964844,163.99000549316406,163.3258056640625,36625800,GOOGL
2025-03-24,167.07000732421875,168.32000732421875,165.13999938964844,167.67999267578125,167.00083923339844,30879100,GOOGL
2025-03-25,168.97999572753906,170.6300048828125,168.32000732421875,170.55999755859375,169.86917114257812,24174400,GOOGL
2025-03-26,169.0,169.61000061035156,164.83999633789062,165.05999755859375,164.3914337158203,28901600,GOOGL
2025-03-27,164.6300048828125,165.4199981689453,162.0,162.24000549316406,161.58287048339844,24508300,GOOGL
2025-03-28,160.49000549316406,161.82000732421875,153.6300048828125,154.3300018310547,153.70489501953125,48669300,GOOGL
2025-03-31,153.11000061035156,155.5399932861328,150.66000366210938,154.63999938964844,154.01365661621094,54603500,GOOGL
2025-04-01,153.6199951171875,158.10000610351562,153.6199951171875,157.07000732421875,156.43382263183594,30672900,GOOGL
2025-04-02,155.14999389648438,158.41000366210938,154.6999969482422,157.0399932861328,156.40391540527344,25041700,GOOGL
2025-04-03,151.11000061035156,152.77999877929688,150.38999938964844,150.72000122070312,150.1095428466797,46883400,GOOGL
2025-04-04,148.00999450683594,151.07000732421875,145.3800048828125,145.60000610351562,145.01028442382812,62259500,GOOGL
2025-04-07,141.5500030517578,152.85000610351562,140.52999877929688,146.75,146.15562438964844,76794100,GOOGL
2025-04-08,151.22000122070312,152.24000549316406,143.02999877929688,144.6999969482422,144.11390686035156,52200200,GOOGL
2025-04-09,144.4199981689453,159.5500030517578,143.91000366210938,158.7100067138672,158.06716918945312,70406200,GOOGL
2025-04-10,156.5399932861328,157.72000122070312,149.92999267578125,152.82000732421875,152.20103454589844,48022000,GOOGL
2025-04-11,152.89999389648438,157.6699981689453,152.82000732421875,157.13999938964844,156.50352478027344,33636200,GOOGL
2025-04-14,160.0,161.72000122070312,157.55999755859375,159.07000732421875,158.4257354736328,30333000,GOOGL
2025-04-15,159.1300048828125,159.64999389648438,155.2100067138672,156.30999755859375,155.67689514160156,27551500,GOOGL
2025-04-16,153.10000610351562,155.88999938964844,151.50999450683594,153.3300018310547,152.70895385742188,28187400,GOOGL
2025-04-17,154.2899932861328,154.67999267578125,148.5,151.16000366210938,150.54774475097656,33046600,GOOGL
2025-04-21,148.8800048828125,148.9499969482422,146.10000610351562,147.6699981689453,147.07186889648438,26049100,GOOGL
2025-04-22,148.88999938964844,152.19000244140625,148.5399932861328,151.47000122070312,150.85650634765625,26971800,GOOGL
2025-04-23,155.61000061035156,157.52999877929688,153.80999755859375,155.35000610351562,154.7207794189453,31128800,GOOGL
2025-04-24,156.14999389648438,159.58999633789062,155.7899932861328,159.27999877929688,158.63487243652344,45894000,GOOGL
2025-04-25,165.07000732421875,166.10000610351562,161.0399932861328,161.9600067138672,161.3040008544922,56034000,GOOGL
2025-04-28,162.42999267578125,163.14999389648438,158.60000610351562,160.61000061035156,159.95948791503906,29745800,GOOGL
2025-04-29,160.32000732421875,160.74000549316406,157.52000427246094,160.16000366210938,159.5112762451172,26809000,GOOGL
2025-04-30,157.97999572753906,159.27000427246094,155.39999389648438,158.8000030517578,158.15679931640625,34981100,GOOGL
2025-05-01,160.4499969482422,161.9499969482422,158.91000366210938,161.3000030517578,160.6466827392578,30203200,GOOGL
2025-05-02,163.41000366210938,164.97000122070312,161.8699951171875,164.02999877929688,163.36561584472656,25715000,GOOGL
2025-05-05,163.0,165.38999938964844,162.72000122070312,164.2100067138672,163.54489135742188,21341800,GOOGL
2025-05-06,162.1699981689453,164.8000030517578,161.19000244140625,163.22999572753906,162.56886291503906,21277200,GOOGL
2025-05-07,164.0800018310547,165.0,147.83999633789062,151.3800048828125,150.76686096191406,127490100,GOOGL
2025-05-08,155.0,155.92999267578125,152.89999389648438,154.27999877929688,153.65509033203125,57498700,GOOGL
2025-05-09,154.1699981689453,155.0500030517578,152.1999969482422,152.75,152.1313018798828,32435300,GOOGL
2025-05-12,157.49000549316406,159.10000610351562,156.25,158.4600067138672,157.81820678710938,44138800,GOOGL
2025-05-13,158.7899932861328,160.57000732421875,156.16000366210938,159.52999877929688,158.8838348388672,42382100,GOOGL
2025-05-14,159.9600067138672,167.0,159.61000061035156,165.3699951171875,164.70018005371094,48755900,GOOGL
2025-05-15,165.83999633789062,166.2100067138672,162.3699951171875,163.9600067138672,163.29591369628906,33146700,GOOGL
2025-05-16,167.72999572753906,169.35000610351562,165.6199951171875,166.19000244140625,165.51687622070312,42846900,GOOGL
2025-05-19,164.50999450683594,166.63999938964844,164.22000122070312,166.5399932861328,165.86544799804688,30426100,GOOGL
2025-05-20,166.42999267578125,168.5,162.89999389648438,163.97999572753906,163.31581115722656,46607700,GOOGL
2025-05-21,163.69000244140625,173.13999938964844,163.55999755859375,168.55999755859375,167.87725830078125,73416000,GOOGL
2025-05-22,171.85000610351562,176.77000427246094,170.7100067138672,170.8699951171875,170.17791748046875,74864400,GOOGL
2025-05-23,169.05999755859375,169.9600067138672,167.88999938964844,168.47000122070312,167.78762817382812,35211400,GOOGL
2025-05-27,170.16000366210938,173.1699981689453,170.0,172.89999389648438,172.19969177246094,37995700,GOOGL
2025-05-28,173.16000366210938,175.27000427246094,171.91000366210938,172.36000061035156,171.66188049316406,34784000,GOOGL
2025-05-29,174.0,174.4199981689453,170.6300048828125,171.86000061035156,171.16390991210938,29317300,GOOGL
2025-05-30,171.35000610351562,172.2100067138672,167.44000244140625,171.74000549316406,171.04441833496094,52639900,GOOGL
2025-06-02,167.83999633789062,169.8699951171875,167.38999938964844,169.02999877929688,168.34535217285156,38612300,GOOGL
2025-06-03,167.49000549316406,168.47999572753906,165.27999877929688,166.17999267578125,165.50689697265625,45084900,GOOGL
2025-06-04,166.74000549316406,168.22000122070312,166.36000061035156,168.0500030517578,167.3693389892578,26900800,GOOGL
2025-06-05,170.33999633789062,170.92999267578125,167.58999633789062,168.2100067138672,167.5286865234375,36379100,GOOGL
2025-06-06,170.8300018310547,174.5,170.8300018310547,173.67999267578125,172.9765167236328,35731800,GOOGL
2025-06-09,174.5399932861328,176.47000122070312,174.3699951171875,176.08999633789062,175.58908081054688,28935900,GOOGL
2025-06-10,176.1999969482422,181.11000061035156,174.91000366210938,178.60000610351562,178.09194946289062,61766100,GOOGL
2025-06-11,179.77000427246094,180.3699951171875,176.75,177.35000610351562,176.8455047607422,31646800,GOOGL
2025-06-12,176.17999267578125,176.72000122070312,174.75,175.6999969482422,175.2001953125,20941900,GOOGL
2025-06-13,172.44000244140625,177.1300048828125,172.38999938964844,174.6699981689453,174.17312622070312,27663100,GOOGL
2025-06-16,174.72999572753906,176.94000244140625,174.64999389648438,176.77000427246094,176.2671661376953,27389200,GOOGL
2025-06-17,175.6999969482422,177.36000061035156,174.5800018310547,175.9499969482422,175.44947814941406,24973000,GOOGL
2025-06-18,176.00999450683594,176.55999755859375,173.1999969482422,173.32000732421875,172.82696533203125,28707500,GOOGL
2025-06-20,173.9499969482422,174.33999633789062,165.4600067138672,166.63999938964844,166.1659698486328,75659900,GOOGL
2025-06-23,166.27000427246094,167.33999633789062,162.0,165.19000244140625,164.7200927734375,57671000,GOOGL
2025-06-24,166.9199981689453,168.22000122070312,166.1300048828125,166.77000427246094,166.29559326171875,40524300,GOOGL
2025-06-25,167.6300048828125,172.36000061035156,167.5500030517578,170.67999267578125,170.1944580078125,35479000,GOOGL
2025-06-26,172.42999267578125,173.69000244140625,169.94000244140625,173.5399932861328,173.0463409423828,31796700,GOOGL
2025-06-27,173.5399932861328,178.67999267578125,171.72999572753906,178.52999877929688,178.0221405029297,108140200,GOOGL
2025-06-30,180.77999877929688,181.22999572753906,174.5800018310547,176.22999572753906,175.72869873046875,63378900,GOOGL
2025-07-01,175.74000549316406,176.08999633789062,173.52999877929688,175.83999633789062,175.33981323242188,35904500,GOOGL
2025-07-02,175.5399932861328,178.86000061035156,175.07000732421875,178.63999938964844,178.1318359375,29128900,GOOGL
2025-07-03,178.5,179.6699981689453,177.0500030517578,179.52999877929688,179.01930236816406,21689700,GOOGL
2025-07-07,179.05999755859375,179.3000030517578,175.67999267578125,176.7899932861328,176.28709411621094,34175600,GOOGL
2025-07-08,177.85000610351562,177.9499969482422,172.80999755859375,174.36000061035156,173.864013671875,40442500,GOOGL
2025-07-09,175.25,179.44000244140625,172.77000427246094,176.6199951171875,176.11756896972656,43025600,GOOGL
2025-07-10,175.6300048828125,178.42999267578125,174.3800048828125,177.6199951171875,177.1147003173828,29252400,GOOGL
2025-07-11,176.7899932861328,181.42999267578125,176.47999572753906,180.19000244140625,179.67742919921875,34282900,GOOGL
2025-07-14,181.00999450683594,183.6699981689453,179.67999267578125,181.55999755859375,181.0435333251953,32536600,GOOGL
2025-07-15,182.80999755859375,184.22000122070312,181.60000610351562,182.0,181.48226928710938,33448300,GOOGL
2025-07-16,183.24000549316406,184.3300018310547,182.02999877929688,182.97000122070312,182.4495086669922,33104200,GOOGL
2025-07-17,182.13999938964844,184.05999755859375,180.47999572753906,183.5800018310547,183.05780029296875,31992600,GOOGL
2025-07-18,185.39999389648438,186.4199981689453,183.7100067138672,185.05999755859375,184.53355407714844,34014500,GOOGL
2025-07-21,186.25,190.2899932861328,186.14999389648438,190.10000610351562,189.55923461914062,45803100,GOOGL
2025-07-22,191.5,191.64999389648438,187.4600067138672,191.33999633789062,190.79571533203125,44660200,GOOGL
2025-07-23,191.5,192.52999877929688,189.17999267578125,190.22999572753906,189.6888427734375,58681900,GOOGL
2025-07-24,197.02999877929688,197.9499969482422,191.0,192.1699981689453,191.62335205078125,74881700,GOOGL
2025-07-25,191.97999572753906,194.3300018310547,191.25999450683594,193.17999267578125,192.63046264648438,39785900,GOOGL
2025-07-28,193.64999389648438,194.0500030517578,190.83999633789062,192.5800018310547,192.0321807861328,38139500,GOOGL
2025-07-29,192.42999267578125,195.9199981689453,192.0800018310547,195.75,195.19314575195312,41389200,GOOGL
2025-07-30,195.60000610351562,197.60000610351562,194.69000244140625,196.52999877929688,195.970947265625,32445400,GOOGL
2025-07-31,195.7100067138672,195.99000549316406,191.08999633789062,191.89999389648438,191.35411071777344,51329200,GOOGL
2025-08-01,189.02999877929688,190.8300018310547,187.82000732421875,189.1300048828125,188.5919952392578,34832200,GOOGL
2025-08-04,190.2899932861328,195.27000427246094,190.1199951171875,195.0399932861328,194.48516845703125,31547400,GOOGL
2025-08-05,194.7100067138672,197.86000061035156,193.88999938964844,194.6699981689453,194.11622619628906,31602300,GOOGL
2025-08-06,194.5,196.6300048828125,193.6699981689453,196.08999633789062,195.53219604492188,21562900,GOOGL
2025-08-07,197.05999755859375,197.5399932861328,194.3300018310547,196.52000427246094,195.96096801757812,26321800,GOOGL
2025-08-08,197.22000122070312,202.61000061035156,197.1699981689453,201.4199981689453,200.84703063964844,39161800,GOOGL
2025-08-11,200.94000244140625,201.47999572753906,199.07000732421875,201.0,200.42822265625,25832400,GOOGL
2025-08-12,201.3699951171875,204.5,200.58999633789062,203.33999633789062,202.76156616210938,30397900,GOOGL
2025-08-13,204.1300048828125,204.52999877929688,197.50999450683594,201.9600067138672,201.385498046875,28342900,GOOGL
2025-08-14,201.5,204.44000244140625,201.22999572753906,202.94000244140625,202.36270141601562,25230400,GOOGL
2025-08-15,203.85000610351562,206.44000244140625,201.27999877929688,203.89999389648438,203.31997680664062,34931400,GOOGL
2025-08-18,204.1999969482422,205.27000427246094,202.49000549316406,203.5,202.92111206054688,18526600,GOOGL
2025-08-19,203.02999877929688,203.44000244140625,199.9600067138672,201.57000732421875,200.99661254882812,24240200,GOOGL
2025-08-20,200.72999572753906,201.27999877929688,196.60000610351562,199.32000732421875,198.75302124023438,28955500,GOOGL
2025-08-21,199.75,202.47999572753906,199.42999267578125,199.75,199.18177795410156,19774600,GOOGL
2025-08-22,202.72999572753906,208.5399932861328,201.3000030517578,206.08999633789062,205.50372314453125,42827000,GOOGL
2025-08-25,206.42999267578125,210.52000427246094,205.27999877929688,208.49000549316406,207.8969268798828,29928900,GOOGL
2025-08-26,207.50999450683594,207.85000610351562,205.6999969482422,207.13999938964844,206.55076599121094,28464100,GOOGL
2025-08-27,205.6999969482422,208.91000366210938,205.64999389648438,207.47999572753906,206.88978576660156,23022900,GOOGL
2025-08-28,207.25,212.22000122070312,206.89999389648438,211.63999938964844,211.0379638671875,32339300,GOOGL
2025-08-29,210.50999450683594,214.64999389648438,210.1999969482422,212.91000366210938,212.30435180664062,39728400,GOOGL
2025-09-02,208.44000244140625,211.67999267578125,206.1999969482422,211.35000610351562,210.74879455566406,47523000,GOOGL
2025-09-03,226.2100067138672,231.30999755859375,224.7899932861328,230.66000366210938,230.00384521484375,103336100,GOOGL
2025-09-04,229.64999389648438,232.3699951171875,226.11000061035156,232.3000030517578,231.6392059326172,51684200,GOOGL
2025-09-05,232.1999969482422,235.75999450683594,231.89999389648438,235.0,234.3314971923828,46588900,GOOGL
2025-09-08,235.47000122070312,238.1300048828125,233.6699981689453,234.0399932861328,233.5829620361328,32474700,GOOGL
2025-09-09,234.1699981689453,240.47000122070312,233.22999572753906,239.6300048828125,239.1620635986328,38061000,GOOGL
2025-09-10,238.89999389648438,241.66000366210938,237.85000610351562,239.1699981689453,238.70294189453125,35141100,GOOGL
2025-09-11,239.8800048828125,242.25,236.25,240.3699951171875,239.90060424804688,30599300,GOOGL
2025-09-12,240.3699951171875,242.0800018310547,238.0,240.8000030517578,240.32977294921875,26771600,GOOGL
2025-09-15,244.66000366210938,252.41000366210938,244.66000366210938,251.61000061035156,251.11865234375,58383800,GOOGL
2025-09-16,252.0800018310547,253.0399932861328,249.47000122070312,251.16000366210938,250.66952514648438,34109700,GOOGL
2025-09-17,251.22000122070312,251.60000610351562,246.27999877929688,249.52999877929688,249.04270935058594,34108000,GOOGL
2025-09-18,251.67999267578125,253.99000549316406,249.8000030517578,252.02999877929688,251.53782653808594,31239500,GOOGL
2025-09-19,253.25,256.0,251.80999755859375,254.72000122070312,254.2225799560547,55571400,GOOGL
2025-09-22,254.42999267578125,255.77999877929688,250.3000030517578,252.52999877929688,252.036865234375,32290500,GOOGL
2025-09-23,253.0399932861328,254.36000061035156,250.47999572753906,251.66000366210938,251.16856384277344,26628000,GOOGL
2025-09-24,251.66000366210938,252.35000610351562,246.44000244140625,247.13999938964844,246.65736389160156,28201000,GOOGL
2025-09-25,244.39999389648438,246.49000549316406,240.74000549316406,245.7899932861328,245.3100128173828,31020400,GOOGL
2025-09-26,247.07000732421875,249.4199981689453,245.97000122070312,246.5399932861328,246.0585479736328,18503200,GOOGL
2025-09-29,247.85000610351562,251.14999389648438,242.77000427246094,244.0500030517578,243.57342529296875,32505800,GOOGL
2025-09-30,242.80999755859375,243.2899932861328,239.25,243.10000610351562,242.62527465820312,34724300,GOOGL
2025-10-01,240.75,246.3000030517578,238.61000061035156,244.89999389648438,244.4217529296875,31658200,GOOGL
2025-10-02,245.14999389648438,246.80999755859375,242.3000030517578,245.69000244140625,245.210205078125,25483300,GOOGL
2025-10-03,244.49000549316406,246.3000030517578,241.66000366210938,245.35000610351562,244.87088012695312,30249600,GOOGL
2025-10-06,244.77999877929688,251.32000732421875,244.5800018310547,250.42999267578125,249.9409637451172,28894700,GOOGL
2025-10-07,248.27000427246094,250.44000244140625,245.52000427246094,245.75999450683594,245.28005981445312,23181300,GOOGL
2025-10-08,244.9600067138672,246.00999450683594,243.82000732421875,244.6199951171875,244.14230346679688,21307100,GOOGL
2025-10-09,244.47000122070312,244.75999450683594,239.14999389648438,241.52999877929688,241.05833435058594,27892100,GOOGL
2025-10-10,241.42999267578125,244.08999633789062,235.83999633789062,236.57000732421875,236.10804748535156,33180300,GOOGL
2025-10-13,240.2100067138672,244.5,239.7100067138672,244.14999389648438,243.67320251464844,24995000,GOOGL
2025-10-14,241.22999572753906,247.1199951171875,240.50999450683594,245.4499969482422,244.97067260742188,22111600,GOOGL
2025-10-15,247.25,252.11000061035156,245.99000549316406,251.02999877929688,250.53977966308594,27007700,GOOGL
2025-10-16,251.77000427246094,256.9599914550781,250.10000610351562,251.4600067138672,250.9689483642578,27997200,GOOGL
2025-10-17,250.75999450683594,254.22000122070312,247.80999755859375,253.3000030517578,252.80535888671875,29671600,GOOGL
2025-10-20,254.69000244140625,257.3299865722656,254.22999572753906,256.54998779296875,256.0489807128906,22350200,GOOGL
2025-10-21,254.74000549316406,254.8800048828125,244.14999389648438,250.4600067138672,249.9709014892578,47312100,GOOGL
2025-10-22,254.3699951171875,256.3599853515625,249.2899932861328,251.69000244140625,251.19851684570312,35029400,GOOGL
2025-10-23,252.97999572753906,255.0399932861328,251.85000610351562,253.0800018310547,252.58578491210938,19901400,GOOGL
2025-10-24,256.5799865722656,261.67999267578125,255.32000732421875,259.9200134277344,259.4124450683594,28655100,GOOGL
2025-10-27,264.82000732421875,270.1400146484375,264.2799987792969,269.2699890136719,268.7441711425781,35235200,GOOGL
2025-10-28,269.69000244140625,270.7300109863281,266.5,267.4700012207031,266.94769287109375,29738600,GOOGL
2025-10-29,267.75,275.3399963378906,267.6700134277344,274.57000732421875,274.0338134765625,43580300,GOOGL
2025-10-30,291.5899963378906,291.5899963378906,280.05999755859375,281.4800109863281,280.93035888671875,74876000,GOOGL
2025-10-31,283.2099914550781,286.0,277.0299987792969,281.19000244140625,280.6408996582031,39267900,GOOGL
2025-11-03,282.17999267578125,285.5299987792969,279.79998779296875,283.7200012207031,283.16595458984375,29786000,GOOGL
2025-11-04,276.75,281.2699890136719,276.260009765625,277.5400085449219,276.9980163574219,30078400,GOOGL
2025-11-05,278.8699951171875,286.4200134277344,277.3399963378906,284.30999755859375,283.7547912597656,31010300,GOOGL
2025-11-06,285.3299865722656,288.3500061035156,281.1400146484375,284.75,284.1939392089844,37173600,GOOGL
2025-11-07,283.2099914550781,283.7799987792969,275.19000244140625,278.8299865722656,278.2854919433594,34479600,GOOGL
2025-11-10,284.4200134277344,290.79998779296875,282.8599853515625,290.1000061035156,289.5334777832031,29557300,GOOGL
2025-11-11,287.75,291.9200134277344,287.32000732421875,291.30999755859375,290.7411193847656,19842100,GOOGL
2025-11-12,291.67999267578125,292.010009765625,283.69000244140625,286.7099914550781,286.1501159667969,24829900,GOOGL
2025-11-13,282.3399963378906,282.8399963378906,277.239990234375,278.57000732421875,278.0260314941406,29494000,GOOGL
2025-11-14,271.4100036621094,278.55999755859375,270.70001220703125,276.4100036621094,275.8702392578125,31647200,GOOGL
2025-11-17,285.7799987792969,293.95001220703125,283.57000732421875,285.0199890136719,284.4634094238281,52670200,GOOGL
2025-11-18,287.9200134277344,288.79998779296875,278.20001220703125,284.2799987792969,283.724853515625,49158700,GOOGL
2025-11-19,287.1600036621094,303.80999755859375,286.6300048828125,292.80999755859375,292.23822021484375,68198900,GOOGL
2025-11-20,304.5400085449219,306.4200134277344,288.6700134277344,289.45001220703125,288.884765625,62025200,GOOGL
2025-11-21,296.4200134277344,303.9200134277344,293.8500061035156,299.6600036621094,299.0748596191406,74137700,GOOGL
2025-11-24,311.1300048828125,319.4800109863281,309.6000061035156,318.5799865722656,317.9578552246094,85165100,GOOGL
2025-11-25,326.2099914550781,328.8299865722656,317.6499938964844,323.44000244140625,322.8083801269531,88632100,GOOGL
2025-11-26,320.67999267578125,324.5,316.7900085449219,319.95001220703125,319.3252258300781,51373400,GOOGL
2025-11-28,323.3699951171875,326.8500061035156,316.7900085449219,320.17999267578125,319.5547790527344,26018600,GOOGL
2025-12-01,317.70001220703125,319.8500061035156,313.8900146484375,314.8900146484375,314.2751159667969,41183000,GOOGL
2025-12-02,316.739990234375,318.3800048828125,313.9100036621094,315.80999755859375,315.1932678222656,35854700,GOOGL
2025-12-03,315.8900146484375,321.5799865722656,314.1000061035156,319.6300048828125,319.00579833984375,41838300,GOOGL
2025-12-04,322.2300109863281,322.3599853515625,314.70001220703125,317.6199951171875,316.999755859375,31240900,GOOGL
2025-12-05,319.489990234375,323.1600036621094,319.1700134277344,321.2699890136719,320.642578125,28851700,GOOGL
2025-12-08,320.04998779296875,320.44000244140625,311.2200012207031,313.7200012207031,313.31219482421875,33909400,GOOGL
2025-12-09,312.3699951171875,317.989990234375,311.8999938964844,317.0799865722656,316.66778564453125,30194000,GOOGL
2025-12-10,315.8299865722656,321.30999755859375,314.67999267578125,320.2099914550781,319.7937316894531,33428900,GOOGL
2025-12-11,320.0799865722656,321.1199951171875,308.6000061035156,312.42999267578125,312.0238342285156,42353700,GOOGL
2025-12-12,313.70001220703125,314.8699951171875,305.55999755859375,309.2900085449219,308.887939453125,35940200,GOOGL
2025-12-15,311.32000732421875,311.4200134277344,304.8800048828125,308.2200012207031,307.8193054199219,29151900,GOOGL
2025-12-16,304.95001220703125,310.7699890136719,302.5899963378906,306.57000732421875,306.1714782714844,30585000,GOOGL
2025-12-17,308.010009765625,308.0899963378906,296.1199951171875,296.7200012207031,296.3342590332031,43930400,GOOGL
2025-12-18,301.7200012207031,303.9599914550781,299.2300109863281,302.4599914550781,302.0668029785156,33518000,GOOGL
2025-12-19,301.7300109863281,307.25,300.9700012207031,307.1600036621094,306.7607116699219,59943200,GOOGL
2025-12-22,309.8800048828125,310.1300048828125,305.29998779296875,309.7799987792969,309.3772888183594,26429900,GOOGL
2025-12-23,309.6300048828125,314.94000244140625,309.32000732421875,314.3500061035156,313.94134521484375,25478700,GOOGL
2025-12-24,314.7699890136719,315.0799865722656,311.9200134277344,314.0899963378906,313.68170166015625,10097400,GOOGL
2025-12-26,314.4800109863281,315.0899963378906,312.2799987792969,313.510009765625,313.1024475097656,10899000,GOOGL
2025-12-29,311.3699951171875,314.0199890136719,310.6199951171875,313.55999755859375,313.1523742675781,19621800,GOOGL
2025-12-30,312.5,316.95001220703125,312.4599914550781,313.8500061035156,313.4420166015625,17380900,GOOGL
